10387	개리	2026-04-18 12:08:26	arkang	진료예약
10387	개리	2026-04-18 12:08:26	SD동물의료센터 서울점(메뉴)	SD동물의료센터 서울점 진료 예약을 위해 아래 내용을 채팅에 남겨주세요.

◼︎ 보호자님 성함 / 연락처
◼︎ 반려동물 이름 / 간단한 증상

* 예약에 필요한 간단한 상담이 진행될 수 있습니다.
* 증상과 관련된 자세한 상담은 진료의 부분으로 예약 후 내원시 수의사 선생님과 상담 가능합니다. 
* 채널 상담은 병원 업무와 동시에 진행되어 원내 상황에 따라 빠른 응대가 어려울 수 있습니다. 

문의사항은 본원 대표전화(02-2039-0303)로 연락부탁드립니다.
10387	개리	2026-04-18 12:13:22	arkang	안녕하세요:)
오늘 개리 치료받은 사진 받고 싶습니다.
그리고 영수증애 재활세트 12만원 적혀있는데 맞는지 확인부탁드려요!
지난주에 침치료 9만원으로 되어있었던거 같아서 여쭤봐요:)
10387	개리	2026-04-18 12:13:22	SD동물의료센터 서울점	채팅 운영시간 안내
10387	개리	2026-04-18 12:13:22	SD동물의료센터 서울점	✅ 본 채널에서는 진료 예약과 입원 환자 사진·안내를 받아보실 수 있습니다. (14:00~16:00, 1회)

📌 다만, 진료·증상 상담은 채널에서 진행하지 않으며, 내원 시 의료진과 직접 상담 부탁드립니다.

더 나은 진료 서비스를 위해 최선을 다하겠습니다. 감사합니다.
10387	개리	2026-04-18 12:29:35	SD동물의료센터 서울점	다음 재진날 비용차감 도와드리겠습니다 죄송합니다 ㅠㅠ
10387	개리	2026-04-18 18:08:31	SD동물의료센터 서울점	사진
10387	개리	2026-04-18 18:08:48	SD동물의료센터 서울점	안녕하세요, 개리 보호자님! 금일 진행한 개리 재활 사진 보내드립니다. 감사합니다 :)
10387	개리	2026-04-18 20:38:22	arkang	유튜브 바로가기
10387	개리	2026-04-18 20:38:22	SD동물의료센터 서울점(메뉴)	SD동물의료센터 유튜브 채널  🎥

유튜브에서는 우리 병원의 소식과 진료정보, 반려동물 질환에 대한 다양한 정보들을 다뤄 볼 예정입니다. 

❤️ 구독과 좋아요 부탁드려요 ❤️
10387	개리	2026-04-24 14:41:40	arkang	안녕하세요
오늘 개리 치료받은 사진 받고 싶습니다:)
10387	개리	2026-04-24 14:41:40	SD동물의료센터 서울점	채팅 운영시간 안내
10387	개리	2026-04-24 14:41:40	SD동물의료센터 서울점	✅ 본 채널에서는 진료 예약과 입원 환자 사진·안내를 받아보실 수 있습니다. (14:00~16:00, 1회)

📌 다만, 진료·증상 상담은 채널에서 진행하지 않으며, 내원 시 의료진과 직접 상담 부탁드립니다.

더 나은 진료 서비스를 위해 최선을 다하겠습니다. 감사합니다.
10387	개리	2026-04-26 08:36:04	arkang	???
10387	개리	2026-04-26 08:36:04	SD동물의료센터 서울점	채팅 운영시간 안내
10387	개리	2026-04-26 08:36:04	SD동물의료센터 서울점	✅ 본 채널에서는 진료 예약과 입원 환자 사진·안내를 받아보실 수 있습니다. (14:00~16:00, 1회)

📌 다만, 진료·증상 상담은 채널에서 진행하지 않으며, 내원 시 의료진과 직접 상담 부탁드립니다.

더 나은 진료 서비스를 위해 최선을 다하겠습니다. 감사합니다.
10387	개리	2026-04-26 09:59:32	arkang	안녕하세요:) 
이 채널로 진료사진을 받을 수 없는건가요??
10387	개리	2026-04-26 09:59:32	SD동물의료센터 서울점	채팅 운영시간 안내
10387	개리	2026-04-26 09:59:32	SD동물의료센터 서울점	✅ 본 채널에서는 진료 예약과 입원 환자 사진·안내를 받아보실 수 있습니다. (14:00~16:00, 1회)

📌 다만, 진료·증상 상담은 채널에서 진행하지 않으며, 내원 시 의료진과 직접 상담 부탁드립니다.

더 나은 진료 서비스를 위해 최선을 다하겠습니다. 감사합니다.
10387	개리	2026-04-26 10:07:46	SD동물의료센터 서울점	안녕하세요 보호자님.
개리 재활치료 받은 사진 요청하시는 걸까요~?
10387	개리	2026-04-26 10:08:24	arkang	네:) 금요일에 요청했어요!
10387	개리	2026-04-26 10:08:24	SD동물의료센터 서울점	채팅 운영시간 안내
10387	개리	2026-04-26 10:08:24	SD동물의료센터 서울점	✅ 본 채널에서는 진료 예약과 입원 환자 사진·안내를 받아보실 수 있습니다. (14:00~16:00, 1회)

📌 다만, 진료·증상 상담은 채널에서 진행하지 않으며, 내원 시 의료진과 직접 상담 부탁드립니다.

더 나은 진료 서비스를 위해 최선을 다하겠습니다. 감사합니다.
10387	개리	2026-04-26 10:47:17	SD동물의료센터 서울점	사진
10387	개리	2026-04-26 10:47:52	SD동물의료센터 서울점	4월 24일에 진행한 개리 재활사진 보내드립니다 :) 
감사합니다!
10387	개리	2026-04-28 18:16:07	arkang	진료예약
10387	개리	2026-04-28 18:16:07	SD동물의료센터 서울점(메뉴)	SD동물의료센터 서울점 진료 예약을 위해 아래 내용을 채팅에 남겨주세요.

◼︎ 보호자님 성함 / 연락처
◼︎ 반려동물 이름 / 간단한 증상

* 예약에 필요한 간단한 상담이 진행될 수 있습니다.
* 증상과 관련된 자세한 상담은 진료의 부분으로 예약 후 내원시 수의사 선생님과 상담 가능합니다. 
* 채널 상담은 병원 업무와 동시에 진행되어 원내 상황에 따라 빠른 응대가 어려울 수 있습니다. 

문의사항은 본원 대표전화(02-2039-0303)로 연락부탁드립니다.
10387	개리	2026-04-28 18:17:09	arkang	강아름 /01065046405
개리 / 수중재활
5월 6일(수) 2:30분에 예약될까요?
10387	개리	2026-04-28 18:17:09	SD동물의료센터 서울점	채팅 운영시간 안내
10387	개리	2026-04-28 18:17:09	SD동물의료센터 서울점	✅ 본 채널에서는 진료 예약과 입원 환자 사진·안내를 받아보실 수 있습니다. (14:00~16:00, 1회)

📌 다만, 진료·증상 상담은 채널에서 진행하지 않으며, 내원 시 의료진과 직접 상담 부탁드립니다.

더 나은 진료 서비스를 위해 최선을 다하겠습니다. 감사합니다.
10387	개리	2026-04-28 18:21:09	SD동물의료센터 서울점	안녕하세요 보호자님, 2:30분은 예약있으셔서 11시 예약 가능하세요 :)
10387	개리	2026-04-28 18:33:15	arkang	그럼 혹시 5월 7일(목) 11시로 될까요?
10387	개리	2026-04-28 18:33:15	SD동물의료센터 서울점	채팅 운영시간 안내
10387	개리	2026-04-28 18:33:15	SD동물의료센터 서울점	✅ 본 채널에서는 진료 예약과 입원 환자 사진·안내를 받아보실 수 있습니다. (14:00~16:00, 1회)

📌 다만, 진료·증상 상담은 채널에서 진행하지 않으며, 내원 시 의료진과 직접 상담 부탁드립니다.

더 나은 진료 서비스를 위해 최선을 다하겠습니다. 감사합니다.
10387	개리	2026-04-28 18:40:32	arkang	5월 7일(목) 11시 수중재활
5월 12일(화) 11시 침치료

이렇게 예약 되는지 알려주세요:)
10387	개리	2026-04-28 18:40:32	SD동물의료센터 서울점	채팅 운영시간 안내
10387	개리	2026-04-28 18:40:32	SD동물의료센터 서울점	✅ 본 채널에서는 진료 예약과 입원 환자 사진·안내를 받아보실 수 있습니다. (14:00~16:00, 1회)

📌 다만, 진료·증상 상담은 채널에서 진행하지 않으며, 내원 시 의료진과 직접 상담 부탁드립니다.

더 나은 진료 서비스를 위해 최선을 다하겠습니다. 감사합니다.
10387	개리	2026-04-28 18:42:38	SD동물의료센터 서울점	네 보호자님, 말씀해주신 시간 예약 가능하여 이때로 예약 도와드리겠습니다 :)
10387	개리	2026-04-28 18:45:06	arkang	넵 감사합니다:)
10387	개리	2026-04-28 18:45:06	SD동물의료센터 서울점	채팅 운영시간 안내
10387	개리	2026-04-28 18:45:06	SD동물의료센터 서울점	✅ 본 채널에서는 진료 예약과 입원 환자 사진·안내를 받아보실 수 있습니다. (14:00~16:00, 1회)

📌 다만, 진료·증상 상담은 채널에서 진행하지 않으며, 내원 시 의료진과 직접 상담 부탁드립니다.

더 나은 진료 서비스를 위해 최선을 다하겠습니다. 감사합니다.
10387	개리	2026-05-06 10:53:50	arkang	진료예약
10387	개리	2026-05-06 10:53:50	SD동물의료센터 서울점(메뉴)	SD동물의료센터 서울점 진료 예약을 위해 아래 내용을 채팅에 남겨주세요.

◼︎ 보호자님 성함 / 연락처
◼︎ 반려동물 이름 / 간단한 증상

* 예약에 필요한 간단한 상담이 진행될 수 있습니다.
* 증상과 관련된 자세한 상담은 진료의 부분으로 예약 후 내원시 수의사 선생님과 상담 가능합니다. 
* 채널 상담은 병원 업무와 동시에 진행되어 원내 상황에 따라 빠른 응대가 어려울 수 있습니다. 

문의사항은 본원 대표전화(02-2039-0303)로 연락부탁드립니다.
10387	개리	2026-05-06 10:54:16	arkang	안녕하세요:)
강아름/ 개리 재활 예약하려고 하는데
아래 일정으로 가능한지 확인 부탁드립니다
---
5월 15일(금) 수중재활
5월 19일(화) 침치료
5월 22일(금) 수중재활
10387	개리	2026-05-06 10:54:16	SD동물의료센터 서울점	채팅 운영시간 안내
10387	개리	2026-05-06 10:54:16	SD동물의료센터 서울점	✅ 본 채널에서는 진료 예약과 입원 환자 사진·안내를 받아보실 수 있습니다. (14:00~16:00, 1회)

📌 다만, 진료·증상 상담은 채널에서 진행하지 않으며, 내원 시 의료진과 직접 상담 부탁드립니다.

더 나은 진료 서비스를 위해 최선을 다하겠습니다. 감사합니다.
10387	개리	2026-05-06 10:58:58	SD동물의료센터 서울점	안녕하세요 보호자님 5/15 금 수중재활 11시, 16시
5/19 화 침치료 11시,12시, 14:30, 16시, 17:30 
5/22 금 수중재활 11시, 14:30, 18시,19시 진료가능합니다
10387	개리	2026-05-06 10:59:44	arkang	앗 죄송해요 다 11시 진료로 예약해주세요!
10387	개리	2026-05-06 10:59:44	SD동물의료센터 서울점	채팅 운영시간 안내
10387	개리	2026-05-06 10:59:44	SD동물의료센터 서울점	✅ 본 채널에서는 진료 예약과 입원 환자 사진·안내를 받아보실 수 있습니다. (14:00~16:00, 1회)

📌 다만, 진료·증상 상담은 채널에서 진행하지 않으며, 내원 시 의료진과 직접 상담 부탁드립니다.

더 나은 진료 서비스를 위해 최선을 다하겠습니다. 감사합니다.
10387	개리	2026-05-06 11:01:25	SD동물의료센터 서울점	네 보호자님 5/15금, 19 화, 22 금 11시로 예약해드렸습니다 감사합니다:)
10387	개리	2026-05-06 11:04:02	arkang	감사합니다:)
10387	개리	2026-05-06 11:04:02	SD동물의료센터 서울점	채팅 운영시간 안내
10387	개리	2026-05-06 11:04:02	SD동물의료센터 서울점	✅ 본 채널에서는 진료 예약과 입원 환자 사진·안내를 받아보실 수 있습니다. (14:00~16:00, 1회)

📌 다만, 진료·증상 상담은 채널에서 진행하지 않으며, 내원 시 의료진과 직접 상담 부탁드립니다.

더 나은 진료 서비스를 위해 최선을 다하겠습니다. 감사합니다.
10387	개리	2026-05-13 09:30:44	SD동물의료센터 서울점	사진
10387	개리	2026-05-13 09:30:47	SD동물의료센터 서울점	동영상
10387	개리	2026-05-13 09:30:48	SD동물의료센터 서울점	안녕하세요 개리 보호자님! 어제 진행한 개리 재활 영상과 사진 보내드립니다, 감사합니😊
10387	개리	2026-05-13 09:36:53	arkang	감사합니다:)
10387	개리	2026-05-13 09:36:53	SD동물의료센터 서울점	채팅 운영시간 안내
10387	개리	2026-05-13 09:36:53	SD동물의료센터 서울점	✅ 본 채널에서는 진료 예약과 입원 환자 사진·안내를 받아보실 수 있습니다. (14:00~16:00, 1회)

📌 다만, 진료·증상 상담은 채널에서 진행하지 않으며, 내원 시 의료진과 직접 상담 부탁드립니다.

더 나은 진료 서비스를 위해 최선을 다하겠습니다. 감사합니다.
10387	개리	2026-05-16 11:58:48	arkang	오시는길 안내
10387	개리	2026-05-16 11:58:48	SD동물의료센터 서울점(메뉴)	SD동물의료센터 서울점 
오시는 길 안내드립니다.

◼︎ 주소 
서울특별시 중구 왕십리로 407,
신당파인힐하나유보라 상가 2층

🚗 자동차 이용시, 신당파인힐하나유보라’ 상가 주차장을 이용해주세요. (무료주차 가능합니다.)

🚊 지하철 이용시, 2호선 상왕십리역 6번 출구와 신당역 3번 출구 사이에 위치하고 있습니다.

문의사항은 본원 대표전화(02-2039-0303)로 연락부탁드립니다.
10387	개리	2026-05-16 11:59:42	arkang	안냥하세요:)
아래 날짜 오전 11시 예약 가능할까요?
5월 26일(화) 침치료 / 5월 29일(금) 수치료
10387	개리	2026-05-16 11:59:42	SD동물의료센터 서울점	채팅 운영시간 안내
10387	개리	2026-05-16 11:59:42	SD동물의료센터 서울점	✅ 본 채널에서는 진료 예약과 입원 환자 사진·안내를 받아보실 수 있습니다. (14:00~16:00, 1회)

📌 다만, 진료·증상 상담은 채널에서 진행하지 않으며, 내원 시 의료진과 직접 상담 부탁드립니다.

더 나은 진료 서비스를 위해 최선을 다하겠습니다. 감사합니다.
10387	개리	2026-05-16 12:07:31	SD동물의료센터 서울점	안녕하세요 개리보호자님
혹시 통화 가능하실까요?
10387	개리	2026-05-16 12:27:25	arkang	네 가능합니다
10387	개리	2026-05-16 12:27:25	SD동물의료센터 서울점	채팅 운영시간 안내
10387	개리	2026-05-16 12:27:25	SD동물의료센터 서울점	✅ 본 채널에서는 진료 예약과 입원 환자 사진·안내를 받아보실 수 있습니다. (14:00~16:00, 1회)

📌 다만, 진료·증상 상담은 채널에서 진행하지 않으며, 내원 시 의료진과 직접 상담 부탁드립니다.

더 나은 진료 서비스를 위해 최선을 다하겠습니다. 감사합니다.
10387	개리	2026-05-16 12:41:58	SD동물의료센터 서울점	5/26(화) 오전11시 침치료/동반
5/29(금) 오전11시 수중/동반
예약 도와드렸습니다  감사합니다!
10387	개리	2026-05-26 19:27:13	SD동물의료센터 서울점	동영상
10387	개리	2026-05-26 19:27:14	SD동물의료센터 서울점	동영상
10387	개리	2026-05-26 19:27:14	SD동물의료센터 서울점	동영상
10387	개리	2026-05-26 19:27:17	SD동물의료센터 서울점	동영상
10387	개리	2026-05-26 19:27:22	SD동물의료센터 서울점	안녕하세요 개리 보호자님! 금일 진행한 개리 재활 영상과 사진 보내드립니다, 감사합니다 😊
10387	개리	2026-05-26 19:36:06	arkang	감사합니다:)
10387	개리	2026-05-26 19:36:06	SD동물의료센터 서울점	채팅 운영시간 안내
10387	개리	2026-05-26 19:36:06	SD동물의료센터 서울점	✅ 본 채널에서는 진료 예약과 입원 환자 사진·안내를 받아보실 수 있습니다. (14:00~16:00, 1회)

📌 다만, 진료·증상 상담은 채널에서 진행하지 않으며, 내원 시 의료진과 직접 상담 부탁드립니다.

더 나은 진료 서비스를 위해 최선을 다하겠습니다. 감사합니다.
10387	개리	2026-05-30 13:45:52	arkang	진료예약
10387	개리	2026-05-30 13:45:53	SD동물의료센터 서울점(메뉴)	SD동물의료센터 서울점 진료 예약을 위해 아래 내용을 채팅에 남겨주세요.

◼︎ 보호자님 성함 / 연락처
◼︎ 반려동물 이름 / 간단한 증상

* 예약에 필요한 간단한 상담이 진행될 수 있습니다.
* 증상과 관련된 자세한 상담은 진료의 부분으로 예약 후 내원시 수의사 선생님과 상담 가능합니다. 
* 채널 상담은 병원 업무와 동시에 진행되어 원내 상황에 따라 빠른 응대가 어려울 수 있습니다. 

문의사항은 본원 대표전화(02-2039-0303)로 연락부탁드립니다.
10387	개리	2026-05-30 13:46:39	arkang	안녕하세요:)
혹시 6월 6일(토) 오후 4시에 수중재활 예약 될까요?
10387	개리	2026-05-30 13:46:40	SD동물의료센터 서울점	채팅 운영시간 안내
10387	개리	2026-05-30 13:46:40	SD동물의료센터 서울점	✅ 본 채널에서는 진료 예약과 입원 환자 사진·안내를 받아보실 수 있습니다. (14:00~16:00, 1회)

📌 다만, 진료·증상 상담은 채널에서 진행하지 않으며, 내원 시 의료진과 직접 상담 부탁드립니다.

더 나은 진료 서비스를 위해 최선을 다하겠습니다. 감사합니다.
10387	개리	2026-05-30 13:52:55	SD동물의료센터 서울점	안녕하세요 보호자님 6/6 토 예약은 어려우세요ㅠㅠ
10387	개리	2026-05-30 13:58:10	arkang	네ㅠㅠ 
6월 9일(화) 11:00 침치료, 운동재활/ 6월 12일(금) 11:00 수중재활 예약 가능할까요?
10387	개리	2026-05-30 13:58:10	SD동물의료센터 서울점	채팅 운영시간 안내
10387	개리	2026-05-30 13:58:10	SD동물의료센터 서울점	✅ 본 채널에서는 진료 예약과 입원 환자 사진·안내를 받아보실 수 있습니다. (14:00~16:00, 1회)

📌 다만, 진료·증상 상담은 채널에서 진행하지 않으며, 내원 시 의료진과 직접 상담 부탁드립니다.

더 나은 진료 서비스를 위해 최선을 다하겠습니다. 감사합니다.
10387	개리	2026-05-30 14:10:25	SD동물의료센터 서울점	보호자님 6/9 화 16시 가 제일 빠른시간 이세요ㅠㅠ 6/12 금 11시 수중예약은 가능하여 예약 도와드렸습니다!
10387	개리	2026-05-30 14:30:22	SD동물의료센터 서울점	✅ 본 채널에서는 진료 예약과 입원 환자 사진·안내를 받아보실 수 있습니다. (14:00~16:00, 1회)

📌 다만, 진료·증상 상담은 채널에서 진행하지 않으며, 내원 시 의료진과 직접 상담 부탁드립니다.

더 나은 진료 서비스를 위해 최선을 다하겠습니다. 감사합니다.
10387	개리	2026-05-30 14:30:22	arkang	넵 6월 9일(화) 4시에 침치료, 운동재활도 예약 부탁드려요!
10387	개리	2026-05-30 14:30:22	SD동물의료센터 서울점	채팅 운영시간 안내
10387	개리	2026-05-30 14:36:48	SD동물의료센터 서울점	네 예약 도와드렸습니다 감사합니다
10387	개리	2026-05-30 14:40:20	arkang	네 감사합니다:)
10387	개리	2026-05-30 14:40:20	SD동물의료센터 서울점	채팅 운영시간 안내
10387	개리	2026-05-30 14:40:20	SD동물의료센터 서울점	✅ 본 채널에서는 진료 예약과 입원 환자 사진·안내를 받아보실 수 있습니다. (14:00~16:00, 1회)

📌 다만, 진료·증상 상담은 채널에서 진행하지 않으며, 내원 시 의료진과 직접 상담 부탁드립니다.

더 나은 진료 서비스를 위해 최선을 다하겠습니다. 감사합니다.
10387	개리	2026-06-03 12:53:42	arkang	안녕하세요 어제 개리 진료받은 사진 부탁드립니다:)
10387	개리	2026-06-03 12:53:42	SD동물의료센터 서울점	채팅 운영시간 안내
10387	개리	2026-06-03 12:53:42	SD동물의료센터 서울점	✅ 본 채널에서는 진료 예약과 입원 환자 사진·안내를 받아보실 수 있습니다. (14:00~16:00, 1회)

📌 다만, 진료·증상 상담은 채널에서 진행하지 않으며, 내원 시 의료진과 직접 상담 부탁드립니다.

더 나은 진료 서비스를 위해 최선을 다하겠습니다. 감사합니다.
10387	개리	2026-06-03 14:50:46	SD동물의료센터 서울점	사진
10387	개리	2026-06-03 14:50:48	SD동물의료센터 서울점	동영상
10387	개리	2026-06-03 14:50:51	SD동물의료센터 서울점	동영상
10387	개리	2026-06-03 14:50:51	SD동물의료센터 서울점	동영상
10387	개리	2026-06-03 14:50:52	SD동물의료센터 서울점	동영상
10387	개리	2026-06-03 14:50:55	SD동물의료센터 서울점	동영상
10387	개리	2026-06-03 14:51:00	SD동물의료센터 서울점	동영상
10387	개리	2026-06-03 14:51:00	SD동물의료센터 서울점	동영상
10387	개리	2026-06-03 14:51:00	SD동물의료센터 서울점	동영상
10387	개리	2026-06-03 14:51:08	SD동물의료센터 서울점	안녕하세요 개리 보호자님! 어제 진행된 개리 재활 영상과 사진 보내드립니다, 감사합니다 😊
10387	개리	2026-06-10 22:41:41	SD동물의료센터 서울점	동영상
10387	개리	2026-06-10 22:41:42	SD동물의료센터 서울점	동영상
10387	개리	2026-06-10 22:41:42	SD동물의료센터 서울점	동영상
10387	개리	2026-06-10 22:41:45	SD동물의료센터 서울점	동영상
10387	개리	2026-06-10 22:41:46	SD동물의료센터 서울점	동영상
10387	개리	2026-06-10 22:41:48	SD동물의료센터 서울점	동영상
10387	개리	2026-06-10 22:41:50	SD동물의료센터 서울점	동영상
10387	개리	2026-06-10 22:41:51	SD동물의료센터 서울점	동영상
10387	개리	2026-06-10 22:41:52	SD동물의료센터 서울점	동영상
10387	개리	2026-06-10 22:41:53	SD동물의료센터 서울점	동영상
10387	개리	2026-06-10 22:41:55	SD동물의료센터 서울점	개리 보호자님~ 안녕하세요! 개리 어제 진행한 재활 사진과 영상 보내드립니다. 감사합니다:)
10387	개리	2026-06-17 16:45:20	arkang	안녕하세요:)
6월 23일(화) 11시 침치료 예약 가능할까요?
10387	개리	2026-06-17 16:45:20	SD동물의료센터 서울점	채팅 운영시간 안내
10387	개리	2026-06-17 16:45:20	SD동물의료센터 서울점	✅ 본 채널에서는 진료 예약과 입원 환자 사진·안내를 받아보실 수 있습니다. (14:00~16:00, 1회)

📌 다만, 진료·증상 상담은 채널에서 진행하지 않으며, 내원 시 의료진과 직접 상담 부탁드립니다.

더 나은 진료 서비스를 위해 최선을 다하겠습니다. 감사합니다.
10387	개리	2026-06-17 16:54:24	SD동물의료센터 서울점	19일 수중재활은 유지하시고 23일 침치료 추가로 예약하시는거 맞으실까요?
10387	개리	2026-06-17 17:02:24	arkang	네 맞아요:)
10387	개리	2026-06-17 17:02:24	SD동물의료센터 서울점	채팅 운영시간 안내
10387	개리	2026-06-17 17:02:24	SD동물의료센터 서울점	✅ 본 채널에서는 진료 예약과 입원 환자 사진·안내를 받아보실 수 있습니다. (14:00~16:00, 1회)

📌 다만, 진료·증상 상담은 채널에서 진행하지 않으며, 내원 시 의료진과 직접 상담 부탁드립니다.

더 나은 진료 서비스를 위해 최선을 다하겠습니다. 감사합니다.
10387	개리	2026-06-17 17:12:51	SD동물의료센터 서울점	네 확인 감사합니다. :)
오전11시에는 기존 예약건으로 30분 늦춰서 11시30분 내원도 가능하실까요~?
10387	개리	2026-06-17 17:16:55	arkang	넵! 11:30분으로 해주세요! 감사합니다🫶
10387	개리	2026-06-17 17:16:55	SD동물의료센터 서울점	채팅 운영시간 안내
10387	개리	2026-06-17 17:16:55	SD동물의료센터 서울점	✅ 본 채널에서는 진료 예약과 입원 환자 사진·안내를 받아보실 수 있습니다. (14:00~16:00, 1회)

📌 다만, 진료·증상 상담은 채널에서 진행하지 않으며, 내원 시 의료진과 직접 상담 부탁드립니다.

더 나은 진료 서비스를 위해 최선을 다하겠습니다. 감사합니다.
10387	개리	2026-06-17 17:22:06	SD동물의료센터 서울점	네 그럼 23일 화요일 오전11시30분에 뵙겠습니다. :)
10387	개리	2026-06-19 13:09:31	arkang	안녕하세요:) 오늘 개리 재활한 사진 받고싶어요!
10387	개리	2026-06-19 13:09:31	SD동물의료센터 서울점	채팅 운영시간 안내
10387	개리	2026-06-19 13:09:32	SD동물의료센터 서울점	✅ 본 채널에서는 진료 예약과 입원 환자 사진·안내를 받아보실 수 있습니다. (14:00~16:00, 1회)

📌 다만, 진료·증상 상담은 채널에서 진행하지 않으며, 내원 시 의료진과 직접 상담 부탁드립니다.

더 나은 진료 서비스를 위해 최선을 다하겠습니다. 감사합니다.
10387	개리	2026-06-19 14:15:19	SD동물의료센터 서울점	재활사진은 당일 모든 재활치료가 끝난 후 순차적으로 보내드리고 있어
잠시만 시간 양해 부탁드리겠습니다. :)
10387	개리	2026-06-19 14:15:37	arkang	네:)
10387	개리	2026-06-19 14:15:37	SD동물의료센터 서울점	채팅 운영시간 안내
10387	개리	2026-06-19 14:15:37	SD동물의료센터 서울점	✅ 본 채널에서는 진료 예약과 입원 환자 사진·안내를 받아보실 수 있습니다. (14:00~16:00, 1회)

📌 다만, 진료·증상 상담은 채널에서 진행하지 않으며, 내원 시 의료진과 직접 상담 부탁드립니다.

더 나은 진료 서비스를 위해 최선을 다하겠습니다. 감사합니다.
10387	개리	2026-06-19 18:57:43	SD동물의료센터 서울점	동영상
10387	개리	2026-06-19 18:57:44	SD동물의료센터 서울점	동영상
10387	개리	2026-06-19 18:57:46	SD동물의료센터 서울점	동영상
10387	개리	2026-06-19 18:57:49	SD동물의료센터 서울점	동영상
10387	개리	2026-06-19 18:57:49	SD동물의료센터 서울점	동영상
10387	개리	2026-06-19 18:57:49	SD동물의료센터 서울점	동영상
10387	개리	2026-06-19 18:57:55	SD동물의료센터 서울점	동영상
10387	개리	2026-06-19 18:58:00	SD동물의료센터 서울점	안녕하세요, 개리 보호자님! 금일 진행한 개리 재활 사진과 영상 보내드립니다 :)
10387	개리	2026-06-19 19:12:08	arkang	감사합니다:)
10387	개리	2026-06-19 19:12:08	SD동물의료센터 서울점	채팅 운영시간 안내
10387	개리	2026-06-19 19:12:08	SD동물의료센터 서울점	✅ 본 채널에서는 진료 예약과 입원 환자 사진·안내를 받아보실 수 있습니다. (14:00~16:00, 1회)

📌 다만, 진료·증상 상담은 채널에서 진행하지 않으며, 내원 시 의료진과 직접 상담 부탁드립니다.

더 나은 진료 서비스를 위해 최선을 다하겠습니다. 감사합니다.
10387	개리	2026-06-24 13:19:38	SD동물의료센터 서울점	채팅 운영시간 안내
10387	개리	2026-06-24 13:19:38	SD동물의료센터 서울점	✅ 본 채널에서는 진료 예약과 입원 환자 사진·안내를 받아보실 수 있습니다. (14:00~16:00, 1회)

📌 다만, 진료·증상 상담은 채널에서 진행하지 않으며, 내원 시 의료진과 직접 상담 부탁드립니다.

더 나은 진료 서비스를 위해 최선을 다하겠습니다. 감사합니다.
10387	개리	2026-06-24 13:19:38	arkang	안녕하세요:) 
6월 30일(화) 11시 개리 침치료 예약 가능할까요?
10387	개리	2026-06-24 13:43:29	SD동물의료센터 서울점	안녕하세요 보호자님 6/30 화 12시 내원은 어려우실까요?
10387	개리	2026-06-24 13:44:38	arkang	12시 괜찮아요 12시로 해주세요:)
10387	개리	2026-06-24 13:44:38	SD동물의료센터 서울점	채팅 운영시간 안내
10387	개리	2026-06-24 13:44:38	SD동물의료센터 서울점	✅ 본 채널에서는 진료 예약과 입원 환자 사진·안내를 받아보실 수 있습니다. (14:00~16:00, 1회)

📌 다만, 진료·증상 상담은 채널에서 진행하지 않으며, 내원 시 의료진과 직접 상담 부탁드립니다.

더 나은 진료 서비스를 위해 최선을 다하겠습니다. 감사합니다.
10387	개리	2026-06-24 13:48:55	SD동물의료센터 서울점	네 그럼 30일 화요일 오후 12시로 예약 도와드리겠습니다.
감사합니다. :)
10387	개리	2026-06-24 13:50:43	arkang	감사합니다:)
10387	개리	2026-06-24 13:50:43	SD동물의료센터 서울점	채팅 운영시간 안내
10387	개리	2026-06-24 13:50:43	SD동물의료센터 서울점	✅ 본 채널에서는 진료 예약과 입원 환자 사진·안내를 받아보실 수 있습니다. (14:00~16:00, 1회)

📌 다만, 진료·증상 상담은 채널에서 진행하지 않으며, 내원 시 의료진과 직접 상담 부탁드립니다.

더 나은 진료 서비스를 위해 최선을 다하겠습니다. 감사합니다.
10387	개리	2026-07-01 13:52:22	arkang	진료예약
10387	개리	2026-07-01 13:52:22	SD동물의료센터 서울점(메뉴)	SD동물의료센터 서울점 진료 예약을 위해 아래 내용을 채팅에 남겨주세요.

◼︎ 보호자님 성함 / 연락처
◼︎ 반려동물 이름 / 간단한 증상

* 예약에 필요한 간단한 상담이 진행될 수 있습니다.
* 증상과 관련된 자세한 상담은 진료의 부분으로 예약 후 내원시 수의사 선생님과 상담 가능합니다. 
* 채널 상담은 병원 업무와 동시에 진행되어 원내 상황에 따라 빠른 응대가 어려울 수 있습니다. 

문의사항은 본원 대표전화(02-2039-0303)로 연락부탁드립니다.
10387	개리	2026-07-01 13:52:52	arkang	안녕하세요:)
7월 7일(화) 오후 3시쯤 침치료 예약 가능할까요?
10387	개리	2026-07-01 13:52:52	SD동물의료센터 서울점	채팅 운영시간 안내
10387	개리	2026-07-01 13:52:52	SD동물의료센터 서울점	✅ 본 채널에서는 진료 예약과 입원 환자 사진·안내를 받아보실 수 있습니다. (14:00~16:00, 1회)

📌 다만, 진료·증상 상담은 채널에서 진행하지 않으며, 내원 시 의료진과 직접 상담 부탁드립니다.

더 나은 진료 서비스를 위해 최선을 다하겠습니다. 감사합니다.
10387	개리	2026-07-01 14:05:03	SD동물의료센터 서울점	15시에는 기존 예약건으로 어려우시고 16시30분 혹은 18시나 19시 내원은 어려우실까요?
10387	개리	2026-07-02 10:19:37	arkang	안녕하세요!
7월 7일(화) 5시로 예약 가능할까요?
10387	개리	2026-07-02 10:19:37	SD동물의료센터 서울점	채팅 운영시간 안내
10387	개리	2026-07-02 10:19:37	SD동물의료센터 서울점	✅ 본 채널에서는 진료 예약과 입원 환자 사진·안내를 받아보실 수 있습니다. (14:00~16:00, 1회)

📌 다만, 진료·증상 상담은 채널에서 진행하지 않으며, 내원 시 의료진과 직접 상담 부탁드립니다.

더 나은 진료 서비스를 위해 최선을 다하겠습니다. 감사합니다.
10387	개리	2026-07-02 10:21:01	SD동물의료센터 서울점	채팅 운영시간 안내
10387	개리	2026-07-02 10:21:01	SD동물의료센터 서울점	✅ 본 채널에서는 진료 예약과 입원 환자 사진·안내를 받아보실 수 있습니다. (14:00~16:00, 1회)

📌 다만, 진료·증상 상담은 채널에서 진행하지 않으며, 내원 시 의료진과 직접 상담 부탁드립니다.

더 나은 진료 서비스를 위해 최선을 다하겠습니다. 감사합니다.
10387	개리	2026-07-02 10:21:01	arkang	안녕하세요!
7월 7일(화) 5시 침치료 
7월 11일(토) 4시 수중재활
가능한지 확인부탁드립니다🫶
10387	개리	2026-07-02 10:42:58	SD동물의료센터 서울점	안녕하세요~
7월7일(화) 4:30
7월 11일(토) 4:30 가능합니다 
이렇게 도와드릴까요? :)
10387	개리	2026-07-02 10:43:42	arkang	네 그렇게해주세요:)
10387	개리	2026-07-02 10:43:42	SD동물의료센터 서울점	채팅 운영시간 안내
10387	개리	2026-07-02 10:43:42	SD동물의료센터 서울점	✅ 본 채널에서는 진료 예약과 입원 환자 사진·안내를 받아보실 수 있습니다. (14:00~16:00, 1회)

📌 다만, 진료·증상 상담은 채널에서 진행하지 않으며, 내원 시 의료진과 직접 상담 부탁드립니다.

더 나은 진료 서비스를 위해 최선을 다하겠습니다. 감사합니다.
10387	개리	2026-07-02 10:43:57	SD동물의료센터 서울점	네 ! 예약되었습니다 :)
10387	개리	2026-07-02 10:45:18	arkang	감사합니다:)
10387	개리	2026-07-02 10:45:18	SD동물의료센터 서울점	채팅 운영시간 안내
10387	개리	2026-07-02 10:45:18	SD동물의료센터 서울점	✅ 본 채널에서는 진료 예약과 입원 환자 사진·안내를 받아보실 수 있습니다. (14:00~16:00, 1회)

📌 다만, 진료·증상 상담은 채널에서 진행하지 않으며, 내원 시 의료진과 직접 상담 부탁드립니다.

더 나은 진료 서비스를 위해 최선을 다하겠습니다. 감사합니다.
10387	개리	2026-07-02 10:56:28	arkang	그리고 내일 개리 수중재활하기로 원장님한테 상담했었는데 개리가 오늘 아침에 밥도 물도 먹지 않아서요🥹 컨디션은 나빠보이지 않는데 오늘 지켜보다가 계속 안먹으면 내일 병원에 방문해서 진료 변경해도 될까요?
10387	개리	2026-07-02 10:56:28	SD동물의료센터 서울점	채팅 운영시간 안내
10387	개리	2026-07-02 10:56:28	SD동물의료센터 서울점	✅ 본 채널에서는 진료 예약과 입원 환자 사진·안내를 받아보실 수 있습니다. (14:00~16:00, 1회)

📌 다만, 진료·증상 상담은 채널에서 진행하지 않으며, 내원 시 의료진과 직접 상담 부탁드립니다.

더 나은 진료 서비스를 위해 최선을 다하겠습니다. 감사합니다.
10387	개리	2026-07-02 11:02:43	SD동물의료센터 서울점	내일 원장님이랑 수중재활 하시기로 하신걸까요?
10387	개리	2026-07-02 11:04:08	arkang	네 예약은 운동재활로 했는데 마지막 진료봤을 때 수중재활로 하기로했어요!
10387	개리	2026-07-02 11:04:08	SD동물의료센터 서울점	채팅 운영시간 안내
10387	개리	2026-07-02 11:04:08	SD동물의료센터 서울점	✅ 본 채널에서는 진료 예약과 입원 환자 사진·안내를 받아보실 수 있습니다. (14:00~16:00, 1회)

📌 다만, 진료·증상 상담은 채널에서 진행하지 않으며, 내원 시 의료진과 직접 상담 부탁드립니다.

더 나은 진료 서비스를 위해 최선을 다하겠습니다. 감사합니다.
10387	개리	2026-07-02 11:04:27	SD동물의료센터 서울점	네 보호자님 원장님께 내용 전달드리겠습니다!
10387	개리	2026-07-02 11:08:05	SD동물의료센터 서울점	✅ 본 채널에서는 진료 예약과 입원 환자 사진·안내를 받아보실 수 있습니다. (14:00~16:00, 1회)

📌 다만, 진료·증상 상담은 채널에서 진행하지 않으며, 내원 시 의료진과 직접 상담 부탁드립니다.

더 나은 진료 서비스를 위해 최선을 다하겠습니다. 감사합니다.
10387	개리	2026-07-02 11:08:05	arkang	감사합니다:)
10387	개리	2026-07-02 11:08:05	SD동물의료센터 서울점	채팅 운영시간 안내
10387	개리	2026-07-03 12:34:47	SD동물의료센터 서울점	안녕하세요 보호자님

입원 및 면회 관련 안내사항 보내드립니다.
이용에 불편함 없으시도록 참고 부탁드립니다. :)

▶ https://blog.naver.com/sdamc00/223842908205


◎ 우리 병원은 아픈 반려동물의 빠른 회복을 최우선으로 최선의 진료를 시행합니다. ◎

""예상치 못한 응급 상황이나 피치 못할 중환자 관리로 인해 대기 시간이 길어질 수 있는 점""
미리 양해 말씀드리며 너그럽게 양해 부탁드립니다.

보호자분의 따뜻한 배려 늘 감사합니다. :)
10387	개리	2026-07-03 14:53:05	SD동물의료센터 서울점	사진
10387	개리	2026-07-03 14:53:08	SD동물의료센터 서울점	동영상
10387	개리	2026-07-03 14:53:12	SD동물의료센터 서울점	안녕하세요 개리 보호자님~ 개리는 내원이후 현재 입원장에서 수액을 맞으며 휴식중입니다. 사진 및 영상 보내드려요 :)
10387	개리	2026-07-03 15:29:34	arkang	감사합니다~
10387	개리	2026-07-03 15:29:34	SD동물의료센터 서울점	채팅 운영시간 안내
10387	개리	2026-07-03 15:29:34	SD동물의료센터 서울점	✅ 본 채널에서는 진료 예약과 입원 환자 사진·안내를 받아보실 수 있습니다. (14:00~16:00, 1회)

📌 다만, 진료·증상 상담은 채널에서 진행하지 않으며, 내원 시 의료진과 직접 상담 부탁드립니다.

더 나은 진료 서비스를 위해 최선을 다하겠습니다. 감사합니다.
10387	개리	2026-07-04 13:57:34	SD동물의료센터 서울점	사진
10387	개리	2026-07-04 13:57:37	SD동물의료센터 서울점	동영상
10387	개리	2026-07-04 13:57:45	SD동물의료센터 서울점	안녕하세요 개리 보호자님! 개리는 오늘 아침 식이 먹지 않아 스스로 먹을 수 있도록 밥그릇 유지 중에 있으며 소변은 잘 보았습니다. 입원장 안에서 수액 맞으면서 휴식 중인 영상과 함께 사진 보내드립니다! 감사합니다 :)
10387	개리	2026-07-05 14:09:09	SD동물의료센터 서울점	사진
10387	개리	2026-07-05 14:09:14	SD동물의료센터 서울점	동영상
10387	개리	2026-07-05 14:09:21	SD동물의료센터 서울점	안녕하세요 개리 보호자님! 개리는 오늘 아침 식이 주사기를 통해 유동식 급여하였으며 소변은 뇨줄을 통해 배출 중입니다. 입원장 안에서 수액 맞으면서 휴식 중인 영상과 함께 사진 보내드려요! 감사합니다 :)
10387	개리	2026-07-06 14:52:33	SD동물의료센터 서울점	사진
10387	개리	2026-07-06 14:52:36	SD동물의료센터 서울점	동영상
10387	개리	2026-07-06 14:52:38	SD동물의료센터 서울점	안녕하세요 개리 보호자님~ 개리 오늘 오전 식이는 주사기를 통하여 유동식을 급여 하였고 소변은 소변줄을 통하여 잘나오고 있습니다. 현재는 입원장에서 수액을 맞으며 휴식을 취하고 있습니다. 사진 및 영상 보내드려요 :)
10387	개리	2026-07-07 14:44:38	SD동물의료센터 서울점	사진
10387	개리	2026-07-07 14:44:43	SD동물의료센터 서울점	동영상
10387	개리	2026-07-07 14:44:48	SD동물의료센터 서울점	안녕하세요 개리 보호자님~ 개리 오늘 오전 식이는 주사기를 통하여 유동식을 급여 하였고 소변은 소변줄을 통하여 잘나오고 있습니다. 현재는 입원장에서 수액을 맞으며 휴식을 취하고 있습니다. 사진 및 영상 보내드려요 :)
10387	개리	2026-07-08 14:11:12	SD동물의료센터 서울점	사진
10387	개리	2026-07-08 14:11:16	SD동물의료센터 서울점	동영상
10387	개리	2026-07-08 14:11:54	SD동물의료센터 서울점	안녕하세요 개리 보호자님~ 개리 오늘 오전 식이는 주사길를 통하여 유동식을 급여 하였고 대변도 잘보았습니다. 소변은 소변줄을 통하여 잘나오고 있습니다. 현재는 입원장에서 수액을 맞으며 휴식을 취하고 있습니다. 사진 및 영상 보내드려요 :)
10387	개리	2026-07-12 13:48:31	SD동물의료센터 서울점	사진
10387	개리	2026-07-12 13:48:35	SD동물의료센터 서울점	동영상
10387	개리	2026-07-12 13:48:37	SD동물의료센터 서울점	안녕하세요 개리 보호자님! 개리는 내원 이후 전날 저녁 식이, 금일 아침 식이 모두 잘 먹어주었으며 대소변도 잘 보았습니다. 입원장 안에서 휴식 중인 영상과 함께 사진 보내드려요! 감사합니다 :)
10387	개리	2026-07-17 14:44:31	arkang	안녕하세요:)
7월 21일(화) 2:30에 개리 진료 예약되어있는데 혹시 5:30으로 변경될까요?
10387	개리	2026-07-17 14:44:31	SD동물의료센터 서울점	채팅 운영시간 안내
10387	개리	2026-07-17 14:44:31	SD동물의료센터 서울점	✅ 본 채널에서는 진료 예약과 입원 환자 사진·안내를 받아보실 수 있습니다. (14:00~16:00, 1회)

📌 다만, 진료·증상 상담은 채널에서 진행하지 않으며, 내원 시 의료진과 직접 상담 부탁드립니다.

더 나은 진료 서비스를 위해 최선을 다하겠습니다. 감사합니다.
10387	개리	2026-07-17 14:45:37	SD동물의료센터 서울점	안녕하세요 보호자님 7/21 화 17:30으로 예약변경해드렸습니다. 감사합니다 ㅣ::)
10387	개리	2026-07-17 14:55:17	arkang	감사합니다:)
10387	개리	2026-07-17 14:55:17	SD동물의료센터 서울점	채팅 운영시간 안내
10387	개리	2026-07-17 14:55:17	SD동물의료센터 서울점	✅ 본 채널에서는 진료 예약과 입원 환자 사진·안내를 받아보실 수 있습니다. (14:00~16:00, 1회)

📌 다만, 진료·증상 상담은 채널에서 진행하지 않으며, 내원 시 의료진과 직접 상담 부탁드립니다.

더 나은 진료 서비스를 위해 최선을 다하겠습니다. 감사합니다.
10387	개리	2026-07-27 14:16:11	arkang	안녕하세요:)
8월 4일(화) 11시 / 8월 12일(수) 11시에 
개리 침치료 예약 가능할까요?
10387	개리	2026-07-27 14:16:11	SD동물의료센터 서울점	채팅 운영시간 안내
10387	개리	2026-07-27 14:16:11	SD동물의료센터 서울점	✅ 본 채널에서는 진료 예약과 입원 환자 사진·안내를 받아보실 수 있습니다. (14:00~16:00, 1회)

📌 다만, 진료·증상 상담은 채널에서 진행하지 않으며, 내원 시 의료진과 직접 상담 부탁드립니다.

더 나은 진료 서비스를 위해 최선을 다하겠습니다. 감사합니다.
10387	개리	2026-07-27 14:21:07	SD동물의료센터 서울점	안녕하세요 보호자님.
두타임 모두 기존 예약건으로 8월12일 11시30분은 가능할 것 같습니다.
해당시간 예약 도와드릴까요?
10387	개리	2026-07-27 14:25:35	arkang	넹 8월 12일(수) 11:30분으로 예약해주세요!
8월 5일(수) 11시는 될까요?
10387	개리	2026-07-27 14:25:35	SD동물의료센터 서울점	채팅 운영시간 안내
10387	개리	2026-07-27 14:25:35	SD동물의료센터 서울점	✅ 본 채널에서는 진료 예약과 입원 환자 사진·안내를 받아보실 수 있습니다. (14:00~16:00, 1회)

📌 다만, 진료·증상 상담은 채널에서 진행하지 않으며, 내원 시 의료진과 직접 상담 부탁드립니다.

더 나은 진료 서비스를 위해 최선을 다하겠습니다. 감사합니다.
10387	개리	2026-07-27 14:33:28	SD동물의료센터 서울점	8/5 수요일도 11:30 가능합니다 :)
10387	개리	2026-07-27 14:34:04	arkang	넹 5일도 11:30분으로 예약 부탁드립니다:)
10387	개리	2026-07-27 14:34:04	SD동물의료센터 서울점	채팅 운영시간 안내
10387	개리	2026-07-27 14:34:04	SD동물의료센터 서울점	✅ 본 채널에서는 진료 예약과 입원 환자 사진·안내를 받아보실 수 있습니다. (14:00~16:00, 1회)

📌 다만, 진료·증상 상담은 채널에서 진행하지 않으며, 내원 시 의료진과 직접 상담 부탁드립니다.

더 나은 진료 서비스를 위해 최선을 다하겠습니다. 감사합니다.
10387	개리	2026-07-27 14:35:44	SD동물의료센터 서울점	네 8/5 수 11:30 , 8/12 수 11:30으로 예약도와드렸습니다. 감사합니다 :)
10387	개리	2026-07-27 14:36:17	arkang	감사합니다:)
10387	개리	2026-07-27 14:36:17	SD동물의료센터 서울점	채팅 운영시간 안내
10387	개리	2026-07-27 14:36:17	SD동물의료센터 서울점	✅ 본 채널에서는 진료 예약과 입원 환자 사진·안내를 받아보실 수 있습니다. (14:00~16:00, 1회)

📌 다만, 진료·증상 상담은 채널에서 진행하지 않으며, 내원 시 의료진과 직접 상담 부탁드립니다.

더 나은 진료 서비스를 위해 최선을 다하겠습니다. 감사합니다.
10387	개리	2026-07-28 14:00:27	SD동물의료센터 서울점	(광고)7월의 SD링크가 도착했어요.
10387	개리	2026-07-28 18:20:28	arkang	안녕하세요:)
8월 5일(수) 11:30분 예약했는데 혹시 1시 이후로 변경 가능할까요?
10387	개리	2026-07-28 18:20:28	SD동물의료센터 서울점	채팅 운영시간 안내
10387	개리	2026-07-28 18:20:28	SD동물의료센터 서울점	✅ 본 채널에서는 진료 예약과 입원 환자 사진·안내를 받아보실 수 있습니다. (14:00~16:00, 1회)

📌 다만, 진료·증상 상담은 채널에서 진행하지 않으며, 내원 시 의료진과 직접 상담 부탁드립니다.

더 나은 진료 서비스를 위해 최선을 다하겠습니다. 감사합니다.
10387	개리	2026-07-28 18:40:10	SD동물의료센터 서울점	안녕하세요 8/5 수 15시 괜찮으실까요?
10387	개리	2026-07-28 19:06:04	arkang	넵 3시로 부탁드려요!
10387	개리	2026-07-28 19:06:04	SD동물의료센터 서울점	채팅 운영시간 안내
10387	개리	2026-07-28 19:06:04	SD동물의료센터 서울점	✅ 본 채널에서는 진료 예약과 입원 환자 사진·안내를 받아보실 수 있습니다. (14:00~16:00, 1회)

📌 다만, 진료·증상 상담은 채널에서 진행하지 않으며, 내원 시 의료진과 직접 상담 부탁드립니다.

더 나은 진료 서비스를 위해 최선을 다하겠습니다. 감사합니다.
10387	개리	2026-07-28 19:10:20	SD동물의료센터 서울점	네 보호자님 8/5 수 15시로 예약변경 도와드렸습니다. 감사합니다:)
10387	개리	2026-07-29 19:01:27	SD동물의료센터 서울점	사진
10387	개리	2026-07-29 19:01:34	SD동물의료센터 서울점	안녕하세요 개리 보호자님! 금일 진행한 개리 재활 사진 보내드리겠습니다! 감사합니다 :)
10387	개리	2026-08-06 22:26:44	SD동물의료센터 서울점	사진
10387	개리	2026-08-06 22:27:15	SD동물의료센터 서울점	안녕하세요 개리 보호자님! 개리 8/5 재활 한 사진 보내드릴게요:) 늦게 보내드려 죄송합니다
10387	개리	2026-08-12 12:21:36	SD동물의료센터 서울점	사진
10387	개리	2026-08-12 12:21:37	SD동물의료센터 서울점	안녕하세요 개리 보호자님~ 금일 진행한 개리 재활 사진 보내드립니다. 감사합니다 😊
10387	개리	2026-08-13 10:33:29	arkang	안녕하세요:)
8월 21일(금) 개리 재활예약되어있는데 혹시 26일(수) 11시로 변경가능할까요?
10387	개리	2026-08-13 10:33:30	SD동물의료센터 서울점	채팅 운영시간 안내
10387	개리	2026-08-13 10:33:30	SD동물의료센터 서울점	✅ 본 채널에서는 진료 예약과 입원 환자 사진·안내를 받아보실 수 있습니다. (14:00~16:00, 1회)

📌 다만, 진료·증상 상담은 채널에서 진행하지 않으며, 내원 시 의료진과 직접 상담 부탁드립니다.

더 나은 진료 서비스를 위해 최선을 다하겠습니다. 감사합니다.
10387	개리	2026-08-13 10:38:36	SD동물의료센터 서울점	11시 예약은 이미 차있고, 26일은 오후 6시 타임만 남아있습니다. ㅠㅠ
10387	개리	2026-08-13 10:40:26	arkang	25일은 될까요?
10387	개리	2026-08-13 10:40:26	SD동물의료센터 서울점	채팅 운영시간 안내
10387	개리	2026-08-13 10:40:26	SD동물의료센터 서울점	✅ 본 채널에서는 진료 예약과 입원 환자 사진·안내를 받아보실 수 있습니다. (14:00~16:00, 1회)

📌 다만, 진료·증상 상담은 채널에서 진행하지 않으며, 내원 시 의료진과 직접 상담 부탁드립니다.

더 나은 진료 서비스를 위해 최선을 다하겠습니다. 감사합니다.
10387	개리	2026-08-13 10:43:03	arkang	25일(화) 4시 이전에 가능한 시간있으면 예약해주세요! 21일은 제가 다른 스케쥴이있어서 취소부탁드립니다:)
10387	개리	2026-08-13 10:43:03	SD동물의료센터 서울점	채팅 운영시간 안내
10387	개리	2026-08-13 10:43:03	SD동물의료센터 서울점	✅ 본 채널에서는 진료 예약과 입원 환자 사진·안내를 받아보실 수 있습니다. (14:00~16:00, 1회)

📌 다만, 진료·증상 상담은 채널에서 진행하지 않으며, 내원 시 의료진과 직접 상담 부탁드립니다.

더 나은 진료 서비스를 위해 최선을 다하겠습니다. 감사합니다.
10387	개리	2026-08-13 10:47:27	SD동물의료센터 서울점	네 8/25 오후 2시 30분으로 도와드려도 괜찮을까요? :)
10387	개리	2026-08-13 12:12:02	arkang	네! 25일 2:30분으로 부탁드립니다:)
10387	개리	2026-08-13 12:12:02	SD동물의료센터 서울점	채팅 운영시간 안내
10387	개리	2026-08-13 12:12:02	SD동물의료센터 서울점	✅ 본 채널에서는 진료 예약과 입원 환자 사진·안내를 받아보실 수 있습니다. (14:00~16:00, 1회)

📌 다만, 진료·증상 상담은 채널에서 진행하지 않으며, 내원 시 의료진과 직접 상담 부탁드립니다.

더 나은 진료 서비스를 위해 최선을 다하겠습니다. 감사합니다.
10387	개리	2026-08-13 12:21:53	SD동물의료센터 서울점	8/21(금) 11:00 예약 취소,
8/25(화) 14:30으로 변경 도와드렸습니다.
감사합니다.
10387	개리	2026-08-13 15:43:02	arkang	네
감사합니다:)
10387	개리	2026-08-13 15:43:02	SD동물의료센터 서울점	채팅 운영시간 안내
10519	나나	2026-05-24 14:09:52	.	안녕하세요.
나나(시츄,12.06.10) 엄마에요.
10519	나나	2026-05-24 14:09:52	SD동물의료센터 서울점	채팅 운영시간 안내
10519	나나	2026-05-24 14:09:52	SD동물의료센터 서울점	✅ 본 채널에서는 진료 예약과 입원 환자 사진·안내를 받아보실 수 있습니다. (14:00~16:00, 1회)

📌 다만, 진료·증상 상담은 채널에서 진행하지 않으며, 내원 시 의료진과 직접 상담 부탁드립니다.

더 나은 진료 서비스를 위해 최선을 다하겠습니다. 감사합니다.
10519	나나	2026-05-24 14:11:24	.	내일 헬릭스 진료 예정이라
한 달여간 자료를 아래 
헬릭스 이메일 주소로 
보내주시면 감사하겠습니다.

schelix@naver.com
10519	나나	2026-05-24 14:11:24	SD동물의료센터 서울점	채팅 운영시간 안내
10519	나나	2026-05-24 14:11:24	SD동물의료센터 서울점	✅ 본 채널에서는 진료 예약과 입원 환자 사진·안내를 받아보실 수 있습니다. (14:00~16:00, 1회)

📌 다만, 진료·증상 상담은 채널에서 진행하지 않으며, 내원 시 의료진과 직접 상담 부탁드립니다.

더 나은 진료 서비스를 위해 최선을 다하겠습니다. 감사합니다.
10519	나나	2026-05-24 14:15:40	.	저는 피검사 자료만 
이메일로 부탁드릴게요.

nobel57@naver.com
10519	나나	2026-05-24 14:15:40	SD동물의료센터 서울점	채팅 운영시간 안내
10519	나나	2026-05-24 14:15:40	SD동물의료센터 서울점	✅ 본 채널에서는 진료 예약과 입원 환자 사진·안내를 받아보실 수 있습니다. (14:00~16:00, 1회)

📌 다만, 진료·증상 상담은 채널에서 진행하지 않으며, 내원 시 의료진과 직접 상담 부탁드립니다.

더 나은 진료 서비스를 위해 최선을 다하겠습니다. 감사합니다.
10519	나나	2026-05-24 14:30:41	SD동물의료센터 서울점	안녕하세요 나나보호자님
보호자님 성함이 윤미선님 맞으실까요?
10519	나나	2026-05-24 14:30:59	.	네~^^ 맞아요
10519	나나	2026-05-24 14:30:59	SD동물의료센터 서울점	채팅 운영시간 안내
10519	나나	2026-05-24 14:30:59	SD동물의료센터 서울점	✅ 본 채널에서는 진료 예약과 입원 환자 사진·안내를 받아보실 수 있습니다. (14:00~16:00, 1회)

📌 다만, 진료·증상 상담은 채널에서 진행하지 않으며, 내원 시 의료진과 직접 상담 부탁드립니다.

더 나은 진료 서비스를 위해 최선을 다하겠습니다. 감사합니다.
10519	나나	2026-05-24 14:32:24	SD동물의료센터 서울점	그리고 보호자님께는 피검사 자료만 메일로,
서초 헬릭스로는 전체 검사자료 메일로 송부드리면 될까요?
10519	나나	2026-05-24 14:34:46	SD동물의료센터 서울점	채팅 운영시간 안내
10519	나나	2026-05-24 14:34:46	SD동물의료센터 서울점	✅ 본 채널에서는 진료 예약과 입원 환자 사진·안내를 받아보실 수 있습니다. (14:00~16:00, 1회)

📌 다만, 진료·증상 상담은 채널에서 진행하지 않으며, 내원 시 의료진과 직접 상담 부탁드립니다.

더 나은 진료 서비스를 위해 최선을 다하겠습니다. 감사합니다.
10519	나나	2026-05-24 14:34:46	.	네~
10519	나나	2026-05-24 14:57:04	SD동물의료센터 서울점	보호자님 헬릭스로 전체 검사자료,
보호자님 메일주소로 피검사 자료 송부드렸습니다
감사합니다!
10519	나나	2026-05-24 15:14:53	.	바쁘시고 번거로우실텐데
너무 감사드립니다~🙇‍♀️
10519	나나	2026-05-24 15:14:53	SD동물의료센터 서울점	채팅 운영시간 안내
10519	나나	2026-05-24 15:14:53	SD동물의료센터 서울점	✅ 본 채널에서는 진료 예약과 입원 환자 사진·안내를 받아보실 수 있습니다. (14:00~16:00, 1회)

📌 다만, 진료·증상 상담은 채널에서 진행하지 않으며, 내원 시 의료진과 직접 상담 부탁드립니다.

더 나은 진료 서비스를 위해 최선을 다하겠습니다. 감사합니다.
10519	나나	2026-06-05 15:48:28	SD동물의료센터 서울점	동영상
10519	나나	2026-06-05 15:48:36	SD동물의료센터 서울점	동영상
10519	나나	2026-06-05 15:48:50	SD동물의료센터 서울점	안녕하세요 보호자님.
요청하신 나나 식이영상 보내드립니다. 감사합니다. :)
10519	나나	2026-06-05 16:06:18	.	소중한 영상🙏감사합니다.
10519	나나	2026-06-05 16:06:18	SD동물의료센터 서울점	채팅 운영시간 안내
10519	나나	2026-06-05 16:06:18	SD동물의료센터 서울점	✅ 본 채널에서는 진료 예약과 입원 환자 사진·안내를 받아보실 수 있습니다. (14:00~16:00, 1회)

📌 다만, 진료·증상 상담은 채널에서 진행하지 않으며, 내원 시 의료진과 직접 상담 부탁드립니다.

더 나은 진료 서비스를 위해 최선을 다하겠습니다. 감사합니다.
10519	나나	2026-06-10 14:15:57	SD동물의료센터 서울점	사진
10519	나나	2026-06-10 14:16:04	SD동물의료센터 서울점	동영상
10519	나나	2026-06-10 14:16:06	SD동물의료센터 서울점	안녕하세요 나나 보호자님~ 나나는 오늘 오전 식이는 주사기를통하여 유동식을 급여 하였는데 잘먹었고 현재는 입원장에서 수혈중입니다. 사진 및 영상 보내드려요!
그리고 오늘 나나의 생일을 진심으로 축하드립니다 :)
10519	나나	2026-06-10 14:21:08	.	네..ㅠㅠ 소중한 사진, 영상 
너무 감사합니다.

아이가 병원에서 생일을 보내게 됬지만, 안전하게 만14살 생일을 맞을 수 있는 것만으로도 감사합니다🙏 

나나가 힘내주고 있는만큼 저도 지치지 않고 끝까지 최선을 다하겠습니다.

SD 주치의 선생님 포함 
스텝분들 모두에 다시 한 번 감사드리고, 계속 잘 부탁드립니다🙏
10519	나나	2026-06-10 14:21:08	SD동물의료센터 서울점	채팅 운영시간 안내
10519	나나	2026-06-10 14:21:08	SD동물의료센터 서울점	✅ 본 채널에서는 진료 예약과 입원 환자 사진·안내를 받아보실 수 있습니다. (14:00~16:00, 1회)

📌 다만, 진료·증상 상담은 채널에서 진행하지 않으며, 내원 시 의료진과 직접 상담 부탁드립니다.

더 나은 진료 서비스를 위해 최선을 다하겠습니다. 감사합니다.
10519	나나	2026-06-11 14:19:12	SD동물의료센터 서울점	사진
10519	나나	2026-06-11 14:19:16	SD동물의료센터 서울점	동영상
10519	나나	2026-06-11 14:19:19	SD동물의료센터 서울점	안녕하세요 나나 보호자님~ 나나 오늘 오전 식이는 주사기를 통하여 유동식을 급여 하였고 대변과 소변 모두 잘보았습니다. 현재는 입원장에서 수액을 맞으며 휴식을 취하고 있습니다. 사진 및 영상 보내드려요 :)
10519	나나	2026-06-12 14:16:22	SD동물의료센터 서울점	사진
10519	나나	2026-06-12 14:16:40	SD동물의료센터 서울점	동영상
10519	나나	2026-06-12 14:16:41	SD동물의료센터 서울점	안녕하세요 나나 보호자님~ 나나는 오늘 오전 주사기를 통하여 유동식을 급여 하였고 대변과 소변 모두 잘보았습니다. 현재는 입원장에서 수액을 맞으며 휴식을 취하고 있습니다. 사진 및 영상 보내드려요 :)
10519	나나	2026-06-12 15:07:46	.	소중한 사진, 영상 
너무 감사합니다🙇‍♀️
10519	나나	2026-06-12 15:07:46	SD동물의료센터 서울점	채팅 운영시간 안내
10519	나나	2026-06-12 15:07:46	SD동물의료센터 서울점	✅ 본 채널에서는 진료 예약과 입원 환자 사진·안내를 받아보실 수 있습니다. (14:00~16:00, 1회)

📌 다만, 진료·증상 상담은 채널에서 진행하지 않으며, 내원 시 의료진과 직접 상담 부탁드립니다.

더 나은 진료 서비스를 위해 최선을 다하겠습니다. 감사합니다.
10519	나나	2026-06-13 13:41:24	SD동물의료센터 서울점	사진
10519	나나	2026-06-13 13:41:27	SD동물의료센터 서울점	동영상
10519	나나	2026-06-13 13:41:29	SD동물의료센터 서울점	안녕하세요 나나 보호자님! 나나는 오늘 아침 식이 주사기를 통해 유동식 급여하였으며 대소변도 모두 보았습니다. 입원장에서 휴식 중인 영상과 함께 사진 보내드립니다! 감사합니다 :)
10519	나나	2026-06-13 14:53:52	.	네 오늘 퇴원때까지 
계속 잘 부탁드립니다.
10519	나나	2026-06-13 14:53:52	SD동물의료센터 서울점	채팅 운영시간 안내
10519	나나	2026-06-13 14:53:52	SD동물의료센터 서울점	✅ 본 채널에서는 진료 예약과 입원 환자 사진·안내를 받아보실 수 있습니다. (14:00~16:00, 1회)

📌 다만, 진료·증상 상담은 채널에서 진행하지 않으며, 내원 시 의료진과 직접 상담 부탁드립니다.

더 나은 진료 서비스를 위해 최선을 다하겠습니다. 감사합니다.
10519	나나	2026-06-15 16:29:17	.	동영상
10519	나나	2026-06-15 16:29:17	SD동물의료센터 서울점	채팅 운영시간 안내
10519	나나	2026-06-15 16:29:17	SD동물의료센터 서울점	✅ 본 채널에서는 진료 예약과 입원 환자 사진·안내를 받아보실 수 있습니다. (14:00~16:00, 1회)

📌 다만, 진료·증상 상담은 채널에서 진행하지 않으며, 내원 시 의료진과 직접 상담 부탁드립니다.

더 나은 진료 서비스를 위해 최선을 다하겠습니다. 감사합니다.
10519	나나	2026-06-15 16:30:30	SD동물의료센터 서울점	채팅 운영시간 안내
10519	나나	2026-06-15 16:30:30	SD동물의료센터 서울점	✅ 본 채널에서는 진료 예약과 입원 환자 사진·안내를 받아보실 수 있습니다. (14:00~16:00, 1회)

📌 다만, 진료·증상 상담은 채널에서 진행하지 않으며, 내원 시 의료진과 직접 상담 부탁드립니다.

더 나은 진료 서비스를 위해 최선을 다하겠습니다. 감사합니다.
10519	나나	2026-06-15 16:30:30	.	나나 잘 지내고 있어요.
노즈워크도 하고
밥도 간식도 잘 먹고 
복압 호흡이 서서히 시작되긴 하는데 아주 심한건 아니라
내일 유수진 원장님 계실때
흉수 배액 하러 가도 될거 같아요.
10519	나나	2026-06-15 16:30:30	.	사진
10519	나나	2026-06-15 16:30:30	SD동물의료센터 서울점	채팅 운영시간 안내
10519	나나	2026-06-15 16:30:30	SD동물의료센터 서울점	✅ 본 채널에서는 진료 예약과 입원 환자 사진·안내를 받아보실 수 있습니다. (14:00~16:00, 1회)

📌 다만, 진료·증상 상담은 채널에서 진행하지 않으며, 내원 시 의료진과 직접 상담 부탁드립니다.

더 나은 진료 서비스를 위해 최선을 다하겠습니다. 감사합니다.
10519	나나	2026-06-15 17:07:41	SD동물의료센터 서울점	안녕하세요 나나 보호자님, 나나 잘 지낸다니 다행이네요 :) 내일도 아이 맡기시고 오후에 데릴러 오실까요?
10519	나나	2026-06-15 17:10:25	.	네 그럴거 같아요.
유수진 원장님 오전에 출근하시죠~?
오전 가능하신 시간에 예약 가능할까요~?
10519	나나	2026-06-15 17:10:25	SD동물의료센터 서울점	채팅 운영시간 안내
10519	나나	2026-06-15 17:10:25	SD동물의료센터 서울점	✅ 본 채널에서는 진료 예약과 입원 환자 사진·안내를 받아보실 수 있습니다. (14:00~16:00, 1회)

📌 다만, 진료·증상 상담은 채널에서 진행하지 않으며, 내원 시 의료진과 직접 상담 부탁드립니다.

더 나은 진료 서비스를 위해 최선을 다하겠습니다. 감사합니다.
10519	나나	2026-06-15 17:23:24	SD동물의료센터 서울점	내일 선생님께서 오전 예약이 다 차있어서 오전 중 편하실 때 아이 맡기시고 상담은 오후에 도와드려도 괜찮으실까요?
10519	나나	2026-06-15 17:24:23	.	네네 그러도록 할게요~~
10519	나나	2026-06-15 17:24:23	SD동물의료센터 서울점	채팅 운영시간 안내
10519	나나	2026-06-15 17:24:23	SD동물의료센터 서울점	✅ 본 채널에서는 진료 예약과 입원 환자 사진·안내를 받아보실 수 있습니다. (14:00~16:00, 1회)

📌 다만, 진료·증상 상담은 채널에서 진행하지 않으며, 내원 시 의료진과 직접 상담 부탁드립니다.

더 나은 진료 서비스를 위해 최선을 다하겠습니다. 감사합니다.
10519	나나	2026-06-15 17:28:17	SD동물의료센터 서울점	네 보호자님, 내일 오전에 뵙겠습니다. 감사합니다 :)
10519	나나	2026-06-15 17:29:20	.	네 내일 뵐게요~~
10519	나나	2026-06-15 17:29:21	SD동물의료센터 서울점	채팅 운영시간 안내
10519	나나	2026-06-15 17:29:21	SD동물의료센터 서울점	✅ 본 채널에서는 진료 예약과 입원 환자 사진·안내를 받아보실 수 있습니다. (14:00~16:00, 1회)

📌 다만, 진료·증상 상담은 채널에서 진행하지 않으며, 내원 시 의료진과 직접 상담 부탁드립니다.

더 나은 진료 서비스를 위해 최선을 다하겠습니다. 감사합니다.
10519	나나	2026-06-16 14:24:39	SD동물의료센터 서울점	사진
10519	나나	2026-06-16 14:24:43	SD동물의료센터 서울점	동영상
10519	나나	2026-06-16 14:24:47	SD동물의료센터 서울점	안녕하세요 나나 보호자님~ 나나는 내원이후 흉수천자도 하고 약과 밥도 잘먹고 입원장에서 휴식을 취하고 있습니다. 사진 및 영상 보내드려요 :)
10519	나나	2026-06-16 18:59:44	.	소중한 사진, 영상들 넘넘 감사드려요🩷 

금욜 오전에 뵐게요.
다들 좋은 저녁되세요~~
10519	나나	2026-06-16 18:59:44	SD동물의료센터 서울점	채팅 운영시간 안내
10519	나나	2026-06-16 18:59:44	SD동물의료센터 서울점	✅ 본 채널에서는 진료 예약과 입원 환자 사진·안내를 받아보실 수 있습니다. (14:00~16:00, 1회)

📌 다만, 진료·증상 상담은 채널에서 진행하지 않으며, 내원 시 의료진과 직접 상담 부탁드립니다.

더 나은 진료 서비스를 위해 최선을 다하겠습니다. 감사합니다.
10519	나나	2026-06-17 13:40:36	.	사진
10519	나나	2026-06-17 13:40:36	SD동물의료센터 서울점	채팅 운영시간 안내
10519	나나	2026-06-17 13:40:36	SD동물의료센터 서울점	✅ 본 채널에서는 진료 예약과 입원 환자 사진·안내를 받아보실 수 있습니다. (14:00~16:00, 1회)

📌 다만, 진료·증상 상담은 채널에서 진행하지 않으며, 내원 시 의료진과 직접 상담 부탁드립니다.

더 나은 진료 서비스를 위해 최선을 다하겠습니다. 감사합니다.
10519	나나	2026-06-17 13:42:05	.	나나가 이번주 일요일에 천안 나우동물메디컬센터에 가게 될 예정이라 그 전에 데이터 발송이 필요해 보여서 메일 주소 보내드립니다.
10519	나나	2026-06-17 13:42:05	SD동물의료센터 서울점	채팅 운영시간 안내
10519	나나	2026-06-17 13:42:05	SD동물의료센터 서울점	✅ 본 채널에서는 진료 예약과 입원 환자 사진·안내를 받아보실 수 있습니다. (14:00~16:00, 1회)

📌 다만, 진료·증상 상담은 채널에서 진행하지 않으며, 내원 시 의료진과 직접 상담 부탁드립니다.

더 나은 진료 서비스를 위해 최선을 다하겠습니다. 감사합니다.
10519	나나	2026-06-17 13:44:12	.	유수진 선생님이 자세히 메모 남겨주셔야 한다고 하셨어서..
오늘 미리 보내드려요.
꼭 전달 부탁드릴게요.

24nowamc@naver.com
041 414 3676
10519	나나	2026-06-17 13:44:12	SD동물의료센터 서울점	채팅 운영시간 안내
10519	나나	2026-06-17 13:44:12	SD동물의료센터 서울점	✅ 본 채널에서는 진료 예약과 입원 환자 사진·안내를 받아보실 수 있습니다. (14:00~16:00, 1회)

📌 다만, 진료·증상 상담은 채널에서 진행하지 않으며, 내원 시 의료진과 직접 상담 부탁드립니다.

더 나은 진료 서비스를 위해 최선을 다하겠습니다. 감사합니다.
10519	나나	2026-06-17 13:46:18	SD동물의료센터 서울점	네 보호자님 전달드리겠습니다 !
10519	나나	2026-06-17 16:57:02	SD동물의료센터 서울점	보호자님, 선생님께 전달 드렸고 검사자료와 처치 내역 나우 동물메디컬센터로 전송 도와드렸습니다. 감사합니다 :)
10519	나나	2026-06-17 16:57:45	.	아 네 잘 알겠습니다.
빠른 처리 감사합니다.
10519	나나	2026-06-17 16:57:45	SD동물의료센터 서울점	채팅 운영시간 안내
10519	나나	2026-06-17 16:57:45	SD동물의료센터 서울점	✅ 본 채널에서는 진료 예약과 입원 환자 사진·안내를 받아보실 수 있습니다. (14:00~16:00, 1회)

📌 다만, 진료·증상 상담은 채널에서 진행하지 않으며, 내원 시 의료진과 직접 상담 부탁드립니다.

더 나은 진료 서비스를 위해 최선을 다하겠습니다. 감사합니다.
10519	나나	2026-06-22 13:36:16	SD동물의료센터 서울점	사진
10519	나나	2026-06-22 13:36:19	SD동물의료센터 서울점	동영상
10519	나나	2026-06-22 13:36:33	SD동물의료센터 서울점	안녕하세요 나나 보호자님~ 나나는 내원이후 약도,밥도 잘먹고 입원장에서 휴식중입니다. 사진 및 영상 보내드려요 :)
10519	나나	2026-06-22 13:39:38	.	감사합니다♡♡♡
10519	나나	2026-06-22 13:39:38	SD동물의료센터 서울점	채팅 운영시간 안내
10519	나나	2026-06-22 13:39:38	SD동물의료센터 서울점	✅ 본 채널에서는 진료 예약과 입원 환자 사진·안내를 받아보실 수 있습니다. (14:00~16:00, 1회)

📌 다만, 진료·증상 상담은 채널에서 진행하지 않으며, 내원 시 의료진과 직접 상담 부탁드립니다.

더 나은 진료 서비스를 위해 최선을 다하겠습니다. 감사합니다.
10519	나나	2026-06-23 14:26:45	SD동물의료센터 서울점	사진
10519	나나	2026-06-23 14:26:48	SD동물의료센터 서울점	동영상
10519	나나	2026-06-23 14:26:53	SD동물의료센터 서울점	안녕하세요 나나 보호자님~ 나나는 오늘도 약이랑 밥이랑 모두 잘먹고 입원장에서 잘쉬고 있습니다. 사진 및 영상 보내드려요 :)
10519	나나	2026-06-23 14:32:00	.	엄마가 이번주 이사 준비로 바빠서ㅠ 나나한테 하루가 너무 소중한데 미안한 마음이에요.
병원에서라도 맘 편히 잘 지낼 수 있게 계속 잘 부탁드립니다.
10519	나나	2026-06-23 14:32:00	SD동물의료센터 서울점	채팅 운영시간 안내
10519	나나	2026-06-23 14:32:00	SD동물의료센터 서울점	✅ 본 채널에서는 진료 예약과 입원 환자 사진·안내를 받아보실 수 있습니다. (14:00~16:00, 1회)

📌 다만, 진료·증상 상담은 채널에서 진행하지 않으며, 내원 시 의료진과 직접 상담 부탁드립니다.

더 나은 진료 서비스를 위해 최선을 다하겠습니다. 감사합니다.
10519	나나	2026-06-24 14:49:03	SD동물의료센터 서울점	사진
10519	나나	2026-06-24 14:49:06	SD동물의료센터 서울점	동영상
10519	나나	2026-06-24 14:49:09	SD동물의료센터 서울점	안녕하세요 나나 보호자님~ 나나는 내원이후 약과 밥 잘먹고 입원장에서 편하게 휴식중입니다. 사진 및 영상 보내드려요 :)
10519	나나	2026-06-25 14:34:21	SD동물의료센터 서울점	사진
10519	나나	2026-06-25 14:34:27	SD동물의료센터 서울점	동영상
10519	나나	2026-06-25 14:34:29	SD동물의료센터 서울점	안녕하세요 나나 보호자님~ 나나는 내원이후 약과 밥잘먹고 입원장에서 휴식중입니다. 사진 및 영상 보내드려요 :)
10519	나나	2026-06-27 13:56:36	SD동물의료센터 서울점	사진
10519	나나	2026-06-27 13:56:39	SD동물의료센터 서울점	동영상
10519	나나	2026-06-27 13:56:41	SD동물의료센터 서울점	안녕하세요 나나 보호자님! 나나는 오늘 아침 식이 주사기를 통해 유동식 급여하였으며 대소변도 모두 잘 보았습니다. 입원장 안에서 휴식 중인 영상과 함께 사진 보내드려요! 감사합니다 :)
10519	나나	2026-06-28 14:20:35	SD동물의료센터 서울점	사진
10519	나나	2026-06-28 14:20:38	SD동물의료센터 서울점	동영상
10519	나나	2026-06-28 14:20:42	SD동물의료센터 서울점	안녕하세요 나나 보호자님! 나나는 내원 이후 주사기를 통해 유동식 잘 먹어주었고 약도 잘 먹은 뒤 입원장 안에서 휴식 중입니다. 사진과 함께 영상 보내드려요! 감사합니다 :)
10519	나나	2026-06-28 21:38:59	SD동물의료센터 서울점	✅ 본 채널에서는 진료 예약과 입원 환자 사진·안내를 받아보실 수 있습니다. (14:00~16:00, 1회)

📌 다만, 진료·증상 상담은 채널에서 진행하지 않으며, 내원 시 의료진과 직접 상담 부탁드립니다.

더 나은 진료 서비스를 위해 최선을 다하겠습니다. 감사합니다.
10519	나나	2026-06-28 21:38:59	.	네 감사합니다.
내일 이사라 준비 하는 동안 나나가 일주일 내내 병원에 있었네요ㅠㅠ

오늘 기차도 놓쳐서 늦게 데리러 갑니다.

내일까지 잘 부탁드려요~~

10519	나나	2026-06-28 21:38:59	SD동물의료센터 서울점	채팅 운영시간 안내
10519	나나	2026-06-29 14:17:21	SD동물의료센터 서울점	사진
10519	나나	2026-06-29 14:17:25	SD동물의료센터 서울점	동영상
10519	나나	2026-06-29 14:17:30	SD동물의료센터 서울점	안녕하세요 나나 보호자님~ 나나는 오늘 오전 식이와 약 잘먹었고 현재는 입원장에서 휴시중입니다. 사진 및 영상 보내드려요 :)
10519	나나	2026-07-01 14:41:25	SD동물의료센터 서울점	사진
10519	나나	2026-07-01 14:41:31	SD동물의료센터 서울점	안녕하세요 나나 보호자님~ 나나는 내원이후 현재 약과 밥 모두 잘먹고 입원장에서 휴식중입니다. 사진 및 영상 보내드려요 :)
10519	나나	2026-07-01 14:41:33	SD동물의료센터 서울점	동영상
10519	나나	2026-07-01 14:42:39	.	ㅠㅠ
너무 감사합니다.
내려와서 서 있어서 넘 좋네요.
오늘도 잘 부탁드릴게요~~
10519	나나	2026-07-01 14:42:39	SD동물의료센터 서울점	채팅 운영시간 안내
10519	나나	2026-07-01 14:42:39	SD동물의료센터 서울점	✅ 본 채널에서는 진료 예약과 입원 환자 사진·안내를 받아보실 수 있습니다. (14:00~16:00, 1회)

📌 다만, 진료·증상 상담은 채널에서 진행하지 않으며, 내원 시 의료진과 직접 상담 부탁드립니다.

더 나은 진료 서비스를 위해 최선을 다하겠습니다. 감사합니다.
10519	나나	2026-07-03 15:04:55	.	나나 집에서 손발이 차가와서 양말에 근적외선 찜찔하고 있어요^^

아직까지 호흡수, 복압호흡이 괜찮아 보여서 내일 오전에 
병원 방문할까 해요.

전화로 예약 잡을게요~^^
10519	나나	2026-07-03 15:04:55	SD동물의료센터 서울점	채팅 운영시간 안내
10519	나나	2026-07-03 15:04:55	SD동물의료센터 서울점	✅ 본 채널에서는 진료 예약과 입원 환자 사진·안내를 받아보실 수 있습니다. (14:00~16:00, 1회)

📌 다만, 진료·증상 상담은 채널에서 진행하지 않으며, 내원 시 의료진과 직접 상담 부탁드립니다.

더 나은 진료 서비스를 위해 최선을 다하겠습니다. 감사합니다.
10519	나나	2026-07-03 15:05:17	.	사진
10519	나나	2026-07-03 15:05:17	SD동물의료센터 서울점	채팅 운영시간 안내
10519	나나	2026-07-03 15:05:17	SD동물의료센터 서울점	✅ 본 채널에서는 진료 예약과 입원 환자 사진·안내를 받아보실 수 있습니다. (14:00~16:00, 1회)

📌 다만, 진료·증상 상담은 채널에서 진행하지 않으며, 내원 시 의료진과 직접 상담 부탁드립니다.

더 나은 진료 서비스를 위해 최선을 다하겠습니다. 감사합니다.
10519	나나	2026-07-03 15:11:26	SD동물의료센터 서울점	안녕하세요 보호자님 내일 주치의선생님 오전에 예약이 다 차있어서
아이 맡기고 선생님께서 추후 상태관련해서 전화드릴 수 있다고 합니다. 이렇게 진행해드려도 괜찮으실까요?
10519	나나	2026-07-03 15:12:58	.	네네 평소대로 아이 맡기고 
오후에 찾아뵐게요
10519	나나	2026-07-03 15:12:58	SD동물의료센터 서울점	채팅 운영시간 안내
10519	나나	2026-07-03 15:12:58	SD동물의료센터 서울점	✅ 본 채널에서는 진료 예약과 입원 환자 사진·안내를 받아보실 수 있습니다. (14:00~16:00, 1회)

📌 다만, 진료·증상 상담은 채널에서 진행하지 않으며, 내원 시 의료진과 직접 상담 부탁드립니다.

더 나은 진료 서비스를 위해 최선을 다하겠습니다. 감사합니다.
10519	나나	2026-07-03 15:16:45	SD동물의료센터 서울점	네 내일 몇시쯤 오실 예정이실까요?
10519	나나	2026-07-03 15:24:24	.	6시 전후 선생님 퇴근 전에 가뵐게요. 적어도 6시30분 전에는 도착하도록 하겠습니다.
10519	나나	2026-07-03 15:24:24	SD동물의료센터 서울점	채팅 운영시간 안내
10519	나나	2026-07-03 15:24:24	SD동물의료센터 서울점	✅ 본 채널에서는 진료 예약과 입원 환자 사진·안내를 받아보실 수 있습니다. (14:00~16:00, 1회)

📌 다만, 진료·증상 상담은 채널에서 진행하지 않으며, 내원 시 의료진과 직접 상담 부탁드립니다.

더 나은 진료 서비스를 위해 최선을 다하겠습니다. 감사합니다.
10519	나나	2026-07-03 15:25:12	SD동물의료센터 서울점	네 오전에 아이 맡기시는 시간은 몇시이실까요?
10519	나나	2026-07-03 15:26:25	.	교통 상황에 따라 11시~11시30분이 될거 같습니다.
10519	나나	2026-07-03 15:26:25	SD동물의료센터 서울점	채팅 운영시간 안내
10519	나나	2026-07-03 15:26:25	SD동물의료센터 서울점	✅ 본 채널에서는 진료 예약과 입원 환자 사진·안내를 받아보실 수 있습니다. (14:00~16:00, 1회)

📌 다만, 진료·증상 상담은 채널에서 진행하지 않으며, 내원 시 의료진과 직접 상담 부탁드립니다.

더 나은 진료 서비스를 위해 최선을 다하겠습니다. 감사합니다.
10519	나나	2026-07-03 15:27:18	SD동물의료센터 서울점	네 직원 및 주치의 선생님께 전달드리겠습니다 감사합니다 :)
10519	나나	2026-07-03 15:29:48	.	네 고맙습니다~!!
10519	나나	2026-07-03 15:29:49	SD동물의료센터 서울점	채팅 운영시간 안내
10519	나나	2026-07-03 15:29:49	SD동물의료센터 서울점	✅ 본 채널에서는 진료 예약과 입원 환자 사진·안내를 받아보실 수 있습니다. (14:00~16:00, 1회)

📌 다만, 진료·증상 상담은 채널에서 진행하지 않으며, 내원 시 의료진과 직접 상담 부탁드립니다.

더 나은 진료 서비스를 위해 최선을 다하겠습니다. 감사합니다.
10519	나나	2026-07-04 14:08:35	SD동물의료센터 서울점	사진
10519	나나	2026-07-04 14:08:38	SD동물의료센터 서울점	동영상
10519	나나	2026-07-04 14:08:48	SD동물의료센터 서울점	안녕하세요 나나 보호자님! 나나는 내원 이후 주사기를 통해 유동식 급여하였으며 현재 입원장 안에서 휴식 중에 있습니다. 사진과 함께 영상 보내드려요! 감사합니다 :)
10519	나나	2026-07-04 15:03:29	.	네~고맙습니다.
오늘 새벽에 힘들어했어서
걱정 많이 했는데 다행이에요.
계속 잘 부탁드려요...
10519	나나	2026-07-04 15:03:29	SD동물의료센터 서울점	채팅 운영시간 안내
10519	나나	2026-07-04 15:03:29	SD동물의료센터 서울점	✅ 본 채널에서는 진료 예약과 입원 환자 사진·안내를 받아보실 수 있습니다. (14:00~16:00, 1회)

📌 다만, 진료·증상 상담은 채널에서 진행하지 않으며, 내원 시 의료진과 직접 상담 부탁드립니다.

더 나은 진료 서비스를 위해 최선을 다하겠습니다. 감사합니다.
10519	나나	2026-07-22 14:15:55	SD동물의료센터 서울점	사진
10519	나나	2026-07-22 14:16:01	SD동물의료센터 서울점	동영상
10519	나나	2026-07-22 14:16:04	SD동물의료센터 서울점	안녕하세요 나나 보호자님~ 나나는 내원이후 주사기를 통하여 유동식을 급여하였고 약도 잘먹었습니다. 현재는 입원장에서 휴식을 취하고 있습니다. 사진 및 영상 보내드려요 :)
10519	나나	2026-07-25 15:02:19	SD동물의료센터 서울점	사진
10519	나나	2026-07-25 15:02:22	SD동물의료센터 서울점	동영상
10519	나나	2026-07-25 15:02:45	SD동물의료센터 서울점	나나 보호자님 안녕하세요~ 나나는 오늘 식이 주사기로 유동식 급여하였고, 현재 입원장에서 휴식중입니다. 아이 사진과 영상 같이 보내드릴게요, 감사합니다^^
10519	나나	2026-07-28 14:00:27	SD동물의료센터 서울점	(광고)7월의 SD링크가 도착했어요.
10519	나나	2026-07-29 14:37:33	SD동물의료센터 서울점	사진
10519	나나	2026-07-29 14:37:36	SD동물의료센터 서울점	동영상
10519	나나	2026-07-29 14:37:42	SD동물의료센터 서울점	안녕하세요 나나 보호자님~ 나나는 내원이후 현재 입원장에서 휴식중입니다. 사진 및 영상 보내드려요 :)
10519	나나	2026-08-07 14:31:59	SD동물의료센터 서울점	사진
10519	나나	2026-08-07 14:32:02	SD동물의료센터 서울점	동영상
10519	나나	2026-08-07 14:32:07	SD동물의료센터 서울점	안녕하세요 나나 보호자님~ 나나는 내원이후 주사기를 통하여 유동식을 급여 하였고 약도 잘먹었습니다. 현재는 입원장에서 휴식을 취하고 있습니다. 사진 및 영상 보내드려요 :)
10519	나나	2026-08-12 14:35:42	SD동물의료센터 서울점	사진
10519	나나	2026-08-12 14:35:47	SD동물의료센터 서울점	동영상
10519	나나	2026-08-12 14:35:56	SD동물의료센터 서울점	안녕하세요 나나 보호자님~ 나나는 내원이후 약도 잘먹고 현재는 입원장에서 휴식을 취하고 있습니다. 사진 및 영상 보내드려요 :)
10519	나나	2026-08-14 15:47:30	SD동물의료센터 서울점	알림톡/브랜드메시지는 관리자센터에서 확인할 수 없어요.
10519	나나	2026-08-16 09:01:15	SD동물의료센터 서울점	알림톡/브랜드메시지는 관리자센터에서 확인할 수 없어요.
10519	나나	2026-08-16 13:12:43	SD동물의료센터 서울점	알림톡/브랜드메시지는 관리자센터에서 확인할 수 없어요.
10519	나나	2026-08-16 15:00:43	SD동물의료센터 서울점	사진
10519	나나	2026-08-16 15:00:45	SD동물의료센터 서울점	동영상
10519	나나	2026-08-16 15:00:52	SD동물의료센터 서울점	안녕하세요 나나 보호자님! 나나는 내원 이후 주사기를 통해 유동식 급여하였으며 약도 잘 먹어주었습니다. 입원장 안에서 휴식 중인 영상과 함께 사진 보내드려요! 감사합니다 :)
10694	랭보	2026-06-13 14:58:03	Young Eun Choi	랭보
10694	랭보	2026-06-13 14:58:03	SD동물의료센터 서울점	채팅 운영시간 안내
10694	랭보	2026-06-13 14:58:03	SD동물의료센터 서울점	✅ 본 채널에서는 진료 예약과 입원 환자 사진·안내를 받아보실 수 있습니다. (14:00~16:00, 1회)

📌 다만, 진료·증상 상담은 채널에서 진행하지 않으며, 내원 시 의료진과 직접 상담 부탁드립니다.

더 나은 진료 서비스를 위해 최선을 다하겠습니다. 감사합니다.
10694	랭보	2026-06-13 14:59:27	SD동물의료센터 서울점	안녕하세요 보호자님

입원 및 면회 관련 안내사항 보내드립니다.
이용에 불편함 없으시도록 참고 부탁드립니다. :)

▶ https://blog.naver.com/sdamc00/223842908205


◎ 우리 병원은 아픈 반려동물의 빠른 회복을 최우선으로 최선의 진료를 시행합니다. ◎

""예상치 못한 응급 상황이나 피치 못할 중환자 관리로 인해 대기 시간이 길어질 수 있는 점""
미리 양해 말씀드리며 너그럽게 양해 부탁드립니다.

보호자분의 따뜻한 배려 늘 감사합니다. :)
10694	랭보	2026-06-14 13:30:35	Young Eun Choi	안녕하세요, 오후 타임에 랭보 면회 가려는데 가능할까요?
10694	랭보	2026-06-14 13:30:35	SD동물의료센터 서울점	채팅 운영시간 안내
10694	랭보	2026-06-14 13:30:35	SD동물의료센터 서울점	✅ 본 채널에서는 진료 예약과 입원 환자 사진·안내를 받아보실 수 있습니다. (14:00~16:00, 1회)

📌 다만, 진료·증상 상담은 채널에서 진행하지 않으며, 내원 시 의료진과 직접 상담 부탁드립니다.

더 나은 진료 서비스를 위해 최선을 다하겠습니다. 감사합니다.
10694	랭보	2026-06-14 13:40:49	SD동물의료센터 서울점	사진
10694	랭보	2026-06-14 13:40:52	SD동물의료센터 서울점	동영상
10694	랭보	2026-06-14 13:40:56	SD동물의료센터 서울점	안녕하세요 랭보 보호자님! 오후 면회는 주치의 선생님께 여쭤보고 다시 답변 드리겠습니다 :) 오늘 랭보는 아침 식이 잘 먹어주었고 소변도 잘 보았습니다. 입원장 안에서 수액 맞으며 휴식 중인 영상과 함께 사진 보내드리겠습니다! 감사합니다 :)
10694	랭보	2026-06-14 13:43:01	Young Eun Choi	넵, 그럼 답변 부탁드립니다
10694	랭보	2026-06-14 13:43:01	SD동물의료센터 서울점	채팅 운영시간 안내
10694	랭보	2026-06-14 13:43:01	SD동물의료센터 서울점	✅ 본 채널에서는 진료 예약과 입원 환자 사진·안내를 받아보실 수 있습니다. (14:00~16:00, 1회)

📌 다만, 진료·증상 상담은 채널에서 진행하지 않으며, 내원 시 의료진과 직접 상담 부탁드립니다.

더 나은 진료 서비스를 위해 최선을 다하겠습니다. 감사합니다.
10694	랭보	2026-06-14 14:45:23	SD동물의료센터 서울점	안녕하세요 랭보 보호자님! 저희 오후 면회 시간은 17:30~19:00 이며 19시가 되기 전 15분 전까지 시간에 맞추어 내원하시면 면회 도와드리겠습니다. 감사합니다 :)
10694	랭보	2026-06-14 14:46:07	SD동물의료센터 서울점	✅ 본 채널에서는 진료 예약과 입원 환자 사진·안내를 받아보실 수 있습니다. (14:00~16:00, 1회)

📌 다만, 진료·증상 상담은 채널에서 진행하지 않으며, 내원 시 의료진과 직접 상담 부탁드립니다.

더 나은 진료 서비스를 위해 최선을 다하겠습니다. 감사합니다.
10694	랭보	2026-06-14 14:46:07	Young Eun Choi	넵 감사합니다
10694	랭보	2026-06-14 14:46:07	SD동물의료센터 서울점	채팅 운영시간 안내
10694	랭보	2026-06-15 14:00:37	SD동물의료센터 서울점	안녕하세요 랭보 보호자님`
10694	랭보	2026-06-15 14:00:50	Young Eun Choi	안녕하세요
10694	랭보	2026-06-15 14:00:50	SD동물의료센터 서울점	채팅 운영시간 안내
10694	랭보	2026-06-15 14:00:50	SD동물의료센터 서울점	✅ 본 채널에서는 진료 예약과 입원 환자 사진·안내를 받아보실 수 있습니다. (14:00~16:00, 1회)

📌 다만, 진료·증상 상담은 채널에서 진행하지 않으며, 내원 시 의료진과 직접 상담 부탁드립니다.

더 나은 진료 서비스를 위해 최선을 다하겠습니다. 감사합니다.
10694	랭보	2026-06-15 14:01:18	SD동물의료센터 서울점	사진
10694	랭보	2026-06-15 14:01:23	SD동물의료센터 서울점	동영상
10694	랭보	2026-06-15 14:01:24	SD동물의료센터 서울점	랭보는 오늘 오전 식이 잘먹었고 소변도 잘보았습니다. 현재는 입원장에서 수액을 맞으며 휴식을 취하고 있습니다. 사진 및 영상 보내드려요 :)
10694	랭보	2026-06-15 14:02:46	Young Eun Choi	기력은 좀 되찾았을까요..?
10694	랭보	2026-06-15 14:02:46	SD동물의료센터 서울점	채팅 운영시간 안내
10694	랭보	2026-06-15 14:02:46	SD동물의료센터 서울점	✅ 본 채널에서는 진료 예약과 입원 환자 사진·안내를 받아보실 수 있습니다. (14:00~16:00, 1회)

📌 다만, 진료·증상 상담은 채널에서 진행하지 않으며, 내원 시 의료진과 직접 상담 부탁드립니다.

더 나은 진료 서비스를 위해 최선을 다하겠습니다. 감사합니다.
10694	랭보	2026-06-19 20:07:56	Young Eun Choi	안녕하세요, 내일 오후2시 랭보 재진 예약 되어 있는데 죄송하지만 혹시 3시로 시간 변경 가능할까요?
10694	랭보	2026-06-19 20:07:56	SD동물의료센터 서울점	채팅 운영시간 안내
10694	랭보	2026-06-19 20:07:56	SD동물의료센터 서울점	✅ 본 채널에서는 진료 예약과 입원 환자 사진·안내를 받아보실 수 있습니다. (14:00~16:00, 1회)

📌 다만, 진료·증상 상담은 채널에서 진행하지 않으며, 내원 시 의료진과 직접 상담 부탁드립니다.

더 나은 진료 서비스를 위해 최선을 다하겠습니다. 감사합니다.
10694	랭보	2026-06-19 20:13:59	SD동물의료센터 서울점	안녕하세요 보호자님 15:30 가능하신데 변경 도와드릴까요?
10694	랭보	2026-06-19 20:23:52	Young Eun Choi	뒤 일정으로.. 그럼 원래대로 2시까지 갈게요!
10694	랭보	2026-06-19 20:23:52	SD동물의료센터 서울점	채팅 운영시간 안내
10694	랭보	2026-06-19 20:23:52	SD동물의료센터 서울점	✅ 본 채널에서는 진료 예약과 입원 환자 사진·안내를 받아보실 수 있습니다. (14:00~16:00, 1회)

📌 다만, 진료·증상 상담은 채널에서 진행하지 않으며, 내원 시 의료진과 직접 상담 부탁드립니다.

더 나은 진료 서비스를 위해 최선을 다하겠습니다. 감사합니다.
10694	랭보	2026-06-19 20:24:28	SD동물의료센터 서울점	네 보호자님 예약유지 해드리겠습니다
10694	랭보	2026-06-19 20:24:31	SD동물의료센터 서울점	감사합니다^^
10694	랭보	2026-06-19 20:37:10	Young Eun Choi	넵 감사합니다
10694	랭보	2026-06-19 20:37:10	SD동물의료센터 서울점	채팅 운영시간 안내
10694	랭보	2026-06-19 20:37:11	SD동물의료센터 서울점	✅ 본 채널에서는 진료 예약과 입원 환자 사진·안내를 받아보실 수 있습니다. (14:00~16:00, 1회)

📌 다만, 진료·증상 상담은 채널에서 진행하지 않으며, 내원 시 의료진과 직접 상담 부탁드립니다.

더 나은 진료 서비스를 위해 최선을 다하겠습니다. 감사합니다.
10694	랭보	2026-07-15 13:44:31	Young Eun Choi	안녕하세요, 오늘 오후 타임에 랭보 면회 가능할까요?
10694	랭보	2026-07-15 13:44:31	SD동물의료센터 서울점	채팅 운영시간 안내
10694	랭보	2026-07-15 13:44:31	SD동물의료센터 서울점	✅ 본 채널에서는 진료 예약과 입원 환자 사진·안내를 받아보실 수 있습니다. (14:00~16:00, 1회)

📌 다만, 진료·증상 상담은 채널에서 진행하지 않으며, 내원 시 의료진과 직접 상담 부탁드립니다.

더 나은 진료 서비스를 위해 최선을 다하겠습니다. 감사합니다.
10694	랭보	2026-07-15 14:09:56	SD동물의료센터 서울점	네 보호자님, 오후 5시반부터 7시 사이 면회 가능하세요 :)
10694	랭보	2026-07-15 14:13:53	SD동물의료센터 서울점	사진
10694	랭보	2026-07-15 14:13:56	SD동물의료센터 서울점	동영상
10694	랭보	2026-07-15 14:13:59	SD동물의료센터 서울점	동영상
10694	랭보	2026-07-15 14:14:00	SD동물의료센터 서울점	안녕하세요 랭보 보호자님~ 랭보는 오늘 오전 식이 잘먹었고 소변도 잘보았습니다. 현재는 입원장에서 수액을 맞으며 휴식을 취하고 있습니다. 사진 및 영상 보내드려요 :)
10694	랭보	2026-07-15 14:45:53	Young Eun Choi	드디어 먹네요.. ㅠ ㅠ 면회는 시간 내 방문하도록 할게요
10694	랭보	2026-07-15 14:45:53	SD동물의료센터 서울점	채팅 운영시간 안내
10694	랭보	2026-07-15 14:45:53	SD동물의료센터 서울점	✅ 본 채널에서는 진료 예약과 입원 환자 사진·안내를 받아보실 수 있습니다. (14:00~16:00, 1회)

📌 다만, 진료·증상 상담은 채널에서 진행하지 않으며, 내원 시 의료진과 직접 상담 부탁드립니다.

더 나은 진료 서비스를 위해 최선을 다하겠습니다. 감사합니다.
10694	랭보	2026-07-16 13:58:04	SD동물의료센터 서울점	사진
10694	랭보	2026-07-16 13:58:08	SD동물의료센터 서울점	동영상
10694	랭보	2026-07-16 13:58:11	SD동물의료센터 서울점	안녕하세요 랭보 보호자님~ 랭보는 오늘 오전 식이 잘먹었고 소변도 잘보았습니다. 현재는 입원장에서 수액을 맞으며 휴식을 취하고 있습니다. 사진 및 영상 보내드려요 :)
10694	랭보	2026-07-16 14:20:03	Young Eun Choi	공유해 주셔서 감사합니다!
10694	랭보	2026-07-16 14:20:03	SD동물의료센터 서울점	채팅 운영시간 안내
10694	랭보	2026-07-16 14:20:03	SD동물의료센터 서울점	✅ 본 채널에서는 진료 예약과 입원 환자 사진·안내를 받아보실 수 있습니다. (14:00~16:00, 1회)

📌 다만, 진료·증상 상담은 채널에서 진행하지 않으며, 내원 시 의료진과 직접 상담 부탁드립니다.

더 나은 진료 서비스를 위해 최선을 다하겠습니다. 감사합니다.
10694	랭보	2026-07-17 15:37:43	SD동물의료센터 서울점	사진
10694	랭보	2026-07-17 15:37:46	SD동물의료센터 서울점	동영상
10694	랭보	2026-07-17 15:38:02	SD동물의료센터 서울점	안녕하세요, 랭보 보호자님^^ 랭보는 오늘 아침식이 절반정도 먹었으며, 소변도 보았습니다.
현재 입원장에서 수액맞으면서 휴식중이며, 랭보 사진과 동영상 같이 보내드릴게요. 감사합니다 :)
10694	랭보	2026-07-17 15:39:31	Young Eun Choi	넵 오전에 원장님과 통화하면서 오후에 랭보 면회 말씀드렸는데 방문해도 괜찮을까요?
10694	랭보	2026-07-17 15:39:31	SD동물의료센터 서울점	채팅 운영시간 안내
10694	랭보	2026-07-17 15:39:31	SD동물의료센터 서울점	✅ 본 채널에서는 진료 예약과 입원 환자 사진·안내를 받아보실 수 있습니다. (14:00~16:00, 1회)

📌 다만, 진료·증상 상담은 채널에서 진행하지 않으며, 내원 시 의료진과 직접 상담 부탁드립니다.

더 나은 진료 서비스를 위해 최선을 다하겠습니다. 감사합니다.
10694	랭보	2026-07-17 15:42:51	SD동물의료센터 서울점	네 보호자님 이따 면회때 뵙겠습니다. 감사합니다 :)
10694	랭보	2026-07-18 13:44:29	SD동물의료센터 서울점	사진
10694	랭보	2026-07-18 13:44:32	SD동물의료센터 서울점	동영상
10694	랭보	2026-07-18 13:44:39	SD동물의료센터 서울점	안녕하세요 랭보 보호자님! 랭보는 오늘 아침 식이 스스로 조금씩 먹어주었으며 소변도 잘 보았습니다. 입원장 안에서 수액 맞으면서 휴식 중인 영상과 함께 사진 보내드립니다! 감사합니다 :)
10694	랭보	2026-07-18 13:57:04	Young Eun Choi	감사합니다!
10694	랭보	2026-07-18 13:57:04	SD동물의료센터 서울점	채팅 운영시간 안내
10694	랭보	2026-07-18 13:57:04	SD동물의료센터 서울점	✅ 본 채널에서는 진료 예약과 입원 환자 사진·안내를 받아보실 수 있습니다. (14:00~16:00, 1회)

📌 다만, 진료·증상 상담은 채널에서 진행하지 않으며, 내원 시 의료진과 직접 상담 부탁드립니다.

더 나은 진료 서비스를 위해 최선을 다하겠습니다. 감사합니다.
10694	랭보	2026-07-18 13:57:42	Young Eun Choi	오늘 면회 여부는 오후에 말씀해 주시기로 했는데 조금 더 기다리면 될까요?
10694	랭보	2026-07-18 13:57:42	SD동물의료센터 서울점	채팅 운영시간 안내
10694	랭보	2026-07-18 13:57:42	SD동물의료센터 서울점	✅ 본 채널에서는 진료 예약과 입원 환자 사진·안내를 받아보실 수 있습니다. (14:00~16:00, 1회)

📌 다만, 진료·증상 상담은 채널에서 진행하지 않으며, 내원 시 의료진과 직접 상담 부탁드립니다.

더 나은 진료 서비스를 위해 최선을 다하겠습니다. 감사합니다.
10694	랭보	2026-07-18 14:05:10	SD동물의료센터 서울점	면회는 상관없다고 하셨습니다. 퇴원여부 답변 확인 후 연락드리겠습니다!
10694	랭보	2026-07-18 14:12:00	Young Eun Choi	넵
10694	랭보	2026-07-18 14:12:00	SD동물의료센터 서울점	채팅 운영시간 안내
10694	랭보	2026-07-18 14:12:00	SD동물의료센터 서울점	✅ 본 채널에서는 진료 예약과 입원 환자 사진·안내를 받아보실 수 있습니다. (14:00~16:00, 1회)

📌 다만, 진료·증상 상담은 채널에서 진행하지 않으며, 내원 시 의료진과 직접 상담 부탁드립니다.

더 나은 진료 서비스를 위해 최선을 다하겠습니다. 감사합니다.
10694	랭보	2026-07-18 18:50:24	Young Eun Choi	안녕하세요, 오늘 구매한 코발라플렉스가 테블릿 수가 부족한데 혹시 랭보가 입원했을 때 복용했던 걸까요??
10694	랭보	2026-07-18 18:50:24	SD동물의료센터 서울점	채팅 운영시간 안내
10694	랭보	2026-07-18 18:50:25	SD동물의료센터 서울점	✅ 본 채널에서는 진료 예약과 입원 환자 사진·안내를 받아보실 수 있습니다. (14:00~16:00, 1회)

📌 다만, 진료·증상 상담은 채널에서 진행하지 않으며, 내원 시 의료진과 직접 상담 부탁드립니다.

더 나은 진료 서비스를 위해 최선을 다하겠습니다. 감사합니다.
10694	랭보	2026-07-18 18:50:30	Young Eun Choi	사진
10694	랭보	2026-07-18 18:50:30	SD동물의료센터 서울점	채팅 운영시간 안내
10694	랭보	2026-07-18 18:50:30	SD동물의료센터 서울점	✅ 본 채널에서는 진료 예약과 입원 환자 사진·안내를 받아보실 수 있습니다. (14:00~16:00, 1회)

📌 다만, 진료·증상 상담은 채널에서 진행하지 않으며, 내원 시 의료진과 직접 상담 부탁드립니다.

더 나은 진료 서비스를 위해 최선을 다하겠습니다. 감사합니다.
10694	랭보	2026-07-18 20:11:56	SD동물의료센터 서울점	유선안내 도와드렸습니다. 감사합니다:)
10694	랭보	2026-07-28 14:00:27	SD동물의료센터 서울점	(광고)7월의 SD링크가 도착했어요.
10694	랭보	2026-08-01 14:56:27	Young Eun Choi	안녕하세요, 오늘 오후4시에 랭보 진료가 있는데 다음 주 중으로 변경 가능할까요? 죄송해요!
10694	랭보	2026-08-01 14:56:27	SD동물의료센터 서울점	채팅 운영시간 안내
10694	랭보	2026-08-01 14:56:27	SD동물의료센터 서울점	✅ 본 채널에서는 진료 예약과 입원 환자 사진·안내를 받아보실 수 있습니다. (14:00~16:00, 1회)

📌 다만, 진료·증상 상담은 채널에서 진행하지 않으며, 내원 시 의료진과 직접 상담 부탁드립니다.

더 나은 진료 서비스를 위해 최선을 다하겠습니다. 감사합니다.
10694	랭보	2026-08-01 14:58:45	SD동물의료센터 서울점	안녕하세요 보호자님 금일 예약 취소 및 8/8 토 16시로 변경 가능합니다. 그리고 이전에 코발라플렉스 받아가신 약 개봉되어있던 것으로 잘못 드려서 혹시 재진일 까지 수량 부족하진 않으실까요?
10694	랭보	2026-08-01 15:04:19	Young Eun Choi	넵 수량은 아직 넉넉하고요, 수목 오전11시도 가능해요!
10694	랭보	2026-08-01 15:04:19	SD동물의료센터 서울점	채팅 운영시간 안내
10694	랭보	2026-08-01 15:04:19	SD동물의료센터 서울점	✅ 본 채널에서는 진료 예약과 입원 환자 사진·안내를 받아보실 수 있습니다. (14:00~16:00, 1회)

📌 다만, 진료·증상 상담은 채널에서 진행하지 않으며, 내원 시 의료진과 직접 상담 부탁드립니다.

더 나은 진료 서비스를 위해 최선을 다하겠습니다. 감사합니다.
10694	랭보	2026-08-01 15:10:37	SD동물의료센터 서울점	네 8/5 수 15시 내원 가능하실까요?
10694	랭보	2026-08-01 15:27:43	Young Eun Choi	수요일 3시는 다른 일정이 있어서, 아니면 토요일 4시로 부탁드릴게요!
10694	랭보	2026-08-01 15:27:43	SD동물의료센터 서울점	채팅 운영시간 안내
10694	랭보	2026-08-01 15:27:43	SD동물의료센터 서울점	✅ 본 채널에서는 진료 예약과 입원 환자 사진·안내를 받아보실 수 있습니다. (14:00~16:00, 1회)

📌 다만, 진료·증상 상담은 채널에서 진행하지 않으며, 내원 시 의료진과 직접 상담 부탁드립니다.

더 나은 진료 서비스를 위해 최선을 다하겠습니다. 감사합니다.
10694	랭보	2026-08-01 15:28:44	SD동물의료센터 서울점	네 8/8 토 16시로 예약 도와드렸습니다. 감사합니다 :)
10694	랭보	2026-08-01 15:33:43	Young Eun Choi	감사합니다!
10694	랭보	2026-08-01 15:33:43	SD동물의료센터 서울점	채팅 운영시간 안내
10694	랭보	2026-08-01 15:33:44	SD동물의료센터 서울점	✅ 본 채널에서는 진료 예약과 입원 환자 사진·안내를 받아보실 수 있습니다. (14:00~16:00, 1회)

📌 다만, 진료·증상 상담은 채널에서 진행하지 않으며, 내원 시 의료진과 직접 상담 부탁드립니다.

더 나은 진료 서비스를 위해 최선을 다하겠습니다. 감사합니다.
10694	랭보	2026-08-02 19:03:01	Young Eun Choi	안녕하세요
10694	랭보	2026-08-02 19:03:01	SD동물의료센터 서울점	채팅 운영시간 안내
10694	랭보	2026-08-02 19:03:01	SD동물의료센터 서울점	✅ 본 채널에서는 진료 예약과 입원 환자 사진·안내를 받아보실 수 있습니다. (14:00~16:00, 1회)

📌 다만, 진료·증상 상담은 채널에서 진행하지 않으며, 내원 시 의료진과 직접 상담 부탁드립니다.

더 나은 진료 서비스를 위해 최선을 다하겠습니다. 감사합니다.
10694	랭보	2026-08-02 19:03:29	Young Eun Choi	오늘 랭보 진료받고 돌아와서 방금 또 경련처럼 이상 증세 보이는데 괜찮을까요? ㅠ ㅠ
10694	랭보	2026-08-02 19:03:29	SD동물의료센터 서울점	채팅 운영시간 안내
10694	랭보	2026-08-02 19:03:29	SD동물의료센터 서울점	✅ 본 채널에서는 진료 예약과 입원 환자 사진·안내를 받아보실 수 있습니다. (14:00~16:00, 1회)

📌 다만, 진료·증상 상담은 채널에서 진행하지 않으며, 내원 시 의료진과 직접 상담 부탁드립니다.

더 나은 진료 서비스를 위해 최선을 다하겠습니다. 감사합니다.
10694	랭보	2026-08-02 19:03:45	Young Eun Choi	여덟시쯤 약 먹이라 해서 아직 약은 안 먹였어요
10694	랭보	2026-08-02 19:03:45	SD동물의료센터 서울점	채팅 운영시간 안내
10694	랭보	2026-08-02 19:03:45	SD동물의료센터 서울점	✅ 본 채널에서는 진료 예약과 입원 환자 사진·안내를 받아보실 수 있습니다. (14:00~16:00, 1회)

📌 다만, 진료·증상 상담은 채널에서 진행하지 않으며, 내원 시 의료진과 직접 상담 부탁드립니다.

더 나은 진료 서비스를 위해 최선을 다하겠습니다. 감사합니다.
10694	랭보	2026-08-02 19:15:21	SD동물의료센터 서울점	유선안내 완료입니다.
감사합니다.
10694	랭보	2026-08-05 11:24:49	Young Eun Choi	안녕하세요, 랭보 보호자인데요. 자주 연락드려 죄송해요.. 처방 받은 항경련약은 때에 맞춰 잘 투약 중인데, 랭보 머리를 왼쪽으로 젖히고 왼쪽 다리 쓰는 걸 불편해 하면서 보행이 힘든데 (목을 만지면 움찔움찔하기도 해요) 계속 지켜보면 될지 싶어서.. 원장님께 영상 공유 부탁드려도 될까요..?
10694	랭보	2026-08-05 11:24:49	SD동물의료센터 서울점	채팅 운영시간 안내
10694	랭보	2026-08-05 11:24:49	SD동물의료센터 서울점	✅ 본 채널에서는 진료 예약과 입원 환자 사진·안내를 받아보실 수 있습니다. (14:00~16:00, 1회)

📌 다만, 진료·증상 상담은 채널에서 진행하지 않으며, 내원 시 의료진과 직접 상담 부탁드립니다.

더 나은 진료 서비스를 위해 최선을 다하겠습니다. 감사합니다.
10694	랭보	2026-08-05 11:25:11	Young Eun Choi	동영상
10694	랭보	2026-08-05 11:25:11	SD동물의료센터 서울점	채팅 운영시간 안내
10694	랭보	2026-08-05 11:25:11	SD동물의료센터 서울점	✅ 본 채널에서는 진료 예약과 입원 환자 사진·안내를 받아보실 수 있습니다. (14:00~16:00, 1회)

📌 다만, 진료·증상 상담은 채널에서 진행하지 않으며, 내원 시 의료진과 직접 상담 부탁드립니다.

더 나은 진료 서비스를 위해 최선을 다하겠습니다. 감사합니다.
10694	랭보	2026-08-05 11:35:12	SD동물의료센터 서울점	안녕하세요 보호자님 원장님께 전달드리겠습니다. 감사합니다.
10694	랭보	2026-08-05 12:33:20	Young Eun Choi	넵 그리고 참고로 목에 힘이 가해졌을 때 울부짖는 거 같아요 ㅠ ㅠ
10694	랭보	2026-08-05 12:33:20	SD동물의료센터 서울점	채팅 운영시간 안내
10694	랭보	2026-08-05 12:33:20	SD동물의료센터 서울점	✅ 본 채널에서는 진료 예약과 입원 환자 사진·안내를 받아보실 수 있습니다. (14:00~16:00, 1회)

📌 다만, 진료·증상 상담은 채널에서 진행하지 않으며, 내원 시 의료진과 직접 상담 부탁드립니다.

더 나은 진료 서비스를 위해 최선을 다하겠습니다. 감사합니다.
10694	랭보	2026-08-06 14:54:02	Young Eun Choi	안녕하세요, 원장님께서 요청하신 랭보 걷는 영상 보내드려요. 고개가 왼쪽으로 젖혀 있고 왼쪽 앞다리도 같이 잘 못 딛고 있어요!
10694	랭보	2026-08-06 14:54:02	SD동물의료센터 서울점	채팅 운영시간 안내
10694	랭보	2026-08-06 14:54:02	SD동물의료센터 서울점	✅ 본 채널에서는 진료 예약과 입원 환자 사진·안내를 받아보실 수 있습니다. (14:00~16:00, 1회)

📌 다만, 진료·증상 상담은 채널에서 진행하지 않으며, 내원 시 의료진과 직접 상담 부탁드립니다.

더 나은 진료 서비스를 위해 최선을 다하겠습니다. 감사합니다.
10694	랭보	2026-08-06 14:54:14	Young Eun Choi	동영상
10694	랭보	2026-08-06 14:54:14	SD동물의료센터 서울점	채팅 운영시간 안내
10694	랭보	2026-08-06 14:54:14	SD동물의료센터 서울점	✅ 본 채널에서는 진료 예약과 입원 환자 사진·안내를 받아보실 수 있습니다. (14:00~16:00, 1회)

📌 다만, 진료·증상 상담은 채널에서 진행하지 않으며, 내원 시 의료진과 직접 상담 부탁드립니다.

더 나은 진료 서비스를 위해 최선을 다하겠습니다. 감사합니다.
10694	랭보	2026-08-06 15:30:31	SD동물의료센터 서울점	네 보호자님 선생님께 전달드리겠습니다. 감사합니다.
10694	랭보	2026-08-06 15:38:45	Young Eun Choi	넵 감사합니다
10694	랭보	2026-08-06 15:38:45	SD동물의료센터 서울점	채팅 운영시간 안내
10694	랭보	2026-08-06 15:38:45	SD동물의료센터 서울점	✅ 본 채널에서는 진료 예약과 입원 환자 사진·안내를 받아보실 수 있습니다. (14:00~16:00, 1회)

📌 다만, 진료·증상 상담은 채널에서 진행하지 않으며, 내원 시 의료진과 직접 상담 부탁드립니다.

더 나은 진료 서비스를 위해 최선을 다하겠습니다. 감사합니다.
10694	랭보	2026-08-06 15:48:58	SD동물의료센터 서울점	보호자님 원장님께 확인 후 답변드립니다. 
지금 보면 마비 양상 같기는 합니다.
균형을 잘 못잡는것 처럼 보이며 소뇌나 전정기관 이상 처럼 보이기는 합니다.
엠알을 찍어도 확인하는 정도까지 일것 같습니다.
항경련제 투여시 안정의 효과가 있어 랭보가 쳐져보이게 느껴 지실 수도 있습니다.
갑상선 기능 저하증은 실제 저하증으로 진단 할 수 없었으며 노령과 컨디션 저하에 기인하는것 으로 보입니다.
10694	랭보	2026-08-06 15:56:22	Young Eun Choi	그럼 마비를 완화시켜 줄 수 있는 약물 등 처방은 어려울까요? 혹은 마비가 오기 전부터 걷는 걸 좀 어려워하긴 해서 관절 통증 완화 주사나 약물 처방도 가능한지 문의드려도 될까요?
10694	랭보	2026-08-06 15:56:23	SD동물의료센터 서울점	채팅 운영시간 안내
10694	랭보	2026-08-06 15:56:23	SD동물의료센터 서울점	✅ 본 채널에서는 진료 예약과 입원 환자 사진·안내를 받아보실 수 있습니다. (14:00~16:00, 1회)

📌 다만, 진료·증상 상담은 채널에서 진행하지 않으며, 내원 시 의료진과 직접 상담 부탁드립니다.

더 나은 진료 서비스를 위해 최선을 다하겠습니다. 감사합니다.
10694	랭보	2026-08-06 16:19:09	SD동물의료센터 서울점	네 보호자님 전달 드리겠습니다. 금일 원장님 휴진일로 빠른답변 어려울수 있는점 양해부탁드립니다ㅠㅠ
10694	랭보	2026-08-06 16:19:48	Young Eun Choi	아 네네 괜찮아요! 말씀 전해 주셔서 감사해요!
10694	랭보	2026-08-06 16:19:48	SD동물의료센터 서울점	채팅 운영시간 안내
10864	리봉	2026-06-23 11:06:20	이보희	안녕하세요. 어제 내원했던 리봉이 보호자입니다.
그레이스에서 처방해준 항암제 먹여도 의미없다고 하셨는데 그래도 이번주 주사항암전까지 이틀에 한번꼴로 먹이면 안될까요?
10864	리봉	2026-06-23 11:06:20	SD동물의료센터 서울점	채팅 운영시간 안내
10864	리봉	2026-06-23 11:06:20	SD동물의료센터 서울점	✅ 본 채널에서는 진료 예약과 입원 환자 사진·안내를 받아보실 수 있습니다. (14:00~16:00, 1회)

📌 다만, 진료·증상 상담은 채널에서 진행하지 않으며, 내원 시 의료진과 직접 상담 부탁드립니다.

더 나은 진료 서비스를 위해 최선을 다하겠습니다. 감사합니다.
10864	리봉	2026-06-24 21:18:31	이보희	사진
10864	리봉	2026-06-24 21:18:31	SD동물의료센터 서울점	채팅 운영시간 안내
10864	리봉	2026-06-24 21:18:31	SD동물의료센터 서울점	✅ 본 채널에서는 진료 예약과 입원 환자 사진·안내를 받아보실 수 있습니다. (14:00~16:00, 1회)

📌 다만, 진료·증상 상담은 채널에서 진행하지 않으며, 내원 시 의료진과 직접 상담 부탁드립니다.

더 나은 진료 서비스를 위해 최선을 다하겠습니다. 감사합니다.
10864	리봉	2026-06-24 21:18:35	이보희	사진
10864	리봉	2026-06-24 21:18:35	SD동물의료센터 서울점	채팅 운영시간 안내
10864	리봉	2026-06-24 21:18:35	SD동물의료센터 서울점	✅ 본 채널에서는 진료 예약과 입원 환자 사진·안내를 받아보실 수 있습니다. (14:00~16:00, 1회)

📌 다만, 진료·증상 상담은 채널에서 진행하지 않으며, 내원 시 의료진과 직접 상담 부탁드립니다.

더 나은 진료 서비스를 위해 최선을 다하겠습니다. 감사합니다.
10864	리봉	2026-06-25 08:57:52	이보희	동영상
10864	리봉	2026-06-25 08:57:52	SD동물의료센터 서울점	채팅 운영시간 안내
10864	리봉	2026-06-25 08:57:52	SD동물의료센터 서울점	✅ 본 채널에서는 진료 예약과 입원 환자 사진·안내를 받아보실 수 있습니다. (14:00~16:00, 1회)

📌 다만, 진료·증상 상담은 채널에서 진행하지 않으며, 내원 시 의료진과 직접 상담 부탁드립니다.

더 나은 진료 서비스를 위해 최선을 다하겠습니다. 감사합니다.
10864	리봉	2026-06-25 11:21:39	SD동물의료센터 서울점	리봉(이보희).zip
10864	리봉	2026-06-25 11:21:53	SD동물의료센터 서울점	안녕하세요 리봉이보호자님
외부검사결과_KVL 송부드립니다.
감사합니다.
10864	리봉	2026-06-28 17:42:24	SD동물의료센터 서울점	사진
10864	리봉	2026-06-28 17:42:40	SD동물의료센터 서울점	안녕하세요 보호자님, 항암치료 동의서 송부드립니다 :)
10864	리봉	2026-06-28 17:42:48	SD동물의료센터 서울점	채팅 운영시간 안내
10864	리봉	2026-06-28 17:42:48	SD동물의료센터 서울점	✅ 본 채널에서는 진료 예약과 입원 환자 사진·안내를 받아보실 수 있습니다. (14:00~16:00, 1회)

📌 다만, 진료·증상 상담은 채널에서 진행하지 않으며, 내원 시 의료진과 직접 상담 부탁드립니다.

더 나은 진료 서비스를 위해 최선을 다하겠습니다. 감사합니다.
10864	리봉	2026-06-28 17:42:48	이보희	감사합니다
10864	리봉	2026-07-07 15:40:52	이보희	사진
10864	리봉	2026-07-07 15:40:52	SD동물의료센터 서울점	채팅 운영시간 안내
10864	리봉	2026-07-07 15:40:52	SD동물의료센터 서울점	✅ 본 채널에서는 진료 예약과 입원 환자 사진·안내를 받아보실 수 있습니다. (14:00~16:00, 1회)

📌 다만, 진료·증상 상담은 채널에서 진행하지 않으며, 내원 시 의료진과 직접 상담 부탁드립니다.

더 나은 진료 서비스를 위해 최선을 다하겠습니다. 감사합니다.
10864	리봉	2026-07-07 15:41:08	이보희	이수민원장님께 전달부탁드립니다
10864	리봉	2026-07-07 15:41:09	SD동물의료센터 서울점	채팅 운영시간 안내
10864	리봉	2026-07-07 15:41:09	SD동물의료센터 서울점	✅ 본 채널에서는 진료 예약과 입원 환자 사진·안내를 받아보실 수 있습니다. (14:00~16:00, 1회)

📌 다만, 진료·증상 상담은 채널에서 진행하지 않으며, 내원 시 의료진과 직접 상담 부탁드립니다.

더 나은 진료 서비스를 위해 최선을 다하겠습니다. 감사합니다.
10864	리봉	2026-07-07 15:50:19	SD동물의료센터 서울점	네 보호자님, 선생님께 전달 드리겠습니다!
10864	리봉	2026-07-08 14:36:08	SD동물의료센터 서울점	사진
10864	리봉	2026-07-08 14:36:13	SD동물의료센터 서울점	동영상
10864	리봉	2026-07-08 14:36:20	SD동물의료센터 서울점	안녕하세요 리봉이 보호자님~ 리봉이는 오늘 오전 식이를 말씀해주신 습식사료 급여해보았으나 먹지않았고 츄르는 소량 먹었습니다. 소변은 잘보았습니다. 현재는 입원장에서 수액을 맞으며 휴식을 취하고 있습니다. 사진 및 영상 보내드려요 :)
10864	리봉	2026-07-08 14:36:50	이보희	감사합니다
10864	리봉	2026-07-08 14:36:50	SD동물의료센터 서울점	채팅 운영시간 안내
10864	리봉	2026-07-08 14:36:50	SD동물의료센터 서울점	✅ 본 채널에서는 진료 예약과 입원 환자 사진·안내를 받아보실 수 있습니다. (14:00~16:00, 1회)

📌 다만, 진료·증상 상담은 채널에서 진행하지 않으며, 내원 시 의료진과 직접 상담 부탁드립니다.

더 나은 진료 서비스를 위해 최선을 다하겠습니다. 감사합니다.
10864	리봉	2026-07-14 10:53:27	SD동물의료센터 서울점	사진
10864	리봉	2026-07-14 10:53:51	SD동물의료센터 서울점	안녕하세요 보호자님 요청하신 카드 취소 완료된 내용 전달드립니다. 감사합니다 :)
10864	리봉	2026-07-19 17:43:06	SD동물의료센터 서울점	안녕하세요 보호자님. 코발린은 2일에 1알씩, 오메가는 성분량에 따라 다르긴하나 대략 하루에 1알씩 주시면 됩니다.
10864	리봉	2026-07-27 10:41:47	이보희	진료예약
10864	리봉	2026-07-27 10:41:47	SD동물의료센터 서울점(메뉴)	SD동물의료센터 서울점 진료 예약을 위해 아래 내용을 채팅에 남겨주세요.

◼︎ 보호자님 성함 / 연락처
◼︎ 반려동물 이름 / 간단한 증상

* 예약에 필요한 간단한 상담이 진행될 수 있습니다.
* 증상과 관련된 자세한 상담은 진료의 부분으로 예약 후 내원시 수의사 선생님과 상담 가능합니다. 
* 채널 상담은 병원 업무와 동시에 진행되어 원내 상황에 따라 빠른 응대가 어려울 수 있습니다. 

문의사항은 본원 대표전화(02-2039-0303)로 연락부탁드립니다.
10864	리봉	2026-07-27 10:42:26	이보희	이보희 010 6444 4512
리봉 쿠팡비닐봉지먹은것으로 의심 내시경원함

오늘 3시
10864	리봉	2026-07-27 10:42:26	SD동물의료센터 서울점	채팅 운영시간 안내
10864	리봉	2026-07-27 10:42:26	SD동물의료센터 서울점	✅ 본 채널에서는 진료 예약과 입원 환자 사진·안내를 받아보실 수 있습니다. (14:00~16:00, 1회)

📌 다만, 진료·증상 상담은 채널에서 진행하지 않으며, 내원 시 의료진과 직접 상담 부탁드립니다.

더 나은 진료 서비스를 위해 최선을 다하겠습니다. 감사합니다.
10864	리봉	2026-07-27 11:25:48	SD동물의료센터 서울점	네 보호자님 금일 15시로 예약 도와드렸습니다. 주치의선생님께서 아이 기력저하 상태 체크 후 마취가 가능한지 확인 가능하다고 하셨습니다. 감사합니다 :)
10864	리봉	2026-07-28 14:00:27	SD동물의료센터 서울점	(광고)7월의 SD링크가 도착했어요.
10864	리봉	2026-08-02 16:28:10	SD동물의료센터 서울점	안녕하세요 보호자님

입원 및 면회 관련 안내사항 보내드립니다.
이용에 불편함 없으시도록 참고 부탁드립니다. :)

▶ https://blog.naver.com/sdamc00/223842908205


◎ 우리 병원은 아픈 반려동물의 빠른 회복을 최우선으로 최선의 진료를 시행합니다. ◎

""예상치 못한 응급 상황이나 피치 못할 중환자 관리로 인해 대기 시간이 길어질 수 있는 점""
미리 양해 말씀드리며 너그럽게 양해 부탁드립니다.

보호자분의 따뜻한 배려 늘 감사합니다. :)
10864	리봉	2026-08-02 16:54:36	이보희	리봉이 보호자입니다. 로얄캐닌 리커버리 내일 가져가겠습니다. 감사합니다.
10864	리봉	2026-08-02 16:54:36	SD동물의료센터 서울점	채팅 운영시간 안내
10864	리봉	2026-08-02 16:54:36	SD동물의료센터 서울점	✅ 본 채널에서는 진료 예약과 입원 환자 사진·안내를 받아보실 수 있습니다. (14:00~16:00, 1회)

📌 다만, 진료·증상 상담은 채널에서 진행하지 않으며, 내원 시 의료진과 직접 상담 부탁드립니다.

더 나은 진료 서비스를 위해 최선을 다하겠습니다. 감사합니다.
10864	리봉	2026-08-02 16:58:47	SD동물의료센터 서울점	네 챙겨 놓겠습니다.
연락 주셔서 감사합니다.
10864	리봉	2026-08-03 13:55:31	SD동물의료센터 서울점	사진
10864	리봉	2026-08-03 13:55:35	SD동물의료센터 서울점	동영상
10864	리봉	2026-08-03 13:55:37	SD동물의료센터 서울점	동영상
10864	리봉	2026-08-03 13:55:38	SD동물의료센터 서울점	안녕하세요 리봉이 보호자님~ 리봉이는 오늘 오전 식이 절반정도 먹었고 소변도 잘보았습니다. 현재는 입원장에서 수액을 맞으며 휴식을 취하고 있습니다. 사진 및 영상 보내드려요 :)
10864	리봉	2026-08-03 15:34:41	이보희	감사합니다. 리봉이 혈액은 구해졌나요?
10864	리봉	2026-08-03 15:34:41	SD동물의료센터 서울점	채팅 운영시간 안내
10864	리봉	2026-08-03 15:34:41	SD동물의료센터 서울점	✅ 본 채널에서는 진료 예약과 입원 환자 사진·안내를 받아보실 수 있습니다. (14:00~16:00, 1회)

📌 다만, 진료·증상 상담은 채널에서 진행하지 않으며, 내원 시 의료진과 직접 상담 부탁드립니다.

더 나은 진료 서비스를 위해 최선을 다하겠습니다. 감사합니다.
10864	리봉	2026-08-03 15:50:58	SD동물의료센터 서울점	안녕하세요 보호자님. 혈액 40ml 가량 확보하여 교차반응 검사 후 수혈 시작하였습니다. 현재 수혈 사진 보내드릴게요
10864	리봉	2026-08-03 15:51:16	SD동물의료센터 서울점	사진
10864	리봉	2026-08-03 15:51:28	SD동물의료센터 서울점	채팅 운영시간 안내
10864	리봉	2026-08-03 15:51:28	SD동물의료센터 서울점	✅ 본 채널에서는 진료 예약과 입원 환자 사진·안내를 받아보실 수 있습니다. (14:00~16:00, 1회)

📌 다만, 진료·증상 상담은 채널에서 진행하지 않으며, 내원 시 의료진과 직접 상담 부탁드립니다.

더 나은 진료 서비스를 위해 최선을 다하겠습니다. 감사합니다.
10864	리봉	2026-08-03 15:51:28	이보희	감사합니다
10864	리봉	2026-08-07 20:22:32	이보희	리봉이 일요일 2시 30분 예약 맞지요?
10864	리봉	2026-08-07 20:22:32	SD동물의료센터 서울점	채팅 운영시간 안내
10864	리봉	2026-08-07 20:22:32	SD동물의료센터 서울점	✅ 본 채널에서는 진료 예약과 입원 환자 사진·안내를 받아보실 수 있습니다. (14:00~16:00, 1회)

📌 다만, 진료·증상 상담은 채널에서 진행하지 않으며, 내원 시 의료진과 직접 상담 부탁드립니다.

더 나은 진료 서비스를 위해 최선을 다하겠습니다. 감사합니다.
10864	리봉	2026-08-07 20:25:21	SD동물의료센터 서울점	네 맞습니다. :)
10864	리봉	2026-08-07 22:00:33	이보희	고맙습니다. 항상 신경써주셔서
10864	리봉	2026-08-07 22:00:33	SD동물의료센터 서울점	채팅 운영시간 안내
10864	리봉	2026-08-07 22:00:33	SD동물의료센터 서울점	✅ 본 채널에서는 진료 예약과 입원 환자 사진·안내를 받아보실 수 있습니다. (14:00~16:00, 1회)

📌 다만, 진료·증상 상담은 채널에서 진행하지 않으며, 내원 시 의료진과 직접 상담 부탁드립니다.

더 나은 진료 서비스를 위해 최선을 다하겠습니다. 감사합니다.
10864	리봉	2026-08-11 09:08:56	이보희	안녕하세요. 리봉이 보호자입니다.
저번 내원 때 했던 리봉이 혈액검사지 좀보내주실 수 있나요?
10864	리봉	2026-08-11 09:08:56	SD동물의료센터 서울점	채팅 운영시간 안내
10864	리봉	2026-08-11 09:08:56	SD동물의료센터 서울점	✅ 본 채널에서는 진료 예약과 입원 환자 사진·안내를 받아보실 수 있습니다. (14:00~16:00, 1회)

📌 다만, 진료·증상 상담은 채널에서 진행하지 않으며, 내원 시 의료진과 직접 상담 부탁드립니다.

더 나은 진료 서비스를 위해 최선을 다하겠습니다. 감사합니다.
10864	리봉	2026-08-11 10:10:16	SD동물의료센터 서울점	9359_이보희_10864_리봉_20260811.pdf
10864	리봉	2026-08-11 10:10:28	SD동물의료센터 서울점	안녕하세요 보호자님 요청하신 혈액검사결과 송부드립니다.
10864	리봉	2026-08-14 09:36:21	SD동물의료센터 서울점	알림톡/브랜드메시지는 관리자센터에서 확인할 수 없어요.
10864	리봉	2026-08-14 10:41:08	SD동물의료센터 서울점	면회 시간 안내 드립니다.

12:00 ~ 12:50 / 17:30 ~ 19:00

1일 2회 (최대 10분 제한)
- 장소 : 원내 처치실 (입원실)

전화 문의 후 내원 
- 예약 및 전화 접수 불가하며 원내 접수 순으로 진행하고 있으며 병원 상황에 따라 대기 생길 수 있는 점 미리 양해 말씀드립니다.

감사합니다. :)
10864	리봉	2026-08-14 10:41:10	SD동물의료센터 서울점	안녕하세요 보호자님

입원 및 면회 관련 안내사항 보내드립니다.
이용에 불편함 없으시도록 참고 부탁드립니다. :)

▶ https://blog.naver.com/sdamc00/223842908205


◎ 우리 병원은 아픈 반려동물의 빠른 회복을 최우선으로 최선의 진료를 시행합니다. ◎

""예상치 못한 응급 상황이나 피치 못할 중환자 관리로 인해 대기 시간이 길어질 수 있는 점""
미리 양해 말씀드리며 너그럽게 양해 부탁드립니다.

보호자분의 따뜻한 배려 늘 감사합니다. :)
10864	리봉	2026-08-14 13:41:12	SD동물의료센터 서울점	알림톡/브랜드메시지는 관리자센터에서 확인할 수 없어요.
10864	리봉	2026-08-14 14:35:44	SD동물의료센터 서울점	사진
10864	리봉	2026-08-14 14:35:50	SD동물의료센터 서울점	동영상
10878	두부	2026-06-24 20:03:51	수지니	두부
10878	두부	2026-06-24 20:03:51	SD동물의료센터 서울점	채팅 운영시간 안내
10878	두부	2026-06-24 20:03:51	SD동물의료센터 서울점	✅ 본 채널에서는 진료 예약과 입원 환자 사진·안내를 받아보실 수 있습니다. (14:00~16:00, 1회)

📌 다만, 진료·증상 상담은 채널에서 진행하지 않으며, 내원 시 의료진과 직접 상담 부탁드립니다.

더 나은 진료 서비스를 위해 최선을 다하겠습니다. 감사합니다.
10878	두부	2026-06-24 20:06:32	SD동물의료센터 서울점	안녕하세요 보호자님

입원 및 면회 관련 안내사항 보내드립니다.
이용에 불편함 없으시도록 참고 부탁드립니다. :)

▶ https://blog.naver.com/sdamc00/223842908205


◎ 우리 병원은 아픈 반려동물의 빠른 회복을 최우선으로 최선의 진료를 시행합니다. ◎

""예상치 못한 응급 상황이나 피치 못할 중환자 관리로 인해 대기 시간이 길어질 수 있는 점""
미리 양해 말씀드리며 너그럽게 양해 부탁드립니다.

보호자분의 따뜻한 배려 늘 감사합니다. :)
10878	두부	2026-06-24 20:06:34	SD동물의료센터 서울점	면회 시간 안내 드립니다.

12:00 ~ 12:50 / 17:30 ~ 19:00

1일 2회 (최대 10분 제한)
- 장소 : 원내 처치실 (입원실)

전화 문의 후 내원 
- 예약 및 전화 접수 불가하며 원내 접수 순으로 진행하고 있으며 병원 상황에 따라 대기 생길 수 있는 점 미리 양해 말씀드립니다.

감사합니다. :)
10878	두부	2026-06-24 22:19:14	수지니	유튜브 바로가기
10878	두부	2026-06-24 22:19:14	SD동물의료센터 서울점(메뉴)	SD동물의료센터 유튜브 채널  🎥

유튜브에서는 우리 병원의 소식과 진료정보, 반려동물 질환에 대한 다양한 정보들을 다뤄 볼 예정입니다. 

❤️ 구독과 좋아요 부탁드려요 ❤️
10878	두부	2026-06-24 22:19:38	수지니	건강검진 안내
10878	두부	2026-06-24 22:19:38	SD동물의료센터 서울점(메뉴)	건강한 견생, 묘생을 위해 주기적인 건강검진은 필수입니다. 
SD동물의료센터에서는 아이에게 꼭 필요한 최소 항목으로 건강검진을 진행하고 있습니다. 
아이의 나이와 현 상태에 따라 검진이 가능한 베이직 프로그램부터 프리미엄까지 세세하게 항목을 분류하여 검진을 진행합니다.

자세한 내용은 아래 버튼을 통해 확인하실 수 있습니다.

10878	두부	2026-06-25 15:09:41	SD동물의료센터 서울점	사진
10878	두부	2026-06-25 15:09:45	SD동물의료센터 서울점	동영상
10878	두부	2026-06-25 15:09:46	SD동물의료센터 서울점	안녕하세요 두부 보호자님~ 두부는 수술전 입원장에서 수액을 맞으며 휴식중입니다. 수술끝나고 한번더 연락 드리겠습니다. 사진 및 영상 보내드려요 :)
10878	두부	2026-06-25 15:10:11	수지니	감사합니다 
10878	두부	2026-06-25 15:10:11	SD동물의료센터 서울점	채팅 운영시간 안내
10878	두부	2026-06-25 15:10:11	SD동물의료센터 서울점	✅ 본 채널에서는 진료 예약과 입원 환자 사진·안내를 받아보실 수 있습니다. (14:00~16:00, 1회)

📌 다만, 진료·증상 상담은 채널에서 진행하지 않으며, 내원 시 의료진과 직접 상담 부탁드립니다.

더 나은 진료 서비스를 위해 최선을 다하겠습니다. 감사합니다.
10878	두부	2026-06-25 18:57:51	SD동물의료센터 서울점	안녕하세요 보호자님.
두부 수술 끝나서 연락드렸으나 통화중이셔서 채널 남겨드립니다.
어느정도 마취 회복 후 두부 사진 보내드리도록 하겠습니다.
감사합니다. :)
10878	두부	2026-06-25 19:31:28	SD동물의료센터 서울점	사진
10878	두부	2026-06-25 19:31:30	SD동물의료센터 서울점	안녕하세요 두부 보호자님 두부 수술 끝났고, 마취도 회복하였습니다 두부 사진보내드리겠습니다 감사합니다
10878	두부	2026-06-25 22:40:51	SD동물의료센터 서울점	쿠폰이 지급되었습니다. 
2026년 07월 31일까지 사용해주세요.
10878	두부	2026-06-26 14:53:01	SD동물의료센터 서울점	사진
10878	두부	2026-06-26 14:53:05	SD동물의료센터 서울점	동영상
10878	두부	2026-06-26 14:53:08	SD동물의료센터 서울점	동영상
10878	두부	2026-06-26 14:53:11	SD동물의료센터 서울점	안녕하세요 두부 보호자님~ 두부는 오늘 오전에는 맛있는것만 소량 먹었고 소변은 소변줄을 통하여 잘보고있습니다. 현재는 입원장에서 수액을 맞으며 휴식을 취하고 있습니다. 사진 및 영상 보내드려요 :)
10878	두부	2026-06-26 14:57:34	SD동물의료센터 서울점	채팅 운영시간 안내
10878	두부	2026-06-26 14:57:34	SD동물의료센터 서울점	✅ 본 채널에서는 진료 예약과 입원 환자 사진·안내를 받아보실 수 있습니다. (14:00~16:00, 1회)

📌 다만, 진료·증상 상담은 채널에서 진행하지 않으며, 내원 시 의료진과 직접 상담 부탁드립니다.

더 나은 진료 서비스를 위해 최선을 다하겠습니다. 감사합니다.
10878	두부	2026-06-26 14:57:34	수지니	네.  감사합니다 
10878	두부	2026-06-27 14:08:22	SD동물의료센터 서울점	사진
10878	두부	2026-06-27 14:08:25	SD동물의료센터 서울점	동영상
10878	두부	2026-06-27 14:08:34	SD동물의료센터 서울점	안녕하세요 두부 보호자님! 두부는 오늘 아침 식이 주사기를 통해 유동식 급여하였으며 소변은 뇨줄을 통해 배출 중입니다. 입원장 안에서 수액 맞으며 휴식 중인 영상과 함께 사진 보내드려요! 감사합니다 :)
10878	두부	2026-06-28 14:00:34	SD동물의료센터 서울점	사진
10878	두부	2026-06-28 14:00:37	SD동물의료센터 서울점	동영상
10878	두부	2026-06-28 14:00:42	SD동물의료센터 서울점	안녕하세요 두부 보호자님! 두부는 오늘 아침 식이 주사기를 통해 동식 급여하였으며 소변은 뇨줄로 잘 배출 되고 있습니다. 입원장 안에서 수액 맞으며 휴식 중인 영상과 함께 사진 보내드려요! 감사합니다 :)
10878	두부	2026-06-29 14:09:47	SD동물의료센터 서울점	사진
10878	두부	2026-06-29 14:09:55	SD동물의료센터 서울점	동영상
10878	두부	2026-06-29 14:10:03	SD동물의료센터 서울점	안녕하세요 두부 보호자님~ 두부 오늘 오전 식이는 주사기를 통하여 유동식을 급여 하였고 소변은 소변줄을 통하여 잘보고있습니다. 현재는 입원장에서 수액을 맞으며 휴식중입니다. 사진 및 영상 보내드려요 :)
10878	두부	2026-06-29 21:46:24	수지니	건강검진 안내
10878	두부	2026-06-29 21:46:24	SD동물의료센터 서울점(메뉴)	건강한 견생, 묘생을 위해 주기적인 건강검진은 필수입니다. 
SD동물의료센터에서는 아이에게 꼭 필요한 최소 항목으로 건강검진을 진행하고 있습니다. 
아이의 나이와 현 상태에 따라 검진이 가능한 베이직 프로그램부터 프리미엄까지 세세하게 항목을 분류하여 검진을 진행합니다.

자세한 내용은 아래 버튼을 통해 확인하실 수 있습니다.

10878	두부	2026-06-30 14:06:29	SD동물의료센터 서울점	사진
10878	두부	2026-06-30 14:06:33	SD동물의료센터 서울점	동영상
10878	두부	2026-06-30 14:06:38	SD동물의료센터 서울점	안녕하세요 두부 보호자님~ 두부 오늘 오전 식이는 주사기를 통하여 유동식을 급여 하였고 소변은 소변줄을 통하여 잘나오고 있습니다. 현재는 입원장에서 수액을 맞으며 휴식을 취하고 있습니다. 사진 및 영상 보내드려요 :)
10878	두부	2026-06-30 14:19:27	수지니	진료예약
10878	두부	2026-06-30 14:19:27	SD동물의료센터 서울점(메뉴)	SD동물의료센터 서울점 진료 예약을 위해 아래 내용을 채팅에 남겨주세요.

◼︎ 보호자님 성함 / 연락처
◼︎ 반려동물 이름 / 간단한 증상

* 예약에 필요한 간단한 상담이 진행될 수 있습니다.
* 증상과 관련된 자세한 상담은 진료의 부분으로 예약 후 내원시 수의사 선생님과 상담 가능합니다. 
* 채널 상담은 병원 업무와 동시에 진행되어 원내 상황에 따라 빠른 응대가 어려울 수 있습니다. 

문의사항은 본원 대표전화(02-2039-0303)로 연락부탁드립니다.
10878	두부	2026-07-01 14:28:58	SD동물의료센터 서울점	사진
10878	두부	2026-07-01 14:29:03	SD동물의료센터 서울점	동영상
10878	두부	2026-07-01 14:29:04	SD동물의료센터 서울점	안녕하세요 두부 보호자님~ 두부는 오늘 오전 식이 주사기를 통하여 유동식을 급여 하였고 소변은 소변줄을 통하여 잘나오고 있습니다. 현재는 입원장에서 수액을 맞으며 휴식을 취하고 있습니다. 사진 및 영상 보내드려요 :)
10878	두부	2026-07-02 14:13:47	SD동물의료센터 서울점	사진
10878	두부	2026-07-02 14:13:51	SD동물의료센터 서울점	동영상
10878	두부	2026-07-02 14:13:54	SD동물의료센터 서울점	안녕하세요 두부 보호자님~ 두부 오늘 오전 식이는 주사기를 통하여 유동식을 급여하였는데 잘먹어주었습니다. 현재는 입원장에서 수액을 맞으며 휴식을 취하고 있습니다. 사진 및 영상 보내드려요 :)
10878	두부	2026-07-03 14:37:12	SD동물의료센터 서울점	사진
10878	두부	2026-07-03 14:37:18	SD동물의료센터 서울점	동영상
10878	두부	2026-07-03 14:37:19	SD동물의료센터 서울점	안녕하세요 두부 보호자님~ 두부 오늘 오전 식이는 주사기를 통하여 유동식을 급여 하였고 소변도 다량 잘보았습니다. 현재는 입원장에서 휴식중입니다. 사진 및 영상 보내드려요 :)
10878	두부	2026-07-03 14:40:38	수지니	두부 오늘 물리치료. 하나요
10878	두부	2026-07-03 14:40:38	SD동물의료센터 서울점	채팅 운영시간 안내
10878	두부	2026-07-03 14:40:38	SD동물의료센터 서울점	✅ 본 채널에서는 진료 예약과 입원 환자 사진·안내를 받아보실 수 있습니다. (14:00~16:00, 1회)

📌 다만, 진료·증상 상담은 채널에서 진행하지 않으며, 내원 시 의료진과 직접 상담 부탁드립니다.

더 나은 진료 서비스를 위해 최선을 다하겠습니다. 감사합니다.
10878	두부	2026-07-03 17:38:35	수지니	유튜브 바로가기
10878	두부	2026-07-03 17:38:36	SD동물의료센터 서울점(메뉴)	SD동물의료센터 유튜브 채널  🎥

유튜브에서는 우리 병원의 소식과 진료정보, 반려동물 질환에 대한 다양한 정보들을 다뤄 볼 예정입니다. 

❤️ 구독과 좋아요 부탁드려요 ❤️
10878	두부	2026-07-04 14:13:39	SD동물의료센터 서울점	사진
10878	두부	2026-07-04 14:13:42	SD동물의료센터 서울점	동영상
10878	두부	2026-07-04 14:13:47	SD동물의료센터 서울점	안녕하세요 두부 보호자님! 두부는 오늘 아침 식이 주사기를 통해 유동식 급여하였으며 소변도 보았습니다. 입원장 안에서 휴식 중인 영상과 함께 사진 보내드려요! 감사합니다 :)
10878	두부	2026-07-04 21:42:24	SD동물의료센터 서울점	사진
10878	두부	2026-07-04 21:42:25	SD동물의료센터 서울점	동영상
10878	두부	2026-07-04 21:42:27	SD동물의료센터 서울점	동영상
10878	두부	2026-07-04 21:42:29	SD동물의료센터 서울점	동영상
10878	두부	2026-07-04 21:42:31	SD동물의료센터 서울점	동영상
10878	두부	2026-07-04 21:42:31	SD동물의료센터 서울점	동영상
10878	두부	2026-07-04 21:42:35	SD동물의료센터 서울점	동영상
10878	두부	2026-07-04 21:43:02	SD동물의료센터 서울점	안녕하세요, 두부 보호자님! 어제와 금일 입원 중 재활 침치료, 레이저, 운동재활 진행하여 사진과 영상 보내드립니다 :)
10878	두부	2026-07-05 13:53:44	SD동물의료센터 서울점	사진
10878	두부	2026-07-05 13:53:49	SD동물의료센터 서울점	동영상
10878	두부	2026-07-05 13:53:53	SD동물의료센터 서울점	안녕하세요 두부 보호자님! 두부는 오늘 아침 식이 주사기를 통해 유동식 급여하였으며 대소변 모두 잘 보았습니다. 입원장 안에서 휴식 중인 영상과 함께 사진 보내드려요! 감사합니다 :)
10878	두부	2026-07-06 14:18:12	SD동물의료센터 서울점	사진
10878	두부	2026-07-06 14:18:17	SD동물의료센터 서울점	동영상
10878	두부	2026-07-06 14:18:34	SD동물의료센터 서울점	안녕하세요 두부 보호자님~ 두부는 오늘 오전 식이 잘먹었고 소변도 잘보았습니다. 현재는 입원장에서 휴식을 취하고 있습니다. 사진 및 영상 보내드려요 :)
10878	두부	2026-07-06 14:50:26	SD동물의료센터 서울점	동영상
10878	두부	2026-07-06 21:55:53	SD동물의료센터 서울점	사진
10878	두부	2026-07-06 21:55:56	SD동물의료센터 서울점	동영상
10878	두부	2026-07-06 21:55:56	SD동물의료센터 서울점	동영상
10878	두부	2026-07-06 21:55:57	SD동물의료센터 서울점	동영상
10878	두부	2026-07-06 21:56:00	SD동물의료센터 서울점	동영상
10878	두부	2026-07-06 21:56:00	SD동물의료센터 서울점	동영상
10878	두부	2026-07-06 21:56:03	SD동물의료센터 서울점	동영상
10878	두부	2026-07-06 21:56:05	SD동물의료센터 서울점	동영상
10878	두부	2026-07-06 21:56:07	SD동물의료센터 서울점	동영상
10878	두부	2026-07-06 21:56:08	SD동물의료센터 서울점	동영상
10878	두부	2026-07-06 21:56:10	SD동물의료센터 서울점	안녕하세요 두부보호자님! 어제오늘 진행된 두부 재활 영상과 사진 보내드립니다, 감사합니다 😊
10878	두부	2026-07-07 14:30:06	SD동물의료센터 서울점	사진
10878	두부	2026-07-07 14:30:10	SD동물의료센터 서울점	동영상
10878	두부	2026-07-07 14:30:15	SD동물의료센터 서울점	안녕하세요 두부 보호자님~ 두부는 오늘 오전 식이 잘먹었고 소변도 잘보았습니다. 현재는 입원장에서 휴식을 취하고 있습니다. 사진 및 영상 보내드려요 :)
10878	두부	2026-07-08 13:45:57	SD동물의료센터 서울점	사진
10878	두부	2026-07-08 13:46:01	SD동물의료센터 서울점	동영상
10878	두부	2026-07-08 13:47:35	SD동물의료센터 서울점	안녕하세요 두부 보호자님~ 두부는 오늘 오전 식이 거의다먹었고 소변도 잘보았습니다. 현재는 입원장에서 휴식중 입니다. 사진 및 영상 보내드려요 :)
10878	두부	2026-07-08 14:42:36	SD동물의료센터 서울점	동영상
10878	두부	2026-07-08 14:42:36	SD동물의료센터 서울점	동영상
10878	두부	2026-07-08 14:42:40	SD동물의료센터 서울점	동영상
10878	두부	2026-07-08 14:42:40	SD동물의료센터 서울점	동영상
10878	두부	2026-07-08 14:42:43	SD동물의료센터 서울점	동영상
10878	두부	2026-07-08 14:42:46	SD동물의료센터 서울점	동영상
10878	두부	2026-07-08 14:42:46	SD동물의료센터 서울점	동영상
10878	두부	2026-07-08 14:42:49	SD동물의료센터 서울점	동영상
10878	두부	2026-07-08 14:42:56	SD동물의료센터 서울점	안녕하세요 두부 보호자님! 어제 진행한 두부 재활 영상과 함께 사진 보내드립니다! 감사합니다 :)
10878	두부	2026-07-09 14:41:38	SD동물의료센터 서울점	사진
10878	두부	2026-07-09 14:41:43	SD동물의료센터 서울점	동영상
10878	두부	2026-07-09 14:41:44	SD동물의료센터 서울점	안녕하세요 두부 보호자님~ 두부는 오늘 오전 식이 잘먹었고 대변과 소변 모두 잘보았습니다. 현재는 입원장에서 수액을 맞으며 휴식을 취하고 있습니다. 사진 및 영상 보내드려요 :)
10878	두부	2026-07-10 14:32:30	SD동물의료센터 서울점	사진
10878	두부	2026-07-10 14:32:37	SD동물의료센터 서울점	동영상
10878	두부	2026-07-10 20:05:32	SD동물의료센터 서울점	사진
10878	두부	2026-07-10 20:05:34	SD동물의료센터 서울점	동영상
10878	두부	2026-07-10 20:05:35	SD동물의료센터 서울점	동영상
10878	두부	2026-07-10 20:05:35	SD동물의료센터 서울점	동영상
10878	두부	2026-07-10 20:05:38	SD동물의료센터 서울점	동영상
10878	두부	2026-07-10 20:05:38	SD동물의료센터 서울점	동영상
10878	두부	2026-07-10 20:05:41	SD동물의료센터 서울점	동영상
10878	두부	2026-07-10 20:05:43	SD동물의료센터 서울점	동영상
10878	두부	2026-07-10 20:05:44	SD동물의료센터 서울점	동영상
10878	두부	2026-07-10 20:06:05	SD동물의료센터 서울점	안녕하세요, 두부 보호자님! 두부 입원 중 재활한 사진과 영상 보내드립니다. 감사합니다 :)
10878	두부	2026-07-11 13:32:32	SD동물의료센터 서울점	사진
10878	두부	2026-07-11 13:32:34	SD동물의료센터 서울점	동영상
10878	두부	2026-07-11 13:32:37	SD동물의료센터 서울점	안녕하세요 두부 보호자님! 두부는 오늘 아침 식이 잘 먹어주었고 대소변도 모두 잘 보았습니다. 입원장 안에서 휴식 중인 사진과 함께 영상 보내드려요! 감사합니다 :)
10878	두부	2026-07-11 21:45:33	SD동물의료센터 서울점	사진
10878	두부	2026-07-11 21:45:35	SD동물의료센터 서울점	동영상
10878	두부	2026-07-11 21:45:38	SD동물의료센터 서울점	동영상
10878	두부	2026-07-11 21:45:59	SD동물의료센터 서울점	안녕하세요 두부 보호자님! 금일 진행한 두부 재활 영상과 함께 사진 보내드립니다! 감사합니다 :)
10878	두부	2026-07-12 13:50:08	SD동물의료센터 서울점	사진
10878	두부	2026-07-12 13:50:12	SD동물의료센터 서울점	동영상
10878	두부	2026-07-12 13:50:18	SD동물의료센터 서울점	안녕하세요 두부 보호자님! 두부는 오늘 아침 식이 스스로 절반 정도 먹어주었으며 대소변도 잘 보았습니다. 입원장 안에서 휴식 중인 사진과 함께 영상 보내드리겠습니다! 감사합니다 :)
10878	두부	2026-07-13 13:29:21	SD동물의료센터 서울점	사진
10878	두부	2026-07-13 13:29:26	SD동물의료센터 서울점	동영상
10878	두부	2026-07-13 13:29:33	SD동물의료센터 서울점	안녕하세요 두부 보호자님~ 두부는 오늘 오전 식이 잘먹었고 대변과 소변 모두 잘보았습니다. 현재는 입원장에서 휴식을 취하고 있습니다. 사진 및 영상 보내드려요 :)
10878	두부	2026-07-14 13:37:52	SD동물의료센터 서울점	사진
10878	두부	2026-07-14 13:37:56	SD동물의료센터 서울점	동영상
10878	두부	2026-07-14 13:38:03	SD동물의료센터 서울점	안녕하세요 두부 보호자님~ 두부는 오늘 오전 식이 절반정도 먹었고 소변은 잘보았습니다. 현재는 입원장에서 휴식중입니다. 사진 및 영상 보내드려요 :)
10878	두부	2026-07-14 18:00:28	SD동물의료센터 서울점	사진
10878	두부	2026-07-14 18:00:29	SD동물의료센터 서울점	동영상
10878	두부	2026-07-14 18:00:30	SD동물의료센터 서울점	동영상
10878	두부	2026-07-14 18:00:33	SD동물의료센터 서울점	동영상
10878	두부	2026-07-14 18:00:33	SD동물의료센터 서울점	동영상
10878	두부	2026-07-14 18:00:35	SD동물의료센터 서울점	동영상
10878	두부	2026-07-14 18:00:37	SD동물의료센터 서울점	동영상
10878	두부	2026-07-14 18:00:38	SD동물의료센터 서울점	동영상
10878	두부	2026-07-14 18:00:42	SD동물의료센터 서울점	동영상
10878	두부	2026-07-14 18:00:42	SD동물의료센터 서울점	동영상
10878	두부	2026-07-14 18:01:22	SD동물의료센터 서울점	안녕하세요, 두부 보호자님! 어제 오늘 포함한 입원 중 재활 수중, 침치료, 운동재활 진행하였습니다. 사진과 영상 보내드립니다 감사합니다 :)
10878	두부	2026-07-15 14:03:21	SD동물의료센터 서울점	사진
10878	두부	2026-07-15 14:03:24	SD동물의료센터 서울점	동영상
10878	두부	2026-07-15 14:03:24	SD동물의료센터 서울점	동영상
10878	두부	2026-07-15 14:03:35	SD동물의료센터 서울점	안녕하세요 두부 보호자님~ 두부 오늘 오전 식이는 잘먹었고 대변도 잘보았습니다. 현재는 입원장에서 휴식을 취하고 있습니다. 사진 및 영상 보내드려요 :)
10878	두부	2026-07-15 18:07:14	SD동물의료센터 서울점	사진
10878	두부	2026-07-15 18:07:21	SD동물의료센터 서울점	동영상
10878	두부	2026-07-15 18:07:21	SD동물의료센터 서울점	동영상
10878	두부	2026-07-15 18:07:24	SD동물의료센터 서울점	동영상
10878	두부	2026-07-15 18:07:25	SD동물의료센터 서울점	안녕하세요 두부 보호자님! 금일 입원 중 진행한 수중재활 사진과 영상 보내드립니다 감사합니다 😊
10878	두부	2026-07-16 13:45:43	SD동물의료센터 서울점	사진
10878	두부	2026-07-16 13:45:45	SD동물의료센터 서울점	동영상
10878	두부	2026-07-16 13:45:49	SD동물의료센터 서울점	동영상
10878	두부	2026-07-16 13:45:51	SD동물의료센터 서울점	안녕하세요 두부 보호자님~ 두부는 오늘 오전 식이 잘먹었고 소변도 잘보았습니다. 현재는 입원장에서 휴식을 취하고 있습니다. 사진 및 영상 보내드려요 :)
10878	두부	2026-07-16 17:37:20	SD동물의료센터 서울점	사진
10878	두부	2026-07-16 17:37:24	SD동물의료센터 서울점	동영상
10878	두부	2026-07-16 17:37:27	SD동물의료센터 서울점	동영상
10878	두부	2026-07-16 17:37:32	SD동물의료센터 서울점	안녕하세요 두부 보호자님! 금일 진행한 두부 재활 영상 사진과 영상 보내드립니다, 감사합니다 😊
10878	두부	2026-07-17 15:19:18	SD동물의료센터 서울점	사진
10878	두부	2026-07-17 15:19:21	SD동물의료센터 서울점	동영상
10878	두부	2026-07-17 15:19:36	SD동물의료센터 서울점	안녕하세요, 두부 보호자님^^ 두부는 오늘 아침식이 안 먹었으며, 대변이랑 소변은 보았습니다.
현재 입원장에서 휴식중이며, 두부 사진과 동영상 같이 보내드릴게요. 감사합니다 :)
10878	두부	2026-07-18 13:38:24	SD동물의료센터 서울점	사진
10878	두부	2026-07-18 13:38:27	SD동물의료센터 서울점	동영상
10878	두부	2026-07-18 13:38:28	SD동물의료센터 서울점	동영상
10878	두부	2026-07-18 13:38:33	SD동물의료센터 서울점	안녕하세요 두부 보호자님! 두부는 오늘 아침 식이 스스로 잘 먹어주었으며 소변도 잘 보았습니다. 밥 잘 먹어주는 모습과 함께 입원장 안에서 휴식 중인 영상 및 사진 보내드려요! 감사합니다 :)
10878	두부	2026-07-18 21:49:50	SD동물의료센터 서울점	동영상
10878	두부	2026-07-18 21:49:50	SD동물의료센터 서울점	동영상
10878	두부	2026-07-18 21:49:50	SD동물의료센터 서울점	동영상
10878	두부	2026-07-18 21:49:53	SD동물의료센터 서울점	동영상
10878	두부	2026-07-18 21:49:53	SD동물의료센터 서울점	동영상
10878	두부	2026-07-18 21:49:53	SD동물의료센터 서울점	동영상
10878	두부	2026-07-18 21:50:10	SD동물의료센터 서울점	안녕하세요, 두부 보호자님! 두부 입원 중 재활치료 진행하여 영상 보내드립니다 :)
10878	두부	2026-07-19 13:45:32	SD동물의료센터 서울점	사진
10878	두부	2026-07-19 13:45:34	SD동물의료센터 서울점	동영상
10878	두부	2026-07-19 13:45:37	SD동물의료센터 서울점	안녕하세요 두부 보호자님! 두부는 오늘 아침 식이 절반 정도 먹어주었으며 대소변도 보았습니다. 입원장 안에서 휴식 중인 영상과 함께 사진 보내드려요! 감사합니다 :)
10878	두부	2026-07-19 13:46:35	수지니	오시는길 안내
10878	두부	2026-07-19 13:46:35	SD동물의료센터 서울점(메뉴)	SD동물의료센터 서울점 
오시는 길 안내드립니다.

◼︎ 주소 
서울특별시 중구 왕십리로 407,
신당파인힐하나유보라 상가 2층

🚗 자동차 이용시, 신당파인힐하나유보라’ 상가 주차장을 이용해주세요. (무료주차 가능합니다.)

🚊 지하철 이용시, 2호선 상왕십리역 6번 출구와 신당역 3번 출구 사이에 위치하고 있습니다.

문의사항은 본원 대표전화(02-2039-0303)로 연락부탁드립니다.
10878	두부	2026-07-20 13:43:26	SD동물의료센터 서울점	사진
10878	두부	2026-07-20 13:43:28	SD동물의료센터 서울점	동영상
10878	두부	2026-07-20 13:43:31	SD동물의료센터 서울점	동영상
10878	두부	2026-07-20 13:43:35	SD동물의료센터 서울점	안녕하세요 두부 보호자님~ 두부는 오늘 오전 식이 잘먹었고 대변도 잘보았습니다. 현재는 입원장에서 휴식을 취하고 있습니다. 사진 및 영상 보내드려요 :)
10878	두부	2026-07-20 21:16:25	SD동물의료센터 서울점	동영상
10878	두부	2026-07-20 21:16:26	SD동물의료센터 서울점	동영상
10878	두부	2026-07-20 21:16:27	SD동물의료센터 서울점	동영상
10878	두부	2026-07-20 21:16:32	SD동물의료센터 서울점	동영상
10878	두부	2026-07-20 21:16:32	SD동물의료센터 서울점	동영상
10878	두부	2026-07-20 21:16:32	SD동물의료센터 서울점	동영상
10878	두부	2026-07-20 21:16:35	SD동물의료센터 서울점	안녕하세요 두부 보호자님! 금일 입원 중 진행된 두부 재활 영상과 사진 보내드립니다. 감사합니다 😊
10878	두부	2026-07-21 13:52:06	SD동물의료센터 서울점	사진
10878	두부	2026-07-21 13:52:10	SD동물의료센터 서울점	동영상
10878	두부	2026-07-21 13:52:20	SD동물의료센터 서울점	안녕하세요 두부 보호자님~ 두부는 오늘 오전 식이 잘먹었고 대변도 잘보았습니다. 현재는 입원장에서 휴식을 취하고 있습니다. 사진 및 영상 보내드려요 :)
10878	두부	2026-07-22 14:08:35	SD동물의료센터 서울점	사진
10878	두부	2026-07-22 14:08:39	SD동물의료센터 서울점	동영상
10878	두부	2026-07-22 14:08:41	SD동물의료센터 서울점	안녕하세요 두부 보호자님~ 두부는 오늘 오전 식이 잘먹었고 대변과 소변 모두 잘보았습니다. 현재는 입원장에서 휴식을 취하고 있습니다. 사진 및 영상 보내드려요 :)
10878	두부	2026-07-22 18:32:51	SD동물의료센터 서울점	사진
10878	두부	2026-07-22 18:32:54	SD동물의료센터 서울점	동영상
10878	두부	2026-07-22 18:32:56	SD동물의료센터 서울점	동영상
10878	두부	2026-07-22 18:32:57	SD동물의료센터 서울점	동영상
10878	두부	2026-07-22 18:32:59	SD동물의료센터 서울점	동영상
10878	두부	2026-07-22 18:33:01	SD동물의료센터 서울점	안녕하세요 두부 보호자님! 금일 입원 중 진행된 두부 재활 영상과 사진 보내드립니다. 감사합니다 😊
10878	두부	2026-07-23 14:39:28	SD동물의료센터 서울점	사진
10878	두부	2026-07-23 14:39:32	SD동물의료센터 서울점	동영상
10878	두부	2026-07-23 14:39:33	SD동물의료센터 서울점	동영상
10878	두부	2026-07-23 14:39:37	SD동물의료센터 서울점	안녕하세요 두부 보호자님~ 두부는 오늘 오전 식이 잘먹었고 소변도 잘보았습니다. 현재는 입원장에서 휴식중입니다. 사진 및 영상 보내드려요 :)
10878	두부	2026-07-28 14:00:27	SD동물의료센터 서울점	(광고)7월의 SD링크가 도착했어요.
10878	두부	2026-07-30 14:49:17	SD동물의료센터 서울점	사진
10878	두부	2026-07-30 14:49:20	SD동물의료센터 서울점	동영상
10878	두부	2026-07-30 14:49:20	SD동물의료센터 서울점	동영상
10878	두부	2026-07-30 14:49:23	SD동물의료센터 서울점	동영상
10878	두부	2026-07-30 14:49:24	SD동물의료센터 서울점	동영상
10878	두부	2026-07-30 14:49:26	SD동물의료센터 서울점	동영상
10878	두부	2026-07-30 14:49:28	SD동물의료센터 서울점	동영상
10878	두부	2026-07-30 14:49:29	SD동물의료센터 서울점	동영상
10878	두부	2026-07-30 14:49:30	SD동물의료센터 서울점	안녕하세요 두부 보호자님! 금일 진행한 두부 재활 영상과 사진 보내드립니다. 감사합니다 😊
10878	두부	2026-08-04 12:42:32	SD동물의료센터 서울점	사진
10878	두부	2026-08-04 12:42:34	SD동물의료센터 서울점	동영상
10878	두부	2026-08-04 12:42:35	SD동물의료센터 서울점	동영상
10878	두부	2026-08-04 12:42:35	SD동물의료센터 서울점	동영상
10878	두부	2026-08-04 12:42:41	SD동물의료센터 서울점	동영상
10878	두부	2026-08-04 12:42:42	SD동물의료센터 서울점	안녕하세요 두부 보호자님~ 금일 진행된 두부 재활 영상과 사진 먼저 보내드립니다. 감사합니다 :)
10878	두부	2026-08-07 15:39:43	SD동물의료센터 서울점	사진
10878	두부	2026-08-07 15:39:46	SD동물의료센터 서울점	동영상
10878	두부	2026-08-07 15:39:46	SD동물의료센터 서울점	동영상
10878	두부	2026-08-07 15:39:47	SD동물의료센터 서울점	동영상
10878	두부	2026-08-07 15:39:50	SD동물의료센터 서울점	동영상
10878	두부	2026-08-07 15:39:50	SD동물의료센터 서울점	동영상
10878	두부	2026-08-07 15:39:52	SD동물의료센터 서울점	동영상
10878	두부	2026-08-07 15:40:21	SD동물의료센터 서울점	안녕하세요 두부 보호자님~ 금일 진행된 두부 재활 사진과 영상 같이 보내드릴게요. 감사합니다^^
10878	두부	2026-08-11 11:59:32	SD동물의료센터 서울점	사진
10878	두부	2026-08-11 11:59:38	SD동물의료센터 서울점	동영상
10878	두부	2026-08-11 11:59:40	SD동물의료센터 서울점	동영상
10878	두부	2026-08-11 11:59:40	SD동물의료센터 서울점	동영상
10878	두부	2026-08-11 11:59:44	SD동물의료센터 서울점	동영상
10878	두부	2026-08-11 11:59:46	SD동물의료센터 서울점	동영상
10878	두부	2026-08-11 11:59:46	SD동물의료센터 서울점	동영상
10878	두부	2026-08-11 11:59:49	SD동물의료센터 서울점	안녕하세요 두부 보호자님! 금일 진행한 두부 재활 영상과 사진 먼저 보내드립니다. 감사합니다 :)
10878	두부	2026-08-14 21:45:23	SD동물의료센터 서울점	사진
10878	두부	2026-08-14 21:45:26	SD동물의료센터 서울점	동영상
10878	두부	2026-08-14 21:45:26	SD동물의료센터 서울점	동영상
10878	두부	2026-08-14 21:45:29	SD동물의료센터 서울점	동영상
10878	두부	2026-08-14 21:45:29	SD동물의료센터 서울점	동영상
10878	두부	2026-08-14 21:45:29	SD동물의료센터 서울점	동영상
10878	두부	2026-08-14 21:45:31	SD동물의료센터 서울점	동영상
11036	왕치즈	2026-07-17 13:30:52	ky	안녕하세요 왕치즈 보호자 양규연입니다 
11036	왕치즈	2026-07-17 13:30:52	SD동물의료센터 서울점	채팅 운영시간 안내
11036	왕치즈	2026-07-17 13:30:52	SD동물의료센터 서울점	✅ 본 채널에서는 진료 예약과 입원 환자 사진·안내를 받아보실 수 있습니다. (14:00~16:00, 1회)

📌 다만, 진료·증상 상담은 채널에서 진행하지 않으며, 내원 시 의료진과 직접 상담 부탁드립니다.

더 나은 진료 서비스를 위해 최선을 다하겠습니다. 감사합니다.
11036	왕치즈	2026-07-17 13:30:58	SD동물의료센터 서울점	면회 시간 안내 드립니다.

12:00 ~ 12:50 / 17:30 ~ 19:00

1일 2회 (최대 10분 제한)
- 장소 : 원내 처치실 (입원실)

전화 문의 후 내원 
- 예약 및 전화 접수 불가하며 원내 접수 순으로 진행하고 있으며 병원 상황에 따라 대기 생길 수 있는 점 미리 양해 말씀드립니다.

감사합니다. :)
11036	왕치즈	2026-07-17 13:31:02	SD동물의료센터 서울점	안녕하세요 보호자님

입원 및 면회 관련 안내사항 보내드립니다.
이용에 불편함 없으시도록 참고 부탁드립니다. :)

▶ https://blog.naver.com/sdamc00/223842908205


◎ 우리 병원은 아픈 반려동물의 빠른 회복을 최우선으로 최선의 진료를 시행합니다. ◎

""예상치 못한 응급 상황이나 피치 못할 중환자 관리로 인해 대기 시간이 길어질 수 있는 점""
미리 양해 말씀드리며 너그럽게 양해 부탁드립니다.

보호자분의 따뜻한 배려 늘 감사합니다. :)
11036	왕치즈	2026-07-17 15:49:06	SD동물의료센터 서울점	사진
11036	왕치즈	2026-07-17 15:49:10	SD동물의료센터 서울점	동영상
11036	왕치즈	2026-07-17 15:49:26	SD동물의료센터 서울점	안녕하세요, 왕치즈 보호자님, 왕치즈는 오늘 수술로 인해 식이는 금식중이며, 현재 입원장안에서 수액맞으면서 휴식중이며, 수술 전후로 연락드릴 예정입니다. 감사합니다^^
11036	왕치즈	2026-07-17 15:50:15	ky	네 공유 주셔서 너무 감사합니다!!🙇‍♀️🙇‍♂️
11036	왕치즈	2026-07-17 15:50:15	SD동물의료센터 서울점	채팅 운영시간 안내
11036	왕치즈	2026-07-17 15:50:15	SD동물의료센터 서울점	✅ 본 채널에서는 진료 예약과 입원 환자 사진·안내를 받아보실 수 있습니다. (14:00~16:00, 1회)

📌 다만, 진료·증상 상담은 채널에서 진행하지 않으며, 내원 시 의료진과 직접 상담 부탁드립니다.

더 나은 진료 서비스를 위해 최선을 다하겠습니다. 감사합니다.
11036	왕치즈	2026-07-17 23:13:30	SD동물의료센터 서울점	사진
11036	왕치즈	2026-07-17 23:13:33	SD동물의료센터 서울점	안녕하세요 왕치즈 보호자님~ 치즈 현재 입원장 안에서 수액 처치 받으며 마취 회복하는 중 이며 식이는 완전히 회복 된 후 자정 넘어 들어갈 예정입니다! 늦게 보내드려서 죄송합니다ㅠ 치즈 지금 모습 보내드릴게요:)
11036	왕치즈	2026-07-18 14:13:39	SD동물의료센터 서울점	사진
11036	왕치즈	2026-07-18 14:13:42	SD동물의료센터 서울점	동영상
11036	왕치즈	2026-07-18 14:13:46	SD동물의료센터 서울점	안녕하세요 왕치즈 보호자님! 왕치즈는 오늘 아침 식이 먹지 않아 스스로 먹을 수 있도록 밥그릇 유지하며 체크 중에 있고 소변은 잘 보았습니다. 입원장 안에서 수액 맞으면서 휴식 중인 영상과 함께 사진 보내드려요! 감사합니다 :)
11036	왕치즈	2026-07-18 14:45:24	ky	넵 감사합니다🙏
11036	왕치즈	2026-07-18 14:45:24	SD동물의료센터 서울점	채팅 운영시간 안내
11036	왕치즈	2026-07-18 14:45:24	SD동물의료센터 서울점	✅ 본 채널에서는 진료 예약과 입원 환자 사진·안내를 받아보실 수 있습니다. (14:00~16:00, 1회)

📌 다만, 진료·증상 상담은 채널에서 진행하지 않으며, 내원 시 의료진과 직접 상담 부탁드립니다.

더 나은 진료 서비스를 위해 최선을 다하겠습니다. 감사합니다.
11036	왕치즈	2026-07-19 14:08:24	SD동물의료센터 서울점	사진
11036	왕치즈	2026-07-19 14:08:27	SD동물의료센터 서울점	동영상
11036	왕치즈	2026-07-19 14:08:27	SD동물의료센터 서울점	동영상
11036	왕치즈	2026-07-19 14:08:30	SD동물의료센터 서울점	안녕하세요 왕치즈 보호자님! 왕치즈 오늘 아침 식이 조금씩 절반 정도 먹어주었고 소변도 보았습니다. 잘 먹어주는 모습과 함께 입원장 안에서 수액 맞으면서 휴식 중인 영상 및 사진 보내드립니다! 감사합니다 :)
11036	왕치즈	2026-07-19 14:27:43	ky	안녕하세요  공유 주셔서 감사합니다 ㅜㅜ 
11036	왕치즈	2026-07-19 14:27:43	SD동물의료센터 서울점	채팅 운영시간 안내
11036	왕치즈	2026-07-19 14:27:43	SD동물의료센터 서울점	✅ 본 채널에서는 진료 예약과 입원 환자 사진·안내를 받아보실 수 있습니다. (14:00~16:00, 1회)

📌 다만, 진료·증상 상담은 채널에서 진행하지 않으며, 내원 시 의료진과 직접 상담 부탁드립니다.

더 나은 진료 서비스를 위해 최선을 다하겠습니다. 감사합니다.
11036	왕치즈	2026-07-19 14:28:45	ky	혹시 왕치즈 화장실 쓸 줄 아는 고양이인데 
입원장에 화장실이 없어서 문의드립니다  화장실이 없는 이유가 혹시 따로 있을까요? 
화장실 넣는 입원장도 있을까요?? 
11036	왕치즈	2026-07-19 14:28:45	SD동물의료센터 서울점	채팅 운영시간 안내
11036	왕치즈	2026-07-19 14:28:45	SD동물의료센터 서울점	✅ 본 채널에서는 진료 예약과 입원 환자 사진·안내를 받아보실 수 있습니다. (14:00~16:00, 1회)

📌 다만, 진료·증상 상담은 채널에서 진행하지 않으며, 내원 시 의료진과 직접 상담 부탁드립니다.

더 나은 진료 서비스를 위해 최선을 다하겠습니다. 감사합니다.
11036	왕치즈	2026-07-19 15:15:09	SD동물의료센터 서울점	주치의선생님께 확인 받아 답변 전달드립니다.

왕치즈는 감염 관리는 위한 입원실에서 지내고 있으나, 수술 후 며칠 간 관찰하며 경과가 양호하면 고양이 전용 입원실로 이동할 예정입니다. 다행히 치즈가 지금은 종이패드에 소변을 잘 봐주고 있기는 하나, 말씀하신대로 화장실이 있는 것이 아이에게 더 좋으니 가능하면 작은 화장실이라도 넣어주거나, 빠른 시일 내 고양이 전용 입원실로 이동하도록 하겠습니다. 감사합니다 :)
11036	왕치즈	2026-07-19 15:15:57	SD동물의료센터 서울점	채팅 운영시간 안내
11036	왕치즈	2026-07-19 15:15:57	SD동물의료센터 서울점	✅ 본 채널에서는 진료 예약과 입원 환자 사진·안내를 받아보실 수 있습니다. (14:00~16:00, 1회)

📌 다만, 진료·증상 상담은 채널에서 진행하지 않으며, 내원 시 의료진과 직접 상담 부탁드립니다.

더 나은 진료 서비스를 위해 최선을 다하겠습니다. 감사합니다.
11036	왕치즈	2026-07-19 15:15:57	ky	감사합니다!!
11036	왕치즈	2026-07-20 14:47:07	SD동물의료센터 서울점	사진
11036	왕치즈	2026-07-20 14:47:10	SD동물의료센터 서울점	동영상
11036	왕치즈	2026-07-20 14:47:16	SD동물의료센터 서울점	안녕하세요 왕치즈 보호자님~ 왕치즈는 오늘 오전 식이 잘먹었고 소변도 잘보았습니다. 현재는 입원장에서 수액을 맞으며 휴식을 취하고 있습니다. 사진 및 영상 보내드려요 :)
11036	왕치즈	2026-07-20 14:53:06	ky	💩똥은 아직 안쌌나요
11036	왕치즈	2026-07-20 14:53:06	SD동물의료센터 서울점	채팅 운영시간 안내
11036	왕치즈	2026-07-20 14:53:06	SD동물의료센터 서울점	✅ 본 채널에서는 진료 예약과 입원 환자 사진·안내를 받아보실 수 있습니다. (14:00~16:00, 1회)

📌 다만, 진료·증상 상담은 채널에서 진행하지 않으며, 내원 시 의료진과 직접 상담 부탁드립니다.

더 나은 진료 서비스를 위해 최선을 다하겠습니다. 감사합니다.
11036	왕치즈	2026-07-21 13:42:21	SD동물의료센터 서울점	사진
11036	왕치즈	2026-07-21 13:42:25	SD동물의료센터 서울점	동영상
11036	왕치즈	2026-07-21 13:42:25	SD동물의료센터 서울점	동영상
11036	왕치즈	2026-07-21 13:42:31	SD동물의료센터 서울점	안녕하세요 왕치즈 보호자님~ 왕치즈는 오늘 오전 식이 잘먹었고 대변과 소변 모두 잘보았습니다. 현재는 입원장에서 수액을 맞으며 휴식중입니다. 사진 및 영상 보내드려요 :)
11036	왕치즈	2026-07-22 14:39:08	SD동물의료센터 서울점	사진
11036	왕치즈	2026-07-22 14:39:12	SD동물의료센터 서울점	동영상
11036	왕치즈	2026-07-22 14:39:19	SD동물의료센터 서울점	안녕하세요 왕치즈 보호자님~ 왕치즈는 오늘 오전 식이 잘먹었고 소변도 잘보았습니다. 대변은 아직 보지않았고 현재는 입원장에서 수액을 맞으며 휴식을 취하고 있습니다. 사진 및 영상 보내드려요 :)
11036	왕치즈	2026-07-23 15:08:23	SD동물의료센터 서울점	사진
11036	왕치즈	2026-07-23 15:08:28	SD동물의료센터 서울점	동영상
11036	왕치즈	2026-07-23 15:08:29	SD동물의료센터 서울점	안녕하세요 왕치즈 보호자님~ 왕치즈는 오늘 오전 식이 소량 먹었고 소변도 잘보았습니다. 현재는 입원장에서 수액을 맞으며 휴식을 취하고 있습니다. 사진 및 영상 보내드려요 :)
11036	왕치즈	2026-07-24 13:56:26	SD동물의료센터 서울점	사진
11036	왕치즈	2026-07-24 13:56:30	SD동물의료센터 서울점	동영상
11036	왕치즈	2026-07-24 13:56:32	SD동물의료센터 서울점	안녕하세요 왕치즈 보호자님~ 왕치즈는 오늘 오전 식이는 치과치료로 인해 금식 진행하였고, 일정에 맞추어 치료 진행될 예정으로 수액 처치하며 휴식 중입니다. 감사합니다:)
11036	왕치즈	2026-07-25 14:54:37	SD동물의료센터 서울점	사진
11036	왕치즈	2026-07-25 14:54:40	SD동물의료센터 서울점	동영상
11036	왕치즈	2026-07-25 14:54:44	SD동물의료센터 서울점	왕치즈 보호자님 안녕하세요~ 왕치즈는 오늘 아침식이는 소량 먹었고, 소변도 보았습니다. 현재 입원장에서 수액 맞으면서 휴식중이며, 아이 사진과 영상 같이 보내드릴게요, 감사합니다^^
11036	왕치즈	2026-07-26 14:43:23	SD동물의료센터 서울점	사진
11036	왕치즈	2026-07-26 14:43:26	SD동물의료센터 서울점	동영상
11036	왕치즈	2026-07-26 14:43:27	SD동물의료센터 서울점	안녕하세요 왕치즈 보호자님! 왕치즈 오늘 아침 식이 스스로 조금씩 먹어주었고 소변도 보았습니다. 입원장 안에서 수액 맞으며 휴식 중인 영상과 함께 사진 보내드려요! 감사합니다 :)
11036	왕치즈	2026-07-27 14:46:21	SD동물의료센터 서울점	사진
11036	왕치즈	2026-07-27 14:46:24	SD동물의료센터 서울점	동영상
11036	왕치즈	2026-07-27 14:46:26	SD동물의료센터 서울점	안녕하세요 왕치즈 보호자님~ 왕치즈는 오늘 오전 식이 잘먹었고 대변과 소변 모두 잘보았습니다. 현재는 입원장에서 수액을 맞으며 휴식을 취하고 있습니다. 사진 및 영상 보내드려요 :)
11036	왕치즈	2026-07-28 15:32:26	SD동물의료센터 서울점	사진
11036	왕치즈	2026-07-28 15:32:29	SD동물의료센터 서울점	동영상
11036	왕치즈	2026-07-28 15:32:30	SD동물의료센터 서울점	안녕하세요 왕치즈 보호자님~ 왕치즈는 오늘 오전 식이 소량 먹었고 대,소변은 아직 보지않았습니다. 현재는 입원장에서 수액을 맞으며 휴식을 취하고 있습니다. 사진 및 영상 보내드려요 :)
11036	왕치즈	2026-07-29 14:49:01	SD동물의료센터 서울점	사진
11036	왕치즈	2026-07-29 14:49:05	SD동물의료센터 서울점	동영상
11036	왕치즈	2026-07-29 14:49:06	SD동물의료센터 서울점	안녕하세요 왕치즈 보호자님~ 왕치즈는 오늘 오전 식이 절반정도 먹었고 소변도 잘보았습니다. 현재는 입원장에서 수액을 맞으며 휴식을 취하고 있습니다. 사진 및 영상 보내드려요 :)
11036	왕치즈	2026-07-29 14:51:10	ky	감사합니다 
11036	왕치즈	2026-07-29 14:51:10	SD동물의료센터 서울점	채팅 운영시간 안내
11036	왕치즈	2026-07-29 14:51:10	SD동물의료센터 서울점	✅ 본 채널에서는 진료 예약과 입원 환자 사진·안내를 받아보실 수 있습니다. (14:00~16:00, 1회)

📌 다만, 진료·증상 상담은 채널에서 진행하지 않으며, 내원 시 의료진과 직접 상담 부탁드립니다.

더 나은 진료 서비스를 위해 최선을 다하겠습니다. 감사합니다.
11036	왕치즈	2026-07-30 13:51:29	SD동물의료센터 서울점	사진
11036	왕치즈	2026-07-30 13:51:35	SD동물의료센터 서울점	동영상
11036	왕치즈	2026-07-30 13:51:38	SD동물의료센터 서울점	안녕하세요 왕치즈 보호자님! 왕치즈는 금일 준비한 아침밥을 남겼고, 소변은 잘 보았고 대변은 아직 입니다. 현재는 입원장에서 안정을 취하는 중입니다. 왕치즈 사진이랑 영상 보내드릴게요 감사합니다!
11036	왕치즈	2026-07-31 13:57:32	SD동물의료센터 서울점	사진
11036	왕치즈	2026-07-31 13:57:38	SD동물의료센터 서울점	동영상
11036	왕치즈	2026-07-31 13:57:40	SD동물의료센터 서울점	안녕하세요 왕치즈 보호자님! 왕치즈는 금일 준비한 아침밥을 잘 먹어주었고, 소변과 대변 모두 잘 보았습니다. 현재는 입원장에서 안정을 취하는 중입니다. 왕치즈 사진이랑 영상 보내드릴게요 감사합니다!
11036	왕치즈	2026-07-31 21:28:09	SD동물의료센터 서울점	안녕하세요 보호자님 원장님께 확인 후 답변 드립니다. 
따로 격리하시는 것이 좋습니다. 호텔에서 지내는 것 자체는 지금도 호흡기 증상이 있지만 약 먹여주시고 하시면 불가능하지 않다고 하셨습니다.
11036	왕치즈	2026-07-31 21:28:52	ky	감사합니다!!
11036	왕치즈	2026-07-31 21:28:52	SD동물의료센터 서울점	채팅 운영시간 안내
11036	왕치즈	2026-07-31 21:28:52	SD동물의료센터 서울점	✅ 본 채널에서는 진료 예약과 입원 환자 사진·안내를 받아보실 수 있습니다. (14:00~16:00, 1회)

📌 다만, 진료·증상 상담은 채널에서 진행하지 않으며, 내원 시 의료진과 직접 상담 부탁드립니다.

더 나은 진료 서비스를 위해 최선을 다하겠습니다. 감사합니다.
11036	왕치즈	2026-08-01 14:30:14	SD동물의료센터 서울점	사진
11036	왕치즈	2026-08-01 14:30:18	SD동물의료센터 서울점	동영상
11036	왕치즈	2026-08-01 14:30:22	SD동물의료센터 서울점	안녕하세요 왕치즈 보호자님! 왕치즈는 오늘 아침 식이 거의 다 먹어주었으며 소변도 보았습니다. 입원장 안에서 휴식 중인 영상과 함께 사진 보내드려요! 감사합니다 :)
11036	왕치즈	2026-08-13 16:45:53	ky	동영상
11036	왕치즈	2026-08-13 16:45:53	SD동물의료센터 서울점	채팅 운영시간 안내
11036	왕치즈	2026-08-13 16:45:53	SD동물의료센터 서울점	✅ 본 채널에서는 진료 예약과 입원 환자 사진·안내를 받아보실 수 있습니다. (14:00~16:00, 1회)

📌 다만, 진료·증상 상담은 채널에서 진행하지 않으며, 내원 시 의료진과 직접 상담 부탁드립니다.

더 나은 진료 서비스를 위해 최선을 다하겠습니다. 감사합니다.
11036	왕치즈	2026-08-13 16:46:09	ky	동영상
11036	왕치즈	2026-08-13 16:46:09	SD동물의료센터 서울점	채팅 운영시간 안내
11036	왕치즈	2026-08-13 16:46:09	SD동물의료센터 서울점	✅ 본 채널에서는 진료 예약과 입원 환자 사진·안내를 받아보실 수 있습니다. (14:00~16:00, 1회)

📌 다만, 진료·증상 상담은 채널에서 진행하지 않으며, 내원 시 의료진과 직접 상담 부탁드립니다.

더 나은 진료 서비스를 위해 최선을 다하겠습니다. 감사합니다.
11036	왕치즈	2026-08-13 16:46:21	ky	아직 다리를 저는 듯하게 걷는게 있어서 지금 단계에서 별 문제 없는지 확인차 문의입니다 

고양이 이름 왕치즈 
보호자 이름 양규연
11036	왕치즈	2026-08-13 16:46:21	SD동물의료센터 서울점	채팅 운영시간 안내
11043	밍크	2026-07-26 10:45:27	SD동물의료센터 서울점	'SD동물의료센터 서울점' 채널을 추가해 주셔서 감사합니다.
앞으로 다양한 소식과 혜택/정보를 메시지로 받으실 수 있습니다.

채널 추가 일시(한국시간 기준): 2026년 07월 26일 10:45 
수신거부: 홈>채널 차단
11043	밍크	2026-07-26 10:45:28	SD동물의료센터 서울점	'SD동물의료센터 서울점' 카카오톡채널을 추가해주셔서 감사합니다.
앞으로 우리병원의 다양한 소식과 혜택/정보를 채널 메세지로 받아보실 수 있습니다.

* 응급상황의 경우, 대표번호를 통해 전화상담 부탁드립니다.

📞 02-2039-0303
11043	밍크	2026-07-26 10:47:32	♡•‿•♡	동영상
11043	밍크	2026-07-26 10:47:32	SD동물의료센터 서울점	채팅 운영시간 안내
11043	밍크	2026-07-26 10:47:32	SD동물의료센터 서울점	✅ 본 채널에서는 진료 예약과 입원 환자 사진·안내를 받아보실 수 있습니다. (14:00~16:00, 1회)

📌 다만, 진료·증상 상담은 채널에서 진행하지 않으며, 내원 시 의료진과 직접 상담 부탁드립니다.

더 나은 진료 서비스를 위해 최선을 다하겠습니다. 감사합니다.
11043	밍크	2026-07-26 10:47:42	SD동물의료센터 서울점	채팅 운영시간 안내
11043	밍크	2026-07-26 10:47:42	SD동물의료센터 서울점	✅ 본 채널에서는 진료 예약과 입원 환자 사진·안내를 받아보실 수 있습니다. (14:00~16:00, 1회)

📌 다만, 진료·증상 상담은 채널에서 진행하지 않으며, 내원 시 의료진과 직접 상담 부탁드립니다.

더 나은 진료 서비스를 위해 최선을 다하겠습니다. 감사합니다.
11043	밍크	2026-07-26 10:47:42	♡•‿•♡	동영상
11043	밍크	2026-07-26 16:39:05	SD동물의료센터 서울점	안녕하세요 보호자님

입원 및 면회 관련 안내사항 보내드립니다.
이용에 불편함 없으시도록 참고 부탁드립니다. :)

▶ https://blog.naver.com/sdamc00/223842908205


◎ 우리 병원은 아픈 반려동물의 빠른 회복을 최우선으로 최선의 진료를 시행합니다. ◎

""예상치 못한 응급 상황이나 피치 못할 중환자 관리로 인해 대기 시간이 길어질 수 있는 점""
미리 양해 말씀드리며 너그럽게 양해 부탁드립니다.

보호자분의 따뜻한 배려 늘 감사합니다. :)
11043	밍크	2026-07-26 22:07:12	SD동물의료센터 서울점	사진
11043	밍크	2026-07-26 22:07:15	SD동물의료센터 서울점	안녕하세요 밍크 보호자님! 밍크 수술 완료 되어 현재 입원장 안에서 산소 처치 받으며 마취 회복 중에 있습니다. 사진 보내드려요! 감사합니다 :)
11043	밍크	2026-07-26 22:08:43	♡•‿•♡	감사합니다.. 잘 부탁드립니다 🙏🏻
11043	밍크	2026-07-26 22:08:43	SD동물의료센터 서울점	채팅 운영시간 안내
11043	밍크	2026-07-26 22:08:43	SD동물의료센터 서울점	✅ 본 채널에서는 진료 예약과 입원 환자 사진·안내를 받아보실 수 있습니다. (14:00~16:00, 1회)

📌 다만, 진료·증상 상담은 채널에서 진행하지 않으며, 내원 시 의료진과 직접 상담 부탁드립니다.

더 나은 진료 서비스를 위해 최선을 다하겠습니다. 감사합니다.
11043	밍크	2026-07-27 14:22:16	SD동물의료센터 서울점	사진
11043	밍크	2026-07-27 14:22:21	SD동물의료센터 서울점	동영상
11043	밍크	2026-07-27 14:22:21	SD동물의료센터 서울점	동영상
11043	밍크	2026-07-27 14:22:23	SD동물의료센터 서울점	안녕하세요 밍크 보호자님~ 밍크는 오늘 오전 식이 잘먹었고 소변은 소변줄을 통하여 잘나오고 있습니다. 현재는 입원장에서 수액을 맞으며 휴식을 취하고 있습니다. 사진 및 영상 보내드려요 :)
11043	밍크	2026-07-27 14:29:57	♡•‿•♡	밥 너무 잘 먹네요 !! ㅎㅎ 감사합니다
11043	밍크	2026-07-27 14:29:57	SD동물의료센터 서울점	채팅 운영시간 안내
11043	밍크	2026-07-27 14:29:57	SD동물의료센터 서울점	✅ 본 채널에서는 진료 예약과 입원 환자 사진·안내를 받아보실 수 있습니다. (14:00~16:00, 1회)

📌 다만, 진료·증상 상담은 채널에서 진행하지 않으며, 내원 시 의료진과 직접 상담 부탁드립니다.

더 나은 진료 서비스를 위해 최선을 다하겠습니다. 감사합니다.
11043	밍크	2026-07-27 15:24:28	♡•‿•♡	대변은 아직 못했죠?
11043	밍크	2026-07-27 15:24:28	SD동물의료센터 서울점	채팅 운영시간 안내
11043	밍크	2026-07-27 15:24:28	SD동물의료센터 서울점	✅ 본 채널에서는 진료 예약과 입원 환자 사진·안내를 받아보실 수 있습니다. (14:00~16:00, 1회)

📌 다만, 진료·증상 상담은 채널에서 진행하지 않으며, 내원 시 의료진과 직접 상담 부탁드립니다.

더 나은 진료 서비스를 위해 최선을 다하겠습니다. 감사합니다.
11043	밍크	2026-07-28 14:00:27	SD동물의료센터 서울점	(광고)7월의 SD링크가 도착했어요.
11043	밍크	2026-07-28 15:16:04	SD동물의료센터 서울점	사진
11043	밍크	2026-07-28 15:16:08	SD동물의료센터 서울점	동영상
11043	밍크	2026-07-28 15:16:16	SD동물의료센터 서울점	안녕하세요 밍크 보호자님~ 밍크는 오늘 오전 식이 절반정도 먹었고 소변은 소변줄을 통하여 잘나오고 있습니다. 대변은 아직 보지않았습니다. 현재는 입원장에서 수액을 맞으며 휴식을 취하고 있습니다. 사진 및 영상 보내드려요 :)
11043	밍크	2026-07-28 15:32:06	♡•‿•♡	네 ~ 감사합니다
11043	밍크	2026-07-28 15:32:06	SD동물의료센터 서울점	채팅 운영시간 안내
11043	밍크	2026-07-28 15:32:06	SD동물의료센터 서울점	✅ 본 채널에서는 진료 예약과 입원 환자 사진·안내를 받아보실 수 있습니다. (14:00~16:00, 1회)

📌 다만, 진료·증상 상담은 채널에서 진행하지 않으며, 내원 시 의료진과 직접 상담 부탁드립니다.

더 나은 진료 서비스를 위해 최선을 다하겠습니다. 감사합니다.
11043	밍크	2026-07-29 20:49:36	SD동물의료센터 서울점	사진
11043	밍크	2026-07-29 20:49:47	SD동물의료센터 서울점	안녕하세요 밍크보호자님 밍크 수술끝나고 본원으로 와서 수액 맞으며 휴식하고 있습니다 밍크 사진 보내드리겠습니다 감사합니다
11043	밍크	2026-07-29 20:51:01	♡•‿•♡	감사합니다..
11043	밍크	2026-07-29 20:51:01	SD동물의료센터 서울점	채팅 운영시간 안내
11043	밍크	2026-07-29 20:51:01	SD동물의료센터 서울점	✅ 본 채널에서는 진료 예약과 입원 환자 사진·안내를 받아보실 수 있습니다. (14:00~16:00, 1회)

📌 다만, 진료·증상 상담은 채널에서 진행하지 않으며, 내원 시 의료진과 직접 상담 부탁드립니다.

더 나은 진료 서비스를 위해 최선을 다하겠습니다. 감사합니다.
11043	밍크	2026-07-30 13:41:17	SD동물의료센터 서울점	사진
11043	밍크	2026-07-30 13:41:21	SD동물의료센터 서울점	동영상
11043	밍크	2026-07-30 13:41:39	SD동물의료센터 서울점	안녕하세요 밍크 보호자님 밍크는 금일 준비한 아침밥을 남겼고,소변은 현재 뇨줄을 통해 보고있으며 대변은 아직 입니다. 현재는 입원장에서 수액처치를 받으며 안정을 취하는 중입니다. 밍크 사진이랑 영상 보내드릴게요 감사합니다
11043	밍크	2026-07-30 13:43:12	♡•‿•♡	대변은 원래 이렇게 오랫동안 놓지못하나요?ㅠㅠ
11043	밍크	2026-07-30 13:43:12	SD동물의료센터 서울점	채팅 운영시간 안내
11043	밍크	2026-07-30 13:43:12	SD동물의료센터 서울점	✅ 본 채널에서는 진료 예약과 입원 환자 사진·안내를 받아보실 수 있습니다. (14:00~16:00, 1회)

📌 다만, 진료·증상 상담은 채널에서 진행하지 않으며, 내원 시 의료진과 직접 상담 부탁드립니다.

더 나은 진료 서비스를 위해 최선을 다하겠습니다. 감사합니다.
11043	밍크	2026-07-30 13:46:31	♡•‿•♡	눈동자는 원래 정상적인 눈동자로 다시 돌아오는거 맞죠??
11043	밍크	2026-07-30 13:46:31	SD동물의료센터 서울점	채팅 운영시간 안내
11043	밍크	2026-07-30 13:46:31	SD동물의료센터 서울점	✅ 본 채널에서는 진료 예약과 입원 환자 사진·안내를 받아보실 수 있습니다. (14:00~16:00, 1회)

📌 다만, 진료·증상 상담은 채널에서 진행하지 않으며, 내원 시 의료진과 직접 상담 부탁드립니다.

더 나은 진료 서비스를 위해 최선을 다하겠습니다. 감사합니다.
11043	밍크	2026-07-30 13:47:40	SD동물의료센터 서울점	채팅 운영시간 안내
11043	밍크	2026-07-30 13:47:40	SD동물의료센터 서울점	✅ 본 채널에서는 진료 예약과 입원 환자 사진·안내를 받아보실 수 있습니다. (14:00~16:00, 1회)

📌 다만, 진료·증상 상담은 채널에서 진행하지 않으며, 내원 시 의료진과 직접 상담 부탁드립니다.

더 나은 진료 서비스를 위해 최선을 다하겠습니다. 감사합니다.
11043	밍크	2026-07-30 13:47:40	♡•‿•♡	계속 하얀 상태로 쭉 가는건 아니죠? ㅠㅠ
11043	밍크	2026-07-31 13:55:16	SD동물의료센터 서울점	사진
11043	밍크	2026-07-31 13:55:22	SD동물의료센터 서울점	동영상
11043	밍크	2026-07-31 13:55:26	SD동물의료센터 서울점	안녕하세요 밍크 보호자님! 밍크는 금일 준비한 아침밥을 잘 먹어주었고, 소변은 뇨줄을 통해 보고 있고 대변은 아직 입니다. 현재는 입원장에서 수액처치를 받으며 안정을 취하는 중입니다. 밍크 사진이랑 영상 보내드릴게요 감사합니다!
11043	밍크	2026-07-31 13:57:27	♡•‿•♡	네.. 에휴 너무 우울해보이고 힘들어보이네요 .. ㅠㅠ밥을 그래도 먹었다니 다행이에요 잘 부탁드립니다~
11043	밍크	2026-07-31 13:57:27	SD동물의료센터 서울점	채팅 운영시간 안내
11043	밍크	2026-07-31 13:57:27	SD동물의료센터 서울점	✅ 본 채널에서는 진료 예약과 입원 환자 사진·안내를 받아보실 수 있습니다. (14:00~16:00, 1회)

📌 다만, 진료·증상 상담은 채널에서 진행하지 않으며, 내원 시 의료진과 직접 상담 부탁드립니다.

더 나은 진료 서비스를 위해 최선을 다하겠습니다. 감사합니다.
11043	밍크	2026-07-31 15:04:01	♡•‿•♡	토요일에 밍크 면회 가려고 하는데 원장님 진료도 같이 볼 수 있을까요~?
11043	밍크	2026-07-31 15:04:01	SD동물의료센터 서울점	채팅 운영시간 안내
11043	밍크	2026-07-31 15:04:01	SD동물의료센터 서울점	✅ 본 채널에서는 진료 예약과 입원 환자 사진·안내를 받아보실 수 있습니다. (14:00~16:00, 1회)

📌 다만, 진료·증상 상담은 채널에서 진행하지 않으며, 내원 시 의료진과 직접 상담 부탁드립니다.

더 나은 진료 서비스를 위해 최선을 다하겠습니다. 감사합니다.
11043	밍크	2026-07-31 16:34:48	SD동물의료센터 서울점	안녕하세요 밍크보호자님
주치의선생님은 토요일 휴진일이시고, 
상담예약 원하시는 경우 8/2(일)으로 예약 가능하십니다. 
언제로 도와드릴까요?
11043	밍크	2026-07-31 16:45:50	♡•‿•♡	일요일에 12시 가능할까요?
11043	밍크	2026-07-31 16:45:50	SD동물의료센터 서울점	채팅 운영시간 안내
11043	밍크	2026-07-31 16:45:50	SD동물의료센터 서울점	✅ 본 채널에서는 진료 예약과 입원 환자 사진·안내를 받아보실 수 있습니다. (14:00~16:00, 1회)

📌 다만, 진료·증상 상담은 채널에서 진행하지 않으며, 내원 시 의료진과 직접 상담 부탁드립니다.

더 나은 진료 서비스를 위해 최선을 다하겠습니다. 감사합니다.
11043	밍크	2026-07-31 16:55:08	SD동물의료센터 서울점	12시에는 진료예약이 있으셔서, 혹시 오후5시는 어려우실까요?
11043	밍크	2026-07-31 17:16:52	♡•‿•♡	5시로 해주세요 그때 갈게요!
11043	밍크	2026-07-31 17:16:52	SD동물의료센터 서울점	채팅 운영시간 안내
11043	밍크	2026-07-31 17:16:52	SD동물의료센터 서울점	✅ 본 채널에서는 진료 예약과 입원 환자 사진·안내를 받아보실 수 있습니다. (14:00~16:00, 1회)

📌 다만, 진료·증상 상담은 채널에서 진행하지 않으며, 내원 시 의료진과 직접 상담 부탁드립니다.

더 나은 진료 서비스를 위해 최선을 다하겠습니다. 감사합니다.
11043	밍크	2026-07-31 17:19:53	SD동물의료센터 서울점	네 밍크보호자님
26/08/02(일) 17:00 예약 도와드렸습니다.
감사합니다!
11043	밍크	2026-08-01 13:41:41	SD동물의료센터 서울점	사진
11043	밍크	2026-08-01 13:41:46	SD동물의료센터 서울점	동영상
11043	밍크	2026-08-01 13:41:50	SD동물의료센터 서울점	안녕하세요 밍크 보호자님! 밍크는 오늘 아침 식이 잘 먹어주었으며 소변은 뇨줄을 통해 배출 중에 있고 대변도 보았습니다. 입원장 안에서 수액 맞으면서 휴식 중인 영상과 함께 사진 보내드려요! 감사합니다 :)
11043	밍크	2026-08-01 13:42:50	♡•‿•♡	감사합니다 ~
11043	밍크	2026-08-01 13:42:50	SD동물의료센터 서울점	채팅 운영시간 안내
11043	밍크	2026-08-01 13:42:50	SD동물의료센터 서울점	✅ 본 채널에서는 진료 예약과 입원 환자 사진·안내를 받아보실 수 있습니다. (14:00~16:00, 1회)

📌 다만, 진료·증상 상담은 채널에서 진행하지 않으며, 내원 시 의료진과 직접 상담 부탁드립니다.

더 나은 진료 서비스를 위해 최선을 다하겠습니다. 감사합니다.
11043	밍크	2026-08-02 13:31:58	SD동물의료센터 서울점	사진
11043	밍크	2026-08-02 13:32:01	SD동물의료센터 서울점	동영상
11043	밍크	2026-08-02 13:32:08	SD동물의료센터 서울점	안녕하세요 밍크 보호자님! 밍크는 오늘 아침 식이 스스로 절반 이상 먹어주었으며 소변은 뇨줄을 통해 배출 중입니다. 입원장 안에서 수액 맞으면서 휴식 중인 영상과 함께 사진 보내드려요! 감사합니다 :)
11043	밍크	2026-08-02 13:35:31	♡•‿•♡	감사합니다
11043	밍크	2026-08-02 13:35:31	SD동물의료센터 서울점	채팅 운영시간 안내
11043	밍크	2026-08-02 13:35:31	SD동물의료센터 서울점	✅ 본 채널에서는 진료 예약과 입원 환자 사진·안내를 받아보실 수 있습니다. (14:00~16:00, 1회)

📌 다만, 진료·증상 상담은 채널에서 진행하지 않으며, 내원 시 의료진과 직접 상담 부탁드립니다.

더 나은 진료 서비스를 위해 최선을 다하겠습니다. 감사합니다.
11043	밍크	2026-08-03 14:04:43	SD동물의료센터 서울점	사진
11043	밍크	2026-08-03 14:04:46	SD동물의료센터 서울점	동영상
11043	밍크	2026-08-03 14:04:56	SD동물의료센터 서울점	안녕하세요 밍크 보호자님~ 밍크는 오늘 오전 식이 잘먹었고 대변도 잘보았습니다. 소변은 소변줄을 통하여 잘나오고 있습니다. 현재는 입원장에서 수액을 맞으며 휴식을 취하고 있습니다. 사진 및 영상 보내드려요 :)
11043	밍크	2026-08-03 14:06:17	♡•‿•♡	감사합니다~  소변줄은 언제 제거할까요?!
11043	밍크	2026-08-03 14:06:17	SD동물의료센터 서울점	채팅 운영시간 안내
11043	밍크	2026-08-03 14:06:17	SD동물의료센터 서울점	✅ 본 채널에서는 진료 예약과 입원 환자 사진·안내를 받아보실 수 있습니다. (14:00~16:00, 1회)

📌 다만, 진료·증상 상담은 채널에서 진행하지 않으며, 내원 시 의료진과 직접 상담 부탁드립니다.

더 나은 진료 서비스를 위해 최선을 다하겠습니다. 감사합니다.
11043	밍크	2026-08-04 14:18:42	SD동물의료센터 서울점	사진
11043	밍크	2026-08-04 14:18:45	SD동물의료센터 서울점	동영상
11043	밍크	2026-08-04 14:18:51	SD동물의료센터 서울점	안녕하세요 밍크 보호자님~ 밍크는 오늘 오전 식이 절반정도 먹었고 소변줄은 오전에 제거한후 아직 뇨는 보지않았습니다.현재는 입원장에서 수액을 맞으며 모니터링 중입니다. 사진 및 영상 보내드려요 :)
11043	밍크	2026-08-04 14:21:04	♡•‿•♡	네 감사합니다 !
11043	밍크	2026-08-04 14:21:04	SD동물의료센터 서울점	채팅 운영시간 안내
11043	밍크	2026-08-04 14:21:04	SD동물의료센터 서울점	✅ 본 채널에서는 진료 예약과 입원 환자 사진·안내를 받아보실 수 있습니다. (14:00~16:00, 1회)

📌 다만, 진료·증상 상담은 채널에서 진행하지 않으며, 내원 시 의료진과 직접 상담 부탁드립니다.

더 나은 진료 서비스를 위해 최선을 다하겠습니다. 감사합니다.
11043	밍크	2026-08-05 13:40:40	SD동물의료센터 서울점	사진
11043	밍크	2026-08-05 13:40:44	SD동물의료센터 서울점	동영상
11043	밍크	2026-08-05 13:40:51	SD동물의료센터 서울점	안녕하세요 밍크 보호자님~ 밍크는 오늘 오전 식이 잘먹었고 대변과 소변 모두 잘보았습니다. 현재는 입원장에서 수액을 맞으며 휴식을 취하고 있습니다. 사진 및 영상 보내드려요 :)
11043	밍크	2026-08-05 14:05:19	♡•‿•♡	감사합니다 !!
11043	밍크	2026-08-05 14:05:19	SD동물의료센터 서울점	채팅 운영시간 안내
11043	밍크	2026-08-05 14:05:19	SD동물의료센터 서울점	✅ 본 채널에서는 진료 예약과 입원 환자 사진·안내를 받아보실 수 있습니다. (14:00~16:00, 1회)

📌 다만, 진료·증상 상담은 채널에서 진행하지 않으며, 내원 시 의료진과 직접 상담 부탁드립니다.

더 나은 진료 서비스를 위해 최선을 다하겠습니다. 감사합니다.
11043	밍크	2026-08-06 14:34:34	SD동물의료센터 서울점	사진
11043	밍크	2026-08-06 14:34:37	SD동물의료센터 서울점	동영상
11043	밍크	2026-08-06 14:34:37	SD동물의료센터 서울점	동영상
11043	밍크	2026-08-06 14:34:43	SD동물의료센터 서울점	안녕하세요 밍크 보호자님~ 밍크는 오늘 오전 식이 절반정도 먹었고 소변도 잘보았습니다. 현재는 입원장에서 휴식을 취하고 있습니다. 사진 및 영상 보내드려요 :)
11043	밍크	2026-08-06 15:58:41	♡•‿•♡	네~ 감사합니다
11043	밍크	2026-08-06 15:58:41	SD동물의료센터 서울점	채팅 운영시간 안내
11043	밍크	2026-08-06 15:58:41	SD동물의료센터 서울점	✅ 본 채널에서는 진료 예약과 입원 환자 사진·안내를 받아보실 수 있습니다. (14:00~16:00, 1회)

📌 다만, 진료·증상 상담은 채널에서 진행하지 않으며, 내원 시 의료진과 직접 상담 부탁드립니다.

더 나은 진료 서비스를 위해 최선을 다하겠습니다. 감사합니다.
11043	밍크	2026-08-07 14:21:15	SD동물의료센터 서울점	사진
11043	밍크	2026-08-07 14:21:19	SD동물의료센터 서울점	동영상
11043	밍크	2026-08-07 14:21:25	SD동물의료센터 서울점	안녕하세요 밍크 보호자님~ 밍크는 오늘 오전 식이 잘먹었고 대변과 소변 모두 잘보았습니다. 현재는 입원장에서 수액을 맞으며 휴식을 취하고 있습니다. 사진 및 영상 보내드려요 :)
11043	밍크	2026-08-07 14:25:35	♡•‿•♡	네~ 감사합니다 혹시 혼자 이제 서있고 걷고 하나요?!!
11043	밍크	2026-08-07 14:25:35	SD동물의료센터 서울점	채팅 운영시간 안내
11043	밍크	2026-08-07 14:25:36	SD동물의료센터 서울점	✅ 본 채널에서는 진료 예약과 입원 환자 사진·안내를 받아보실 수 있습니다. (14:00~16:00, 1회)

📌 다만, 진료·증상 상담은 채널에서 진행하지 않으며, 내원 시 의료진과 직접 상담 부탁드립니다.

더 나은 진료 서비스를 위해 최선을 다하겠습니다. 감사합니다.
11043	밍크	2026-08-07 21:26:14	SD동물의료센터 서울점	사진
11043	밍크	2026-08-07 21:26:15	SD동물의료센터 서울점	동영상
11043	밍크	2026-08-07 21:26:15	SD동물의료센터 서울점	동영상
11043	밍크	2026-08-07 21:26:18	SD동물의료센터 서울점	동영상
11043	밍크	2026-08-07 21:26:44	SD동물의료센터 서울점	안녕하세요 밍크 보호자님! 밍크 어제, 오늘 진행한 재활 사진 및 영상 보내드리며 입원장 안에서 기립하는 모습 함께 보내드립니다! 감사합니다 :)
11043	밍크	2026-08-07 21:28:14	♡•‿•♡	감사합니다 🙏🏻🙏🏻🙏🏻
11043	밍크	2026-08-07 21:28:14	SD동물의료센터 서울점	채팅 운영시간 안내
11043	밍크	2026-08-07 21:28:14	SD동물의료센터 서울점	✅ 본 채널에서는 진료 예약과 입원 환자 사진·안내를 받아보실 수 있습니다. (14:00~16:00, 1회)

📌 다만, 진료·증상 상담은 채널에서 진행하지 않으며, 내원 시 의료진과 직접 상담 부탁드립니다.

더 나은 진료 서비스를 위해 최선을 다하겠습니다. 감사합니다.
11043	밍크	2026-08-08 13:32:52	SD동물의료센터 서울점	사진
11043	밍크	2026-08-08 13:32:56	SD동물의료센터 서울점	동영상
11043	밍크	2026-08-08 13:33:00	SD동물의료센터 서울점	안녕하세요 밍크 보호자님! 밍크는 오늘 아침 식이 스스로 절반 정도 먹어주었고 소변도 잘 보았고 현재는 입원장 안에서 휴식 중에 있습니다. 사진과 함께 영상 보내드려요! 감사합니다 :)
11043	밍크	2026-08-08 13:34:09	♡•‿•♡	감사합니다 ㅎㅎ
11043	밍크	2026-08-08 13:34:09	SD동물의료센터 서울점	채팅 운영시간 안내
11043	밍크	2026-08-08 13:34:09	SD동물의료센터 서울점	✅ 본 채널에서는 진료 예약과 입원 환자 사진·안내를 받아보실 수 있습니다. (14:00~16:00, 1회)

📌 다만, 진료·증상 상담은 채널에서 진행하지 않으며, 내원 시 의료진과 직접 상담 부탁드립니다.

더 나은 진료 서비스를 위해 최선을 다하겠습니다. 감사합니다.
11043	밍크	2026-08-09 13:18:43	SD동물의료센터 서울점	사진
11043	밍크	2026-08-09 13:18:46	SD동물의료센터 서울점	동영상
11043	밍크	2026-08-09 13:18:54	SD동물의료센터 서울점	안녕하세요 밍크 보호자님! 밍크는 오늘 아침 식이 스스로 잘 먹어주었고 소변도 잘 보았습니다. 입원장 안에서 휴식 중인 영상과 함께 사진 보내드려요! 감사합니다 :)
11043	밍크	2026-08-09 14:02:31	♡•‿•♡	감사합니다 !!
11043	밍크	2026-08-09 14:02:31	SD동물의료센터 서울점	채팅 운영시간 안내
11043	밍크	2026-08-09 14:02:32	SD동물의료센터 서울점	✅ 본 채널에서는 진료 예약과 입원 환자 사진·안내를 받아보실 수 있습니다. (14:00~16:00, 1회)

📌 다만, 진료·증상 상담은 채널에서 진행하지 않으며, 내원 시 의료진과 직접 상담 부탁드립니다.

더 나은 진료 서비스를 위해 최선을 다하겠습니다. 감사합니다.
11043	밍크	2026-08-10 13:23:20	SD동물의료센터 서울점	사진
11043	밍크	2026-08-10 13:23:22	SD동물의료센터 서울점	동영상
11043	밍크	2026-08-10 13:23:41	SD동물의료센터 서울점	안녕하세요 밍크 보호자님! 밍크는 오늘 아침 식이 스스로 잘 먹어주었고 소변도 잘 보았으며 현재 입원장 안에서 휴식 중에 있습니다. 사진과 함께 영상 보내드려요! 감사합니다 :)
11043	밍크	2026-08-11 14:11:34	SD동물의료센터 서울점	사진
11043	밍크	2026-08-11 14:11:38	SD동물의료센터 서울점	동영상
11043	밍크	2026-08-11 14:11:39	SD동물의료센터 서울점	안녕하세요 밍크 보호자님~ 밍크는 오늘 오전 식이 잘먹었고 소변도 잘보았습니다. 현재는 입원장에서 휴식을 취하고 있습니다. 사진 및 영상 보내드려요 :)
11043	밍크	2026-08-11 14:11:44	♡•‿•♡	감사합니다!!!
11043	밍크	2026-08-11 14:11:44	SD동물의료센터 서울점	채팅 운영시간 안내
11043	밍크	2026-08-11 14:11:44	SD동물의료센터 서울점	✅ 본 채널에서는 진료 예약과 입원 환자 사진·안내를 받아보실 수 있습니다. (14:00~16:00, 1회)

📌 다만, 진료·증상 상담은 채널에서 진행하지 않으며, 내원 시 의료진과 직접 상담 부탁드립니다.

더 나은 진료 서비스를 위해 최선을 다하겠습니다. 감사합니다.
11043	밍크	2026-08-11 14:57:11	♡•‿•♡	밍크 지금 먹이고 있는 약이 디스크랑 안과 관련된 약 둘 다 먹고 있나요?!
11043	밍크	2026-08-11 14:57:11	SD동물의료센터 서울점	채팅 운영시간 안내
11043	밍크	2026-08-11 14:57:11	SD동물의료센터 서울점	✅ 본 채널에서는 진료 예약과 입원 환자 사진·안내를 받아보실 수 있습니다. (14:00~16:00, 1회)

📌 다만, 진료·증상 상담은 채널에서 진행하지 않으며, 내원 시 의료진과 직접 상담 부탁드립니다.

더 나은 진료 서비스를 위해 최선을 다하겠습니다. 감사합니다.
11043	밍크	2026-08-11 15:12:46	SD동물의료센터 서울점	네 보호자님, 현재 주사와 먹는약, 안약 들어가고 있습니다 :)
11043	밍크	2026-08-11 15:13:45	♡•‿•♡	그 주사랑 먹는약이 다 안과관련 약인거죠? 오늘 진료보는 안과에서 여쭤보셔서요 !
11043	밍크	2026-08-11 15:13:45	SD동물의료센터 서울점	채팅 운영시간 안내
11043	밍크	2026-08-11 15:13:45	SD동물의료센터 서울점	✅ 본 채널에서는 진료 예약과 입원 환자 사진·안내를 받아보실 수 있습니다. (14:00~16:00, 1회)

📌 다만, 진료·증상 상담은 채널에서 진행하지 않으며, 내원 시 의료진과 직접 상담 부탁드립니다.

더 나은 진료 서비스를 위해 최선을 다하겠습니다. 감사합니다.
11043	밍크	2026-08-11 15:16:33	SD동물의료센터 서울점	채팅 운영시간 안내
11043	밍크	2026-08-11 15:16:33	SD동물의료센터 서울점	✅ 본 채널에서는 진료 예약과 입원 환자 사진·안내를 받아보실 수 있습니다. (14:00~16:00, 1회)

📌 다만, 진료·증상 상담은 채널에서 진행하지 않으며, 내원 시 의료진과 직접 상담 부탁드립니다.

더 나은 진료 서비스를 위해 최선을 다하겠습니다. 감사합니다.
11043	밍크	2026-08-11 15:16:33	♡•‿•♡	아 죄송해요 디스크 관려해서도 약이 들어가고있다는 말씀이신거죠? 알겠습니다~
11043	밍크	2026-08-11 15:38:27	SD동물의료센터 서울점	네 보호자님, 아이는 5시정도 외출한다고 말씀 드려놨습니다 :)
11043	밍크	2026-08-11 15:43:23	♡•‿•♡	네 감사합니다~
11043	밍크	2026-08-11 15:43:23	SD동물의료센터 서울점	채팅 운영시간 안내
11043	밍크	2026-08-11 15:43:23	SD동물의료센터 서울점	✅ 본 채널에서는 진료 예약과 입원 환자 사진·안내를 받아보실 수 있습니다. (14:00~16:00, 1회)

📌 다만, 진료·증상 상담은 채널에서 진행하지 않으며, 내원 시 의료진과 직접 상담 부탁드립니다.

더 나은 진료 서비스를 위해 최선을 다하겠습니다. 감사합니다.
11043	밍크	2026-08-11 21:27:26	SD동물의료센터 서울점	안녕하세요 밍크 보호자님, 문의주셨던 목욕은 당분간은 허리와 눈때문에라도 안하는게 좋을것 같다고 하셨습니다. 우선 다음 재활 내원 전 까지는 목욕은 삼가주세요 :) 감사합니다 !
11043	밍크	2026-08-11 21:36:39	♡•‿•♡	네~!
11043	밍크	2026-08-11 21:36:39	SD동물의료센터 서울점	채팅 운영시간 안내
11043	밍크	2026-08-11 21:36:39	SD동물의료센터 서울점	✅ 본 채널에서는 진료 예약과 입원 환자 사진·안내를 받아보실 수 있습니다. (14:00~16:00, 1회)

📌 다만, 진료·증상 상담은 채널에서 진행하지 않으며, 내원 시 의료진과 직접 상담 부탁드립니다.

더 나은 진료 서비스를 위해 최선을 다하겠습니다. 감사합니다.
11043	밍크	2026-08-11 21:36:41	♡•‿•♡	감사합니다
11043	밍크	2026-08-11 21:36:42	SD동물의료센터 서울점	채팅 운영시간 안내
11043	밍크	2026-08-11 21:36:42	SD동물의료센터 서울점	✅ 본 채널에서는 진료 예약과 입원 환자 사진·안내를 받아보실 수 있습니다. (14:00~16:00, 1회)

📌 다만, 진료·증상 상담은 채널에서 진행하지 않으며, 내원 시 의료진과 직접 상담 부탁드립니다.

더 나은 진료 서비스를 위해 최선을 다하겠습니다. 감사합니다.
11043	밍크	2026-08-12 00:45:30	♡•‿•♡	밍크 가루약도 같이 왔는데 이것도 아침 저녁으로 먹여야하는건가여?!
11043	밍크	2026-08-12 00:45:30	SD동물의료센터 서울점	채팅 운영시간 안내
11043	밍크	2026-08-12 00:45:30	SD동물의료센터 서울점	✅ 본 채널에서는 진료 예약과 입원 환자 사진·안내를 받아보실 수 있습니다. (14:00~16:00, 1회)

📌 다만, 진료·증상 상담은 채널에서 진행하지 않으며, 내원 시 의료진과 직접 상담 부탁드립니다.

더 나은 진료 서비스를 위해 최선을 다하겠습니다. 감사합니다.
11043	밍크	2026-08-12 10:55:35	SD동물의료센터 서울점	안녕하세요 보호자님, 밍크 약 하루 2회 먹여주시면 되고 아침 저녁으로 복용해주시면 됩니다. 감사합니다 :)
11043	밍크	2026-08-12 10:59:36	SD동물의료센터 서울점	**유선상 안내드렸듯이 아파할 때 상비약으로 복용해주세요. 감사합니다!
11043	밍크	2026-08-12 11:40:18	♡•‿•♡	네 감사합니다~!
11043	밍크	2026-08-12 11:40:18	SD동물의료센터 서울점	채팅 운영시간 안내
11045	초코	2026-07-25 10:14:28	SD동물의료센터 서울점	'SD동물의료센터 서울점' 채널을 추가해 주셔서 감사합니다.
앞으로 다양한 소식과 혜택/정보를 메시지로 받으실 수 있습니다.

채널 추가 일시(한국시간 기준): 2026년 07월 25일 10:14 
수신거부: 홈>채널 차단
11045	초코	2026-07-25 10:14:28	SD동물의료센터 서울점	'SD동물의료센터 서울점' 카카오톡채널을 추가해주셔서 감사합니다.
앞으로 우리병원의 다양한 소식과 혜택/정보를 채널 메세지로 받아보실 수 있습니다.

* 응급상황의 경우, 대표번호를 통해 전화상담 부탁드립니다.

📞 02-2039-0303
11045	초코	2026-07-25 10:14:37	슬빈	이초코
11045	초코	2026-07-25 10:14:37	SD동물의료센터 서울점	채팅 운영시간 안내
11045	초코	2026-07-25 10:14:37	SD동물의료센터 서울점	✅ 본 채널에서는 진료 예약과 입원 환자 사진·안내를 받아보실 수 있습니다. (14:00~16:00, 1회)

📌 다만, 진료·증상 상담은 채널에서 진행하지 않으며, 내원 시 의료진과 직접 상담 부탁드립니다.

더 나은 진료 서비스를 위해 최선을 다하겠습니다. 감사합니다.
11045	초코	2026-07-25 10:23:09	SD동물의료센터 서울점	안녕하세요 보호자님

입원 및 면회 관련 안내사항 보내드립니다.
이용에 불편함 없으시도록 참고 부탁드립니다. :)

▶ https://blog.naver.com/sdamc00/223842908205


◎ 우리 병원은 아픈 반려동물의 빠른 회복을 최우선으로 최선의 진료를 시행합니다. ◎

""예상치 못한 응급 상황이나 피치 못할 중환자 관리로 인해 대기 시간이 길어질 수 있는 점""
미리 양해 말씀드리며 너그럽게 양해 부탁드립니다.

보호자분의 따뜻한 배려 늘 감사합니다. :)
11045	초코	2026-07-25 13:35:44	SD동물의료센터 서울점	이슬빈_초코_수술마취검사동의서.pdf
11045	초코	2026-07-25 14:09:06	슬빈	사진
11045	초코	2026-07-25 14:09:06	SD동물의료센터 서울점	채팅 운영시간 안내
11045	초코	2026-07-25 14:09:06	SD동물의료센터 서울점	✅ 본 채널에서는 진료 예약과 입원 환자 사진·안내를 받아보실 수 있습니다. (14:00~16:00, 1회)

📌 다만, 진료·증상 상담은 채널에서 진행하지 않으며, 내원 시 의료진과 직접 상담 부탁드립니다.

더 나은 진료 서비스를 위해 최선을 다하겠습니다. 감사합니다.
11045	초코	2026-07-25 14:09:26	슬빈	죄송합니다 잠깐 뭐 하느라 잊어버렸어요🥹 파일 공유가 안 돼서 사진으로 보냅니다
11045	초코	2026-07-25 14:09:26	SD동물의료센터 서울점	채팅 운영시간 안내
11045	초코	2026-07-25 14:09:26	SD동물의료센터 서울점	✅ 본 채널에서는 진료 예약과 입원 환자 사진·안내를 받아보실 수 있습니다. (14:00~16:00, 1회)

📌 다만, 진료·증상 상담은 채널에서 진행하지 않으며, 내원 시 의료진과 직접 상담 부탁드립니다.

더 나은 진료 서비스를 위해 최선을 다하겠습니다. 감사합니다.
11045	초코	2026-07-25 14:14:14	SD동물의료센터 서울점	네 보호자님 감사합니다:)
11045	초코	2026-07-25 14:52:41	SD동물의료센터 서울점	사진
11045	초코	2026-07-25 14:52:45	SD동물의료센터 서울점	동영상
11045	초코	2026-07-25 14:52:53	SD동물의료센터 서울점	초코 보호자님 안녕하세요~ 초코는 오늘 수술 예정으로 아침식이는 금식하였고 현재 입원장에서 수액맞으면서 휴식중입니다. 수술 전후로 연락드릴 예정이며 아이 사진과 영상 같이 보내드릴게요, 감사합니다^^
11045	초코	2026-07-25 15:36:54	SD동물의료센터 서울점	안녕하세요 보호자님 초코 수술시작하여 연락 드렸으나 부재중이셔서 플친 남겨드립니다. 수술끝나고 다시 연락 드리겟습니다. 감사합니다.
11045	초코	2026-07-25 15:45:22	슬빈	계속 전화를 못 받았네요 죄송합니다. 연락 감사합니다 잘 부탁드릴게요☺️🥹
11045	초코	2026-07-25 15:45:22	SD동물의료센터 서울점	채팅 운영시간 안내
11045	초코	2026-07-25 15:45:22	SD동물의료센터 서울점	✅ 본 채널에서는 진료 예약과 입원 환자 사진·안내를 받아보실 수 있습니다. (14:00~16:00, 1회)

📌 다만, 진료·증상 상담은 채널에서 진행하지 않으며, 내원 시 의료진과 직접 상담 부탁드립니다.

더 나은 진료 서비스를 위해 최선을 다하겠습니다. 감사합니다.
11045	초코	2026-07-25 18:16:18	슬빈	안녕하세요 선생님 이초코 보호자입니다. 조금 전에 원장님과 통화했는데 이초코 조직검사 결과를 알려드리기로 해서요. 악성 유성종양 1기라고 전달부탁드릴게요! 감사합니다🥹
11045	초코	2026-07-25 18:16:18	SD동물의료센터 서울점	채팅 운영시간 안내
11045	초코	2026-07-25 18:16:18	SD동물의료센터 서울점	✅ 본 채널에서는 진료 예약과 입원 환자 사진·안내를 받아보실 수 있습니다. (14:00~16:00, 1회)

📌 다만, 진료·증상 상담은 채널에서 진행하지 않으며, 내원 시 의료진과 직접 상담 부탁드립니다.

더 나은 진료 서비스를 위해 최선을 다하겠습니다. 감사합니다.
11045	초코	2026-07-25 18:50:15	SD동물의료센터 서울점	안녕하세요 보호자님 주치의선생님께 아이 내용 전달드리겠습니다 감사합니다
11045	초코	2026-07-26 14:18:56	SD동물의료센터 서울점	사진
11045	초코	2026-07-26 14:18:59	SD동물의료센터 서울점	동영상
11045	초코	2026-07-26 14:19:00	SD동물의료센터 서울점	동영상
11045	초코	2026-07-26 14:19:07	SD동물의료센터 서울점	안녕하세요 초코 보호자님! 초코는 오늘 아침 식이 스스로 절반 정도 먹어주었고 대변도 보았습니다. 스스로 먹어주는 모습과 함께 입원장 안에서 수액 맞으며 휴식 중인 영상 및 사진 보내드립니다! 감사합니다 :)
11045	초코	2026-07-26 14:30:00	슬빈	잘 돌봐주셔서 감사합니다 사진 감사해요🥹💗
11045	초코	2026-07-26 14:30:00	SD동물의료센터 서울점	채팅 운영시간 안내
11045	초코	2026-07-26 14:30:00	SD동물의료센터 서울점	✅ 본 채널에서는 진료 예약과 입원 환자 사진·안내를 받아보실 수 있습니다. (14:00~16:00, 1회)

📌 다만, 진료·증상 상담은 채널에서 진행하지 않으며, 내원 시 의료진과 직접 상담 부탁드립니다.

더 나은 진료 서비스를 위해 최선을 다하겠습니다. 감사합니다.
11045	초코	2026-07-27 14:09:23	슬빈	안녕하세요. 이초코 보호자 이슬빈입니다. 혹시 오늘 6시 30분쯤 이초코 면회 가도 될까요?
11045	초코	2026-07-27 14:09:23	SD동물의료센터 서울점	채팅 운영시간 안내
11045	초코	2026-07-27 14:09:24	SD동물의료센터 서울점	✅ 본 채널에서는 진료 예약과 입원 환자 사진·안내를 받아보실 수 있습니다. (14:00~16:00, 1회)

📌 다만, 진료·증상 상담은 채널에서 진행하지 않으며, 내원 시 의료진과 직접 상담 부탁드립니다.

더 나은 진료 서비스를 위해 최선을 다하겠습니다. 감사합니다.
11045	초코	2026-07-27 14:10:23	SD동물의료센터 서울점	✅ 본 채널에서는 진료 예약과 입원 환자 사진·안내를 받아보실 수 있습니다. (14:00~16:00, 1회)

📌 다만, 진료·증상 상담은 채널에서 진행하지 않으며, 내원 시 의료진과 직접 상담 부탁드립니다.

더 나은 진료 서비스를 위해 최선을 다하겠습니다. 감사합니다.
11045	초코	2026-07-27 14:10:23	슬빈	아니면 오늘 퇴원 가능하면 오늘 데려가고 싶어요🥹
11045	초코	2026-07-27 14:10:23	SD동물의료센터 서울점	채팅 운영시간 안내
11045	초코	2026-07-27 14:20:52	SD동물의료센터 서울점	사진
11045	초코	2026-07-27 14:20:57	SD동물의료센터 서울점	동영상
11045	초코	2026-07-27 14:20:57	SD동물의료센터 서울점	동영상
11045	초코	2026-07-27 14:21:02	SD동물의료센터 서울점	안녕하세요 초코 보호자님~ 초코는 오늘 오전 식이 소량 먹었고 소변도 잘보았습니다. 현재는 입원장에서 수액을 맞으며 휴식을 취하고 있습니다. 사진 및 영상 보내드려요 :)
11045	초코	2026-07-27 14:21:11	SD동물의료센터 서울점	금일 아이 퇴원은 따로 말씀없음셨으며, 18:30 내원 시 면회 가능합니다
11045	초코	2026-07-28 09:35:51	슬빈	6시10분으로 부탁드릴게요 이초코 보호자 이슬빈입니다
11045	초코	2026-07-28 09:35:51	SD동물의료센터 서울점	채팅 운영시간 안내
11045	초코	2026-07-28 09:35:51	SD동물의료센터 서울점	✅ 본 채널에서는 진료 예약과 입원 환자 사진·안내를 받아보실 수 있습니다. (14:00~16:00, 1회)

📌 다만, 진료·증상 상담은 채널에서 진행하지 않으며, 내원 시 의료진과 직접 상담 부탁드립니다.

더 나은 진료 서비스를 위해 최선을 다하겠습니다. 감사합니다.
11045	초코	2026-07-28 14:00:27	SD동물의료센터 서울점	(광고)7월의 SD링크가 도착했어요.
11045	초코	2026-07-28 14:57:57	SD동물의료센터 서울점	사진
11045	초코	2026-07-28 14:58:01	SD동물의료센터 서울점	동영상
11045	초코	2026-07-28 14:58:07	SD동물의료센터 서울점	안녕하세요 초코 보호자님~ 초코는 오늘 오전 식이는 소량 먹었고 대변과 소변은 잘보았습니다. 현재는 입원장에서 수액을 맞으며 휴식을 취하고 있습니다. 사진 및 영상 보내드려요 :)
11045	초코	2026-07-28 16:33:35	슬빈	감사합니다☺️
11045	초코	2026-07-28 16:33:35	SD동물의료센터 서울점	채팅 운영시간 안내
11045	초코	2026-07-28 16:33:35	SD동물의료센터 서울점	✅ 본 채널에서는 진료 예약과 입원 환자 사진·안내를 받아보실 수 있습니다. (14:00~16:00, 1회)

📌 다만, 진료·증상 상담은 채널에서 진행하지 않으며, 내원 시 의료진과 직접 상담 부탁드립니다.

더 나은 진료 서비스를 위해 최선을 다하겠습니다. 감사합니다.
11045	초코	2026-07-30 20:31:35	슬빈	안녕하세요 방금 방문했던 이초코 보호자 인데요 토요일 2시 반 말고 오전 시간대로 여쭤봐주실 수 있을까요?
11045	초코	2026-07-30 20:31:35	SD동물의료센터 서울점	채팅 운영시간 안내
11045	초코	2026-07-30 20:31:35	SD동물의료센터 서울점	✅ 본 채널에서는 진료 예약과 입원 환자 사진·안내를 받아보실 수 있습니다. (14:00~16:00, 1회)

📌 다만, 진료·증상 상담은 채널에서 진행하지 않으며, 내원 시 의료진과 직접 상담 부탁드립니다.

더 나은 진료 서비스를 위해 최선을 다하겠습니다. 감사합니다.
11045	초코	2026-07-30 20:37:57	SD동물의료센터 서울점	안녕하세요 보호자님.
원장님 진료 제일 빠른시간은 오후 12시입니다.
해당시간으로 확인 도와드릴까요?
11045	초코	2026-07-30 20:38:22	슬빈	네 부탁드릴게요
11045	초코	2026-07-30 20:38:22	SD동물의료센터 서울점	채팅 운영시간 안내
11045	초코	2026-07-30 20:38:23	SD동물의료센터 서울점	✅ 본 채널에서는 진료 예약과 입원 환자 사진·안내를 받아보실 수 있습니다. (14:00~16:00, 1회)

📌 다만, 진료·증상 상담은 채널에서 진행하지 않으며, 내원 시 의료진과 직접 상담 부탁드립니다.

더 나은 진료 서비스를 위해 최선을 다하겠습니다. 감사합니다.
11045	초코	2026-07-30 20:39:38	SD동물의료센터 서울점	네 확인 후 연락 드리도록 하겠습니다^^
11045	초코	2026-07-31 13:37:42	슬빈	네 감사합니다~
11045	초코	2026-07-31 13:37:42	SD동물의료센터 서울점	채팅 운영시간 안내
11045	초코	2026-07-31 13:37:42	SD동물의료센터 서울점	✅ 본 채널에서는 진료 예약과 입원 환자 사진·안내를 받아보실 수 있습니다. (14:00~16:00, 1회)

📌 다만, 진료·증상 상담은 채널에서 진행하지 않으며, 내원 시 의료진과 직접 상담 부탁드립니다.

더 나은 진료 서비스를 위해 최선을 다하겠습니다. 감사합니다.
11045	초코	2026-07-31 13:39:51	SD동물의료센터 서울점	보호자님!
원장님께서 12시 진료 가능하다고 하셔서 오늘은 오후 20시, 내일은 오후 12시로 진료 예약 도와드리겠습니다.
감사합니다. :)
11045	초코	2026-07-31 13:40:22	슬빈	네 감사합니다^^
11045	초코	2026-07-31 13:40:22	SD동물의료센터 서울점	채팅 운영시간 안내
11045	초코	2026-07-31 13:40:22	SD동물의료센터 서울점	✅ 본 채널에서는 진료 예약과 입원 환자 사진·안내를 받아보실 수 있습니다. (14:00~16:00, 1회)

📌 다만, 진료·증상 상담은 채널에서 진행하지 않으며, 내원 시 의료진과 직접 상담 부탁드립니다.

더 나은 진료 서비스를 위해 최선을 다하겠습니다. 감사합니다.
11045	초코	2026-08-03 17:49:07	슬빈	안녕하세요 이초코 보호자 이슬빈입니다. 이초코가 토요일에 배 수술을 했는데 원장님께서 월, 화중 하루 방문하라고 하셨어요. 오늘 가도 되나요? 가도 되면 가능한 시간 알려주세요~ 그리고 안되면 내일 6시 반 이후로 가능한 시간 부탁드릴게요
11045	초코	2026-08-03 17:49:07	SD동물의료센터 서울점	채팅 운영시간 안내
11045	초코	2026-08-03 17:49:07	SD동물의료센터 서울점	✅ 본 채널에서는 진료 예약과 입원 환자 사진·안내를 받아보실 수 있습니다. (14:00~16:00, 1회)

📌 다만, 진료·증상 상담은 채널에서 진행하지 않으며, 내원 시 의료진과 직접 상담 부탁드립니다.

더 나은 진료 서비스를 위해 최선을 다하겠습니다. 감사합니다.
11045	초코	2026-08-03 18:03:17	SD동물의료센터 서울점	확인 후 연락드리겠습니다.
감사합니다.
11045	초코	2026-08-07 16:52:21	슬빈	안녕하세요 이초코 보호자 이슬빈입니다. 오늘 6시 반으로 예약했는데 30분 빨리 가도 되나요?
11045	초코	2026-08-07 16:52:21	SD동물의료센터 서울점	채팅 운영시간 안내
11045	초코	2026-08-07 16:52:21	SD동물의료센터 서울점	✅ 본 채널에서는 진료 예약과 입원 환자 사진·안내를 받아보실 수 있습니다. (14:00~16:00, 1회)

📌 다만, 진료·증상 상담은 채널에서 진행하지 않으며, 내원 시 의료진과 직접 상담 부탁드립니다.

더 나은 진료 서비스를 위해 최선을 다하겠습니다. 감사합니다.
11045	초코	2026-08-07 17:24:50	슬빈	그냥 원래 시간으로 갈게염
11045	초코	2026-08-07 17:24:50	SD동물의료센터 서울점	채팅 운영시간 안내
11062	최토르	2026-07-27 15:15:04	최영옥	토르
11062	최토르	2026-07-27 15:15:04	SD동물의료센터 서울점	채팅 운영시간 안내
11062	최토르	2026-07-27 15:15:04	SD동물의료센터 서울점	✅ 본 채널에서는 진료 예약과 입원 환자 사진·안내를 받아보실 수 있습니다. (14:00~16:00, 1회)

📌 다만, 진료·증상 상담은 채널에서 진행하지 않으며, 내원 시 의료진과 직접 상담 부탁드립니다.

더 나은 진료 서비스를 위해 최선을 다하겠습니다. 감사합니다.
11062	최토르	2026-07-27 15:16:05	SD동물의료센터 서울점	안녕하세요 보호자님

입원 및 면회 관련 안내사항 보내드립니다.
이용에 불편함 없으시도록 참고 부탁드립니다. :)

▶ https://blog.naver.com/sdamc00/223842908205


◎ 우리 병원은 아픈 반려동물의 빠른 회복을 최우선으로 최선의 진료를 시행합니다. ◎

""예상치 못한 응급 상황이나 피치 못할 중환자 관리로 인해 대기 시간이 길어질 수 있는 점""
미리 양해 말씀드리며 너그럽게 양해 부탁드립니다.

보호자분의 따뜻한 배려 늘 감사합니다. :)
11062	최토르	2026-07-27 20:13:53	SD동물의료센터 서울점	사진
11062	최토르	2026-07-27 20:14:07	SD동물의료센터 서울점	안녕하세요 최토르 보호자님! 최토르 수술 마치고 현재 입원장 안에서 산소 처치 받으며 마취 회복 중에 있습니다. 사진 함께 보내드려요! 감사합니다 :)
11062	최토르	2026-07-28 15:17:14	SD동물의료센터 서울점	사진
11062	최토르	2026-07-28 15:17:17	SD동물의료센터 서울점	동영상
11062	최토르	2026-07-28 15:17:18	SD동물의료센터 서울점	안녕하세요 최토르 보호자님~ 최토르는 오늘 오전 식이 잘먹었고 대변과 소변 모두 잘보았습니다. 현재는 입원장에서 휴식을 취하고 있습니다. 사진 및 영상 보내드려요 :)
11062	최토르	2026-07-29 19:06:14	최영옥	사진
11062	최토르	2026-07-29 19:06:14	SD동물의료센터 서울점	채팅 운영시간 안내
11062	최토르	2026-07-29 19:06:14	SD동물의료센터 서울점	✅ 본 채널에서는 진료 예약과 입원 환자 사진·안내를 받아보실 수 있습니다. (14:00~16:00, 1회)

📌 다만, 진료·증상 상담은 채널에서 진행하지 않으며, 내원 시 의료진과 직접 상담 부탁드립니다.

더 나은 진료 서비스를 위해 최선을 다하겠습니다. 감사합니다.
11062	최토르	2026-07-30 15:17:05	SD동물의료센터 서울점	✅ 본 채널에서는 진료 예약과 입원 환자 사진·안내를 받아보실 수 있습니다. (14:00~16:00, 1회)

📌 다만, 진료·증상 상담은 채널에서 진행하지 않으며, 내원 시 의료진과 직접 상담 부탁드립니다.

더 나은 진료 서비스를 위해 최선을 다하겠습니다. 감사합니다.
11062	최토르	2026-07-30 15:17:05	최영옥	사진
11062	최토르	2026-07-30 15:17:05	SD동물의료센터 서울점	채팅 운영시간 안내
11062	최토르	2026-07-30 15:19:42	최영옥	사진
11062	최토르	2026-07-30 15:19:42	SD동물의료센터 서울점	채팅 운영시간 안내
11062	최토르	2026-07-30 15:19:42	SD동물의료센터 서울점	✅ 본 채널에서는 진료 예약과 입원 환자 사진·안내를 받아보실 수 있습니다. (14:00~16:00, 1회)

📌 다만, 진료·증상 상담은 채널에서 진행하지 않으며, 내원 시 의료진과 직접 상담 부탁드립니다.

더 나은 진료 서비스를 위해 최선을 다하겠습니다. 감사합니다.
11062	최토르	2026-07-30 15:21:07	최영옥	사진
11062	최토르	2026-07-30 15:21:07	SD동물의료센터 서울점	채팅 운영시간 안내
11062	최토르	2026-07-30 15:21:07	SD동물의료센터 서울점	✅ 본 채널에서는 진료 예약과 입원 환자 사진·안내를 받아보실 수 있습니다. (14:00~16:00, 1회)

📌 다만, 진료·증상 상담은 채널에서 진행하지 않으며, 내원 시 의료진과 직접 상담 부탁드립니다.

더 나은 진료 서비스를 위해 최선을 다하겠습니다. 감사합니다.
11062	최토르	2026-08-02 19:54:20	최영옥	사진
11062	최토르	2026-08-02 19:54:20	SD동물의료센터 서울점	채팅 운영시간 안내
11062	최토르	2026-08-02 19:54:20	SD동물의료센터 서울점	✅ 본 채널에서는 진료 예약과 입원 환자 사진·안내를 받아보실 수 있습니다. (14:00~16:00, 1회)

📌 다만, 진료·증상 상담은 채널에서 진행하지 않으며, 내원 시 의료진과 직접 상담 부탁드립니다.

더 나은 진료 서비스를 위해 최선을 다하겠습니다. 감사합니다.
11062	최토르	2026-08-06 14:39:56	SD동물의료센터 서울점	사진
11062	최토르	2026-08-06 14:39:59	SD동물의료센터 서울점	동영상
11062	최토르	2026-08-06 14:40:02	SD동물의료센터 서울점	안녕하세요 최토르 보호자님~ 토르는 내원이후 현재 입원장에서 수액을 맞으며 휴식을 취하고 있습니다. 수술전후로 한번더 연락드리겠습니다. 사진 및 영상 보내드려요 :)
11062	최토르	2026-08-06 22:16:33	최영옥	토르 입원해서 호텔링하면 하루에 얼마씩하나요?
11062	최토르	2026-08-06 22:16:33	SD동물의료센터 서울점	채팅 운영시간 안내
11062	최토르	2026-08-06 22:16:33	SD동물의료센터 서울점	✅ 본 채널에서는 진료 예약과 입원 환자 사진·안내를 받아보실 수 있습니다. (14:00~16:00, 1회)

📌 다만, 진료·증상 상담은 채널에서 진행하지 않으며, 내원 시 의료진과 직접 상담 부탁드립니다.

더 나은 진료 서비스를 위해 최선을 다하겠습니다. 감사합니다.
11062	최토르	2026-08-06 22:20:25	SD동물의료센터 서울점	✅ 본 채널에서는 진료 예약과 입원 환자 사진·안내를 받아보실 수 있습니다. (14:00~16:00, 1회)

📌 다만, 진료·증상 상담은 채널에서 진행하지 않으며, 내원 시 의료진과 직접 상담 부탁드립니다.

더 나은 진료 서비스를 위해 최선을 다하겠습니다. 감사합니다.
11062	최토르	2026-08-06 22:29:42	SD동물의료센터 서울점	동영상
11062	최토르	2026-08-06 22:29:43	SD동물의료센터 서울점	안녕하세요 토르 보호자님
토르 술후 현재 영상 보내드립니다. 
현재 마취회복 후 입원장 안에서 수액 맞으며 안정중이며, vital 양호한 양상입니다.
식이는 내일 오전부터 들어갈 예정이며, 야간 중 아이 잘 돌보겠습니다. 감사합니다 :)

넥카라는 아이 술부 보호를 위해 조금 더 큰 사이즈로 착용해두었습니다.
11062	최토르	2026-08-07 09:06:32	최영옥	유튜브 바로가기
11065	두부	2026-07-22 18:47:24	장지혜	안녕하세요. 방금 입원한 고양이 두부 보호자 입니다.
11065	두부	2026-07-22 18:47:25	SD동물의료센터 서울점	채팅 운영시간 안내
11065	두부	2026-07-22 18:47:25	SD동물의료센터 서울점	✅ 본 채널에서는 진료 예약과 입원 환자 사진·안내를 받아보실 수 있습니다. (14:00~16:00, 1회)

📌 다만, 진료·증상 상담은 채널에서 진행하지 않으며, 내원 시 의료진과 직접 상담 부탁드립니다.

더 나은 진료 서비스를 위해 최선을 다하겠습니다. 감사합니다.
11065	두부	2026-07-22 18:47:41	장지혜	두부 수술 잘 부탁드립니다ㅠㅠ 
11065	두부	2026-07-22 18:47:41	SD동물의료센터 서울점	채팅 운영시간 안내
11065	두부	2026-07-22 18:47:41	SD동물의료센터 서울점	✅ 본 채널에서는 진료 예약과 입원 환자 사진·안내를 받아보실 수 있습니다. (14:00~16:00, 1회)

📌 다만, 진료·증상 상담은 채널에서 진행하지 않으며, 내원 시 의료진과 직접 상담 부탁드립니다.

더 나은 진료 서비스를 위해 최선을 다하겠습니다. 감사합니다.
11065	두부	2026-07-22 18:52:47	SD동물의료센터 서울점	안녕하세요 보호자님

입원 및 면회 관련 안내사항 보내드립니다.
이용에 불편함 없으시도록 참고 부탁드립니다. :)

▶ https://blog.naver.com/sdamc00/223842908205


◎ 우리 병원은 아픈 반려동물의 빠른 회복을 최우선으로 최선의 진료를 시행합니다. ◎

""예상치 못한 응급 상황이나 피치 못할 중환자 관리로 인해 대기 시간이 길어질 수 있는 점""
미리 양해 말씀드리며 너그럽게 양해 부탁드립니다.

보호자분의 따뜻한 배려 늘 감사합니다. :)
11065	두부	2026-07-22 18:52:49	SD동물의료센터 서울점	면회 시간 안내 드립니다.

12:00 ~ 12:50 / 17:30 ~ 19:00

1일 2회 (최대 10분 제한)
- 장소 : 원내 처치실 (입원실)

전화 문의 후 내원 
- 예약 및 전화 접수 불가하며 원내 접수 순으로 진행하고 있으며 병원 상황에 따라 대기 생길 수 있는 점 미리 양해 말씀드립니다.

감사합니다. :)
11065	두부	2026-07-22 21:19:04	장지혜	선생님 두부 마취 잘 깼나요?
11065	두부	2026-07-22 21:19:05	SD동물의료센터 서울점	채팅 운영시간 안내
11065	두부	2026-07-22 21:19:05	SD동물의료센터 서울점	✅ 본 채널에서는 진료 예약과 입원 환자 사진·안내를 받아보실 수 있습니다. (14:00~16:00, 1회)

📌 다만, 진료·증상 상담은 채널에서 진행하지 않으며, 내원 시 의료진과 직접 상담 부탁드립니다.

더 나은 진료 서비스를 위해 최선을 다하겠습니다. 감사합니다.
11065	두부	2026-07-22 21:38:03	SD동물의료센터 서울점	'SD동물의료센터 서울점' 채널을 추가해 주셔서 감사합니다.
앞으로 다양한 소식과 혜택/정보를 메시지로 받으실 수 있습니다.

채널 추가 일시(한국시간 기준): 2026년 07월 22일 21:38 
수신거부: 홈>채널 차단
11065	두부	2026-07-22 22:02:58	SD동물의료센터 서울점	사진
11065	두부	2026-07-22 22:02:59	SD동물의료센터 서울점	안녕하세요 두부 보호자님 두부 수술끝났고, 마취도 잘 회복하였습니다 두부사진 보내드리겠습니다 감사합니다
11065	두부	2026-07-22 22:03:31	장지혜	감사합니다!!
11065	두부	2026-07-22 22:03:31	SD동물의료센터 서울점	채팅 운영시간 안내
11065	두부	2026-07-22 22:03:31	SD동물의료센터 서울점	✅ 본 채널에서는 진료 예약과 입원 환자 사진·안내를 받아보실 수 있습니다. (14:00~16:00, 1회)

📌 다만, 진료·증상 상담은 채널에서 진행하지 않으며, 내원 시 의료진과 직접 상담 부탁드립니다.

더 나은 진료 서비스를 위해 최선을 다하겠습니다. 감사합니다.
11065	두부	2026-07-23 08:00:08	SD동물의료센터 서울점	'SD동물의료센터 서울점' 카카오톡채널을 추가해주셔서 감사합니다.
앞으로 우리병원의 다양한 소식과 혜택/정보를 채널 메세지로 받아보실 수 있습니다.

* 응급상황의 경우, 대표번호를 통해 전화상담 부탁드립니다.

📞 02-2039-0303
11065	두부	2026-07-23 10:35:52	장지혜	선생님 방금 두부 상담 받고 나왔는데 수액 다시 잘 맞고 있을까요? 고통스러운지 떨고 있는 모습이 잊혀지질 않아서요ㅠㅠ
11065	두부	2026-07-23 10:35:52	SD동물의료센터 서울점	채팅 운영시간 안내
11065	두부	2026-07-23 10:35:52	SD동물의료센터 서울점	✅ 본 채널에서는 진료 예약과 입원 환자 사진·안내를 받아보실 수 있습니다. (14:00~16:00, 1회)

📌 다만, 진료·증상 상담은 채널에서 진행하지 않으며, 내원 시 의료진과 직접 상담 부탁드립니다.

더 나은 진료 서비스를 위해 최선을 다하겠습니다. 감사합니다.
11065	두부	2026-07-23 15:06:19	SD동물의료센터 서울점	사진
11065	두부	2026-07-23 15:06:24	SD동물의료센터 서울점	동영상
11065	두부	2026-07-23 15:06:25	SD동물의료센터 서울점	안녕하세요 두부 보호자님~ 두부는 오늘 오전 식이는 잘먹지않아서 오후에는 다른 사료로 식이테스트를 해볼예정입니다. 현재는 입원장에서 수액을 맞으며 휴식을 취하고 있습니다. 사진 및 영상 보내드려요 :)
11065	두부	2026-07-23 15:10:44	장지혜	아휴 배고플껀데ㅠㅠ 원래 아파도 잘 먹는아이인데 
11065	두부	2026-07-23 15:10:44	SD동물의료센터 서울점	채팅 운영시간 안내
11065	두부	2026-07-23 15:10:44	SD동물의료센터 서울점	✅ 본 채널에서는 진료 예약과 입원 환자 사진·안내를 받아보실 수 있습니다. (14:00~16:00, 1회)

📌 다만, 진료·증상 상담은 채널에서 진행하지 않으며, 내원 시 의료진과 직접 상담 부탁드립니다.

더 나은 진료 서비스를 위해 최선을 다하겠습니다. 감사합니다.
11065	두부	2026-07-23 15:10:49	장지혜	이번엔 많이 아픈가봐요 ㅠㅠ
11065	두부	2026-07-23 15:10:49	SD동물의료센터 서울점	채팅 운영시간 안내
11065	두부	2026-07-23 15:10:49	SD동물의료센터 서울점	✅ 본 채널에서는 진료 예약과 입원 환자 사진·안내를 받아보실 수 있습니다. (14:00~16:00, 1회)

📌 다만, 진료·증상 상담은 채널에서 진행하지 않으며, 내원 시 의료진과 직접 상담 부탁드립니다.

더 나은 진료 서비스를 위해 최선을 다하겠습니다. 감사합니다.
11065	두부	2026-07-23 20:19:42	장지혜	선생님 두부 ~ 저녁에 먹었을까요?
11065	두부	2026-07-23 20:19:42	SD동물의료센터 서울점	채팅 운영시간 안내
11065	두부	2026-07-23 20:19:42	SD동물의료센터 서울점	✅ 본 채널에서는 진료 예약과 입원 환자 사진·안내를 받아보실 수 있습니다. (14:00~16:00, 1회)

📌 다만, 진료·증상 상담은 채널에서 진행하지 않으며, 내원 시 의료진과 직접 상담 부탁드립니다.

더 나은 진료 서비스를 위해 최선을 다하겠습니다. 감사합니다.
11065	두부	2026-07-23 20:53:56	장지혜	
11065	두부	2026-07-23 20:53:56	SD동물의료센터 서울점(메뉴)	SD동물의료센터 서울점 진료 예약을 위해 아래 내용을 채팅에 남겨주세요.

◼︎ 보호자님 성함 / 연락처
◼︎ 반려동물 이름 / 간단한 증상

* 예약에 필요한 간단한 상담이 진행될 수 있습니다.
* 증상과 관련된 자세한 상담은 진료의 부분으로 예약 후 내원시 수의사 선생님과 상담 가능합니다. 
* 채널 상담은 병원 업무와 동시에 진행되어 원내 상황에 따라 빠른 응대가 어려울 수 있습니다. 

문의사항은 본원 대표전화(02-2039-0303)로 연락부탁드립니다.
11065	두부	2026-07-24 14:07:21	SD동물의료센터 서울점	사진
11065	두부	2026-07-24 14:07:26	SD동물의료센터 서울점	동영상
11065	두부	2026-07-24 14:07:26	SD동물의료센터 서울점	동영상
11065	두부	2026-07-24 14:07:28	SD동물의료센터 서울점	안녕하세요 두부 보호자님~ 두부는 오늘 오전 식이는 소량 먹었고 소변은 잘보았습니다. 현재는 입원장에서 수액을 맞으며 휴식을 취하고 있습니다. 사진 및 영상 보내드려요 :)
11065	두부	2026-07-24 14:10:31	장지혜	감사합니다. 이제 기운이 좀 나려나봐요^^
11065	두부	2026-07-24 14:10:31	SD동물의료센터 서울점	채팅 운영시간 안내
11065	두부	2026-07-24 14:10:31	SD동물의료센터 서울점	✅ 본 채널에서는 진료 예약과 입원 환자 사진·안내를 받아보실 수 있습니다. (14:00~16:00, 1회)

📌 다만, 진료·증상 상담은 채널에서 진행하지 않으며, 내원 시 의료진과 직접 상담 부탁드립니다.

더 나은 진료 서비스를 위해 최선을 다하겠습니다. 감사합니다.
11065	두부	2026-07-25 14:56:07	SD동물의료센터 서울점	사진
11065	두부	2026-07-25 14:56:10	SD동물의료센터 서울점	동영상
11065	두부	2026-07-25 14:56:15	SD동물의료센터 서울점	두부 보호자님 안녕하세요~ 두부는 오늘 아침식이는 주사기를 통해서 유동식 급여하였고, 소변도 보았습니다. 현재 입원장에서 수액 맞으면서 휴식중이며, 아이 사진과 영상 같이 보내드릴게요, 감사합니다^^
11065	두부	2026-07-25 14:57:14	장지혜	감사합니다.
11065	두부	2026-07-25 14:57:14	SD동물의료센터 서울점	채팅 운영시간 안내
11065	두부	2026-07-25 14:57:14	SD동물의료센터 서울점	✅ 본 채널에서는 진료 예약과 입원 환자 사진·안내를 받아보실 수 있습니다. (14:00~16:00, 1회)

📌 다만, 진료·증상 상담은 채널에서 진행하지 않으며, 내원 시 의료진과 직접 상담 부탁드립니다.

더 나은 진료 서비스를 위해 최선을 다하겠습니다. 감사합니다.
11065	두부	2026-07-28 14:00:27	SD동물의료센터 서울점	(광고)7월의 SD링크가 도착했어요.
11065	두부	2026-07-31 22:03:38	장지혜	사진
11065	두부	2026-07-31 22:03:38	SD동물의료센터 서울점	채팅 운영시간 안내
11065	두부	2026-07-31 22:03:38	SD동물의료센터 서울점	✅ 본 채널에서는 진료 예약과 입원 환자 사진·안내를 받아보실 수 있습니다. (14:00~16:00, 1회)

📌 다만, 진료·증상 상담은 채널에서 진행하지 않으며, 내원 시 의료진과 직접 상담 부탁드립니다.

더 나은 진료 서비스를 위해 최선을 다하겠습니다. 감사합니다.
11065	두부	2026-07-31 22:03:39	장지혜	사진
11065	두부	2026-07-31 22:03:39	SD동물의료센터 서울점	채팅 운영시간 안내
11065	두부	2026-07-31 22:03:39	SD동물의료센터 서울점	✅ 본 채널에서는 진료 예약과 입원 환자 사진·안내를 받아보실 수 있습니다. (14:00~16:00, 1회)

📌 다만, 진료·증상 상담은 채널에서 진행하지 않으며, 내원 시 의료진과 직접 상담 부탁드립니다.

더 나은 진료 서비스를 위해 최선을 다하겠습니다. 감사합니다.
11065	두부	2026-07-31 22:03:40	SD동물의료센터 서울점	채팅 운영시간 안내
11065	두부	2026-07-31 22:03:40	SD동물의료센터 서울점	✅ 본 채널에서는 진료 예약과 입원 환자 사진·안내를 받아보실 수 있습니다. (14:00~16:00, 1회)

📌 다만, 진료·증상 상담은 채널에서 진행하지 않으며, 내원 시 의료진과 직접 상담 부탁드립니다.

더 나은 진료 서비스를 위해 최선을 다하겠습니다. 감사합니다.
11065	두부	2026-07-31 22:03:40	장지혜	사진
11065	두부	2026-07-31 22:03:47	장지혜	입술색 정상인지 확인 해주세요
11065	두부	2026-07-31 22:03:48	SD동물의료센터 서울점	채팅 운영시간 안내
11065	두부	2026-07-31 22:03:48	SD동물의료센터 서울점	✅ 본 채널에서는 진료 예약과 입원 환자 사진·안내를 받아보실 수 있습니다. (14:00~16:00, 1회)

📌 다만, 진료·증상 상담은 채널에서 진행하지 않으며, 내원 시 의료진과 직접 상담 부탁드립니다.

더 나은 진료 서비스를 위해 최선을 다하겠습니다. 감사합니다.
11065	두부	2026-08-01 12:06:19	장지혜	두부가 소변색이 이상해요
11065	두부	2026-08-01 12:06:19	장지혜	사진
11065	두부	2026-08-01 12:06:19	SD동물의료센터 서울점	채팅 운영시간 안내
11065	두부	2026-08-01 12:06:19	SD동물의료센터 서울점	✅ 본 채널에서는 진료 예약과 입원 환자 사진·안내를 받아보실 수 있습니다. (14:00~16:00, 1회)

📌 다만, 진료·증상 상담은 채널에서 진행하지 않으며, 내원 시 의료진과 직접 상담 부탁드립니다.

더 나은 진료 서비스를 위해 최선을 다하겠습니다. 감사합니다.
11065	두부	2026-08-01 12:06:19	SD동물의료센터 서울점	채팅 운영시간 안내
11065	두부	2026-08-01 12:06:19	SD동물의료센터 서울점	✅ 본 채널에서는 진료 예약과 입원 환자 사진·안내를 받아보실 수 있습니다. (14:00~16:00, 1회)

📌 다만, 진료·증상 상담은 채널에서 진행하지 않으며, 내원 시 의료진과 직접 상담 부탁드립니다.

더 나은 진료 서비스를 위해 최선을 다하겠습니다. 감사합니다.
11065	두부	2026-08-01 12:06:25	장지혜	끈적임같은?
11065	두부	2026-08-01 12:06:25	SD동물의료센터 서울점	채팅 운영시간 안내
11065	두부	2026-08-01 12:06:25	SD동물의료센터 서울점	✅ 본 채널에서는 진료 예약과 입원 환자 사진·안내를 받아보실 수 있습니다. (14:00~16:00, 1회)

📌 다만, 진료·증상 상담은 채널에서 진행하지 않으며, 내원 시 의료진과 직접 상담 부탁드립니다.

더 나은 진료 서비스를 위해 최선을 다하겠습니다. 감사합니다.
11065	두부	2026-08-01 12:06:35	장지혜	입원했을때도 그랬나요?
11065	두부	2026-08-01 12:06:35	SD동물의료센터 서울점	채팅 운영시간 안내
11065	두부	2026-08-01 12:06:35	SD동물의료센터 서울점	✅ 본 채널에서는 진료 예약과 입원 환자 사진·안내를 받아보실 수 있습니다. (14:00~16:00, 1회)

📌 다만, 진료·증상 상담은 채널에서 진행하지 않으며, 내원 시 의료진과 직접 상담 부탁드립니다.

더 나은 진료 서비스를 위해 최선을 다하겠습니다. 감사합니다.
11065	두부	2026-08-01 12:47:55	SD동물의료센터 서울점	유선안내 완료입니다.
감사합니다.
11065	두부	2026-08-02 16:28:22	SD동물의료센터 서울점	안녕하세요 보호자님

입원 및 면회 관련 안내사항 보내드립니다.
이용에 불편함 없으시도록 참고 부탁드립니다. :)

▶ https://blog.naver.com/sdamc00/223842908205


◎ 우리 병원은 아픈 반려동물의 빠른 회복을 최우선으로 최선의 진료를 시행합니다. ◎

""예상치 못한 응급 상황이나 피치 못할 중환자 관리로 인해 대기 시간이 길어질 수 있는 점""
미리 양해 말씀드리며 너그럽게 양해 부탁드립니다.

보호자분의 따뜻한 배려 늘 감사합니다. :)
11065	두부	2026-08-02 16:28:26	SD동물의료센터 서울점	면회 시간 안내 드립니다.

12:00 ~ 12:50 / 17:30 ~ 19:00

1일 2회 (최대 10분 제한)
- 장소 : 원내 처치실 (입원실)

전화 문의 후 내원 
- 예약 및 전화 접수 불가하며 원내 접수 순으로 진행하고 있으며 병원 상황에 따라 대기 생길 수 있는 점 미리 양해 말씀드립니다.

감사합니다. :)
11065	두부	2026-08-02 17:37:29	장지혜	선생님 두부 잘있나요?
11065	두부	2026-08-02 17:37:30	SD동물의료센터 서울점	채팅 운영시간 안내
11065	두부	2026-08-02 17:37:30	SD동물의료센터 서울점	✅ 본 채널에서는 진료 예약과 입원 환자 사진·안내를 받아보실 수 있습니다. (14:00~16:00, 1회)

📌 다만, 진료·증상 상담은 채널에서 진행하지 않으며, 내원 시 의료진과 직접 상담 부탁드립니다.

더 나은 진료 서비스를 위해 최선을 다하겠습니다. 감사합니다.
11065	두부	2026-08-02 18:36:16	SD동물의료센터 서울점	안녕하세요. 두부 보호자님 두부는 현재 입원장에서 수액 맞으면서  휴식을 취하고 있습니다. 두부 사진 보내드릴게요.
11065	두부	2026-08-02 18:37:13	SD동물의료센터 서울점	사진
11065	두부	2026-08-02 18:37:23	SD동물의료센터 서울점	동영상
11065	두부	2026-08-02 18:42:08	장지혜	감사합니다
11065	두부	2026-08-02 18:42:08	SD동물의료센터 서울점	채팅 운영시간 안내
11065	두부	2026-08-02 18:42:08	SD동물의료센터 서울점	✅ 본 채널에서는 진료 예약과 입원 환자 사진·안내를 받아보실 수 있습니다. (14:00~16:00, 1회)

📌 다만, 진료·증상 상담은 채널에서 진행하지 않으며, 내원 시 의료진과 직접 상담 부탁드립니다.

더 나은 진료 서비스를 위해 최선을 다하겠습니다. 감사합니다.
11065	두부	2026-08-03 13:47:25	SD동물의료센터 서울점	사진
11065	두부	2026-08-03 13:47:31	SD동물의료센터 서울점	동영상
11065	두부	2026-08-03 13:47:32	SD동물의료센터 서울점	안녕하세요 두부 보호자님~ 두부 오늘 오전 식이는 콧줄을 통하여 유동식을 급여하였고 현재는 입원장에서 수액을 맞으며 휴식을 취하고 있습니다. 사진 및 영상 보내드려요 :)
11065	두부	2026-08-03 15:27:24	장지혜	감사합니다 
11065	두부	2026-08-03 15:27:24	SD동물의료센터 서울점	채팅 운영시간 안내
11065	두부	2026-08-03 15:27:24	SD동물의료센터 서울점	✅ 본 채널에서는 진료 예약과 입원 환자 사진·안내를 받아보실 수 있습니다. (14:00~16:00, 1회)

📌 다만, 진료·증상 상담은 채널에서 진행하지 않으며, 내원 시 의료진과 직접 상담 부탁드립니다.

더 나은 진료 서비스를 위해 최선을 다하겠습니다. 감사합니다.
11065	두부	2026-08-04 14:14:10	SD동물의료센터 서울점	사진
11065	두부	2026-08-04 14:14:15	SD동물의료센터 서울점	동영상
11065	두부	2026-08-04 14:14:16	SD동물의료센터 서울점	안녕하세요 두부 보호자님~ 두부 오늘 오전 식이는 콧줄을 통하여 유동식을 급여 하였고 소변도 보았습니다. 현재는 입원장에서 수액을 맞으며 휴식을 취하고 있습니다. 사진 및 영상 보내드려요 :)
11065	두부	2026-08-04 14:22:56	장지혜	감사합니다 두부가 빨리 기운을 차려야할텐데 걱정이네요
11065	두부	2026-08-04 14:22:56	SD동물의료센터 서울점	채팅 운영시간 안내
11078	파이	2026-07-22 20:45:54	SD동물의료센터 서울점	'SD동물의료센터 서울점' 채널을 추가해 주셔서 감사합니다.
앞으로 다양한 소식과 혜택/정보를 메시지로 받으실 수 있습니다.

채널 추가 일시(한국시간 기준): 2026년 07월 22일 20:45 
수신거부: 홈>채널 차단
11078	파이	2026-07-22 20:45:54	SD동물의료센터 서울점	'SD동물의료센터 서울점' 카카오톡채널을 추가해주셔서 감사합니다.
앞으로 우리병원의 다양한 소식과 혜택/정보를 채널 메세지로 받아보실 수 있습니다.

* 응급상황의 경우, 대표번호를 통해 전화상담 부탁드립니다.

📞 02-2039-0303
11078	파이	2026-07-22 20:45:59	ㅇ	건강검진 안내
11078	파이	2026-07-22 20:45:59	SD동물의료센터 서울점(메뉴)	건강한 견생, 묘생을 위해 주기적인 건강검진은 필수입니다. 
SD동물의료센터에서는 아이에게 꼭 필요한 최소 항목으로 건강검진을 진행하고 있습니다. 
아이의 나이와 현 상태에 따라 검진이 가능한 베이직 프로그램부터 프리미엄까지 세세하게 항목을 분류하여 검진을 진행합니다.

자세한 내용은 아래 버튼을 통해 확인하실 수 있습니다.

11078	파이	2026-07-22 20:47:05	ㅇ	진료예약
11078	파이	2026-07-22 20:47:05	SD동물의료센터 서울점(메뉴)	SD동물의료센터 서울점 진료 예약을 위해 아래 내용을 채팅에 남겨주세요.

◼︎ 보호자님 성함 / 연락처
◼︎ 반려동물 이름 / 간단한 증상

* 예약에 필요한 간단한 상담이 진행될 수 있습니다.
* 증상과 관련된 자세한 상담은 진료의 부분으로 예약 후 내원시 수의사 선생님과 상담 가능합니다. 
* 채널 상담은 병원 업무와 동시에 진행되어 원내 상황에 따라 빠른 응대가 어려울 수 있습니다. 

문의사항은 본원 대표전화(02-2039-0303)로 연락부탁드립니다.
11078	파이	2026-07-24 15:54:19	ㅇ	건강검진 안내
11078	파이	2026-07-24 15:54:19	SD동물의료센터 서울점(메뉴)	건강한 견생, 묘생을 위해 주기적인 건강검진은 필수입니다. 
SD동물의료센터에서는 아이에게 꼭 필요한 최소 항목으로 건강검진을 진행하고 있습니다. 
아이의 나이와 현 상태에 따라 검진이 가능한 베이직 프로그램부터 프리미엄까지 세세하게 항목을 분류하여 검진을 진행합니다.

자세한 내용은 아래 버튼을 통해 확인하실 수 있습니다.

11078	파이	2026-07-26 14:58:04	ㅇ	파이
11078	파이	2026-07-26 14:58:04	SD동물의료센터 서울점	채팅 운영시간 안내
11078	파이	2026-07-26 14:58:04	SD동물의료센터 서울점	✅ 본 채널에서는 진료 예약과 입원 환자 사진·안내를 받아보실 수 있습니다. (14:00~16:00, 1회)

📌 다만, 진료·증상 상담은 채널에서 진행하지 않으며, 내원 시 의료진과 직접 상담 부탁드립니다.

더 나은 진료 서비스를 위해 최선을 다하겠습니다. 감사합니다.
11078	파이	2026-07-28 14:00:27	SD동물의료센터 서울점	(광고)7월의 SD링크가 도착했어요.
11078	파이	2026-08-09 10:52:06	SD동물의료센터 서울점	20260726_건강검진결과서_파이(이서현님).pdf
11103	김구이	2026-07-28 16:15:33	SD동물의료센터 서울점	'SD동물의료센터 서울점' 채널을 추가해 주셔서 감사합니다.
앞으로 다양한 소식과 혜택/정보를 메시지로 받으실 수 있습니다.

채널 추가 일시(한국시간 기준): 2026년 07월 28일 16:15 
수신거부: 홈>채널 차단
11103	김구이	2026-07-28 16:15:33	SD동물의료센터 서울점	'SD동물의료센터 서울점' 카카오톡채널을 추가해주셔서 감사합니다.
앞으로 우리병원의 다양한 소식과 혜택/정보를 채널 메세지로 받아보실 수 있습니다.

* 응급상황의 경우, 대표번호를 통해 전화상담 부탁드립니다.

📞 02-2039-0303
11103	김구이	2026-07-28 16:15:53	재하	안녕하세요
11103	김구이	2026-07-28 16:15:53	SD동물의료센터 서울점	채팅 운영시간 안내
11103	김구이	2026-07-28 16:15:53	SD동물의료센터 서울점	✅ 본 채널에서는 진료 예약과 입원 환자 사진·안내를 받아보실 수 있습니다. (14:00~16:00, 1회)

📌 다만, 진료·증상 상담은 채널에서 진행하지 않으며, 내원 시 의료진과 직접 상담 부탁드립니다.

더 나은 진료 서비스를 위해 최선을 다하겠습니다. 감사합니다.
11103	김구이	2026-07-28 16:31:47	SD동물의료센터 서울점	네 안녕하세요 보호자님 진료예약 도와드릴까요?
11103	김구이	2026-07-28 16:36:18	재하	암컷 11개월 포메라니안 중성화수술을 원합니다
11103	김구이	2026-07-28 16:36:18	SD동물의료센터 서울점	채팅 운영시간 안내
11103	김구이	2026-07-28 16:36:18	SD동물의료센터 서울점	✅ 본 채널에서는 진료 예약과 입원 환자 사진·안내를 받아보실 수 있습니다. (14:00~16:00, 1회)

📌 다만, 진료·증상 상담은 채널에서 진행하지 않으며, 내원 시 의료진과 직접 상담 부탁드립니다.

더 나은 진료 서비스를 위해 최선을 다하겠습니다. 감사합니다.
11103	김구이	2026-07-28 16:52:02	SD동물의료센터 서울점	네 병원 내원하신 적은 없으실까요?
11103	김구이	2026-07-28 17:07:29	SD동물의료센터 서울점	✅ 본 채널에서는 진료 예약과 입원 환자 사진·안내를 받아보실 수 있습니다. (14:00~16:00, 1회)

📌 다만, 진료·증상 상담은 채널에서 진행하지 않으며, 내원 시 의료진과 직접 상담 부탁드립니다.

더 나은 진료 서비스를 위해 최선을 다하겠습니다. 감사합니다.
11103	김구이	2026-07-28 17:07:29	재하	없습니다
11103	김구이	2026-07-28 17:07:29	SD동물의료센터 서울점	채팅 운영시간 안내
11103	김구이	2026-07-28 17:09:19	재하	다른 병원에서 김규창원장님 남자분을 소개해주셔서 그분한테 수술을 받고싶습니다
11103	김구이	2026-07-28 17:09:19	SD동물의료센터 서울점	채팅 운영시간 안내
11103	김구이	2026-07-28 17:09:20	SD동물의료센터 서울점	✅ 본 채널에서는 진료 예약과 입원 환자 사진·안내를 받아보실 수 있습니다. (14:00~16:00, 1회)

📌 다만, 진료·증상 상담은 채널에서 진행하지 않으며, 내원 시 의료진과 직접 상담 부탁드립니다.

더 나은 진료 서비스를 위해 최선을 다하겠습니다. 감사합니다.
11103	김구이	2026-07-28 17:11:40	SD동물의료센터 서울점	네 예약을 위해 아이정보(품종, 나이, 성별- 중성화여부)/ 보호자님 성함, 연락처 기재 부탁드립니다. 내원은 언제 가능하실까요?
11103	김구이	2026-07-28 17:13:32	재하	김구이:포메라니안, 11개월,여자,중성화안함
김재하,010-8529-8072
이번주 토요일 방문후 원장님과 상의후 날짜를 잡아도 괜찮을까요?
11103	김구이	2026-07-28 17:13:32	SD동물의료센터 서울점	채팅 운영시간 안내
11103	김구이	2026-07-28 17:13:32	SD동물의료센터 서울점	✅ 본 채널에서는 진료 예약과 입원 환자 사진·안내를 받아보실 수 있습니다. (14:00~16:00, 1회)

📌 다만, 진료·증상 상담은 채널에서 진행하지 않으며, 내원 시 의료진과 직접 상담 부탁드립니다.

더 나은 진료 서비스를 위해 최선을 다하겠습니다. 감사합니다.
11103	김구이	2026-07-28 17:19:16	SD동물의료센터 서울점	김규창원장님은 화, 토 고정휴진일이셔서 혹시 8/2 일 내원도 가능하실까요?
11103	김구이	2026-07-28 17:37:35	재하	넵 8월2일 오후 2시로 방문 드리겠습니다
11103	김구이	2026-07-28 17:37:36	SD동물의료센터 서울점	채팅 운영시간 안내
11103	김구이	2026-07-28 17:37:36	SD동물의료센터 서울점	✅ 본 채널에서는 진료 예약과 입원 환자 사진·안내를 받아보실 수 있습니다. (14:00~16:00, 1회)

📌 다만, 진료·증상 상담은 채널에서 진행하지 않으며, 내원 시 의료진과 직접 상담 부탁드립니다.

더 나은 진료 서비스를 위해 최선을 다하겠습니다. 감사합니다.
11103	김구이	2026-07-28 17:54:53	SD동물의료센터 서울점	2시반까지 원장님 회진 및 식사시간이며 현재 가능하신시간 오후 3시반 이후로 가능하세요. 혹시 이날 바로 수술을 원하시는 걸까요? :)
11103	김구이	2026-07-28 17:59:10	재하	알겠습니다. 일단 수술 아니고 상담만 받을 예정입니다
11103	김구이	2026-07-28 17:59:10	SD동물의료센터 서울점	채팅 운영시간 안내
11103	김구이	2026-07-28 17:59:10	SD동물의료센터 서울점	✅ 본 채널에서는 진료 예약과 입원 환자 사진·안내를 받아보실 수 있습니다. (14:00~16:00, 1회)

📌 다만, 진료·증상 상담은 채널에서 진행하지 않으며, 내원 시 의료진과 직접 상담 부탁드립니다.

더 나은 진료 서비스를 위해 최선을 다하겠습니다. 감사합니다.
11103	김구이	2026-07-28 18:58:43	SD동물의료센터 서울점	네 보호자님, 8월2일 오후 3시 반으로 예약 도와드렸습니다. 
다른병원에서 소개 받으셨다고 하셨는데 어느 병원에소 소개 받으신걸까요? :)
11103	김구이	2026-07-28 21:33:29	재하	성수동 포레동물병원에서 소개 받았습니다
11103	김구이	2026-07-28 21:33:29	SD동물의료센터 서울점	채팅 운영시간 안내
11103	김구이	2026-07-28 21:33:29	SD동물의료센터 서울점	✅ 본 채널에서는 진료 예약과 입원 환자 사진·안내를 받아보실 수 있습니다. (14:00~16:00, 1회)

📌 다만, 진료·증상 상담은 채널에서 진행하지 않으며, 내원 시 의료진과 직접 상담 부탁드립니다.

더 나은 진료 서비스를 위해 최선을 다하겠습니다. 감사합니다.
11103	김구이	2026-07-29 11:05:23	SD동물의료센터 서울점	네 확인 감사합니다 8/2 일 15시에 뵙겠습니다 :)
11103	김구이	2026-07-29 11:05:31	재하	넵
11103	김구이	2026-07-29 11:05:31	SD동물의료센터 서울점	채팅 운영시간 안내
11103	김구이	2026-07-29 11:05:31	SD동물의료센터 서울점	✅ 본 채널에서는 진료 예약과 입원 환자 사진·안내를 받아보실 수 있습니다. (14:00~16:00, 1회)

📌 다만, 진료·증상 상담은 채널에서 진행하지 않으며, 내원 시 의료진과 직접 상담 부탁드립니다.

더 나은 진료 서비스를 위해 최선을 다하겠습니다. 감사합니다.
11103	김구이	2026-08-16 17:55:30	재하	사진
11103	김구이	2026-08-16 17:55:30	SD동물의료센터 서울점	채팅 운영시간 안내
11103	김구이	2026-08-16 17:55:30	SD동물의료센터 서울점	✅ 본 채널에서는 진료 예약과 입원 환자 사진·안내를 받아보실 수 있습니다. (14:00~16:00, 1회)

📌 다만, 진료·증상 상담은 채널에서 진행하지 않으며, 내원 시 의료진과 직접 상담 부탁드립니다.

더 나은 진료 서비스를 위해 최선을 다하겠습니다. 감사합니다.
11103	김구이	2026-08-16 17:55:39	재하	동영상
11103	김구이	2026-08-16 17:55:39	SD동물의료센터 서울점	채팅 운영시간 안내
11103	김구이	2026-08-16 17:55:39	SD동물의료센터 서울점	✅ 본 채널에서는 진료 예약과 입원 환자 사진·안내를 받아보실 수 있습니다. (14:00~16:00, 1회)

📌 다만, 진료·증상 상담은 채널에서 진행하지 않으며, 내원 시 의료진과 직접 상담 부탁드립니다.

더 나은 진료 서비스를 위해 최선을 다하겠습니다. 감사합니다.
11103	김구이	2026-08-16 17:55:53	재하	안녕하세요 연락드린 김구이 보호자입니다 영상이랑 사진 보내드립니다
11103	김구이	2026-08-16 17:55:53	SD동물의료센터 서울점	채팅 운영시간 안내
11103	김구이	2026-08-16 17:55:53	SD동물의료센터 서울점	✅ 본 채널에서는 진료 예약과 입원 환자 사진·안내를 받아보실 수 있습니다. (14:00~16:00, 1회)

📌 다만, 진료·증상 상담은 채널에서 진행하지 않으며, 내원 시 의료진과 직접 상담 부탁드립니다.

더 나은 진료 서비스를 위해 최선을 다하겠습니다. 감사합니다.
11103	김구이	2026-08-16 18:01:10	SD동물의료센터 서울점	안녕하세요 보호자님, 확인 후 연락 드리겠습니다 :)
11103	김구이	2026-08-16 18:02:24	재하	감사합니다
11103	김구이	2026-08-16 18:02:24	SD동물의료센터 서울점	채팅 운영시간 안내
11103	김구이	2026-08-16 18:02:24	SD동물의료센터 서울점	✅ 본 채널에서는 진료 예약과 입원 환자 사진·안내를 받아보실 수 있습니다. (14:00~16:00, 1회)

📌 다만, 진료·증상 상담은 채널에서 진행하지 않으며, 내원 시 의료진과 직접 상담 부탁드립니다.

더 나은 진료 서비스를 위해 최선을 다하겠습니다. 감사합니다.
11103	김구이	2026-08-16 18:34:35	SD동물의료센터 서울점	주치의 선생님께서 현재 수술중으로 확인이 늦어지는 점 양해 부탁드립니다 :)
11103	김구이	2026-08-16 18:35:07	재하	네 알겠습니다
11103	김구이	2026-08-16 18:35:07	SD동물의료센터 서울점	채팅 운영시간 안내
11103	김구이	2026-08-14 10:48:58	SD동물의료센터 서울점	'SD동물의료센터 서울점' 채널을 추가해 주셔서 감사합니다.
앞으로 다양한 소식과 혜택/정보를 메시지로 받으실 수 있습니다.

채널 추가 일시(한국시간 기준): 2026년 08월 14일 10:48 
수신거부: 홈>채널 차단
11103	김구이	2026-08-14 10:48:58	SD동물의료센터 서울점	'SD동물의료센터 서울점' 카카오톡채널을 추가해주셔서 감사합니다.
앞으로 우리병원의 다양한 소식과 혜택/정보를 채널 메세지로 받아보실 수 있습니다.

* 응급상황의 경우, 대표번호를 통해 전화상담 부탁드립니다.

📞 02-2039-0303
11103	김구이	2026-08-14 10:49:08	혜림	김구이
11103	김구이	2026-08-14 10:49:08	SD동물의료센터 서울점	채팅 운영시간 안내
11103	김구이	2026-08-14 10:49:08	SD동물의료센터 서울점	✅ 본 채널에서는 진료 예약과 입원 환자 사진·안내를 받아보실 수 있습니다. (14:00~16:00, 1회)

📌 다만, 진료·증상 상담은 채널에서 진행하지 않으며, 내원 시 의료진과 직접 상담 부탁드립니다.

더 나은 진료 서비스를 위해 최선을 다하겠습니다. 감사합니다.
11103	김구이	2026-08-14 10:50:16	SD동물의료센터 서울점	면회 시간 안내 드립니다.

12:00 ~ 12:50 / 17:30 ~ 19:00

1일 2회 (최대 10분 제한)
- 장소 : 원내 처치실 (입원실)

전화 문의 후 내원 
- 예약 및 전화 접수 불가하며 원내 접수 순으로 진행하고 있으며 병원 상황에 따라 대기 생길 수 있는 점 미리 양해 말씀드립니다.

감사합니다. :)
11103	김구이	2026-08-14 10:50:18	SD동물의료센터 서울점	안녕하세요 보호자님

입원 및 면회 관련 안내사항 보내드립니다.
이용에 불편함 없으시도록 참고 부탁드립니다. :)

▶ https://blog.naver.com/sdamc00/223842908205


◎ 우리 병원은 아픈 반려동물의 빠른 회복을 최우선으로 최선의 진료를 시행합니다. ◎

""예상치 못한 응급 상황이나 피치 못할 중환자 관리로 인해 대기 시간이 길어질 수 있는 점""
미리 양해 말씀드리며 너그럽게 양해 부탁드립니다.

보호자분의 따뜻한 배려 늘 감사합니다. :)
11103	김구이	2026-08-14 13:58:41	SD동물의료센터 서울점	사진
11103	김구이	2026-08-14 13:58:45	SD동물의료센터 서울점	동영상
11103	김구이	2026-08-14 13:58:50	SD동물의료센터 서울점	안녕하세요 김구이 보호자님~ 김구이는 내원이후 현재 입원장에서 수액을 맞으며 휴식을 취하고 있습니다. 수술전후로 한번더 연락드리겠습니다. 사진 및 영상 보내드려요 :)
11103	김구이	2026-08-14 14:44:22	SD동물의료센터 서울점	채팅 운영시간 안내
11103	김구이	2026-08-14 14:44:22	SD동물의료센터 서울점	✅ 본 채널에서는 진료 예약과 입원 환자 사진·안내를 받아보실 수 있습니다. (14:00~16:00, 1회)

📌 다만, 진료·증상 상담은 채널에서 진행하지 않으며, 내원 시 의료진과 직접 상담 부탁드립니다.

더 나은 진료 서비스를 위해 최선을 다하겠습니다. 감사합니다.
11103	김구이	2026-08-14 14:44:22	혜림	감사합니다!!
11103	김구이	2026-08-14 15:32:29	SD동물의료센터 서울점	안녕하세요 구이보호자님
아이 수술 들어가기 전 연락드렸으나 부재중이셔서 채널 남겨드립니다.
수술 끝나는대로 연락 드리겠습니다.
감사합니다.
11103	김구이	2026-08-14 15:33:23	혜림	ㅠㅠ 앗 네 알겠습니다 잘 부탁드려요!
11103	김구이	2026-08-14 15:33:23	SD동물의료센터 서울점	채팅 운영시간 안내
11103	김구이	2026-08-14 15:33:23	SD동물의료센터 서울점	✅ 본 채널에서는 진료 예약과 입원 환자 사진·안내를 받아보실 수 있습니다. (14:00~16:00, 1회)

📌 다만, 진료·증상 상담은 채널에서 진행하지 않으며, 내원 시 의료진과 직접 상담 부탁드립니다.

더 나은 진료 서비스를 위해 최선을 다하겠습니다. 감사합니다.
11103	김구이	2026-08-14 16:57:26	SD동물의료센터 서울점	사진
11103	김구이	2026-08-14 16:57:27	SD동물의료센터 서울점	안녕하세요 김구이보호자님 김구이 수술끝났고, 마취도 잘회복하였습니다 김구이 사진 보내드리겠습니다 감사합니다
11103	김구이	2026-08-14 16:58:50	혜림	ㅠㅠ 감사합니다!!! 내일 방문하겠습니다
11103	김구이	2026-08-14 16:58:50	SD동물의료센터 서울점	채팅 운영시간 안내
11103	김구이	2026-08-14 16:58:50	SD동물의료센터 서울점	✅ 본 채널에서는 진료 예약과 입원 환자 사진·안내를 받아보실 수 있습니다. (14:00~16:00, 1회)

📌 다만, 진료·증상 상담은 채널에서 진행하지 않으며, 내원 시 의료진과 직접 상담 부탁드립니다.

더 나은 진료 서비스를 위해 최선을 다하겠습니다. 감사합니다.
11103	김구이	2026-08-15 13:54:54	SD동물의료센터 서울점	사진
11103	김구이	2026-08-15 13:54:57	SD동물의료센터 서울점	동영상
11103	김구이	2026-08-15 13:55:01	SD동물의료센터 서울점	안녕하세요 김구이 보호자님! 구이는 오늘 아침 식이 스스로 절반 먹어주었으며 대소변도 모두 잘 보았습니다. 입원장 안에서 수액 맞으면서 휴식 중인 영상과 함께 사진 보내드리겠습니다! 감사합니다 :)
11103	김구이	2026-08-15 14:06:24	혜림	넵 감사합니다
11103	김구이	2026-08-15 14:06:24	SD동물의료센터 서울점	채팅 운영시간 안내
11103	김구이	2026-08-15 14:06:24	SD동물의료센터 서울점	✅ 본 채널에서는 진료 예약과 입원 환자 사진·안내를 받아보실 수 있습니다. (14:00~16:00, 1회)

📌 다만, 진료·증상 상담은 채널에서 진행하지 않으며, 내원 시 의료진과 직접 상담 부탁드립니다.

더 나은 진료 서비스를 위해 최선을 다하겠습니다. 감사합니다.
11103	김구이	2026-08-15 17:02:31	혜림	안녕하세요 김구이 보호자인데 퇴원하고 집에 와있는데 지금까지 똥꼬스키를 계속 탑니다 그냥 둬도 문제 없는 걸까요? 항문낭이 찼나봤는데 그것도 아니고 엉덩이에 뭐가 묻었나 해서 닦아줬는데 그래도 탑니다
11103	김구이	2026-08-15 17:02:31	SD동물의료센터 서울점	채팅 운영시간 안내
11103	김구이	2026-08-15 17:02:31	SD동물의료센터 서울점	✅ 본 채널에서는 진료 예약과 입원 환자 사진·안내를 받아보실 수 있습니다. (14:00~16:00, 1회)

📌 다만, 진료·증상 상담은 채널에서 진행하지 않으며, 내원 시 의료진과 직접 상담 부탁드립니다.

더 나은 진료 서비스를 위해 최선을 다하겠습니다. 감사합니다.
11107	루비	2026-07-29 13:25:29	SD동물의료센터 서울점	'SD동물의료센터 서울점' 채널을 추가해 주셔서 감사합니다.
앞으로 다양한 소식과 혜택/정보를 메시지로 받으실 수 있습니다.

채널 추가 일시(한국시간 기준): 2026년 07월 29일 13:25 
수신거부: 홈>채널 차단
11107	루비	2026-07-29 13:25:29	SD동물의료센터 서울점	'SD동물의료센터 서울점' 카카오톡채널을 추가해주셔서 감사합니다.
앞으로 우리병원의 다양한 소식과 혜택/정보를 채널 메세지로 받아보실 수 있습니다.

* 응급상황의 경우, 대표번호를 통해 전화상담 부탁드립니다.

📞 02-2039-0303
11107	루비	2026-07-29 13:25:32	장은지	루비
11107	루비	2026-07-29 13:25:32	SD동물의료센터 서울점	채팅 운영시간 안내
11107	루비	2026-07-29 13:25:32	SD동물의료센터 서울점	✅ 본 채널에서는 진료 예약과 입원 환자 사진·안내를 받아보실 수 있습니다. (14:00~16:00, 1회)

📌 다만, 진료·증상 상담은 채널에서 진행하지 않으며, 내원 시 의료진과 직접 상담 부탁드립니다.

더 나은 진료 서비스를 위해 최선을 다하겠습니다. 감사합니다.
11107	루비	2026-07-29 13:25:37	SD동물의료센터 서울점	면회 시간 안내 드립니다.

12:00 ~ 12:50 / 17:30 ~ 19:00

1일 2회 (최대 10분 제한)
- 장소 : 원내 처치실 (입원실)

전화 문의 후 내원 
- 예약 및 전화 접수 불가하며 원내 접수 순으로 진행하고 있으며 병원 상황에 따라 대기 생길 수 있는 점 미리 양해 말씀드립니다.

감사합니다. :)
11107	루비	2026-07-29 13:25:39	SD동물의료센터 서울점	안녕하세요 보호자님

입원 및 면회 관련 안내사항 보내드립니다.
이용에 불편함 없으시도록 참고 부탁드립니다. :)

▶ https://blog.naver.com/sdamc00/223842908205


◎ 우리 병원은 아픈 반려동물의 빠른 회복을 최우선으로 최선의 진료를 시행합니다. ◎

""예상치 못한 응급 상황이나 피치 못할 중환자 관리로 인해 대기 시간이 길어질 수 있는 점""
미리 양해 말씀드리며 너그럽게 양해 부탁드립니다.

보호자분의 따뜻한 배려 늘 감사합니다. :)
11107	루비	2026-07-29 14:33:46	SD동물의료센터 서울점	사진
11107	루비	2026-07-29 14:33:50	SD동물의료센터 서울점	동영상
11107	루비	2026-07-29 14:33:51	SD동물의료센터 서울점	안녕하세요 루비 보호자님~ 루비는 내원이후 현재 입원장에서 수액을 맞으며 휴식을 취하고 있습니다. 사진 및 영상 보내드려요 :)
11107	루비	2026-07-30 13:43:42	SD동물의료센터 서울점	사진
11107	루비	2026-07-30 13:43:47	SD동물의료센터 서울점	동영상
11107	루비	2026-07-30 13:43:51	SD동물의료센터 서울점	안녕하세요 루비 보호자님! 루비는 금일 준비한 아침밥을 주사기로 급여 하였고, 소변은 잘 보았고 대변은 아직 입니다. 현재는 입원장에서 수액처치를 받으며 안정을 취하는 중입니다. 루비 사진이랑 영상 보내드릴게요 감사합니다!
11107	루비	2026-07-30 13:57:19	장은지	진료예약
11107	루비	2026-07-30 13:57:19	SD동물의료센터 서울점(메뉴)	SD동물의료센터 서울점 진료 예약을 위해 아래 내용을 채팅에 남겨주세요.

◼︎ 보호자님 성함 / 연락처
◼︎ 반려동물 이름 / 간단한 증상

* 예약에 필요한 간단한 상담이 진행될 수 있습니다.
* 증상과 관련된 자세한 상담은 진료의 부분으로 예약 후 내원시 수의사 선생님과 상담 가능합니다. 
* 채널 상담은 병원 업무와 동시에 진행되어 원내 상황에 따라 빠른 응대가 어려울 수 있습니다. 

문의사항은 본원 대표전화(02-2039-0303)로 연락부탁드립니다.
11107	루비	2026-07-30 13:57:29	장은지	진료시간/영업시간
11107	루비	2026-07-30 13:57:29	SD동물의료센터 서울점(메뉴)	SD동물의료센터 서울점은
365일 24시간 연중무휴
아이들을 돌보고 있습니다.

◼︎ 주간진료 : 오전 10시~오후 10시
◼︎ 야간진료 : 오후 10시~오전 10시
◼︎ 회진시간 : 오후 1시~오후 2시

* 우리 병원은 진료예약 우선제로 예약환자를 우선으로 진료합니다. 
* 예약 없이 내원시, 대기시간이 발생할 수 있는 점 양해부탁드립니다.
* 회진시간에는 입원환자 인계업무로 인해 진료가 불가합니다. 

🚨 응급상황 발생 시, 본원 대표전화(02-2039-0303)로 연락주세요!
11107	루비	2026-07-30 13:57:33	장은지	유튜브 바로가기
11107	루비	2026-07-30 13:57:33	SD동물의료센터 서울점(메뉴)	SD동물의료센터 유튜브 채널  🎥

유튜브에서는 우리 병원의 소식과 진료정보, 반려동물 질환에 대한 다양한 정보들을 다뤄 볼 예정입니다. 

❤️ 구독과 좋아요 부탁드려요 ❤️
11107	루비	2026-07-30 13:57:38	장은지	진료예약
11107	루비	2026-07-30 13:57:38	SD동물의료센터 서울점(메뉴)	SD동물의료센터 서울점 진료 예약을 위해 아래 내용을 채팅에 남겨주세요.

◼︎ 보호자님 성함 / 연락처
◼︎ 반려동물 이름 / 간단한 증상

* 예약에 필요한 간단한 상담이 진행될 수 있습니다.
* 증상과 관련된 자세한 상담은 진료의 부분으로 예약 후 내원시 수의사 선생님과 상담 가능합니다. 
* 채널 상담은 병원 업무와 동시에 진행되어 원내 상황에 따라 빠른 응대가 어려울 수 있습니다. 

문의사항은 본원 대표전화(02-2039-0303)로 연락부탁드립니다.
11107	루비	2026-07-30 14:02:06	SD동물의료센터 서울점(메뉴)	SD동물의료센터 서울점 진료 예약을 위해 아래 내용을 채팅에 남겨주세요.

◼︎ 보호자님 성함 / 연락처
◼︎ 반려동물 이름 / 간단한 증상

* 예약에 필요한 간단한 상담이 진행될 수 있습니다.
* 증상과 관련된 자세한 상담은 진료의 부분으로 예약 후 내원시 수의사 선생님과 상담 가능합니다. 
* 채널 상담은 병원 업무와 동시에 진행되어 원내 상황에 따라 빠른 응대가 어려울 수 있습니다. 

문의사항은 본원 대표전화(02-2039-0303)로 연락부탁드립니다.
11107	루비	2026-07-30 14:02:06	장은지	진료예약
11107	루비	2026-07-30 14:02:57	장은지	장은지 01036685490
루비 입원한 강아지 간수치떨어졌는지등 진행사항상담희망합니다
11107	루비	2026-07-30 14:02:57	SD동물의료센터 서울점	채팅 운영시간 안내
11107	루비	2026-07-30 14:02:57	SD동물의료센터 서울점	✅ 본 채널에서는 진료 예약과 입원 환자 사진·안내를 받아보실 수 있습니다. (14:00~16:00, 1회)

📌 다만, 진료·증상 상담은 채널에서 진행하지 않으며, 내원 시 의료진과 직접 상담 부탁드립니다.

더 나은 진료 서비스를 위해 최선을 다하겠습니다. 감사합니다.
11107	루비	2026-07-30 14:03:55	장은지	진료예약
11107	루비	2026-07-30 14:03:55	SD동물의료센터 서울점(메뉴)	SD동물의료센터 서울점 진료 예약을 위해 아래 내용을 채팅에 남겨주세요.

◼︎ 보호자님 성함 / 연락처
◼︎ 반려동물 이름 / 간단한 증상

* 예약에 필요한 간단한 상담이 진행될 수 있습니다.
* 증상과 관련된 자세한 상담은 진료의 부분으로 예약 후 내원시 수의사 선생님과 상담 가능합니다. 
* 채널 상담은 병원 업무와 동시에 진행되어 원내 상황에 따라 빠른 응대가 어려울 수 있습니다. 

문의사항은 본원 대표전화(02-2039-0303)로 연락부탁드립니다.
11107	루비	2026-07-30 14:04:02	장은지	진료시간/영업시간
11107	루비	2026-07-30 14:04:02	SD동물의료센터 서울점(메뉴)	SD동물의료센터 서울점은
365일 24시간 연중무휴
아이들을 돌보고 있습니다.

◼︎ 주간진료 : 오전 10시~오후 10시
◼︎ 야간진료 : 오후 10시~오전 10시
◼︎ 회진시간 : 오후 1시~오후 2시

* 우리 병원은 진료예약 우선제로 예약환자를 우선으로 진료합니다. 
* 예약 없이 내원시, 대기시간이 발생할 수 있는 점 양해부탁드립니다.
* 회진시간에는 입원환자 인계업무로 인해 진료가 불가합니다. 

🚨 응급상황 발생 시, 본원 대표전화(02-2039-0303)로 연락주세요!
11107	루비	2026-07-30 14:09:11	SD동물의료센터 서울점	안녕하세요 루비보호자님
언제로 예약 도와드릴까요?
11107	루비	2026-07-30 15:21:40	장은지	내일 6시반 부탁합니다
11107	루비	2026-07-30 15:21:40	SD동물의료센터 서울점	채팅 운영시간 안내
11107	루비	2026-07-30 15:21:40	SD동물의료센터 서울점	✅ 본 채널에서는 진료 예약과 입원 환자 사진·안내를 받아보실 수 있습니다. (14:00~16:00, 1회)

📌 다만, 진료·증상 상담은 채널에서 진행하지 않으며, 내원 시 의료진과 직접 상담 부탁드립니다.

더 나은 진료 서비스를 위해 최선을 다하겠습니다. 감사합니다.
11107	루비	2026-07-30 15:32:05	장은지	오시는길 안내
11107	루비	2026-07-30 15:32:05	SD동물의료센터 서울점(메뉴)	SD동물의료센터 서울점 
오시는 길 안내드립니다.

◼︎ 주소 
서울특별시 중구 왕십리로 407,
신당파인힐하나유보라 상가 2층

🚗 자동차 이용시, 신당파인힐하나유보라’ 상가 주차장을 이용해주세요. (무료주차 가능합니다.)

🚊 지하철 이용시, 2호선 상왕십리역 6번 출구와 신당역 3번 출구 사이에 위치하고 있습니다.

문의사항은 본원 대표전화(02-2039-0303)로 연락부탁드립니다.
11107	루비	2026-07-30 17:16:02	SD동물의료센터 서울점	전화드렸으나 부재중이셔서 플친 남겨드립니다.
혹시 오후6시 내원은 어려우실까요?
11107	루비	2026-07-30 17:45:19	장은지	답변이 늦어 죄송합니다
네ㅜ
11107	루비	2026-07-30 17:45:19	SD동물의료센터 서울점	채팅 운영시간 안내
11107	루비	2026-07-30 17:45:19	SD동물의료센터 서울점	✅ 본 채널에서는 진료 예약과 입원 환자 사진·안내를 받아보실 수 있습니다. (14:00~16:00, 1회)

📌 다만, 진료·증상 상담은 채널에서 진행하지 않으며, 내원 시 의료진과 직접 상담 부탁드립니다.

더 나은 진료 서비스를 위해 최선을 다하겠습니다. 감사합니다.
11107	루비	2026-07-30 17:46:09	장은지	6시반이나 7시 부탁합니다
11107	루비	2026-07-30 17:46:10	SD동물의료센터 서울점	✅ 본 채널에서는 진료 예약과 입원 환자 사진·안내를 받아보실 수 있습니다. (14:00~16:00, 1회)

📌 다만, 진료·증상 상담은 채널에서 진행하지 않으며, 내원 시 의료진과 직접 상담 부탁드립니다.

더 나은 진료 서비스를 위해 최선을 다하겠습니다. 감사합니다.
11107	루비	2026-07-30 17:46:10	SD동물의료센터 서울점	채팅 운영시간 안내
11107	루비	2026-07-30 17:57:14	SD동물의료센터 서울점	유선안내 완료입니다.
감사합니다.
11107	루비	2026-07-31 13:56:26	SD동물의료센터 서울점	사진
11107	루비	2026-07-31 13:56:32	SD동물의료센터 서울점	동영상
11107	루비	2026-07-31 13:56:34	SD동물의료센터 서울점	안녕하세요 루비 보호자님! 루비는 금일 준비한 아침밥을 주사기를 통해 급여 하였고, 소변은 잘 보았고 대변은 아직 입니다. 현재는 입원장에서 수액처치를 받으며 안정을 취하는 중입니다. 루비 사진이랑 영상 보내드릴게요 감사합니다!
11107	루비	2026-07-31 14:02:46	장은지	나이도 많고, 표정이 안좋아서 걱정이 많이 됩니다.
오늘 예약한 시간에 방문드리겠습니다.
11107	루비	2026-07-31 14:02:46	SD동물의료센터 서울점	채팅 운영시간 안내
11107	루비	2026-07-31 14:02:46	SD동물의료센터 서울점	✅ 본 채널에서는 진료 예약과 입원 환자 사진·안내를 받아보실 수 있습니다. (14:00~16:00, 1회)

📌 다만, 진료·증상 상담은 채널에서 진행하지 않으며, 내원 시 의료진과 직접 상담 부탁드립니다.

더 나은 진료 서비스를 위해 최선을 다하겠습니다. 감사합니다.
11107	루비	2026-08-01 13:49:02	SD동물의료센터 서울점	사진
11107	루비	2026-08-01 13:49:07	SD동물의료센터 서울점	동영상
11107	루비	2026-08-01 13:49:10	SD동물의료센터 서울점	안녕하세요 루비 보호자님! 루비는 오늘 아침 식이 주사기를 통해 유동식 급여하였으며 소변도 잘 보았습니다. 입원장 안에서 수액 맞으면서 휴식 중인 영상과 함께 사진 보내드리겠습니다! 감사합니다 :)
11107	루비	2026-08-01 18:46:31	SD동물의료센터 서울점	금일 루비 면회 진행 시 소변 대변 보았을 까요?
11107	루비	2026-08-02 07:16:48	장은지	답변이 늦어 죄송합니다!ㅜ
소변 보았습니다
11107	루비	2026-08-02 07:16:48	SD동물의료센터 서울점	채팅 운영시간 안내
11107	루비	2026-08-02 07:16:48	SD동물의료센터 서울점	✅ 본 채널에서는 진료 예약과 입원 환자 사진·안내를 받아보실 수 있습니다. (14:00~16:00, 1회)

📌 다만, 진료·증상 상담은 채널에서 진행하지 않으며, 내원 시 의료진과 직접 상담 부탁드립니다.

더 나은 진료 서비스를 위해 최선을 다하겠습니다. 감사합니다.
11107	루비	2026-08-02 10:46:04	SD동물의료센터 서울점	감사합니다 보호자님 선생님께 전달드리겠습니다.
11107	루비	2026-08-02 13:37:19	SD동물의료센터 서울점	사진
11107	루비	2026-08-02 13:37:22	SD동물의료센터 서울점	동영상
11107	루비	2026-08-02 13:37:30	SD동물의료센터 서울점	안녕하세요 루비 보호자님~ 루비는 오늘 아침 식이 주사기를 통해 유동식 급여하였고 소변도 보았습니다. 입원장 안에서 수액 맞으며 휴식 중인 영상과 함께 사진 보내드려요! 감사합니다 :)
11107	루비	2026-08-04 20:54:10	장은지	진료예약
1488	탱	2025-10-22 05:59:49	김미화	탱이
1488	탱	2025-10-22 05:59:49	SD동물의료센터 서울점	채팅 운영시간 안내
1488	탱	2025-10-22 05:59:49	SD동물의료센터 서울점	✅ 본 채널에서는 진료 예약과 입원 환자 사진·안내를 받아보실 수 있습니다. (14:00~16:00, 1회)

📌 다만, 진료·증상 상담은 채널에서 진행하지 않으며, 내원 시 의료진과 직접 상담 부탁드립니다.

더 나은 진료 서비스를 위해 최선을 다하겠습니다. 감사합니다.
1488	탱	2025-12-20 09:29:20	김미화	진료예약
1488	탱	2025-12-20 09:29:20	SD동물의료센터 서울점(메뉴)	SD동물의료센터 서울점 진료 예약을 위해 아래 내용을 채팅에 남겨주세요.

◼︎ 보호자님 성함 / 연락처
◼︎ 반려동물 이름 / 간단한 증상

* 예약에 필요한 간단한 상담이 진행될 수 있습니다.
* 증상과 관련된 자세한 상담은 진료의 부분으로 예약 후 내원시 수의사 선생님과 상담 가능합니다. 
* 채널 상담은 병원 업무와 동시에 진행되어 원내 상황에 따라 빠른 응대가 어려울 수 있습니다. 

문의사항은 본원 대표전화(02-2039-0303)로 연락부탁드립니다.
1488	탱	2025-12-20 09:35:15	김미화	안녕하세요^^
보호자 : 김미화 연락처 : 010 9808 5239
반려동물 이름 : 탱 

항간질제, 진통 약처방 받으려고 합니다. 약처방 전 탱이 담당선생님이랑 통화후 처방 받으라고 하셔서 연락드립니다
탱이 담당선생님 이수진선생님과 통화를 요청 드립니다
1488	탱	2025-12-20 09:35:15	SD동물의료센터 서울점	채팅 운영시간 안내
1488	탱	2025-12-20 09:35:15	SD동물의료센터 서울점	✅ 본 채널에서는 진료 예약과 입원 환자 사진·안내를 받아보실 수 있습니다. (14:00~16:00, 1회)

📌 다만, 진료·증상 상담은 채널에서 진행하지 않으며, 내원 시 의료진과 직접 상담 부탁드립니다.

더 나은 진료 서비스를 위해 최선을 다하겠습니다. 감사합니다.
1488	탱	2026-01-09 18:48:28	SD동물의료센터 서울점	안녕하세요 보호자님

입원 및 면회 관련 안내사항 보내드립니다.
이용에 불편함 없으시도록 참고 부탁드립니다. :)

▶ https://blog.naver.com/sdamc00/223842908205


◎ 우리 병원은 아픈 반려동물의 빠른 회복을 최우선으로 최선의 진료를 시행합니다. ◎

""예상치 못한 응급 상황이나 피치 못할 중환자 관리로 인해 대기 시간이 길어질 수 있는 점""
미리 양해 말씀드리며 너그럽게 양해 부탁드립니다.

보호자분의 따뜻한 배려 늘 감사합니다. :)
1488	탱	2026-01-10 14:05:04	SD동물의료센터 서울점	사진
1488	탱	2026-01-10 14:05:08	SD동물의료센터 서울점	동영상
1488	탱	2026-01-10 14:05:58	SD동물의료센터 서울점	안녕하세요 탱이 보호자님 오늘 탱이 아침식이는 주사기로 유동식 잘 먹었고 배변, 배뇨도 잘 봤습니다. 면회 이후 현재 장안에서 수액맞으며 휴식중인 영상과 사진 보내드립니다 감사합니다.
1488	탱	2026-01-15 10:43:19	SD동물의료센터 서울점	안녕하세요 보호자님

입원 및 면회 관련 안내사항 보내드립니다.
이용에 불편함 없으시도록 참고 부탁드립니다. :)

▶ https://blog.naver.com/sdamc00/223842908205


◎ 우리 병원은 아픈 반려동물의 빠른 회복을 최우선으로 최선의 진료를 시행합니다. ◎

""예상치 못한 응급 상황이나 피치 못할 중환자 관리로 인해 대기 시간이 길어질 수 있는 점""
미리 양해 말씀드리며 너그럽게 양해 부탁드립니다.

보호자분의 따뜻한 배려 늘 감사합니다. :)
1488	탱	2026-01-15 14:45:30	SD동물의료센터 서울점	사진
1488	탱	2026-01-15 14:45:32	SD동물의료센터 서울점	동영상
1488	탱	2026-01-15 14:46:27	SD동물의료센터 서울점	안녕하세요 탱이보호자님:) 탱이 오늘 밥 잘 안먹어주었으며 식이테스트중이며 수액처치하며 휴식중인사진과영상 보내드립니다
1488	탱	2026-01-15 14:55:10	김미화	방금 의사랑 통화했고
1488	탱	2026-01-15 14:55:10	SD동물의료센터 서울점	채팅 운영시간 안내
1488	탱	2026-01-15 14:55:10	SD동물의료센터 서울점	✅ 본 채널에서는 진료 예약과 입원 환자 사진·안내를 받아보실 수 있습니다. (14:00~16:00, 1회)

📌 다만, 진료·증상 상담은 채널에서 진행하지 않으며, 내원 시 의료진과 직접 상담 부탁드립니다.

더 나은 진료 서비스를 위해 최선을 다하겠습니다. 감사합니다.
1488	탱	2026-01-15 14:55:38	김미화	감사합니다
1488	탱	2026-01-15 14:55:38	SD동물의료센터 서울점	채팅 운영시간 안내
1488	탱	2026-01-15 14:55:38	SD동물의료센터 서울점	✅ 본 채널에서는 진료 예약과 입원 환자 사진·안내를 받아보실 수 있습니다. (14:00~16:00, 1회)

📌 다만, 진료·증상 상담은 채널에서 진행하지 않으며, 내원 시 의료진과 직접 상담 부탁드립니다.

더 나은 진료 서비스를 위해 최선을 다하겠습니다. 감사합니다.
1488	탱	2026-02-05 14:30:38	SD동물의료센터 서울점	사진
1488	탱	2026-02-05 14:30:40	SD동물의료센터 서울점	동영상
1488	탱	2026-02-05 14:30:42	SD동물의료센터 서울점	안녕하세요 ! 탱이 보호자님 ! 탱이 밥은 소량 급여 하였습니다. 소변은 잘 보았고 현재는 수액 맞으면서 입원장에서 휴식 중입니다 ! 사진 및 영상 보내드려요
1488	탱	2026-02-06 13:53:37	SD동물의료센터 서울점	사진
1488	탱	2026-02-06 13:53:42	SD동물의료센터 서울점	동영상
1488	탱	2026-02-06 13:55:54	SD동물의료센터 서울점	안녕하세요 탱이 보호자님:) 탱이 식이 먹었고 배변,배뇨도 모두 잘 봤습니다 면회 이후 현재 장안에서 수액 맞으며 휴식중인 사진과 영상 보내드립니다 감사합니다.
1488	탱	2026-02-12 13:58:51	SD동물의료센터 서울점	사진
1488	탱	2026-02-12 13:58:55	SD동물의료센터 서울점	동영상
1488	탱	2026-02-12 13:59:02	SD동물의료센터 서울점	안녕하세요, 탱이 보호자님! 
탱이 입원 후 스푼으로 식이 급여하였습니다. 현재는 장 안에서 산소 처치를 받으며 쉬고 있는 탱이 사진과 영상 보내드립니다.
1488	탱	2026-02-20 21:05:48	김미화	안녕하세여~ 
탱이 18일날 처방받은 약입니다
1488	탱	2026-02-20 21:05:48	SD동물의료센터 서울점	채팅 운영시간 안내
1488	탱	2026-02-20 21:05:48	SD동물의료센터 서울점	✅ 본 채널에서는 진료 예약과 입원 환자 사진·안내를 받아보실 수 있습니다. (14:00~16:00, 1회)

📌 다만, 진료·증상 상담은 채널에서 진행하지 않으며, 내원 시 의료진과 직접 상담 부탁드립니다.

더 나은 진료 서비스를 위해 최선을 다하겠습니다. 감사합니다.
1488	탱	2026-02-20 21:07:09	김미화	사진
1488	탱	2026-02-20 21:07:09	SD동물의료센터 서울점	채팅 운영시간 안내
1488	탱	2026-02-20 21:07:09	SD동물의료센터 서울점	✅ 본 채널에서는 진료 예약과 입원 환자 사진·안내를 받아보실 수 있습니다. (14:00~16:00, 1회)

📌 다만, 진료·증상 상담은 채널에서 진행하지 않으며, 내원 시 의료진과 직접 상담 부탁드립니다.

더 나은 진료 서비스를 위해 최선을 다하겠습니다. 감사합니다.
1488	탱	2026-02-26 10:19:56	김미화	진료시간/영업시간
1488	탱	2026-02-26 10:19:56	SD동물의료센터 서울점(메뉴)	SD동물의료센터 서울점은
365일 24시간 연중무휴
아이들을 돌보고 있습니다.

◼︎ 주간진료 : 오전 10시~오후 10시
◼︎ 야간진료 : 오후 10시~오전 10시
◼︎ 회진시간 : 오후 1시~오후 2시

* 우리 병원은 진료예약 우선제로 예약환자를 우선으로 진료합니다. 
* 예약 없이 내원시, 대기시간이 발생할 수 있는 점 양해부탁드립니다.
* 회진시간에는 입원환자 인계업무로 인해 진료가 불가합니다. 

🚨 응급상황 발생 시, 본원 대표전화(02-2039-0303)로 연락주세요!
1488	탱	2026-02-26 10:20:01	김미화	진료예약
1488	탱	2026-02-26 10:20:01	SD동물의료센터 서울점(메뉴)	SD동물의료센터 서울점 진료 예약을 위해 아래 내용을 채팅에 남겨주세요.

◼︎ 보호자님 성함 / 연락처
◼︎ 반려동물 이름 / 간단한 증상

* 예약에 필요한 간단한 상담이 진행될 수 있습니다.
* 증상과 관련된 자세한 상담은 진료의 부분으로 예약 후 내원시 수의사 선생님과 상담 가능합니다. 
* 채널 상담은 병원 업무와 동시에 진행되어 원내 상황에 따라 빠른 응대가 어려울 수 있습니다. 

문의사항은 본원 대표전화(02-2039-0303)로 연락부탁드립니다.
1488	탱	2026-03-02 13:41:06	SD동물의료센터 서울점	사진
1488	탱	2026-03-02 13:41:10	SD동물의료센터 서울점	동영상
1488	탱	2026-03-02 13:41:13	SD동물의료센터 서울점	안녕하세요 탱이 보호자님! 탱이는 현재 입원장에서 수액 맞으면서 쉬고있으며, 사진과 영상 함께 보내드려요 감사합니다😊
1488	탱	2026-03-04 14:46:31	SD동물의료센터 서울점	사진
1488	탱	2026-03-04 14:46:34	SD동물의료센터 서울점	동영상
1488	탱	2026-03-04 14:46:42	SD동물의료센터 서울점	안녕하세요 탱이 보호자님! 탱이 아침식이 강급하였고, 소변과 대변은 있었으며 지금은 입원장에서 수액 맞으며 휴식하고있습니다. 사진과 영상 함께 보내드려요 감사합니다😊
1488	탱	2026-03-08 10:54:47	김미화	안녕하세요~
1488	탱	2026-03-08 10:54:47	SD동물의료센터 서울점	채팅 운영시간 안내
1488	탱	2026-03-08 10:54:47	SD동물의료센터 서울점	✅ 본 채널에서는 진료 예약과 입원 환자 사진·안내를 받아보실 수 있습니다. (14:00~16:00, 1회)

📌 다만, 진료·증상 상담은 채널에서 진행하지 않으며, 내원 시 의료진과 직접 상담 부탁드립니다.

더 나은 진료 서비스를 위해 최선을 다하겠습니다. 감사합니다.
1488	탱	2026-03-08 10:54:52	김미화	사진
1488	탱	2026-03-08 10:54:52	SD동물의료센터 서울점	채팅 운영시간 안내
1488	탱	2026-03-08 10:54:52	SD동물의료센터 서울점	✅ 본 채널에서는 진료 예약과 입원 환자 사진·안내를 받아보실 수 있습니다. (14:00~16:00, 1회)

📌 다만, 진료·증상 상담은 채널에서 진행하지 않으며, 내원 시 의료진과 직접 상담 부탁드립니다.

더 나은 진료 서비스를 위해 최선을 다하겠습니다. 감사합니다.
1488	탱	2026-03-08 10:56:04	김미화	탱이
네블라이저에 넣어서 사용해도 되는건지요??
1488	탱	2026-03-08 10:56:04	SD동물의료센터 서울점	채팅 운영시간 안내
1488	탱	2026-03-08 10:56:04	SD동물의료센터 서울점	✅ 본 채널에서는 진료 예약과 입원 환자 사진·안내를 받아보실 수 있습니다. (14:00~16:00, 1회)

📌 다만, 진료·증상 상담은 채널에서 진행하지 않으며, 내원 시 의료진과 직접 상담 부탁드립니다.

더 나은 진료 서비스를 위해 최선을 다하겠습니다. 감사합니다.
1488	탱	2026-03-08 11:00:52	SD동물의료센터 서울점	네 보호자님 박스의 뒷면 성분표도 사진찍어서 보내주실 수 있으실까요?
1488	탱	2026-03-08 11:01:54	김미화	사진
1488	탱	2026-03-08 11:01:54	SD동물의료센터 서울점	채팅 운영시간 안내
1488	탱	2026-03-08 11:01:54	SD동물의료센터 서울점	✅ 본 채널에서는 진료 예약과 입원 환자 사진·안내를 받아보실 수 있습니다. (14:00~16:00, 1회)

📌 다만, 진료·증상 상담은 채널에서 진행하지 않으며, 내원 시 의료진과 직접 상담 부탁드립니다.

더 나은 진료 서비스를 위해 최선을 다하겠습니다. 감사합니다.
1488	탱	2026-03-08 11:22:53	김미화	아직 확인이 안되셨을까요?? 탱이 콧물이나고 몸을 미세하게 떨어서요
1488	탱	2026-03-08 11:22:53	SD동물의료센터 서울점	채팅 운영시간 안내
1488	탱	2026-03-08 11:22:53	SD동물의료센터 서울점	✅ 본 채널에서는 진료 예약과 입원 환자 사진·안내를 받아보실 수 있습니다. (14:00~16:00, 1회)

📌 다만, 진료·증상 상담은 채널에서 진행하지 않으며, 내원 시 의료진과 직접 상담 부탁드립니다.

더 나은 진료 서비스를 위해 최선을 다하겠습니다. 감사합니다.
1488	탱	2026-03-08 11:30:46	SD동물의료센터 서울점	네 보호자님 금일 주치의선생님께서 휴진이셔서 근무중인 선생님께 확인 후 답변 예정입니다. 응급진료로 인한 빠른 답변이 어려운 점 양해부탁드립니다ㅠ
1488	탱	2026-03-08 11:38:35	김미화	네
알겠습니다
1488	탱	2026-03-08 11:38:35	SD동물의료센터 서울점	채팅 운영시간 안내
1488	탱	2026-03-08 11:38:35	SD동물의료센터 서울점	✅ 본 채널에서는 진료 예약과 입원 환자 사진·안내를 받아보실 수 있습니다. (14:00~16:00, 1회)

📌 다만, 진료·증상 상담은 채널에서 진행하지 않으며, 내원 시 의료진과 직접 상담 부탁드립니다.

더 나은 진료 서비스를 위해 최선을 다하겠습니다. 감사합니다.
1488	탱	2026-03-08 12:40:55	SD동물의료센터 서울점	위 제품도 괜찮다고 하셨으나, 혹시 0.9%N/S 생리식염수를 구할 수 있으시면 N/S 생리식염수가 더 나을 것 같다고 하셨습니다.
1488	탱	2026-03-08 13:25:13	김미화	찾아보니
1488	탱	2026-03-08 13:25:13	SD동물의료센터 서울점	채팅 운영시간 안내
1488	탱	2026-03-08 13:25:13	SD동물의료센터 서울점	✅ 본 채널에서는 진료 예약과 입원 환자 사진·안내를 받아보실 수 있습니다. (14:00~16:00, 1회)

📌 다만, 진료·증상 상담은 채널에서 진행하지 않으며, 내원 시 의료진과 직접 상담 부탁드립니다.

더 나은 진료 서비스를 위해 최선을 다하겠습니다. 감사합니다.
1488	탱	2026-03-08 13:25:17	김미화	사진
1488	탱	2026-03-08 13:25:18	SD동물의료센터 서울점	채팅 운영시간 안내
1488	탱	2026-03-08 13:25:18	SD동물의료센터 서울점	✅ 본 채널에서는 진료 예약과 입원 환자 사진·안내를 받아보실 수 있습니다. (14:00~16:00, 1회)

📌 다만, 진료·증상 상담은 채널에서 진행하지 않으며, 내원 시 의료진과 직접 상담 부탁드립니다.

더 나은 진료 서비스를 위해 최선을 다하겠습니다. 감사합니다.
1488	탱	2026-03-08 13:25:45	김미화	네블라이저 사용할수 없다고 나오네요
1488	탱	2026-03-08 13:25:45	SD동물의료센터 서울점	채팅 운영시간 안내
1488	탱	2026-03-08 13:25:45	SD동물의료센터 서울점	✅ 본 채널에서는 진료 예약과 입원 환자 사진·안내를 받아보실 수 있습니다. (14:00~16:00, 1회)

📌 다만, 진료·증상 상담은 채널에서 진행하지 않으며, 내원 시 의료진과 직접 상담 부탁드립니다.

더 나은 진료 서비스를 위해 최선을 다하겠습니다. 감사합니다.
1488	탱	2026-03-09 19:06:34	김미화	안녕하세요^^
1488	탱	2026-03-09 19:06:34	SD동물의료센터 서울점	채팅 운영시간 안내
1488	탱	2026-03-09 19:06:34	SD동물의료센터 서울점	✅ 본 채널에서는 진료 예약과 입원 환자 사진·안내를 받아보실 수 있습니다. (14:00~16:00, 1회)

📌 다만, 진료·증상 상담은 채널에서 진행하지 않으며, 내원 시 의료진과 직접 상담 부탁드립니다.

더 나은 진료 서비스를 위해 최선을 다하겠습니다. 감사합니다.
1488	탱	2026-03-09 19:06:40	김미화	사진
1488	탱	2026-03-09 19:06:40	SD동물의료센터 서울점	채팅 운영시간 안내
1488	탱	2026-03-09 19:06:40	SD동물의료센터 서울점	✅ 본 채널에서는 진료 예약과 입원 환자 사진·안내를 받아보실 수 있습니다. (14:00~16:00, 1회)

📌 다만, 진료·증상 상담은 채널에서 진행하지 않으며, 내원 시 의료진과 직접 상담 부탁드립니다.

더 나은 진료 서비스를 위해 최선을 다하겠습니다. 감사합니다.
1488	탱	2026-03-09 19:06:48	김미화	기존 약국구매한 거구요
1488	탱	2026-03-09 19:06:48	SD동물의료센터 서울점	채팅 운영시간 안내
1488	탱	2026-03-09 19:06:48	SD동물의료센터 서울점	✅ 본 채널에서는 진료 예약과 입원 환자 사진·안내를 받아보실 수 있습니다. (14:00~16:00, 1회)

📌 다만, 진료·증상 상담은 채널에서 진행하지 않으며, 내원 시 의료진과 직접 상담 부탁드립니다.

더 나은 진료 서비스를 위해 최선을 다하겠습니다. 감사합니다.
1488	탱	2026-03-09 19:07:04	김미화	사진
1488	탱	2026-03-09 19:07:04	SD동물의료센터 서울점	채팅 운영시간 안내
1488	탱	2026-03-09 19:07:04	SD동물의료센터 서울점	✅ 본 채널에서는 진료 예약과 입원 환자 사진·안내를 받아보실 수 있습니다. (14:00~16:00, 1회)

📌 다만, 진료·증상 상담은 채널에서 진행하지 않으며, 내원 시 의료진과 직접 상담 부탁드립니다.

더 나은 진료 서비스를 위해 최선을 다하겠습니다. 감사합니다.
1488	탱	2026-03-09 19:07:10	김미화	인터넷으로 주문한거 입니다
1488	탱	2026-03-09 19:07:10	SD동물의료센터 서울점	채팅 운영시간 안내
1488	탱	2026-03-09 19:07:10	SD동물의료센터 서울점	✅ 본 채널에서는 진료 예약과 입원 환자 사진·안내를 받아보실 수 있습니다. (14:00~16:00, 1회)

📌 다만, 진료·증상 상담은 채널에서 진행하지 않으며, 내원 시 의료진과 직접 상담 부탁드립니다.

더 나은 진료 서비스를 위해 최선을 다하겠습니다. 감사합니다.
1488	탱	2026-03-09 19:07:33	김미화	위에 사진 저희 유과장님한테 전달 부탁드립니다
1488	탱	2026-03-09 19:07:33	SD동물의료센터 서울점	채팅 운영시간 안내
1488	탱	2026-03-09 19:07:33	SD동물의료센터 서울점	✅ 본 채널에서는 진료 예약과 입원 환자 사진·안내를 받아보실 수 있습니다. (14:00~16:00, 1회)

📌 다만, 진료·증상 상담은 채널에서 진행하지 않으며, 내원 시 의료진과 직접 상담 부탁드립니다.

더 나은 진료 서비스를 위해 최선을 다하겠습니다. 감사합니다.
1488	탱	2026-03-09 19:07:39	SD동물의료센터 서울점	오 보호자님 약국에서 파는 이거 맞아요!! 크린콜을 말씀드리고 싶었는데 인터넷 검색에서 안나와서 약국에서 20ml짜리 뜯어쓰는거 말씀드린거라서
1488	탱	2026-03-09 19:07:47	김미화	사진
1488	탱	2026-03-09 19:07:47	SD동물의료센터 서울점	채팅 운영시간 안내
1488	탱	2026-03-09 19:07:47	SD동물의료센터 서울점	✅ 본 채널에서는 진료 예약과 입원 환자 사진·안내를 받아보실 수 있습니다. (14:00~16:00, 1회)

📌 다만, 진료·증상 상담은 채널에서 진행하지 않으며, 내원 시 의료진과 직접 상담 부탁드립니다.

더 나은 진료 서비스를 위해 최선을 다하겠습니다. 감사합니다.
1488	탱	2026-03-09 19:07:48	SD동물의료센터 서울점	크린콜로 구매해서 쓰시는게 좋을꺼같아요!
1488	탱	2026-03-09 19:08:01	SD동물의료센터 서울점	약국에서 구매해서 사용 부탁드립니다~
1488	탱	2026-03-09 19:08:06	SD동물의료센터 서울점	✅ 본 채널에서는 진료 예약과 입원 환자 사진·안내를 받아보실 수 있습니다. (14:00~16:00, 1회)

📌 다만, 진료·증상 상담은 채널에서 진행하지 않으며, 내원 시 의료진과 직접 상담 부탁드립니다.

더 나은 진료 서비스를 위해 최선을 다하겠습니다. 감사합니다.
1488	탱	2026-03-09 19:08:06	김미화	요렇게 써 있어서 멈칫한겁니다
1488	탱	2026-03-09 19:08:06	SD동물의료센터 서울점	채팅 운영시간 안내
1488	탱	2026-03-09 19:11:52	김미화	제가 담에 가게되면 저거 가지고 가볼께요.. 
고맙습니다~
1488	탱	2026-03-09 19:11:53	SD동물의료센터 서울점	채팅 운영시간 안내
1488	탱	2026-03-09 19:11:53	SD동물의료센터 서울점	✅ 본 채널에서는 진료 예약과 입원 환자 사진·안내를 받아보실 수 있습니다. (14:00~16:00, 1회)

📌 다만, 진료·증상 상담은 채널에서 진행하지 않으며, 내원 시 의료진과 직접 상담 부탁드립니다.

더 나은 진료 서비스를 위해 최선을 다하겠습니다. 감사합니다.
1488	탱	2026-03-11 06:43:57	김미화	안녕하세요~
탱이 오늘 유수진과장님 진료 가능할까요??
1488	탱	2026-03-11 06:43:57	SD동물의료센터 서울점	채팅 운영시간 안내
1488	탱	2026-03-11 06:43:57	SD동물의료센터 서울점	✅ 본 채널에서는 진료 예약과 입원 환자 사진·안내를 받아보실 수 있습니다. (14:00~16:00, 1회)

📌 다만, 진료·증상 상담은 채널에서 진행하지 않으며, 내원 시 의료진과 직접 상담 부탁드립니다.

더 나은 진료 서비스를 위해 최선을 다하겠습니다. 감사합니다.
1488	탱	2026-03-13 14:39:48	SD동물의료센터 서울점	사진
1488	탱	2026-03-13 14:39:51	SD동물의료센터 서울점	동영상
1488	탱	2026-03-13 14:39:55	SD동물의료센터 서울점	안녕하세요 탱이 보호자님! 탱이는 현재 입원장 안에서 수액 맞으면서 휴식중이며, 영상과 사진 보내드려요.
1488	탱	2026-03-14 15:04:45	SD동물의료센터 서울점	사진
1488	탱	2026-03-14 15:04:48	SD동물의료센터 서울점	동영상
1488	탱	2026-03-14 15:04:51	SD동물의료센터 서울점	안녕하세요 탱이 보호자님! 탱이는 현재 입원장 안에서 수액 맞으면서 휴식중이며, 영상과 사진 보내드려요. 감사합니다😊
1488	탱	2026-03-15 00:09:34	김미화	동영상
1488	탱	2026-03-15 00:09:34	SD동물의료센터 서울점	채팅 운영시간 안내
1488	탱	2026-03-15 00:09:34	SD동물의료센터 서울점	✅ 본 채널에서는 진료 예약과 입원 환자 사진·안내를 받아보실 수 있습니다. (14:00~16:00, 1회)

📌 다만, 진료·증상 상담은 채널에서 진행하지 않으며, 내원 시 의료진과 직접 상담 부탁드립니다.

더 나은 진료 서비스를 위해 최선을 다하겠습니다. 감사합니다.
1488	탱	2026-03-15 00:44:01	김미화	동영상
1488	탱	2026-03-15 00:44:01	SD동물의료센터 서울점	채팅 운영시간 안내
1488	탱	2026-03-15 00:44:01	SD동물의료센터 서울점	✅ 본 채널에서는 진료 예약과 입원 환자 사진·안내를 받아보실 수 있습니다. (14:00~16:00, 1회)

📌 다만, 진료·증상 상담은 채널에서 진행하지 않으며, 내원 시 의료진과 직접 상담 부탁드립니다.

더 나은 진료 서비스를 위해 최선을 다하겠습니다. 감사합니다.
1488	탱	2026-03-15 00:44:26	SD동물의료센터 서울점	채팅 운영시간 안내
1488	탱	2026-03-15 00:44:26	SD동물의료센터 서울점	✅ 본 채널에서는 진료 예약과 입원 환자 사진·안내를 받아보실 수 있습니다. (14:00~16:00, 1회)

📌 다만, 진료·증상 상담은 채널에서 진행하지 않으며, 내원 시 의료진과 직접 상담 부탁드립니다.

더 나은 진료 서비스를 위해 최선을 다하겠습니다. 감사합니다.
1488	탱	2026-03-15 00:44:26	김미화	동영상
1488	탱	2026-03-20 21:24:07	SD동물의료센터 서울점	안녕하세요 보호자님

입원 및 면회 관련 안내사항 보내드립니다.
이용에 불편함 없으시도록 참고 부탁드립니다. :)

▶ https://blog.naver.com/sdamc00/223842908205


◎ 우리 병원은 아픈 반려동물의 빠른 회복을 최우선으로 최선의 진료를 시행합니다. ◎

""예상치 못한 응급 상황이나 피치 못할 중환자 관리로 인해 대기 시간이 길어질 수 있는 점""
미리 양해 말씀드리며 너그럽게 양해 부탁드립니다.

보호자분의 따뜻한 배려 늘 감사합니다. :)
1488	탱	2026-03-23 20:58:13	김미화	사진
1488	탱	2026-03-23 20:58:13	SD동물의료센터 서울점	채팅 운영시간 안내
1488	탱	2026-03-23 20:58:13	SD동물의료센터 서울점	✅ 본 채널에서는 진료 예약과 입원 환자 사진·안내를 받아보실 수 있습니다. (14:00~16:00, 1회)

📌 다만, 진료·증상 상담은 채널에서 진행하지 않으며, 내원 시 의료진과 직접 상담 부탁드립니다.

더 나은 진료 서비스를 위해 최선을 다하겠습니다. 감사합니다.
1488	탱	2026-03-26 17:53:31	김미화	동영상
1488	탱	2026-03-26 17:53:31	SD동물의료센터 서울점	채팅 운영시간 안내
1488	탱	2026-03-26 17:53:31	SD동물의료센터 서울점	✅ 본 채널에서는 진료 예약과 입원 환자 사진·안내를 받아보실 수 있습니다. (14:00~16:00, 1회)

📌 다만, 진료·증상 상담은 채널에서 진행하지 않으며, 내원 시 의료진과 직접 상담 부탁드립니다.

더 나은 진료 서비스를 위해 최선을 다하겠습니다. 감사합니다.
1488	탱	2026-04-15 11:32:32	김미화	안녕하세요^^
1488	탱	2026-04-15 11:32:32	SD동물의료센터 서울점	채팅 운영시간 안내
1488	탱	2026-04-15 11:32:32	SD동물의료센터 서울점	✅ 본 채널에서는 진료 예약과 입원 환자 사진·안내를 받아보실 수 있습니다. (14:00~16:00, 1회)

📌 다만, 진료·증상 상담은 채널에서 진행하지 않으며, 내원 시 의료진과 직접 상담 부탁드립니다.

더 나은 진료 서비스를 위해 최선을 다하겠습니다. 감사합니다.
1488	탱	2026-04-15 11:32:36	김미화	사진
1488	탱	2026-04-15 11:32:36	SD동물의료센터 서울점	채팅 운영시간 안내
1488	탱	2026-04-15 11:32:36	SD동물의료센터 서울점	✅ 본 채널에서는 진료 예약과 입원 환자 사진·안내를 받아보실 수 있습니다. (14:00~16:00, 1회)

📌 다만, 진료·증상 상담은 채널에서 진행하지 않으며, 내원 시 의료진과 직접 상담 부탁드립니다.

더 나은 진료 서비스를 위해 최선을 다하겠습니다. 감사합니다.
1488	탱	2026-04-15 11:32:49	김미화	저희 명인님께 확인부탁드립니다
1488	탱	2026-04-15 11:32:49	SD동물의료센터 서울점	채팅 운영시간 안내
1488	탱	2026-04-15 11:32:49	SD동물의료센터 서울점	✅ 본 채널에서는 진료 예약과 입원 환자 사진·안내를 받아보실 수 있습니다. (14:00~16:00, 1회)

📌 다만, 진료·증상 상담은 채널에서 진행하지 않으며, 내원 시 의료진과 직접 상담 부탁드립니다.

더 나은 진료 서비스를 위해 최선을 다하겠습니다. 감사합니다.
1488	탱	2026-04-15 11:35:14	SD동물의료센터 서울점	보호자님 안녕하세요. 주치의 선생님께 전달드리겠습니다. 감사합니다. ^^
1488	탱	2026-04-22 10:27:28	SD동물의료센터 서울점	채팅 운영시간 안내
1488	탱	2026-04-22 10:27:28	SD동물의료센터 서울점	✅ 본 채널에서는 진료 예약과 입원 환자 사진·안내를 받아보실 수 있습니다. (14:00~16:00, 1회)

📌 다만, 진료·증상 상담은 채널에서 진행하지 않으며, 내원 시 의료진과 직접 상담 부탁드립니다.

더 나은 진료 서비스를 위해 최선을 다하겠습니다. 감사합니다.
1488	탱	2026-04-22 10:27:28	김미화	안녕하세요^^
1488	탱	2026-04-22 10:27:48	김미화	사진
1488	탱	2026-04-22 10:27:48	SD동물의료센터 서울점	채팅 운영시간 안내
1488	탱	2026-04-22 10:27:48	SD동물의료센터 서울점	✅ 본 채널에서는 진료 예약과 입원 환자 사진·안내를 받아보실 수 있습니다. (14:00~16:00, 1회)

📌 다만, 진료·증상 상담은 채널에서 진행하지 않으며, 내원 시 의료진과 직접 상담 부탁드립니다.

더 나은 진료 서비스를 위해 최선을 다하겠습니다. 감사합니다.
1488	탱	2026-04-22 10:28:01	김미화	우리 명인님께 전달 부탁드립니다
1488	탱	2026-04-22 10:28:01	SD동물의료센터 서울점	채팅 운영시간 안내
1488	탱	2026-04-22 10:28:01	SD동물의료센터 서울점	✅ 본 채널에서는 진료 예약과 입원 환자 사진·안내를 받아보실 수 있습니다. (14:00~16:00, 1회)

📌 다만, 진료·증상 상담은 채널에서 진행하지 않으며, 내원 시 의료진과 직접 상담 부탁드립니다.

더 나은 진료 서비스를 위해 최선을 다하겠습니다. 감사합니다.
1488	탱	2026-04-22 10:29:28	SD동물의료센터 서울점	네 보호자님 선생님께 전달드리겠습니다^^
1488	탱	2026-04-22 10:31:03	김미화	고맙습니다~
1488	탱	2026-04-22 10:31:03	SD동물의료센터 서울점	채팅 운영시간 안내
1488	탱	2026-04-22 10:31:03	SD동물의료센터 서울점	✅ 본 채널에서는 진료 예약과 입원 환자 사진·안내를 받아보실 수 있습니다. (14:00~16:00, 1회)

📌 다만, 진료·증상 상담은 채널에서 진행하지 않으며, 내원 시 의료진과 직접 상담 부탁드립니다.

더 나은 진료 서비스를 위해 최선을 다하겠습니다. 감사합니다.
1488	탱	2026-04-24 15:05:42	SD동물의료센터 서울점	사진
1488	탱	2026-04-24 15:05:50	SD동물의료센터 서울점	동영상
1488	탱	2026-04-24 15:05:52	SD동물의료센터 서울점	안녕하세요 탱이 보호자님~ 탱이는 현재 장안에서 수액을 맞으며 휴식을 취하고 있습니다. 사진 및 영상 보내드려요~
1488	탱	2026-04-27 09:09:04	김미화	사진
1488	탱	2026-04-27 09:09:04	SD동물의료센터 서울점	채팅 운영시간 안내
1488	탱	2026-04-27 09:09:04	SD동물의료센터 서울점	✅ 본 채널에서는 진료 예약과 입원 환자 사진·안내를 받아보실 수 있습니다. (14:00~16:00, 1회)

📌 다만, 진료·증상 상담은 채널에서 진행하지 않으며, 내원 시 의료진과 직접 상담 부탁드립니다.

더 나은 진료 서비스를 위해 최선을 다하겠습니다. 감사합니다.
1488	탱	2026-05-01 17:54:19	SD동물의료센터 서울점	안녕하세요 보호자님

입원 및 면회 관련 안내사항 보내드립니다.
이용에 불편함 없으시도록 참고 부탁드립니다. :)

▶ https://blog.naver.com/sdamc00/223842908205


◎ 우리 병원은 아픈 반려동물의 빠른 회복을 최우선으로 최선의 진료를 시행합니다. ◎

""예상치 못한 응급 상황이나 피치 못할 중환자 관리로 인해 대기 시간이 길어질 수 있는 점""
미리 양해 말씀드리며 너그럽게 양해 부탁드립니다.

보호자분의 따뜻한 배려 늘 감사합니다. :)
1488	탱	2026-05-04 12:01:38	김미화	사진
1488	탱	2026-05-04 12:01:39	SD동물의료센터 서울점	채팅 운영시간 안내
1488	탱	2026-05-04 12:01:39	SD동물의료센터 서울점	✅ 본 채널에서는 진료 예약과 입원 환자 사진·안내를 받아보실 수 있습니다. (14:00~16:00, 1회)

📌 다만, 진료·증상 상담은 채널에서 진행하지 않으며, 내원 시 의료진과 직접 상담 부탁드립니다.

더 나은 진료 서비스를 위해 최선을 다하겠습니다. 감사합니다.
1488	탱	2026-05-04 12:01:59	김미화	사진
1488	탱	2026-05-04 12:01:59	SD동물의료센터 서울점	채팅 운영시간 안내
1488	탱	2026-05-04 12:01:59	SD동물의료센터 서울점	✅ 본 채널에서는 진료 예약과 입원 환자 사진·안내를 받아보실 수 있습니다. (14:00~16:00, 1회)

📌 다만, 진료·증상 상담은 채널에서 진행하지 않으며, 내원 시 의료진과 직접 상담 부탁드립니다.

더 나은 진료 서비스를 위해 최선을 다하겠습니다. 감사합니다.
1488	탱	2026-05-04 12:04:59	SD동물의료센터 서울점	선생님께 전달 드리겠습니다 감사합니다:)
1488	탱	2026-05-04 12:05:16	김미화	감사합니다
1488	탱	2026-05-04 12:05:16	SD동물의료센터 서울점	채팅 운영시간 안내
1488	탱	2026-05-04 12:05:16	SD동물의료센터 서울점	✅ 본 채널에서는 진료 예약과 입원 환자 사진·안내를 받아보실 수 있습니다. (14:00~16:00, 1회)

📌 다만, 진료·증상 상담은 채널에서 진행하지 않으며, 내원 시 의료진과 직접 상담 부탁드립니다.

더 나은 진료 서비스를 위해 최선을 다하겠습니다. 감사합니다.
1488	탱	2026-05-22 14:19:43	SD동물의료센터 서울점	사진
1488	탱	2026-05-22 14:19:47	SD동물의료센터 서울점	동영상
1488	탱	2026-05-22 14:19:48	SD동물의료센터 서울점	안녕하세요 탱이 보호자님~ 탱이는 현재 내원이후 약도 잘먹고 대변,소변 모두 잘보고 입원장에서 휴식을 취하고 있습니다. 사진 및 영상 보내드려요 :)
1488	탱	2026-05-31 18:02:00	SD동물의료센터 서울점	사진
1488	탱	2026-05-31 18:02:03	SD동물의료센터 서울점	사진
1488	탱	2026-05-31 18:02:36	SD동물의료센터 서울점	안녕하세요 보호자님, 오늘 탱이 진료 시 촬영한 눈꼽, 안압측정 사진 전달 드립니다. 내일 눈초롱동물병원 진료시 전달해주시면 좋을 것 같습니다. 감사합니다!
1488	탱	2026-06-06 16:11:35	김미화	동영상
1488	탱	2026-06-06 16:11:35	SD동물의료센터 서울점	채팅 운영시간 안내
1488	탱	2026-06-06 16:11:35	SD동물의료센터 서울점	✅ 본 채널에서는 진료 예약과 입원 환자 사진·안내를 받아보실 수 있습니다. (14:00~16:00, 1회)

📌 다만, 진료·증상 상담은 채널에서 진행하지 않으며, 내원 시 의료진과 직접 상담 부탁드립니다.

더 나은 진료 서비스를 위해 최선을 다하겠습니다. 감사합니다.
1488	탱	2026-06-06 16:15:04	SD동물의료센터 서울점	✅ 본 채널에서는 진료 예약과 입원 환자 사진·안내를 받아보실 수 있습니다. (14:00~16:00, 1회)

📌 다만, 진료·증상 상담은 채널에서 진행하지 않으며, 내원 시 의료진과 직접 상담 부탁드립니다.

더 나은 진료 서비스를 위해 최선을 다하겠습니다. 감사합니다.
1488	탱	2026-06-06 16:15:04	김미화	호흡을 크게 하며 숨은 1분에 33번 또는 27번 정도 쉽니다
1488	탱	2026-06-06 16:15:04	SD동물의료센터 서울점	채팅 운영시간 안내
1488	탱	2026-06-06 16:15:13	김미화	쌤께 전달 부탁드려요
1488	탱	2026-06-06 16:15:13	SD동물의료센터 서울점	채팅 운영시간 안내
1488	탱	2026-06-06 16:15:13	SD동물의료센터 서울점	✅ 본 채널에서는 진료 예약과 입원 환자 사진·안내를 받아보실 수 있습니다. (14:00~16:00, 1회)

📌 다만, 진료·증상 상담은 채널에서 진행하지 않으며, 내원 시 의료진과 직접 상담 부탁드립니다.

더 나은 진료 서비스를 위해 최선을 다하겠습니다. 감사합니다.
1488	탱	2026-06-07 00:43:11	김미화	동영상
1488	탱	2026-06-07 00:43:11	SD동물의료센터 서울점	채팅 운영시간 안내
1488	탱	2026-06-07 00:43:11	SD동물의료센터 서울점	✅ 본 채널에서는 진료 예약과 입원 환자 사진·안내를 받아보실 수 있습니다. (14:00~16:00, 1회)

📌 다만, 진료·증상 상담은 채널에서 진행하지 않으며, 내원 시 의료진과 직접 상담 부탁드립니다.

더 나은 진료 서비스를 위해 최선을 다하겠습니다. 감사합니다.
1488	탱	2026-06-07 00:43:17	김미화	동영상
1488	탱	2026-06-07 00:43:17	SD동물의료센터 서울점	채팅 운영시간 안내
1488	탱	2026-06-07 00:43:17	SD동물의료센터 서울점	✅ 본 채널에서는 진료 예약과 입원 환자 사진·안내를 받아보실 수 있습니다. (14:00~16:00, 1회)

📌 다만, 진료·증상 상담은 채널에서 진행하지 않으며, 내원 시 의료진과 직접 상담 부탁드립니다.

더 나은 진료 서비스를 위해 최선을 다하겠습니다. 감사합니다.
1488	탱	2026-06-07 00:43:22	김미화	동영상
1488	탱	2026-06-07 00:43:22	SD동물의료센터 서울점	채팅 운영시간 안내
1488	탱	2026-06-07 00:43:22	SD동물의료센터 서울점	✅ 본 채널에서는 진료 예약과 입원 환자 사진·안내를 받아보실 수 있습니다. (14:00~16:00, 1회)

📌 다만, 진료·증상 상담은 채널에서 진행하지 않으며, 내원 시 의료진과 직접 상담 부탁드립니다.

더 나은 진료 서비스를 위해 최선을 다하겠습니다. 감사합니다.
1488	탱	2026-06-07 00:43:30	김미화	지금은 조금 조용한편이긴한데 이러다 심해져요
1488	탱	2026-06-07 00:43:30	SD동물의료센터 서울점	채팅 운영시간 안내
1488	탱	2026-06-07 00:43:30	SD동물의료센터 서울점	✅ 본 채널에서는 진료 예약과 입원 환자 사진·안내를 받아보실 수 있습니다. (14:00~16:00, 1회)

📌 다만, 진료·증상 상담은 채널에서 진행하지 않으며, 내원 시 의료진과 직접 상담 부탁드립니다.

더 나은 진료 서비스를 위해 최선을 다하겠습니다. 감사합니다.
1488	탱	2026-06-07 00:43:39	김미화	동영상
1488	탱	2026-06-07 00:43:39	SD동물의료센터 서울점	채팅 운영시간 안내
1488	탱	2026-06-07 00:43:39	SD동물의료센터 서울점	✅ 본 채널에서는 진료 예약과 입원 환자 사진·안내를 받아보실 수 있습니다. (14:00~16:00, 1회)

📌 다만, 진료·증상 상담은 채널에서 진행하지 않으며, 내원 시 의료진과 직접 상담 부탁드립니다.

더 나은 진료 서비스를 위해 최선을 다하겠습니다. 감사합니다.
1488	탱	2026-06-07 00:48:29	김미화	동영상
1488	탱	2026-06-07 00:48:30	SD동물의료센터 서울점	채팅 운영시간 안내
1488	탱	2026-06-07 00:48:30	SD동물의료센터 서울점	✅ 본 채널에서는 진료 예약과 입원 환자 사진·안내를 받아보실 수 있습니다. (14:00~16:00, 1회)

📌 다만, 진료·증상 상담은 채널에서 진행하지 않으며, 내원 시 의료진과 직접 상담 부탁드립니다.

더 나은 진료 서비스를 위해 최선을 다하겠습니다. 감사합니다.
1488	탱	2026-06-16 11:32:56	김미화	안녕하세여~
탱이 오늘 12시 예약 취소 부탁드립니다
1488	탱	2026-06-16 11:32:56	SD동물의료센터 서울점	채팅 운영시간 안내
1488	탱	2026-06-16 11:32:56	SD동물의료센터 서울점	✅ 본 채널에서는 진료 예약과 입원 환자 사진·안내를 받아보실 수 있습니다. (14:00~16:00, 1회)

📌 다만, 진료·증상 상담은 채널에서 진행하지 않으며, 내원 시 의료진과 직접 상담 부탁드립니다.

더 나은 진료 서비스를 위해 최선을 다하겠습니다. 감사합니다.
1488	탱	2026-06-16 11:45:31	SD동물의료센터 서울점	금일 예약취소 도와드렸습니다 감사합니다.
1488	탱	2026-06-27 15:32:38	SD동물의료센터 서울점	탱이 7/1 수 12:30 예약확정 입니다 탕탕탕!
1488	탱	2026-06-27 16:19:01	김미화	감사합니다~
1488	탱	2026-06-27 16:19:01	SD동물의료센터 서울점	채팅 운영시간 안내
1488	탱	2026-06-27 16:19:01	SD동물의료센터 서울점	✅ 본 채널에서는 진료 예약과 입원 환자 사진·안내를 받아보실 수 있습니다. (14:00~16:00, 1회)

📌 다만, 진료·증상 상담은 채널에서 진행하지 않으며, 내원 시 의료진과 직접 상담 부탁드립니다.

더 나은 진료 서비스를 위해 최선을 다하겠습니다. 감사합니다.
1488	탱	2026-07-10 15:49:43	김미화	동영상
1488	탱	2026-07-10 15:49:43	SD동물의료센터 서울점	채팅 운영시간 안내
1488	탱	2026-07-10 15:49:43	SD동물의료센터 서울점	✅ 본 채널에서는 진료 예약과 입원 환자 사진·안내를 받아보실 수 있습니다. (14:00~16:00, 1회)

📌 다만, 진료·증상 상담은 채널에서 진행하지 않으며, 내원 시 의료진과 직접 상담 부탁드립니다.

더 나은 진료 서비스를 위해 최선을 다하겠습니다. 감사합니다.
1488	탱	2026-07-27 16:30:38	SD동물의료센터 서울점	안녕하세요 보호자님

입원 및 면회 관련 안내사항 보내드립니다.
이용에 불편함 없으시도록 참고 부탁드립니다. :)

▶ https://blog.naver.com/sdamc00/223842908205


◎ 우리 병원은 아픈 반려동물의 빠른 회복을 최우선으로 최선의 진료를 시행합니다. ◎

""예상치 못한 응급 상황이나 피치 못할 중환자 관리로 인해 대기 시간이 길어질 수 있는 점""
미리 양해 말씀드리며 너그럽게 양해 부탁드립니다.

보호자분의 따뜻한 배려 늘 감사합니다. :)
1488	탱	2026-07-27 16:30:41	SD동물의료센터 서울점	면회 시간 안내 드립니다.

12:00 ~ 12:50 / 17:30 ~ 19:00

1일 2회 (최대 10분 제한)
- 장소 : 원내 처치실 (입원실)

전화 문의 후 내원 
- 예약 및 전화 접수 불가하며 원내 접수 순으로 진행하고 있으며 병원 상황에 따라 대기 생길 수 있는 점 미리 양해 말씀드립니다.

감사합니다. :)
1488	탱	2026-07-28 14:00:27	SD동물의료센터 서울점	(광고)7월의 SD링크가 도착했어요.
1488	탱	2026-07-28 15:23:07	SD동물의료센터 서울점	사진
1488	탱	2026-07-28 15:23:12	SD동물의료센터 서울점	동영상
1488	탱	2026-07-28 15:23:14	SD동물의료센터 서울점	동영상
1488	탱	2026-07-28 15:23:18	SD동물의료센터 서울점	안녕하세요 탱이 보호자님~ 탱이 오늘 오전 식이는 주사기를 통하여 유동식을 급여 하였고 소변도 잘보았습니다. 현재는 입원장에서 수액을 맞으며 휴식을 취하고 있습니다. 사진 및 영상 보내드려요 :)
1488	탱	2026-07-29 14:42:39	SD동물의료센터 서울점	사진
1488	탱	2026-07-29 14:42:42	SD동물의료센터 서울점	동영상
1488	탱	2026-07-29 14:42:47	SD동물의료센터 서울점	안녕하세요 탱이 보호자님~ 탱이는 오늘 오전 식이는 주사기를 통하여 유동식을 급여 하였고 대변과 소변도 잘보았습니다. 현재는 입원장에서 수액을 맞으며 휴식을 취하고 있습니다. 사진 및 영상 보내드려요 :)
1488	탱	2026-08-05 13:15:13	김미화	사진
1488	탱	2026-08-05 13:15:13	SD동물의료센터 서울점	채팅 운영시간 안내
1488	탱	2026-08-05 13:15:13	SD동물의료센터 서울점	✅ 본 채널에서는 진료 예약과 입원 환자 사진·안내를 받아보실 수 있습니다. (14:00~16:00, 1회)

📌 다만, 진료·증상 상담은 채널에서 진행하지 않으며, 내원 시 의료진과 직접 상담 부탁드립니다.

더 나은 진료 서비스를 위해 최선을 다하겠습니다. 감사합니다.
1488	탱	2026-08-05 13:18:29	김미화	1팩에 30g 크기는 대략 10Cm정도 되는데 한끼 식사에 얼마나 먹어도 되는지 확인 부탁드립니다.
1488	탱	2026-08-05 13:18:29	SD동물의료센터 서울점	채팅 운영시간 안내
1488	탱	2026-08-05 13:18:29	SD동물의료센터 서울점	✅ 본 채널에서는 진료 예약과 입원 환자 사진·안내를 받아보실 수 있습니다. (14:00~16:00, 1회)

📌 다만, 진료·증상 상담은 채널에서 진행하지 않으며, 내원 시 의료진과 직접 상담 부탁드립니다.

더 나은 진료 서비스를 위해 최선을 다하겠습니다. 감사합니다.
1488	탱	2026-08-05 13:20:15	김미화	사진
1488	탱	2026-08-05 13:20:16	SD동물의료센터 서울점	채팅 운영시간 안내
1488	탱	2026-08-05 13:20:16	SD동물의료센터 서울점	✅ 본 채널에서는 진료 예약과 입원 환자 사진·안내를 받아보실 수 있습니다. (14:00~16:00, 1회)

📌 다만, 진료·증상 상담은 채널에서 진행하지 않으며, 내원 시 의료진과 직접 상담 부탁드립니다.

더 나은 진료 서비스를 위해 최선을 다하겠습니다. 감사합니다.
1488	탱	2026-08-05 13:20:21	김미화	이렇게 보내드리면 보이시나요??
1488	탱	2026-08-05 13:20:21	SD동물의료센터 서울점	채팅 운영시간 안내
1488	탱	2026-08-05 13:20:21	SD동물의료센터 서울점	✅ 본 채널에서는 진료 예약과 입원 환자 사진·안내를 받아보실 수 있습니다. (14:00~16:00, 1회)

📌 다만, 진료·증상 상담은 채널에서 진행하지 않으며, 내원 시 의료진과 직접 상담 부탁드립니다.

더 나은 진료 서비스를 위해 최선을 다하겠습니다. 감사합니다.
1488	탱	2026-08-05 13:20:46	SD동물의료센터 서울점	네 확인 후 답변 드리겠습니다. :)
1488	탱	2026-08-05 13:20:48	김미화	사진
1488	탱	2026-08-05 13:20:49	SD동물의료센터 서울점	채팅 운영시간 안내
1488	탱	2026-08-05 13:20:49	SD동물의료센터 서울점	✅ 본 채널에서는 진료 예약과 입원 환자 사진·안내를 받아보실 수 있습니다. (14:00~16:00, 1회)

📌 다만, 진료·증상 상담은 채널에서 진행하지 않으며, 내원 시 의료진과 직접 상담 부탁드립니다.

더 나은 진료 서비스를 위해 최선을 다하겠습니다. 감사합니다.
1488	탱	2026-08-05 13:21:03	SD동물의료센터 서울점	채팅 운영시간 안내
1488	탱	2026-08-05 13:21:03	SD동물의료센터 서울점	✅ 본 채널에서는 진료 예약과 입원 환자 사진·안내를 받아보실 수 있습니다. (14:00~16:00, 1회)

📌 다만, 진료·증상 상담은 채널에서 진행하지 않으며, 내원 시 의료진과 직접 상담 부탁드립니다.

더 나은 진료 서비스를 위해 최선을 다하겠습니다. 감사합니다.
1488	탱	2026-08-05 13:21:03	김미화	사진
1488	탱	2026-08-05 13:21:17	김미화	사진
1488	탱	2026-08-05 13:21:17	SD동물의료센터 서울점	채팅 운영시간 안내
1488	탱	2026-08-05 13:21:17	SD동물의료센터 서울점	✅ 본 채널에서는 진료 예약과 입원 환자 사진·안내를 받아보실 수 있습니다. (14:00~16:00, 1회)

📌 다만, 진료·증상 상담은 채널에서 진행하지 않으며, 내원 시 의료진과 직접 상담 부탁드립니다.

더 나은 진료 서비스를 위해 최선을 다하겠습니다. 감사합니다.
1488	탱	2026-08-05 16:51:03	SD동물의료센터 서울점	하루 권장 급여칼로리의 10%이하로 급여하는게 추천됩니다. 탱이의 경우 하루 권장칼로리가 200-220kcal정도 되고, 하루 20kcal정도를 저 제품들로 대체할 수 있을 것 같습니다. 제가 조성으로 간이 계산을 했을 때 g당 1-1.2kcal정도 되는 것 같아서 하루 총 권장급여량은 약 15-20g정도로 하시면 될 것 같습니다
1488	탱	2026-08-13 14:55:32	SD동물의료센터 서울점	사진
1488	탱	2026-08-13 14:55:35	SD동물의료센터 서울점	동영상
1488	탱	2026-08-13 14:55:39	SD동물의료센터 서울점	안녕하세요 탱이 보호자님~ 탱이 오늘 오전 식이는 주사기를 통하여 유동식을 급여 하였고 대변과 소변 모두 잘보았습니다. 현재는 입원장에서 수액을 맞으며 휴식을 취하고 있습니다. 사진 및 영상 보내드려요 :)
1488	탱	2026-08-14 07:51:27	SD동물의료센터 서울점	알림톡/브랜드메시지는 관리자센터에서 확인할 수 없어요.
1488	탱	2026-08-14 10:28:51	SD동물의료센터 서울점	알림톡/브랜드메시지는 관리자센터에서 확인할 수 없어요.
1488	탱	2026-08-14 14:06:43	SD동물의료센터 서울점	사진
1488	탱	2026-08-14 14:06:47	SD동물의료센터 서울점	동영상
1488	탱	2026-08-14 14:06:53	SD동물의료센터 서울점	안녕하세요 탱이 보호자님~ 탱이 오늘 오전 식이는 주사기를 통하여 유동식을 급여 하였고 소변도 잘보았습니다. 현재는 입원장에서 수액을 맞으며 휴식을 취하고 있습니다. 사진 및 영상 보내드려요 :)
1488	탱	2026-08-15 14:25:11	SD동물의료센터 서울점	알림톡/브랜드메시지는 관리자센터에서 확인할 수 없어요.
1488	탱	2026-08-15 14:49:31	SD동물의료센터 서울점	사진
1488	탱	2026-08-15 14:49:34	SD동물의료센터 서울점	동영상
1488	탱	2026-08-15 14:49:38	SD동물의료센터 서울점	안녕하세요 탱이 보호자님! 탱이는 오늘 아침 식이 주사기를 통해 유동식 급여하였으며 소변도 보았습니다. 입원장 안에서 수액 맞으면서 휴식 중인 영상과 함께 사진 보내드려요! 감사합니다 :)
1488	탱	2026-08-16 14:19:29	SD동물의료센터 서울점	사진
1488	탱	2026-08-16 14:19:32	SD동물의료센터 서울점	동영상
1796	하루	2023-09-05 16:29:44	소연●´ω｀●	안녕하세요~ 하루 약샴푸 처방 가능할까요?
1796	하루	2023-09-05 16:32:00	SD동물의료센터 서울점	안녕하세요 보호자님 :) 약 처방 여부 담당선생님께 확인 후 답변도와드리겠습니다
1796	하루	2023-09-05 16:32:42	소연●´ω｀●	네~
1796	하루	2023-09-05 16:37:23	SD동물의료센터 서울점	보호자님 샴푸 처방 가능하다고 하셔서 준비해 놓겠습니다.  몇시쯤 내원이 가능하실까요?
1796	하루	2023-09-05 16:38:44	소연●´ω｀●	오늘 말구요! 내일중으로 방문하겠습니다 
1796	하루	2023-09-05 16:38:48	소연●´ω｀●	퇴근후에 
1796	하루	2023-09-05 16:39:17	SD동물의료센터 서울점	네 :)
1796	하루	2023-09-06 18:22:47	소연●´ω｀●	아 까먹고 집가는거 탔어요 담에 사러 갈께요 시간될때 
1796	하루	2023-09-06 18:26:58	SD동물의료센터 서울점	네, 알겠습니다.
1796	하루	2023-09-16 10:25:16	소연●´ω｀●	진료 예약 안내
1796	하루	2023-09-16 10:25:17	SD동물의료센터 서울점(메뉴)	※ 채팅을 통한 진료 상담은 제한적인 부분이 많아 부득이하게 진행이 어려운 점 양해 말씀드립니다. ※

채널을 통한 예약의 경우 예약 관련 간단한 상담 진행 후 예약을 진행합니다.
진료적인 보다 자세한 상담은 오셔서 선생님과 상담 부탁드립니다. 😊

주간 모든 진료는 예약제로 미 예약 내원 시 대기 시간이 다소 길어질 수 있으니 가급적 예약 후 내원 부탁드립니다.
야간(응급) 진료는 내원 전 본원(02-2039-0303) 전화 문의 부탁드립니다.

채널은 병원 업무와 동시에 이뤄지고 있으며 내원한 아이들에게 조금 더 집중을 하고 있습니다. 😊
상황에 따라 빠른 응대가 어려울 수 있사오니 자세한 문의는 본원(02-2039-0303) 전화 부탁드립니다.

감사합니다.
1796	하루	2023-09-16 10:25:50	소연●´ω｀●	안녕하세여~ 혹시 미용도 가능한가 해서요!
1796	하루	2023-09-16 10:33:38	SD동물의료센터 서울점	안녕하세요 보호자님 :) 저희 본원에서는 미용은 따로 운영하고 있지 않습니다 ㅠ
1796	하루	2023-09-16 13:08:43	소연●´ω｀●	네
1796	하루	2023-09-16 13:08:48	소연●´ω｀●	저 오늘 갈꺼라서요
1796	하루	2023-09-16 13:09:00	소연●´ω｀●	하루 샴푸 준비 부탁 드릴께요 
1796	하루	2023-09-16 13:32:19	SD동물의료센터 서울점	네 알겠습니다. :)
1796	하루	2023-09-17 07:32:39	소연●´ω｀●	안녕하세요~ 혹시 지금 가도 진료 받을 수 있을까요? 하루 눈이 아픈지 잘 못뜨고 눈물이 많이나와서요ㅜㅜ
1796	하루	2023-09-17 07:32:39	SD동물의료센터 서울점	채팅 운영시간 안내
1796	하루	2023-09-17 07:32:39	SD동물의료센터 서울점	지금은 답변(채팅)이 가능한 시간이 아닙니다. 🌃
야간 중 채널 확인 및 전송이 불가능하오니 내용을 남겨주시면 채팅이 가능한 시간에 순차적으로 답변드리겠습니다.
아이들의 편한 휴식과 보다 더 안정된 회복을 위하여 집중하겠습니다.
감사합니다. 😊
1796	하루	2023-09-17 09:00:12	소연●´ω｀●	안녕하세요~ 혹시 지금 가도 진료 받을 수 있을까요? 하루 눈이 아픈지 잘 못뜨고 눈물이 많이나와서요ㅜㅜ
1796	하루	2023-09-17 09:07:44	소연●´ω｀●	진료 예약 안내
1796	하루	2023-09-17 09:07:44	SD동물의료센터 서울점(메뉴)	※ 채팅을 통한 진료 상담은 제한적인 부분이 많아 부득이하게 진행이 어려운 점 양해 말씀드립니다. ※

채널을 통한 예약의 경우 예약 관련 간단한 상담 진행 후 예약을 진행합니다.
진료적인 보다 자세한 상담은 오셔서 선생님과 상담 부탁드립니다. 😊

주간 모든 진료는 예약제로 미 예약 내원 시 대기 시간이 다소 길어질 수 있으니 가급적 예약 후 내원 부탁드립니다.
야간(응급) 진료는 내원 전 본원(02-2039-0303) 전화 문의 부탁드립니다.

채널은 병원 업무와 동시에 이뤄지고 있으며 내원한 아이들에게 조금 더 집중을 하고 있습니다. 😊
상황에 따라 빠른 응대가 어려울 수 있사오니 자세한 문의는 본원(02-2039-0303) 전화 부탁드립니다.

감사합니다.
1796	하루	2023-11-17 19:43:05	소연●´ω｀●	안녕하세요
1796	하루	2023-11-17 19:43:26	소연●´ω｀●	하루 눈에 뭐가 난거같은데 병원을 가야하나 해서요
1796	하루	2023-11-17 19:43:29	소연●´ω｀●	사진
1796	하루	2023-11-17 19:43:47	소연●´ω｀●	이렇게 붉게 낫는데 다래끼인걸까요~?
1796	하루	2023-11-17 19:45:56	SD동물의료센터 서울점	안녕하세요 보호자님 :)
사진만으로는 정확한 판단이 어려워 내원 후 진료 보시는게 좋을 것 같습니다.
1796	하루	2023-11-17 19:46:09	소연●´ω｀●	진료 예약 안내
1796	하루	2023-11-17 19:46:09	SD동물의료센터 서울점(메뉴)	※ 채팅을 통한 진료 상담은 제한적인 부분이 많아 부득이하게 진행이 어려운 점 양해 말씀드립니다. ※

채널을 통한 예약의 경우 예약 관련 간단한 상담 진행 후 예약을 진행합니다.
진료적인 보다 자세한 상담은 오셔서 선생님과 상담 부탁드립니다. 😊

주간 모든 진료는 예약제로 미 예약 내원 시 대기 시간이 다소 길어질 수 있으니 가급적 예약 후 내원 부탁드립니다.
야간(응급) 진료는 내원 전 본원(02-2039-0303) 전화 문의 부탁드립니다.

채널 운영은 병원 업무와 동시에 이뤄지고 있으며 내원한 아이들에게 조금 더 집중을 하고 있습니다. 😊
상황에 따라 빠른 응대가 어려울 수 있사오니 자세한 문의는 본원(02-2039-0303) 전화 부탁드립니다.

감사합니다.
1796	하루	2023-11-17 19:46:12	소연●´ω｀●	아구 
1796	하루	2023-11-17 19:46:23	소연●´ω｀●	지금 가면 하루 봐주실 선생님 계신가요?
1796	하루	2023-11-17 19:46:45	SD동물의료센터 서울점	네 대기하셨다가 진료 보시면 됩니다!
1796	하루	2023-11-17 19:46:55	SD동물의료센터 서울점	어떤 진료 보러 오시나요?
1796	하루	2023-11-17 19:47:18	소연●´ω｀●	피부때문인건지 정확하게 확인이 필요할꺼같아서요 
1796	하루	2023-11-17 19:47:26	소연●´ω｀●	눈때문도 그렇고 밥도 잘안먹어서 
1796	하루	2023-11-17 19:47:34	SD동물의료센터 서울점	네 몇시쯤 내원 예정이세요?
1796	하루	2023-11-17 19:49:22	소연●´ω｀●	넉넉잡아서 9시쯤 도착할꺼같은데... 선생님 퇴근하셔야 ㅎ하지 않나여?
1796	하루	2023-11-17 19:49:45	소연●´ω｀●	아니면 내일 갈까여?
1796	하루	2023-11-17 19:52:46	SD동물의료센터 서울점	이전에 하루 피부 진료 봐주셨던 선생님 내일 예약 풀이라 선생님 상관 없으시면 오늘 오셔도 무방합니다.
1796	하루	2023-11-17 19:52:57	SD동물의료센터 서울점	오늘 더 빨리 오시면 더 좋고요 😅
1796	하루	2023-11-17 19:54:14	소연●´ω｀●	네 그 혹시 야간진료비는 얼마정도 나오나요?
1796	하루	2023-11-17 19:57:58	SD동물의료센터 서울점	밤 열시부터 야간 진료비 적용 되며 야간 진료비 3만원와 나머지 할증 10% 발생합니다. :)
1796	하루	2023-11-17 20:00:31	소연●´ω｀●	네 오늘 방문 하겠습니다!
1796	하루	2023-11-22 20:28:45	소연●´ω｀●	안녕하세요 하루 사료사러 지금 방문하겠습니다 
1796	하루	2023-11-22 20:47:29	SD동물의료센터 서울점	네, 이따 뵙겠습니다. :)
1796	하루	2023-12-23 12:25:38	소연●´ω｀●	안녕하세요~ 여쭤볼게 있어서요! 하루 약 샴푸 계속 써야할까요?ㅠ
1796	하루	2023-12-23 12:46:53	SD동물의료센터 서울점	피부 상태 양호하다면 점차 줄여나가다가 중단해주셔도 됩니다:) 만약 다시 악화되는 양상이면 그럴 때마다 빈도 늘려서 해주세요~
1796	하루	2023-12-23 12:48:18	소연●´ω｀●	네 알겠습니다 ㅎㅎ
1796	하루	2024-01-30 14:02:56	소연●´ω｀●	안녕하세요 
1796	하루	2024-01-30 14:03:16	소연●´ω｀●	하루 약샴푸 준비 부탁 드립니다 금일 오후 7시쯤 방문 예정이에요 
1796	하루	2024-01-30 14:31:54	SD동물의료센터 서울점	네:)
1796	하루	2024-02-26 09:34:13	소연●´ω｀●	안녕하세요 
1796	하루	2024-02-26 09:34:21	소연●´ω｀●	거기 혹시
1796	하루	2024-02-26 09:34:47	소연●´ω｀●	아노레딕스: 식용증진 전용캔 판매 하실까요?
1796	하루	2024-02-26 09:46:45	SD동물의료센터 서울점	안녕하세요 :) 아노레딕스캔은 판매하고있지 않습니다.
1796	하루	2024-03-19 15:39:53	소연●´ω｀●	안녕하세요~ 오늘 한 6시반~7시 쭘 방문예정입니다!
1796	하루	2024-03-19 15:40:01	소연●´ω｀●	하루 약샴푸 준비 부탁 드립니다!
1796	하루	2024-03-19 15:47:22	SD동물의료센터 서울점	네 저녁에 뵙겠습니다 :)
1796	하루	2024-05-08 16:34:01	소연●´ω｀●	안녕하세요~ 오늘 한 6시반~7시 쭘 방문예정입니다! 
1796	하루	2024-05-08 16:34:17	소연●´ω｀●	약삼푸 살려고 하구요~ 간김에 하루 귀 검사 좀 해볼려구요!
1796	하루	2024-05-08 16:40:41	SD동물의료센터 서울점	안녕하세요 하루 보호자님 ; ) 주치의 선생님이신 유지수 과장님께선 늦어도 6시까지 오셔야 진료가 가능하시고 6시 내원이 어려우신 경우 다른 선생님께 8시 진료가 가능하십니다. 예약을 어떻게 도와드릴까요~?
1796	하루	2024-05-08 16:45:09	소연●´ω｀●	6시 10분까지 갈수 있어요! 
1796	하루	2024-05-08 16:45:11	소연●´ω｀●	ㅠㅠㅠㅠ 
1796	하루	2024-05-08 16:45:18	소연●´ω｀●	늦어도 10분까지는 괜찮은데 ㅠㅠㅠ 
1796	하루	2024-05-08 16:45:42	소연●´ω｀●	어려우시겟죠?
1796	하루	2024-05-08 16:51:24	SD동물의료센터 서울점	선생님이 7시 퇴근이셔서 최대한 시간맞춰 내원 부탁드릴게요 :) 금일 6시로 예약 도와드리겠습니다.
1796	하루	2024-05-08 16:52:01	소연●´ω｀●	네 알겠습니다!
1796	하루	2024-05-08 17:08:37	소연●´ω｀●	약샴푸 2개 준비 해주세용! 
1796	하루	2024-05-08 17:09:46	SD동물의료센터 서울점	네 보호자님 전달 드리겠습니다~
1796	하루	2024-05-08 17:09:56	소연●´ω｀●	네~ 감사합니당! 
1796	하루	2024-08-02 14:15:56	소연●´ω｀●	안녕하세요 
1796	하루	2024-08-02 14:16:18	소연●´ω｀●	하루 약샴푸 2개 준비 부탁 드립니다 
1796	하루	2026-07-28 14:00:15	SD동물의료센터 서울점	(광고)7월의 SD링크가 도착했어요.
1796	하루	2026-04-26 10:54:17	지연	혹시 오늘 진료 할수있나요 ?
1796	하루	2026-04-26 10:54:17	SD동물의료센터 서울점	채팅 운영시간 안내
1796	하루	2026-04-26 10:54:17	SD동물의료센터 서울점	✅ 본 채널에서는 진료 예약과 입원 환자 사진·안내를 받아보실 수 있습니다. (14:00~16:00, 1회)

📌 다만, 진료·증상 상담은 채널에서 진행하지 않으며, 내원 시 의료진과 직접 상담 부탁드립니다.

더 나은 진료 서비스를 위해 최선을 다하겠습니다. 감사합니다.
1796	하루	2026-04-26 11:04:46	SD동물의료센터 서울점	유선안내 드렸습니다. 예약 일정 확인되시면 다시 연락 부탁드립니다. 감사합니다!
1796	하루	2026-04-26 15:45:32	지연	저 하루 보호자인데요   실밥 빼는거 5월3일에 예약했는데  9일로 바꿀수있을까요 ?  
1796	하루	2026-04-26 15:45:32	SD동물의료센터 서울점	채팅 운영시간 안내
1796	하루	2026-04-26 15:45:32	SD동물의료센터 서울점	✅ 본 채널에서는 진료 예약과 입원 환자 사진·안내를 받아보실 수 있습니다. (14:00~16:00, 1회)

📌 다만, 진료·증상 상담은 채널에서 진행하지 않으며, 내원 시 의료진과 직접 상담 부탁드립니다.

더 나은 진료 서비스를 위해 최선을 다하겠습니다. 감사합니다.
1796	하루	2026-04-26 15:49:17	SD동물의료센터 서울점	안녕하세요 보호자님, 가능하세요 :) 5월 9일 혹시 12시 괜찮으실까요?
1796	하루	2026-04-26 15:53:18	지연	네네 괜찮아요
1796	하루	2026-04-26 15:53:18	SD동물의료센터 서울점	채팅 운영시간 안내
1796	하루	2026-04-26 15:53:18	SD동물의료센터 서울점	✅ 본 채널에서는 진료 예약과 입원 환자 사진·안내를 받아보실 수 있습니다. (14:00~16:00, 1회)

📌 다만, 진료·증상 상담은 채널에서 진행하지 않으며, 내원 시 의료진과 직접 상담 부탁드립니다.

더 나은 진료 서비스를 위해 최선을 다하겠습니다. 감사합니다.
1796	하루	2026-04-26 15:54:44	지연	하루 근데 그렇게 오래 있어도 괜찮은거에요 ? 
1796	하루	2026-04-26 15:54:44	SD동물의료센터 서울점	채팅 운영시간 안내
1796	하루	2026-04-26 15:54:44	SD동물의료센터 서울점	✅ 본 채널에서는 진료 예약과 입원 환자 사진·안내를 받아보실 수 있습니다. (14:00~16:00, 1회)

📌 다만, 진료·증상 상담은 채널에서 진행하지 않으며, 내원 시 의료진과 직접 상담 부탁드립니다.

더 나은 진료 서비스를 위해 최선을 다하겠습니다. 감사합니다.
1796	하루	2026-04-26 15:59:09	SD동물의료센터 서울점	네 보호자님, 괜찮을 듯 합니다 :)
1796	하루	2026-04-26 15:59:27	지연	네 감사합니당 
1796	하루	2026-04-26 15:59:27	SD동물의료센터 서울점	채팅 운영시간 안내
1796	하루	2026-04-26 15:59:27	SD동물의료센터 서울점	✅ 본 채널에서는 진료 예약과 입원 환자 사진·안내를 받아보실 수 있습니다. (14:00~16:00, 1회)

📌 다만, 진료·증상 상담은 채널에서 진행하지 않으며, 내원 시 의료진과 직접 상담 부탁드립니다.

더 나은 진료 서비스를 위해 최선을 다하겠습니다. 감사합니다.
1796	하루	2026-04-26 15:59:47	SD동물의료센터 서울점	네 보호자님, 그러시면 5월 9일 12시로 예약 도와드리겠습니다. 감사합니다 :)
1796	하루	2026-04-26 16:00:18	지연	네 감사합니다 :D
1796	하루	2026-04-26 16:00:18	SD동물의료센터 서울점	채팅 운영시간 안내
1796	하루	2026-04-26 16:00:18	SD동물의료센터 서울점	✅ 본 채널에서는 진료 예약과 입원 환자 사진·안내를 받아보실 수 있습니다. (14:00~16:00, 1회)

📌 다만, 진료·증상 상담은 채널에서 진행하지 않으며, 내원 시 의료진과 직접 상담 부탁드립니다.

더 나은 진료 서비스를 위해 최선을 다하겠습니다. 감사합니다.
1796	하루	2026-04-29 19:27:37	지연	하루 반창고 붙힌거 뜯어졌는데 괜찮을까요 ?
1796	하루	2026-04-29 19:27:37	SD동물의료센터 서울점	채팅 운영시간 안내
1796	하루	2026-04-29 19:27:37	SD동물의료센터 서울점	✅ 본 채널에서는 진료 예약과 입원 환자 사진·안내를 받아보실 수 있습니다. (14:00~16:00, 1회)

📌 다만, 진료·증상 상담은 채널에서 진행하지 않으며, 내원 시 의료진과 직접 상담 부탁드립니다.

더 나은 진료 서비스를 위해 최선을 다하겠습니다. 감사합니다.
1796	하루	2026-04-29 20:28:14	SD동물의료센터 서울점	안녕하세요 보호자님 하루가 수술 부위를 햝거나 긁진 않을까요?
1796	하루	2026-04-29 20:44:36	SD동물의료센터 서울점	✅ 본 채널에서는 진료 예약과 입원 환자 사진·안내를 받아보실 수 있습니다. (14:00~16:00, 1회)

📌 다만, 진료·증상 상담은 채널에서 진행하지 않으며, 내원 시 의료진과 직접 상담 부탁드립니다.

더 나은 진료 서비스를 위해 최선을 다하겠습니다. 감사합니다.
1796	하루	2026-04-29 20:44:36	지연	넹 긁지는 않아요
1796	하루	2026-04-29 20:44:36	SD동물의료센터 서울점	채팅 운영시간 안내
1796	하루	2026-04-29 20:55:16	SD동물의료센터 서울점	네 그러면 하루 2번정도 소독해주시는 것이 좋을 것 같습니다. 병원에서 소독솜 받으신 적 있으실까요?
1796	하루	2026-04-29 21:04:25	지연	어 네네 
1796	하루	2026-04-29 21:04:25	SD동물의료센터 서울점	채팅 운영시간 안내
1796	하루	2026-04-29 21:04:25	SD동물의료센터 서울점	✅ 본 채널에서는 진료 예약과 입원 환자 사진·안내를 받아보실 수 있습니다. (14:00~16:00, 1회)

📌 다만, 진료·증상 상담은 채널에서 진행하지 않으며, 내원 시 의료진과 직접 상담 부탁드립니다.

더 나은 진료 서비스를 위해 최선을 다하겠습니다. 감사합니다.
1796	하루	2026-04-29 21:04:44	지연	일단 그 소독솜으로 감싸서 
1796	하루	2026-04-29 21:04:44	SD동물의료센터 서울점	채팅 운영시간 안내
1796	하루	2026-04-29 21:04:44	SD동물의료센터 서울점	✅ 본 채널에서는 진료 예약과 입원 환자 사진·안내를 받아보실 수 있습니다. (14:00~16:00, 1회)

📌 다만, 진료·증상 상담은 채널에서 진행하지 않으며, 내원 시 의료진과 직접 상담 부탁드립니다.

더 나은 진료 서비스를 위해 최선을 다하겠습니다. 감사합니다.
1796	하루	2026-04-29 21:05:05	지연	테이프 붙혀주긴했거든용 ? 그렇게 해도 되겠죠 ?
1796	하루	2026-04-29 21:05:05	SD동물의료센터 서울점	채팅 운영시간 안내
1796	하루	2026-04-29 21:05:05	SD동물의료센터 서울점	✅ 본 채널에서는 진료 예약과 입원 환자 사진·안내를 받아보실 수 있습니다. (14:00~16:00, 1회)

📌 다만, 진료·증상 상담은 채널에서 진행하지 않으며, 내원 시 의료진과 직접 상담 부탁드립니다.

더 나은 진료 서비스를 위해 최선을 다하겠습니다. 감사합니다.
1796	하루	2026-04-29 21:08:33	SD동물의료센터 서울점	소독솜으로 소독만 진행하신 후 해당 부위를 핥거나 긁는지만 지켜봐주시는 것이 좋습니다 :)
1796	하루	2026-04-29 21:10:29	지연	아 그럼  테이프로 감싸는건 안좋은가요 ? 
1796	하루	2026-04-29 21:10:29	SD동물의료센터 서울점	채팅 운영시간 안내
1796	하루	2026-04-29 21:10:29	SD동물의료센터 서울점	✅ 본 채널에서는 진료 예약과 입원 환자 사진·안내를 받아보실 수 있습니다. (14:00~16:00, 1회)

📌 다만, 진료·증상 상담은 채널에서 진행하지 않으며, 내원 시 의료진과 직접 상담 부탁드립니다.

더 나은 진료 서비스를 위해 최선을 다하겠습니다. 감사합니다.
1796	하루	2026-04-29 21:18:17	SD동물의료센터 서울점	소독액이 묻어있는 솜이 계속 수술 부위에 있을 경우 습하기 떄문에 세균의 번식이 있을 수 있어 가볍게 소독만 진행해주시는 것이 좋습니다
1796	하루	2026-04-29 21:23:11	지연	앗..네  알겠습니다
1796	하루	2026-04-29 21:23:11	SD동물의료센터 서울점	채팅 운영시간 안내
1796	하루	2026-04-29 21:23:11	SD동물의료센터 서울점	✅ 본 채널에서는 진료 예약과 입원 환자 사진·안내를 받아보실 수 있습니다. (14:00~16:00, 1회)

📌 다만, 진료·증상 상담은 채널에서 진행하지 않으며, 내원 시 의료진과 직접 상담 부탁드립니다.

더 나은 진료 서비스를 위해 최선을 다하겠습니다. 감사합니다.
1796	하루	2026-05-02 14:07:47	SD동물의료센터 서울점	채팅 운영시간 안내
1796	하루	2026-05-02 14:07:47	SD동물의료센터 서울점	✅ 본 채널에서는 진료 예약과 입원 환자 사진·안내를 받아보실 수 있습니다. (14:00~16:00, 1회)

📌 다만, 진료·증상 상담은 채널에서 진행하지 않으며, 내원 시 의료진과 직접 상담 부탁드립니다.

더 나은 진료 서비스를 위해 최선을 다하겠습니다. 감사합니다.
1796	하루	2026-05-02 14:07:47	지연	어..하루 꼬리에 살짝 물이 닿았는데 괜찮을까요..? 물닿지말라고 하셨는데  죄송해요..ㅠㅠ  발만 살짝 씻겨주려다가  꼬리에 물이 닿아서 ㅠ 소독해주면 괜찮겠죠 ? 
1796	하루	2026-05-02 14:18:28	SD동물의료센터 서울점	네 보호자님 잘 말리고 소독 부탁드립니다 :)
1796	하루	2026-05-02 14:25:29	지연	넵 알겠습니다
1796	하루	2026-05-02 14:25:30	SD동물의료센터 서울점	채팅 운영시간 안내
1796	하루	2026-05-02 14:25:30	SD동물의료센터 서울점	✅ 본 채널에서는 진료 예약과 입원 환자 사진·안내를 받아보실 수 있습니다. (14:00~16:00, 1회)

📌 다만, 진료·증상 상담은 채널에서 진행하지 않으며, 내원 시 의료진과 직접 상담 부탁드립니다.

더 나은 진료 서비스를 위해 최선을 다하겠습니다. 감사합니다.
1796	하루	2026-07-20 20:01:31	지연	문의드려도 될까요? 
1796	하루	2026-07-20 20:01:31	SD동물의료센터 서울점	채팅 운영시간 안내
1796	하루	2026-07-20 20:01:31	SD동물의료센터 서울점	✅ 본 채널에서는 진료 예약과 입원 환자 사진·안내를 받아보실 수 있습니다. (14:00~16:00, 1회)

📌 다만, 진료·증상 상담은 채널에서 진행하지 않으며, 내원 시 의료진과 직접 상담 부탁드립니다.

더 나은 진료 서비스를 위해 최선을 다하겠습니다. 감사합니다.
1796	하루	2026-07-20 20:01:51	지연	하루 보호자인데요  
1796	하루	2026-07-20 20:01:51	SD동물의료센터 서울점	채팅 운영시간 안내
1796	하루	2026-07-20 20:01:51	SD동물의료센터 서울점	✅ 본 채널에서는 진료 예약과 입원 환자 사진·안내를 받아보실 수 있습니다. (14:00~16:00, 1회)

📌 다만, 진료·증상 상담은 채널에서 진행하지 않으며, 내원 시 의료진과 직접 상담 부탁드립니다.

더 나은 진료 서비스를 위해 최선을 다하겠습니다. 감사합니다.
1796	하루	2026-07-20 20:02:50	SD동물의료센터 서울점	안녕하세요 보호자님, 어떤 문의사항 있으실까요? :)
1796	하루	2026-07-20 20:25:41	지연	 방금 통화한 하루 보호자에요   물어볼게있어서 문의드리려고했는데  안해도될거같아요 ㅎㅎ
1796	하루	2026-07-20 20:25:41	SD동물의료센터 서울점	채팅 운영시간 안내
1796	하루	2026-07-20 20:25:41	SD동물의료센터 서울점	✅ 본 채널에서는 진료 예약과 입원 환자 사진·안내를 받아보실 수 있습니다. (14:00~16:00, 1회)

📌 다만, 진료·증상 상담은 채널에서 진행하지 않으며, 내원 시 의료진과 직접 상담 부탁드립니다.

더 나은 진료 서비스를 위해 최선을 다하겠습니다. 감사합니다.
1796	하루	2026-07-20 20:27:04	SD동물의료센터 서울점	네 보호자님, 9시에 뵙겠습니다 :)
1796	하루	2026-07-20 20:27:28	지연	넵  8시49분에 도착할거같은데  진료 가능하겠죠 ??
1796	하루	2026-07-20 20:27:28	SD동물의료센터 서울점	채팅 운영시간 안내
1796	하루	2026-07-20 20:27:28	SD동물의료센터 서울점	✅ 본 채널에서는 진료 예약과 입원 환자 사진·안내를 받아보실 수 있습니다. (14:00~16:00, 1회)

📌 다만, 진료·증상 상담은 채널에서 진행하지 않으며, 내원 시 의료진과 직접 상담 부탁드립니다.

더 나은 진료 서비스를 위해 최선을 다하겠습니다. 감사합니다.
2569	루이	2024-03-21 09:41:59	혜림	안녕하세요, 루이인데요..
혹시 종합검진도 하나요?
2569	루이	2024-03-21 10:00:18	SD동물의료센터 서울점	SD동물의료센터 건강검진 프로그램 (1).pdf
2569	루이	2024-03-21 10:00:34	SD동물의료센터 서울점	안녕하세요 보호자님, 건강검진 진행하고 있습니다 :) 항목 보내드리도록 하겠습니다. 확인 후 예약 필요하시면 연락 부탁드립니다 :)
2569	루이	2024-03-21 10:03:17	혜림	7세이상 스탠다드하고 프리미엄 가격 알수있을까요?
2569	루이	2024-03-21 10:04:35	SD동물의료센터 서울점	스탠다드는 80만원, 프리미엄은 영상촬영 (CT, MRI 등) 포함된 항목이라 최소 금액 135만원 이상으로 생각해주시면 됩니다 :)
2569	루이	2024-03-21 10:04:49	혜림	감사합니다 
2569	루이	2024-03-21 10:05:43	SD동물의료센터 서울점	예약 필요하시면 연락 부탁드립니다. 감사합니다 :)
2569	루이	2024-04-29 16:06:57	SD동물의료센터 서울점	사진
2569	루이	2024-04-29 16:07:17	SD동물의료센터 서울점	동영상
2569	루이	2024-04-29 16:07:17	SD동물의료센터 서울점	동영상
2569	루이	2024-04-29 16:07:17	SD동물의료센터 서울점	동영상
2569	루이	2024-04-29 16:07:23	SD동물의료센터 서울점	동영상
2569	루이	2024-04-29 16:07:23	SD동물의료센터 서울점	동영상
2569	루이	2024-04-29 16:07:23	SD동물의료센터 서울점	동영상
2569	루이	2024-04-29 16:07:26	SD동물의료센터 서울점	동영상
2569	루이	2024-04-29 16:07:26	SD동물의료센터 서울점	동영상
2569	루이	2024-04-29 16:07:29	SD동물의료센터 서울점	동영상
2569	루이	2024-04-29 16:07:30	SD동물의료센터 서울점	동영상
2569	루이	2024-04-29 16:07:36	SD동물의료센터 서울점	안녕하세요 루이 보호자님! 루이 금일 진행한 재활영상 보내드릴게요! 감사합니다!
2569	루이	2024-05-03 11:03:26	혜림	7일 루이 병원일정 변경하려고 하는데요,
8일 오후에 가능한 시간이 있나요?
2569	루이	2024-05-03 12:08:07	SD동물의료센터 서울점	유선상으로 상담 도와드렸습니다 감사합니다 :)
2569	루이	2024-05-08 20:59:11	SD동물의료센터 서울점	사진
2569	루이	2024-05-08 20:59:14	SD동물의료센터 서울점	동영상
2569	루이	2024-05-08 20:59:14	SD동물의료센터 서울점	동영상
2569	루이	2024-05-08 20:59:14	SD동물의료센터 서울점	동영상
2569	루이	2024-05-08 20:59:18	SD동물의료센터 서울점	동영상
2569	루이	2024-05-08 20:59:19	SD동물의료센터 서울점	동영상
2569	루이	2024-05-08 20:59:20	SD동물의료센터 서울점	동영상
2569	루이	2024-05-08 20:59:22	SD동물의료센터 서울점	동영상
2569	루이	2024-05-08 20:59:29	SD동물의료센터 서울점	안녕하세요 루이 보호자님 ! 루이 금일 진행한 재활 영상 보내 드립니다 !
2569	루이	2024-05-21 09:55:57	혜림	루이 어제 재활영상 보내주세요 :)
2569	루이	2024-05-21 14:01:59	SD동물의료센터 서울점	사진
2569	루이	2024-05-21 14:02:02	SD동물의료센터 서울점	동영상
2569	루이	2024-05-21 14:02:02	SD동물의료센터 서울점	동영상
2569	루이	2024-05-21 14:02:02	SD동물의료센터 서울점	동영상
2569	루이	2024-05-21 14:02:05	SD동물의료센터 서울점	동영상
2569	루이	2024-05-21 14:02:05	SD동물의료센터 서울점	동영상
2569	루이	2024-05-21 14:02:05	SD동물의료센터 서울점	동영상
2569	루이	2024-05-21 14:02:08	SD동물의료센터 서울점	동영상
2569	루이	2024-05-21 14:02:08	SD동물의료센터 서울점	동영상
2569	루이	2024-05-21 14:02:10	SD동물의료센터 서울점	동영상
2569	루이	2024-05-21 14:02:12	SD동물의료센터 서울점	안녕하세요~ 루이 어제 재활 한 영상 보내드릴게요:)
2569	루이	2024-05-29 19:28:42	SD동물의료센터 서울점	사진
2569	루이	2024-05-29 19:28:42	SD동물의료센터 서울점	동영상
2569	루이	2024-05-29 19:28:43	SD동물의료센터 서울점	동영상
2569	루이	2024-05-29 19:28:44	SD동물의료센터 서울점	동영상
2569	루이	2024-05-29 19:28:45	SD동물의료센터 서울점	동영상
2569	루이	2024-05-29 19:28:46	SD동물의료센터 서울점	동영상
2569	루이	2024-05-29 19:28:48	SD동물의료센터 서울점	동영상
2569	루이	2024-05-29 19:28:48	SD동물의료센터 서울점	동영상
2569	루이	2024-05-29 19:28:51	SD동물의료센터 서울점	동영상
2569	루이	2024-05-29 19:28:55	SD동물의료센터 서울점	안녕하세요 루이 재활 한 영상 보내드립니다 !
2569	루이	2024-06-04 18:58:48	SD동물의료센터 서울점	사진
2569	루이	2024-06-04 18:58:50	SD동물의료센터 서울점	동영상
2569	루이	2024-06-04 18:58:52	SD동물의료센터 서울점	동영상
2569	루이	2024-06-04 18:58:52	SD동물의료센터 서울점	동영상
2569	루이	2024-06-04 18:58:54	SD동물의료센터 서울점	동영상
2569	루이	2024-06-04 18:58:55	SD동물의료센터 서울점	동영상
2569	루이	2024-06-04 18:58:56	SD동물의료센터 서울점	동영상
2569	루이	2024-06-04 18:58:58	SD동물의료센터 서울점	동영상
2569	루이	2024-06-04 18:58:59	SD동물의료센터 서울점	동영상
2569	루이	2024-06-04 18:58:59	SD동물의료센터 서울점	동영상
2569	루이	2024-06-04 18:59:01	SD동물의료센터 서울점	안녕하세요 루이 보호자님! 루이 금일 진행한 재활영상 보내드릴게요 감사합니다!
2569	루이	2024-06-10 20:17:53	SD동물의료센터 서울점	사진
2569	루이	2024-06-10 20:17:55	SD동물의료센터 서울점	동영상
2569	루이	2024-06-10 20:17:55	SD동물의료센터 서울점	동영상
2569	루이	2024-06-10 20:17:56	SD동물의료센터 서울점	동영상
2569	루이	2024-06-10 20:17:57	SD동물의료센터 서울점	사진
2569	루이	2024-06-10 20:17:57	SD동물의료센터 서울점	동영상
2569	루이	2024-06-10 20:17:58	SD동물의료센터 서울점	동영상
2569	루이	2024-06-10 20:18:01	SD동물의료센터 서울점	동영상
2569	루이	2024-06-10 20:18:01	SD동물의료센터 서울점	동영상
2569	루이	2024-06-10 20:18:01	SD동물의료센터 서울점	동영상
2569	루이	2024-06-10 20:18:04	SD동물의료센터 서울점	동영상
2569	루이	2024-06-10 20:18:04	SD동물의료센터 서울점	동영상
2569	루이	2024-06-10 20:18:04	SD동물의료센터 서울점	동영상
2569	루이	2024-06-10 20:18:21	SD동물의료센터 서울점	루이 보호자님 안녕하세요~오늘 진행한 루이 재활사진 보내드립니다 감사합니다:)
2569	루이	2024-06-11 19:43:18	혜림	유튜브 바로가기
2569	루이	2024-06-11 19:43:18	SD동물의료센터 서울점(메뉴)	SD동물의료센터 by 메디엘동물병원의 유튜브 채널 오픈 ! 

유튜브에서는 우리 병원의 소식과 진료정보, 반려동물 질환에 대한 다양한 정보들을 다뤄 볼 예정입니다. 

❤️ 구독과 좋아요 부탁드려요 ❤️
2569	루이	2024-08-19 15:43:36	혜림	진료예약
2569	루이	2024-08-19 15:43:36	SD동물의료센터 서울점(메뉴)	SD동물의료센터 서울점 진료 예약을 위해 아래 내용을 채팅에 남겨주세요.

◼︎ 보호자님 성함 / 연락처
◼︎ 반려동물 이름 / 간단한 증상

* 예약에 필요한 간단한 상담이 진행될 수 있습니다.
* 증상과 관련된 자세한 상담은 진료의 부분으로 예약 후 내원시 수의사 선생님과 상담 가능합니다. 
* 채널 상담은 병원 업무와 동시에 진행되어 원내 상황에 따라 빠른 응대가 어려울 수 있습니다. 

문의사항은 본원 대표전화(02-2039-0303)로 연락부탁드립니다.
2569	루이	2024-08-19 15:44:35	혜림	정혜림 / 01022841202
루이 / 항문근처 혹 생김
2569	루이	2024-08-19 15:44:57	혜림	수요일 11시로 부탁드릴께요
2569	루이	2024-08-19 15:54:47	SD동물의료센터 서울점	안녕하세요 보호자님, 21일 수요일 오전 11시 김원장님 앞으로 예약 도와드렸습니다. 감사합니다 :)
2569	루이	2024-09-08 21:24:12	혜림	오늘 추가로 물어봐야하는데 잊어버려서 문의드려요.
헥시아 복용하고 있었는데 계속 복용해도 괜찮을까요?
그리고 가슴에도 혹이 있는데 수술해서 제거하는게 맞을까요?
2569	루이	2024-09-08 21:56:41	SD동물의료센터 서울점	안녕하세요 보호자님
말씀하신 보조제 섭취는 크게 상관 없습니다.
그리고 가슴의 혹은 진료 후 수술 결정 필요할 듯합니다. :)
2569	루이	2024-09-13 07:56:57	혜림	내일(토) 김원장님 진료(수술상담) 가능하나요?
2569	루이	2024-09-13 07:56:57	SD동물의료센터 서울점	채팅 운영시간 안내
2569	루이	2024-09-13 07:56:57	SD동물의료센터 서울점	지금은 답변(채팅)이 가능한 시간이 아닙니다. 🌃
야간 중 채널 확인 및 전송이 불가능하오니 내용을 남겨주시면 채팅이 가능한 시간에 순차적으로 답변드리겠습니다.
아이들의 편한 휴식과 보다 더 안정된 회복을 위하여 집중하겠습니다.
감사합니다. 😊
2569	루이	2024-09-13 10:25:02	SD동물의료센터 서울점	안녕하세요 루이보호자님, 요청하신 토요일은 원장님께서 휴진이신 관계로 상담이 조금 어렵습니다. 다른 가능하신 날짜가 있으실까요?
2569	루이	2024-09-13 10:30:20	혜림	연휴에 나오시나요?
2569	루이	2024-09-13 10:31:32	SD동물의료센터 서울점	네 저희는 연휴에도 진료를 하기에 나오십니다 :)
2569	루이	2024-09-13 11:08:11	혜림	일요일도 나오시나요?
2569	루이	2024-09-13 11:13:45	SD동물의료센터 서울점	네 일요일 15일 22일  가능하세요 혹시 이번에는  수술 상담만 내원 예정이실까요?
2569	루이	2024-09-13 11:16:23	혜림	수술상담하고 가능하면 날짜도 잡으려고요
2569	루이	2024-09-13 11:22:05	SD동물의료센터 서울점	네 그러시면 당일 수술은 아니시고 추후에 예정이신게 맞으실까요? 만약 상담 후 당일 수술까지 원하시면 일정을  다른날로 도와드려야 되셔서...
2569	루이	2024-09-13 18:32:33	혜림	육아중이라 늦개 보내서 죄송해요 ㅠㅠ
상담하고 수술날짜 잡으려고요
가능한지도 모르겠어서요
일요일 오후쯤에 가능할까여? 
2569	루이	2024-09-13 19:16:43	SD동물의료센터 서울점	네 그럼 이번에는 상담하고 수술 날짜는 다른날 잡으시는 것으로 이해했습니다 수술 상담 일정 도와드리겠습니다
2569	루이	2024-09-13 19:17:15	SD동물의료센터 서울점	15일 일요일 오후  4시반 시간 어떠신가요?
2569	루이	2024-09-13 19:17:23	SD동물의료센터 서울점	3시반도 가능합니다.
2569	루이	2024-09-13 21:08:02	SD동물의료센터 서울점	편하게 천천히 연락주셔도 괜찮습니다. :)
말씀드린 시간대는 아직 그래도 여유로운 편이라 일정 남겨주시면 확인 후 말씀드리겠습니다!
오후 5시도 괜찮아요 :)
2569	루이	2024-09-13 22:38:34	혜림	4시30분에 갈께요
2569	루이	2024-09-13 22:38:34	SD동물의료센터 서울점	채팅 운영시간 안내
2569	루이	2024-09-13 22:38:34	SD동물의료센터 서울점	지금은 답변(채팅)이 가능한 시간이 아닙니다. 🌃
야간 중 채널 확인 및 전송이 불가능하오니 내용을 남겨주시면 채팅이 가능한 시간에 순차적으로 답변드리겠습니다.
아이들의 편한 휴식과 보다 더 안정된 회복을 위하여 집중하겠습니다.
감사합니다. 😊
2569	루이	2024-09-14 10:13:55	SD동물의료센터 서울점	안녕하세요 보호자님, 요청하신 9/15(일) 오후4시30분으로 수술상담예약도와드렸습니다. 감사합니다 :)
2569	루이	2024-10-04 10:23:21	혜림	김원장님 이번주 토요일(5일)이나, 다음주 토요일(12일) 수술상담 후 수술까지 가능할까요?
9/13에 상담은 받았는데, 지방종이 커지고 있어서 수술시키려고요 

2569	루이	2024-10-04 10:36:07	SD동물의료센터 서울점	안녕하세요 보호자님, 김원장님께서는  화, 토 휴진이셔서 토요일은 진료가 어려우세요..ㅠ
2569	루이	2024-10-04 11:15:49	혜림	10월 7일 월요일은 가능할까요?
2569	루이	2024-10-04 11:17:25	SD동물의료센터 서울점	네 그날은 오전10시반 11시반 12시반 중 가능하세요
2569	루이	2024-10-04 11:23:22	SD동물의료센터 서울점	유선상으로 상담 도와드렸습니다 감사합니다 :)
2569	루이	2024-10-07 21:23:52	SD동물의료센터 서울점	사진
2569	루이	2024-10-07 21:23:54	SD동물의료센터 서울점	안녕하세요 루 이보호자님~ 루이 현재 입원장 안에서 수액 처치 받으며 마취 회복 잘 하고 있습니다~ 급여는 자정 넘어 완전히 회복 된 후 들어갈 예정입니다~ 루이 현재 모습 보내드릴게요:)
2569	루이	2024-10-08 16:22:15	SD동물의료센터 서울점	사진
2569	루이	2024-10-08 16:22:19	SD동물의료센터 서울점	동영상
2569	루이	2024-10-08 16:22:26	SD동물의료센터 서울점	안녕하세요 루이 보호자님!
오늘 루이는 아침 식이 아직 먹지 않았고,소변은 잘 보았습니다.
현재는 입원장 안에서 수액을 맞으며 휴식 취하고 있습니다.
귀여운 루이 사진과 영상 보내드릴게요
감사합니다:)
2569	루이	2024-11-11 12:07:54	혜림	안녕하세요
루이 검진 날짜를 변경하고 싶어서요
2569	루이	2024-11-11 12:08:35	혜림	12/8인데 12/22로 변경가능할까요?
2569	루이	2024-11-11 12:10:15	SD동물의료센터 서울점	안녕하세요 보호자님, 22일 가능하세요 :) 시간은 제일 빠른시간으로는 10시반 가능하세요.
2569	루이	2024-11-11 12:10:57	혜림	한 시쯤은 없나요?
2569	루이	2024-11-11 12:11:24	SD동물의료센터 서울점	한시부터 두시반까지는 회진시간 및 선생님 식사시간이라 2시반도 가능하실까요? :)
2569	루이	2024-11-11 12:11:53	혜림	네! ㅔ2시 반에 갈게요
2569	루이	2024-11-11 12:35:16	SD동물의료센터 서울점	네 보호자님, 12월 22일 오후 2시반으로 예약 변경 도와드렸습니다. 감사합니다 ^^
2569	루이	2025-02-17 13:22:21	혜림	동영상
2569	루이	2025-02-17 13:23:21	혜림	사진
2569	루이	2025-02-17 13:23:38	혜림	매일 저렇게 하고 있거나 자요
2569	루이	2025-02-17 13:29:35	SD동물의료센터 서울점	네 보호자님, 선생님께 전달드리겠습니다. 감사합니다 :)
2569	루이	2025-02-28 17:31:32	혜림	동영상
2569	루이	2025-02-28 17:32:03	혜림	저희 루이 진통제 안먹은지 일주일 되었는데요.. 다시 잘 못걸어서 약만 타러 내일 가도 되나요?
2569	루이	2025-02-28 17:59:36	SD동물의료센터 서울점	네 보호자님, 진통제 복용시에는 상태 특이사항 없었을까요~?
2569	루이	2025-02-28 18:13:28	혜림	네네 없었어요
2569	루이	2025-03-01 16:39:27	혜림	지금쯤 타러 가면 되나여???
2569	루이	2025-03-01 16:39:36	혜림	말이 없어서요🥺
2569	루이	2025-03-01 16:49:50	SD동물의료센터 서울점	네 보호자님 :) 답변이 늦어져서 죄송합니다.

주치의 선생님이 휴진이셔서 답변이 늦어지고 있습니다.

아이 상태 관련하여 전달은 드려놓은 상황이며,
정확하게 확인 후 연락 드리려고 합니다. 

답변 확인 되는대로 연락 드릴 예정이며,
휴진으로 인하여 답변이 늦어질 수 있는 점 양해 부탁드립니다.
2569	루이	2025-03-01 16:50:26	혜림	아 그럼 오늘은 받을수 없는거죠?
언제나오시나요?
2569	루이	2025-03-01 16:51:54	SD동물의료센터 서울점	네 보호자님, 내일은 근무 하시는걸로 확인되어

오늘중으로 답변이 있을경우, 조제관련 연락 드릴 예정이며
늦어지게 될 경우 내일중으로 확인 및 조제가 가능할 것 같습니다.
2569	루이	2025-03-01 18:01:30	SD동물의료센터 서울점	보호자님 :) 주치의 선생님 확인되어 연락 남깁니다.

동일함게 5일치로 처방 도와드리려고 합니다.

오늘 몇 시경 픽업 가능하실까요~?
2569	루이	2025-03-01 18:41:20	혜림	내일 1시이후 가지러 갈께요 
2569	루이	2025-03-01 18:41:40	SD동물의료센터 서울점	네 보호자님, 준비해두도록하겠습니다. 감사합니다 :)
2569	루이	2025-03-15 07:52:38	혜림	진료시간/영업시간
2569	루이	2025-03-15 07:52:38	SD동물의료센터 서울점(메뉴)	SD동물의료센터 서울점은
365일 24시간 연중무휴
아이들을 돌보고 있습니다.

◼︎ 주간진료 : 오전 10시~오후 10시
◼︎ 야간진료 : 오후 10시~오전 10시
◼︎ 회진시간 : 오후 1시~오후 2시

* 우리 병원은 진료예약 우선제로 예약환자를 우선으로 진료합니다. 
* 예약 없이 내원시, 대기시간이 발생할 수 있는 점 양해부탁드립니다.
* 회진시간에는 입원환자 인계업무로 인해 진료가 불가합니다. 

🚨 응급상황 발생 시, 본원 대표전화(02-2039-0303)로 연락주세요!
2569	루이	2025-03-15 07:54:45	혜림	안녕하세요, 루이보호자입니다
루이 진통제 다시 처방 받으러 가려고 하는데, 
10시쯤 방문해서 약만 가져가도 될까요?
가능하다면 2주치로 알약으로 부탁드릴께요
2569	루이	2025-03-15 07:54:45	SD동물의료센터 서울점	채팅 운영시간 안내
2569	루이	2025-03-15 07:54:45	SD동물의료센터 서울점	지금은 답변(채팅)이 가능한 시간이 아닙니다. 🌃
야간 중 채널 확인 및 전송이 불가능하오니 내용을 남겨주시면 채팅이 가능한 시간에 순차적으로 답변드리겠습니다.
아이들의 편한 휴식과 보다 더 안정된 회복을 위하여 집중하겠습니다.
감사합니다. 😊
2569	루이	2025-03-15 09:38:12	SD동물의료센터 서울점	안녕하세요. SD동물의료센터 입니다.

루이 다른 특이사항은 없었을까요~?

루이 주치의 선생님께 상태 및 내용 전달하여, 확인 후 조제 가능할 것 같습니다.

다만 주치의 선생님이 금일 휴진이셔서 확인이 늦어지게 될 수 있으며, 현재 내복약 조제건이 많아 조제 시간이 많이 소요되어 오후중 픽업 가능할 것 같습니다.

주치의 선생님께 처방관련 확인 후 조제 가능하다면 2주치로 처방 도와드릴 예정이나, 혹시 위에 안내드린대로 오후에 픽업도 가능하실까요~?
2569	루이	2025-03-15 10:19:50	혜림	네네 알약으로 처방 부탁드릴께요
2569	루이	2025-03-15 10:28:26	SD동물의료센터 서울점	네 보호자님, 2주치조제해두겠습니다. 감사합니다 :)
2569	루이	2025-03-15 12:14:43	SD동물의료센터 서울점	보호자님, 약조제 완료되어 연락드립니다. 편하게 픽업부탁드립니다. 감사합니다 :)
2569	루이	2025-03-15 12:14:52	혜림	네! 감사합니다!
2569	루이	2025-04-16 14:18:42	혜림	토요일에 김원장님 출근하시나요?
2569	루이	2025-04-16 14:23:59	SD동물의료센터 서울점	안녕하세요. 이번주 토요일은 김원장님 휴진일 입니다.
2569	루이	2025-04-16 14:39:17	혜림	일요일은 나오시나요?!
2569	루이	2025-04-16 14:41:55	SD동물의료센터 서울점	네 보호자님, 이번주 일요일은 진료 가능하십니다.
가장 빠른시간이 오후 4시30분입니다.
진료예약 도와드릴까요?
2569	루이	2025-04-16 14:45:41	혜림	혹시 오전에 가능한 날짜가 있을까요? 날짜는 빠르면 빠를수록 좋아요 !
2569	루이	2025-04-16 14:52:50	SD동물의료센터 서울점	일요일 이후로 가장 빠른날짜일까요? :)
그 전이라면 금요일 오전10시 있습니다!
2569	루이	2025-04-16 14:53:09	SD동물의료센터 서울점	일요일 이후로라면 월요일 오전 10시도 가능하십니다!
2569	루이	2025-04-16 14:53:55	혜림	금요일 오전 10시로 잡아주세요
2569	루이	2025-04-16 14:54:18	혜림	18일(금) 오전 10시 맞지요?
2569	루이	2025-04-16 14:54:31	SD동물의료센터 서울점	네 4월 18일 금요일 오전 10시로 김규창원장님 진료예약 완료되었습니다! 그때 뵙겠습니다!
2569	루이	2025-04-16 14:54:46	혜림	감사합니다🙏🏻
2569	루이	2025-04-18 10:36:41	SD동물의료센터 서울점	안녕하세요 루이 보호자님, 말씀드린 주사제 한국 정식 런칭은 최소 8월말이라고 합니다. 그전에 따로 재고 확보하게 되면 연락드리도록 하겠습니다.
2569	루이	2025-05-19 21:05:33	혜림	안녕하세요 ! 
수요일 김원장님 나오시나요?
2569	루이	2025-05-19 21:05:50	혜림	수요일 진료 예약을하고싶은데..
2569	루이	2025-05-19 21:25:32	SD동물의료센터 서울점	안녕하세요 보호자님
21일 수요일 예약이 꽉 찼어요 😭
2569	루이	2025-05-19 21:26:15	혜림	아..네 ㅠ
2569	루이	2025-05-19 21:27:04	혜림	혹시 루이 진통제만 처방가능할까요?
일주일치만 
내일 받으러 가도 될까요?
2569	루이	2025-05-19 21:27:58	혜림	그리고 토욜 진료도 예약 풀일까요?
2569	루이	2025-05-19 21:30:07	SD동물의료센터 서울점	앗 김규창 원장님 토요일이 고정 휴진이라서요
주말 내원이 편하시면 일요일 진료 가능합니다. :)
2569	루이	2025-05-19 21:30:36	혜림	일요일 언제 가능하나요?
2569	루이	2025-05-19 21:31:12	혜림	일요일 가능하면 약도 일요일에 진료보고 받을께여
2569	루이	2025-05-19 21:47:17	SD동물의료센터 서울점	25일 일요일 오후 3시 괜찮으실까요?
2569	루이	2025-05-19 21:49:57	혜림	혹시 1시가능하나요??
2569	루이	2025-05-19 21:50:41	SD동물의료센터 서울점	앗 1시 ~ 2시30분 회진 및 식사 시간이라 예약이 어렵습니다.. 🥲
2569	루이	2025-05-19 21:51:00	혜림	3시에 갈께요!
2569	루이	2025-05-20 10:10:30	SD동물의료센터 서울점	안녕하세요 보호자님, 25일 일요일 오후3시 예약도와드렸습니다. 진통제 약조제 상담으로 내원하신는 것일까요?
2569	루이	2025-05-20 10:39:21	혜림	진통제랑 목 뒤에 혹 확인으로 갈예정이예여
2569	루이	2025-05-20 10:41:43	SD동물의료센터 서울점	네 보호자님, 선생님께 전달드리겠습니다. 25일 일요일 오후3시에 뵙겠습니다. 감사합니다 :)
2569	루이	2025-06-10 10:26:08	혜림	d안녕하세요, 루이 보호자입니다
2569	루이	2025-06-10 10:26:47	혜림	루이 약 3주치 처방가능할까요??
가능하다면 2시쯤 받으러 가려고요
2569	루이	2025-06-10 10:31:29	SD동물의료센터 서울점	안녕하세요 보호자님 주치의 선생님께 확인 후 조제 가능한지 답변드리겠습니다!
2569	루이	2025-06-10 11:47:38	혜림	네
2569	루이	2025-07-04 10:40:14	혜림	안녕하세요, 루이보호자예요
2569	루이	2025-07-04 10:40:53	혜림	루이 진통제 처방을 받고싶은데,
처방이 가능하다면 오후 3시이후에 받으러 가되될까요?
2569	루이	2025-07-04 10:49:25	SD동물의료센터 서울점	안녕하세요 보호자님, 기존에 받으셨던 약21일치 요청하시는것일까요?
2569	루이	2025-07-04 10:49:39	혜림	네 !
2569	루이	2025-07-04 10:50:35	SD동물의료센터 서울점	아이 다른 특이사항은 없으셨을까요?
2569	루이	2025-07-04 10:50:47	혜림	네 없어요
2569	루이	2025-07-04 10:57:42	SD동물의료센터 서울점	네 보호자님, 선생님께 요청드려 준비해두겠습니다. 감사합니다 :)
2569	루이	2025-07-26 09:57:46	혜림	안녕하세요! 
루이 약 처방 받으려고 하는데 11시쯤에
가능할까요???
2569	루이	2025-07-26 10:09:58	SD동물의료센터 서울점	안녕하세요. 보호자님. 아이 특이사항 있거나 체중변화 있었을까요? 그리고 약 조제는 시간이 좀 걸릴 수 있어 11시에 오시면 대기 발생할 수 있는 점 양해 부탁드립니다.
2569	루이	2025-07-26 10:10:48	SD동물의료센터 서울점	원하시는 약 처방일수도 확인 부탁드립니다.
2569	루이	2025-08-30 08:16:53	SD동물의료센터 서울점	지금은 답변(채팅)이 가능한 시간이 아닙니다. 🌃
야간 중 채널 확인 및 전송이 불가능하오니 내용을 남겨주시면 채팅이 가능한 시간에 순차적으로 답변드리겠습니다.
아이들의 편한 휴식과 보다 더 안정된 회복을 위하여 집중하겠습니다.
감사합니다. 😊
2569	루이	2025-08-30 08:16:53	혜림	안녕하세요, 루이보호자입니다
2569	루이	2025-08-30 08:16:53	SD동물의료센터 서울점	채팅 운영시간 안내
2569	루이	2025-08-30 08:17:31	혜림	루이 매번 먹는약을 처방받고싶은데,
오늘 오후 3시쯤에 찾으러 가도 될까요?
2569	루이	2025-08-30 08:17:31	SD동물의료센터 서울점	채팅 운영시간 안내
2569	루이	2025-08-30 08:17:31	SD동물의료센터 서울점	지금은 답변(채팅)이 가능한 시간이 아닙니다. 🌃
야간 중 채널 확인 및 전송이 불가능하오니 내용을 남겨주시면 채팅이 가능한 시간에 순차적으로 답변드리겠습니다.
아이들의 편한 휴식과 보다 더 안정된 회복을 위하여 집중하겠습니다.
감사합니다. 😊
2569	루이	2025-08-30 10:05:15	SD동물의료센터 서울점	안녕하세요 보호자님, 아이 다른 특이사항은 없으셨을까요?
2569	루이	2025-08-30 10:05:45	혜림	조금 더 다리 힘이 빠진듯한 느낌은 있어요
2569	루이	2025-08-30 10:06:05	혜림	소변을 잘 참지 못하는거
2569	루이	2025-08-30 10:06:15	혜림	이렇게 두가지가 생긴듯해뇨
2569	루이	2025-08-30 10:06:49	SD동물의료센터 서울점	네 보호자님, 아이 다른특이사항이 발생했을경우에는 선생님께 확인이 조금 필요할듯합니다. 금일 주치의선생님 휴진으로 바로 확인이 어려울 수 있는 점 양해부탁드립니다 ㅠ
2569	루이	2025-08-30 10:17:12	혜림	아 그럼 내일갈께요!
2569	루이	2025-08-30 10:19:03	SD동물의료센터 서울점	네 보호자님, 내일 검진차 내원하시는것일까요? 혹 11시내원가능하실까요?
2569	루이	2025-08-30 10:19:31	SD동물의료센터 서울점	또한 이전에 말씀해주셨던 1개월 지속 진통제는 1-2주내 입고예정이라고 하십니다. 처방 원하신다면 입고시 연락드린다고합니다 :)
2569	루이	2025-08-30 10:23:41	혜림	내일 11시에 내원할께여
2569	루이	2025-08-30 10:26:56	SD동물의료센터 서울점	네 보호자님, 그럼 내일 오전 11시 주치의선생님 앞으로 진료예약도와드리겠습니다. 내일 소변검사 진행할 것 같아 오시기 바로 전 소변 받아오시면 좋을것같습니다 :)
2569	루이	2025-08-30 10:57:17	SD동물의료센터 서울점	보호자님, 주치의선생님께서 소변 받아오지 않고 본원에서 소변검사 진행을 위해 검사 전 배뇨하지않도록 안고 계셔주시길 말씀해주셨습니다. 감사합니다 :)
2569	루이	2025-09-05 11:44:39	SD동물의료센터 서울점	안녕하세요 루이 보호자님, 이전에 말씀드렸던 신경성진통제 주사 입고되어 연락드렸습니다. 주사 원하시면 예약 말씀해주세요.
2569	루이	2025-09-05 12:02:52	혜림	혹시 오늘은 마지막시간이 안제인가요?
2569	루이	2025-09-05 12:14:00	SD동물의료센터 서울점	네 보호자님, 원장님 진료는 금일 오후6시 가능하십니다 :)
2569	루이	2025-09-05 12:17:00	혜림	내일은 몇 시에 예약 가능할까요?
2569	루이	2025-09-05 12:18:49	SD동물의료센터 서울점	내일은 원장님께서는 휴진이셔서 다른선생님께서 진료봐주실것같습니다 ㅠ
2569	루이	2025-09-05 12:36:53	혜림	오늘 6시 전까지 가도될까요?
2569	루이	2025-09-05 12:37:25	SD동물의료센터 서울점	6시에 예약으로 도와드려도 괜찮으실까요?
2569	루이	2025-09-05 12:37:34	혜림	네!
2569	루이	2025-09-05 12:39:25	SD동물의료센터 서울점	네 보호자님, 금일 오후6시 예약도와드렸습니다. 감사합니다 :)
2569	루이	2026-03-03 16:07:33	SD동물의료센터 서울점	안녕하세요 보호자님, 루이 수술 끝나서 연락 드렸으나 부재중이셔서 카톡 남깁니다. 

현재 마취 회복중이며 아이 데릴러 18시 -18시30 분까지 내원해주시면 됩니다.  감사합니다.
2569	루이	2026-03-03 16:20:03	혜림	감사합니다
2569	루이	2026-03-03 16:20:03	SD동물의료센터 서울점	채팅 운영시간 안내
2569	루이	2026-03-03 16:20:03	SD동물의료센터 서울점	✅ 본 채널에서는 진료 예약과 입원 환자 사진·안내를 받아보실 수 있습니다. (14:00~16:00, 1회)

📌 다만, 진료·증상 상담은 채널에서 진행하지 않으며, 내원 시 의료진과 직접 상담 부탁드립니다.

더 나은 진료 서비스를 위해 최선을 다하겠습니다. 감사합니다.
2569	루이	2026-03-13 21:09:48	혜림	안녕하세요, 
월요일 진료 오전으로 변경 가능할까요?
2569	루이	2026-03-13 21:09:48	SD동물의료센터 서울점	채팅 운영시간 안내
2569	루이	2026-03-13 21:09:48	SD동물의료센터 서울점	✅ 본 채널에서는 진료 예약과 입원 환자 사진·안내를 받아보실 수 있습니다. (14:00~16:00, 1회)

📌 다만, 진료·증상 상담은 채널에서 진행하지 않으며, 내원 시 의료진과 직접 상담 부탁드립니다.

더 나은 진료 서비스를 위해 최선을 다하겠습니다. 감사합니다.
2569	루이	2026-03-13 21:16:35	SD동물의료센터 서울점	안녕하세요 보호자님 16일 가장 빠른 진료 14:30으로 변경 가능합니다
2569	루이	2026-03-13 21:17:17	혜림	화요일은 오전중 빠른날짜가 있을까요?
2569	루이	2026-03-13 21:17:17	SD동물의료센터 서울점	채팅 운영시간 안내
2569	루이	2026-03-13 21:17:17	SD동물의료센터 서울점	✅ 본 채널에서는 진료 예약과 입원 환자 사진·안내를 받아보실 수 있습니다. (14:00~16:00, 1회)

📌 다만, 진료·증상 상담은 채널에서 진행하지 않으며, 내원 시 의료진과 직접 상담 부탁드립니다.

더 나은 진료 서비스를 위해 최선을 다하겠습니다. 감사합니다.
2569	루이	2026-03-13 21:30:40	SD동물의료센터 서울점	3/17 화요일은 13:30이 가장 빠른 진료 입니다
2569	루이	2026-03-13 21:32:10	혜림	아..네.. 월요일 그대로 갈께요
2569	루이	2026-03-13 21:32:10	SD동물의료센터 서울점	채팅 운영시간 안내
2569	루이	2026-03-13 21:32:10	SD동물의료센터 서울점	✅ 본 채널에서는 진료 예약과 입원 환자 사진·안내를 받아보실 수 있습니다. (14:00~16:00, 1회)

📌 다만, 진료·증상 상담은 채널에서 진행하지 않으며, 내원 시 의료진과 직접 상담 부탁드립니다.

더 나은 진료 서비스를 위해 최선을 다하겠습니다. 감사합니다.
2569	루이	2026-03-13 21:35:00	SD동물의료센터 서울점	네 알겠습니다. 월요일날 뵙겠습니다. :)
2569	루이	2026-05-08 12:33:31	혜림	지슴 걸어가고있눈데 10분정도 늦을꺼같아요 ㅠㅠ
2569	루이	2026-05-08 12:33:31	SD동물의료센터 서울점	채팅 운영시간 안내
2569	루이	2026-05-08 12:33:31	SD동물의료센터 서울점	✅ 본 채널에서는 진료 예약과 입원 환자 사진·안내를 받아보실 수 있습니다. (14:00~16:00, 1회)

📌 다만, 진료·증상 상담은 채널에서 진행하지 않으며, 내원 시 의료진과 직접 상담 부탁드립니다.

더 나은 진료 서비스를 위해 최선을 다하겠습니다. 감사합니다.
2569	루이	2026-07-28 14:00:16	SD동물의료센터 서울점	(광고)7월의 SD링크가 도착했어요.
2569	루이	2026-07-28 23:29:46	혜림	안녕하세요!
2569	루이	2026-07-28 23:29:46	SD동물의료센터 서울점	채팅 운영시간 안내
2569	루이	2026-07-28 23:29:46	SD동물의료센터 서울점	✅ 본 채널에서는 진료 예약과 입원 환자 사진·안내를 받아보실 수 있습니다. (14:00~16:00, 1회)

📌 다만, 진료·증상 상담은 채널에서 진행하지 않으며, 내원 시 의료진과 직접 상담 부탁드립니다.

더 나은 진료 서비스를 위해 최선을 다하겠습니다. 감사합니다.
2569	루이	2026-07-28 23:30:05	혜림	내일 김원장님 오후에 진료 가능할까요?
2569	루이	2026-07-28 23:30:05	SD동물의료센터 서울점	채팅 운영시간 안내
2569	루이	2026-07-28 23:30:05	SD동물의료센터 서울점	✅ 본 채널에서는 진료 예약과 입원 환자 사진·안내를 받아보실 수 있습니다. (14:00~16:00, 1회)

📌 다만, 진료·증상 상담은 채널에서 진행하지 않으며, 내원 시 의료진과 직접 상담 부탁드립니다.

더 나은 진료 서비스를 위해 최선을 다하겠습니다. 감사합니다.
2569	루이	2026-07-29 09:12:28	혜림	진료시간/영업시간
2569	루이	2026-07-29 09:12:28	SD동물의료센터 서울점(메뉴)	SD동물의료센터 서울점은
365일 24시간 연중무휴
아이들을 돌보고 있습니다.

◼︎ 주간진료 : 오전 10시~오후 10시
◼︎ 야간진료 : 오후 10시~오전 10시
◼︎ 회진시간 : 오후 1시~오후 2시

* 우리 병원은 진료예약 우선제로 예약환자를 우선으로 진료합니다. 
* 예약 없이 내원시, 대기시간이 발생할 수 있는 점 양해부탁드립니다.
* 회진시간에는 입원환자 인계업무로 인해 진료가 불가합니다. 

🚨 응급상황 발생 시, 본원 대표전화(02-2039-0303)로 연락주세요!
2569	루이	2026-07-29 10:16:39	SD동물의료센터 서울점	안녕하세요 보호자님 아이 어떤진료로 내원하시는걸까요?
2569	루이	2026-07-29 10:32:11	SD동물의료센터 서울점	유선으로 안내 도완드렸습니다.
2569	루이	2026-07-29 11:43:12	혜림	혹시 오늘은 아예 불가한 거죠?ㅠㅠ
2569	루이	2026-07-29 11:43:13	SD동물의료센터 서울점	채팅 운영시간 안내
2569	루이	2026-07-29 11:43:13	SD동물의료센터 서울점	✅ 본 채널에서는 진료 예약과 입원 환자 사진·안내를 받아보실 수 있습니다. (14:00~16:00, 1회)

📌 다만, 진료·증상 상담은 채널에서 진행하지 않으며, 내원 시 의료진과 직접 상담 부탁드립니다.

더 나은 진료 서비스를 위해 최선을 다하겠습니다. 감사합니다.
2569	루이	2026-07-29 14:21:23	SD동물의료센터 서울점	김규창원장님으로 예약원하실 경우 오늘 예약은 어려우시고 다른 내과선생님 괜찮다고 하시면 금일 오후 5시 예약 가능합니다. 다른선생님 진료 괜찮으실까요?
2569	루이	2026-07-29 14:21:44	SD동물의료센터 서울점	✅ 본 채널에서는 진료 예약과 입원 환자 사진·안내를 받아보실 수 있습니다. (14:00~16:00, 1회)

📌 다만, 진료·증상 상담은 채널에서 진행하지 않으며, 내원 시 의료진과 직접 상담 부탁드립니다.

더 나은 진료 서비스를 위해 최선을 다하겠습니다. 감사합니다.
2569	루이	2026-07-29 14:21:44	혜림	내일 방문할께요
2569	루이	2026-07-29 14:21:44	SD동물의료센터 서울점	채팅 운영시간 안내
2569	루이	2026-07-31 13:52:52	SD동물의료센터 서울점	사진
2569	루이	2026-07-31 13:52:55	SD동물의료센터 서울점	동영상
2569	루이	2026-07-31 13:53:00	SD동물의료센터 서울점	안녕하세요 루이 보호자님! 루이는 금일 준비한 아침식이를 주사기를 통해 급여하였고, 소변은 잘 보았고 대변은 아직 입니다. 현재는 입원장에서 수액처치를 받으며 안정을 취하는 중입니다. 루이 사진이랑 영상 보내드릴게요 감사합니다!
2569	루이	2026-08-01 10:59:36	혜림	오늘 열두시에 아가 면회 가도 될까요?
2569	루이	2026-08-01 10:59:36	SD동물의료센터 서울점	채팅 운영시간 안내
2569	루이	2026-08-01 10:59:36	SD동물의료센터 서울점	✅ 본 채널에서는 진료 예약과 입원 환자 사진·안내를 받아보실 수 있습니다. (14:00~16:00, 1회)

📌 다만, 진료·증상 상담은 채널에서 진행하지 않으며, 내원 시 의료진과 직접 상담 부탁드립니다.

더 나은 진료 서비스를 위해 최선을 다하겠습니다. 감사합니다.
2569	루이	2026-08-01 10:59:50	혜림	어제 병원에서 열두시부터 12시 50분까지 면회가 가능하다 해서요
2569	루이	2026-08-01 10:59:50	SD동물의료센터 서울점	채팅 운영시간 안내
2569	루이	2026-08-01 10:59:50	SD동물의료센터 서울점	✅ 본 채널에서는 진료 예약과 입원 환자 사진·안내를 받아보실 수 있습니다. (14:00~16:00, 1회)

📌 다만, 진료·증상 상담은 채널에서 진행하지 않으며, 내원 시 의료진과 직접 상담 부탁드립니다.

더 나은 진료 서비스를 위해 최선을 다하겠습니다. 감사합니다.
2569	루이	2026-08-01 11:13:12	SD동물의료센터 서울점	네 맞습니다.
첫타임 면회는 12시~12시50분까지로 면회 마감 15분전까지 내원해주셔야 원활한 면회가 가능합니다. :)
예약은 따로 안 하셔도 되고 오시는 순서대로 진행해드리고 있습니다.
감사합니다. :)
2569	루이	2026-08-01 11:14:07	혜림	혹시
다음타임 면회는 언제인가요?
2569	루이	2026-08-01 11:14:07	SD동물의료센터 서울점	채팅 운영시간 안내
2569	루이	2026-08-01 11:14:07	SD동물의료센터 서울점	✅ 본 채널에서는 진료 예약과 입원 환자 사진·안내를 받아보실 수 있습니다. (14:00~16:00, 1회)

📌 다만, 진료·증상 상담은 채널에서 진행하지 않으며, 내원 시 의료진과 직접 상담 부탁드립니다.

더 나은 진료 서비스를 위해 최선을 다하겠습니다. 감사합니다.
2569	루이	2026-08-01 11:15:31	SD동물의료센터 서울점	17시30분~19시 입니다.
2569	루이	2026-08-01 14:02:02	SD동물의료센터 서울점	사진
2569	루이	2026-08-01 14:02:07	SD동물의료센터 서울점	동영상
2569	루이	2026-08-01 14:02:20	SD동물의료센터 서울점	안녕하세요 루이 보호자님! 루이는 오늘 아침 식이 주사기를 통해 유동식 급여하였으며 대소변도 보았습니다. 입원장 안에서 수액 맞으면서 휴식 중인 영상과 함께 사진 보내드려요! 감사합니다 :)
2569	루이	2026-08-02 13:41:09	SD동물의료센터 서울점	사진
2569	루이	2026-08-02 13:41:12	SD동물의료센터 서울점	동영상
5008	몽이	2024-01-20 19:13:42	정미현	몽이 보호자 
5008	몽이	2024-01-20 19:59:22	SD동물의료센터 서울점	사진
5008	몽이	2024-01-20 19:59:23	SD동물의료센터 서울점	동영상
5008	몽이	2024-01-20 19:59:23	SD동물의료센터 서울점	동영상
5008	몽이	2024-01-20 19:59:23	SD동물의료센터 서울점	동영상
5008	몽이	2024-01-20 19:59:27	SD동물의료센터 서울점	동영상
5008	몽이	2024-01-20 19:59:29	SD동물의료센터 서울점	동영상
5008	몽이	2024-01-20 19:59:29	SD동물의료센터 서울점	동영상
5008	몽이	2024-01-20 19:59:32	SD동물의료센터 서울점	동영상
5008	몽이	2024-01-20 19:59:32	SD동물의료센터 서울점	동영상
5008	몽이	2024-01-20 19:59:33	SD동물의료센터 서울점	안녕하세요 몽이 보호자님~ 오늘 재활 사진과 영상 보내드릴게요. 감사합니다 :)
5008	몽이	2024-01-20 20:00:35	정미현	네 감사합니다 ^^
5008	몽이	2024-01-24 21:00:11	SD동물의료센터 서울점	사진
5008	몽이	2024-01-24 21:00:15	SD동물의료센터 서울점	동영상
5008	몽이	2024-01-24 21:00:24	SD동물의료센터 서울점	동영상
5008	몽이	2024-01-24 21:00:24	SD동물의료센터 서울점	동영상
5008	몽이	2024-01-24 21:00:24	SD동물의료센터 서울점	동영상
5008	몽이	2024-01-24 21:00:27	SD동물의료센터 서울점	동영상
5008	몽이	2024-01-24 21:00:28	SD동물의료센터 서울점	동영상
5008	몽이	2024-01-24 21:00:31	SD동물의료센터 서울점	동영상
5008	몽이	2024-01-24 21:00:33	SD동물의료센터 서울점	동영상
5008	몽이	2024-01-24 21:00:33	SD동물의료센터 서울점	동영상
5008	몽이	2024-01-24 21:00:36	SD동물의료센터 서울점	동영상
5008	몽이	2024-01-24 21:00:38	SD동물의료센터 서울점	안녕하세요 몽이 보호자님 :)
몽이 금일 재활 사진과 영상 보내드릴게요 감사합니다 : )
5008	몽이	2024-01-24 21:54:46	정미현	감사합니다 ~
5008	몽이	2024-01-29 07:48:39	정미현	저희 몽이 토요일 재활 영상 중요한 거 3개만 부탁드려요~^^
5008	몽이	2024-01-29 07:48:39	SD동물의료센터 서울점	채팅 운영시간 안내
5008	몽이	2024-01-29 07:48:39	SD동물의료센터 서울점	지금은 답변(채팅)이 가능한 시간이 아닙니다. 🌃
야간 중 채널 확인 및 전송이 불가능하오니 내용을 남겨주시면 채팅이 가능한 시간에 순차적으로 답변드리겠습니다.
아이들의 편한 휴식과 보다 더 안정된 회복을 위하여 집중하겠습니다.
감사합니다. 😊
5008	몽이	2024-01-29 09:33:22	SD동물의료센터 서울점	안녕하세요 보호자님, 담당 선생님 아직 출근 전이셔서 출근하시면 확인 후 답변 도와드리겠습니다 :)
5008	몽이	2024-01-29 14:50:46	SD동물의료센터 서울점	보호자님 유선상 안내드린대로 메일로 전송 도와드렸고 메일 보시려면 초기 비밀번호 설정 해주시면 됩니다. 감사합니다 :)
5008	몽이	2024-01-29 18:00:20	정미현	네 알겠습니다 ~^^
5008	몽이	2024-01-31 16:53:52	SD동물의료센터 서울점	사진
5008	몽이	2024-01-31 16:53:56	SD동물의료센터 서울점	동영상
5008	몽이	2024-01-31 16:53:56	SD동물의료센터 서울점	동영상
5008	몽이	2024-01-31 16:53:59	SD동물의료센터 서울점	동영상
5008	몽이	2024-01-31 16:53:59	SD동물의료센터 서울점	동영상
5008	몽이	2024-01-31 16:54:02	SD동물의료센터 서울점	동영상
5008	몽이	2024-01-31 16:54:05	SD동물의료센터 서울점	동영상
5008	몽이	2024-01-31 16:54:05	SD동물의료센터 서울점	동영상
5008	몽이	2024-01-31 16:54:08	SD동물의료센터 서울점	동영상
5008	몽이	2024-01-31 16:54:09	SD동물의료센터 서울점	동영상
5008	몽이	2024-01-31 16:54:11	SD동물의료센터 서울점	동영상
5008	몽이	2024-01-31 16:54:14	SD동물의료센터 서울점	동영상
5008	몽이	2024-01-31 16:54:14	SD동물의료센터 서울점	동영상
5008	몽이	2024-01-31 16:54:15	SD동물의료센터 서울점	안녕하세요~ 몽이 오늘 재활영상 보내드릴게요:)
5008	몽이	2024-02-01 08:12:39	정미현	감사합니다 ~^^
5008	몽이	2024-02-01 08:12:39	SD동물의료센터 서울점	채팅 운영시간 안내
5008	몽이	2024-02-01 08:12:39	SD동물의료센터 서울점	지금은 답변(채팅)이 가능한 시간이 아닙니다. 🌃
야간 중 채널 확인 및 전송이 불가능하오니 내용을 남겨주시면 채팅이 가능한 시간에 순차적으로 답변드리겠습니다.
아이들의 편한 휴식과 보다 더 안정된 회복을 위하여 집중하겠습니다.
감사합니다. 😊
5008	몽이	2024-02-03 20:31:17	SD동물의료센터 서울점	사진
5008	몽이	2024-02-03 20:31:17	SD동물의료센터 서울점	동영상
5008	몽이	2024-02-03 20:31:25	SD동물의료센터 서울점	동영상
5008	몽이	2024-02-03 20:31:27	SD동물의료센터 서울점	동영상
5008	몽이	2024-02-03 20:31:27	SD동물의료센터 서울점	동영상
5008	몽이	2024-02-03 20:31:30	SD동물의료센터 서울점	동영상
5008	몽이	2024-02-03 20:31:33	SD동물의료센터 서울점	동영상
5008	몽이	2024-02-03 20:31:33	SD동물의료센터 서울점	동영상
5008	몽이	2024-02-03 20:31:36	SD동물의료센터 서울점	동영상
5008	몽이	2024-02-03 20:31:36	SD동물의료센터 서울점	동영상
5008	몽이	2024-02-03 20:31:39	SD동물의료센터 서울점	동영상
5008	몽이	2024-02-03 20:31:40	SD동물의료센터 서울점	안녕하세요~ 몽이 재활 영상 보내드릴게요:)
5008	몽이	2024-02-03 23:31:32	정미현	감사합니다 ~~!
5008	몽이	2024-02-03 23:31:32	SD동물의료센터 서울점	채팅 운영시간 안내
5008	몽이	2024-02-03 23:31:32	SD동물의료센터 서울점	지금은 답변(채팅)이 가능한 시간이 아닙니다. 🌃
야간 중 채널 확인 및 전송이 불가능하오니 내용을 남겨주시면 채팅이 가능한 시간에 순차적으로 답변드리겠습니다.
아이들의 편한 휴식과 보다 더 안정된 회복을 위하여 집중하겠습니다.
감사합니다. 😊
5008	몽이	2024-02-07 14:30:02	SD동물의료센터 서울점	사진
5008	몽이	2024-02-07 14:30:04	SD동물의료센터 서울점	동영상
5008	몽이	2024-02-07 14:30:04	SD동물의료센터 서울점	동영상
5008	몽이	2024-02-07 14:30:16	SD동물의료센터 서울점	동영상
5008	몽이	2024-02-07 14:30:17	SD동물의료센터 서울점	동영상
5008	몽이	2024-02-07 14:30:17	SD동물의료센터 서울점	동영상
5008	몽이	2024-02-07 14:30:20	SD동물의료센터 서울점	동영상
5008	몽이	2024-02-07 14:30:20	SD동물의료센터 서울점	동영상
5008	몽이	2024-02-07 14:30:20	SD동물의료센터 서울점	동영상
5008	몽이	2024-02-07 14:30:23	SD동물의료센터 서울점	동영상
5008	몽이	2024-02-07 14:30:23	SD동물의료센터 서울점	동영상
5008	몽이	2024-02-07 14:30:24	SD동물의료센터 서울점	동영상
5008	몽이	2024-02-07 14:30:26	SD동물의료센터 서울점	동영상
5008	몽이	2024-02-07 14:30:27	SD동물의료센터 서울점	동영상
5008	몽이	2024-02-07 14:30:29	SD동물의료센터 서울점	동영상
5008	몽이	2024-02-07 14:30:30	SD동물의료센터 서울점	동영상
5008	몽이	2024-02-07 14:30:32	SD동물의료센터 서울점	안녕하세요 몽이 보호자님!!
오늘 몽이 진행한 재활 사진이랑 영상 보내드릴게요 감사합니다!!
5008	몽이	2024-02-07 14:53:12	정미현	네 감사합니다 ~~^^
5008	몽이	2024-02-10 18:52:19	SD동물의료센터 서울점	사진
5008	몽이	2024-02-10 18:52:20	SD동물의료센터 서울점	동영상
5008	몽이	2024-02-10 18:52:21	SD동물의료센터 서울점	동영상
5008	몽이	2024-02-10 18:52:21	SD동물의료센터 서울점	동영상
5008	몽이	2024-02-10 18:52:24	SD동물의료센터 서울점	동영상
5008	몽이	2024-02-10 18:52:25	SD동물의료센터 서울점	동영상
5008	몽이	2024-02-10 18:52:26	SD동물의료센터 서울점	동영상
5008	몽이	2024-02-10 18:52:27	SD동물의료센터 서울점	동영상
5008	몽이	2024-02-10 18:52:29	SD동물의료센터 서울점	동영상
5008	몽이	2024-02-10 18:52:30	SD동물의료센터 서울점	동영상
5008	몽이	2024-02-10 18:52:31	SD동물의료센터 서울점	동영상
5008	몽이	2024-02-10 18:52:34	SD동물의료센터 서울점	동영상
5008	몽이	2024-02-10 18:52:34	SD동물의료센터 서울점	동영상
5008	몽이	2024-02-10 18:52:34	SD동물의료센터 서울점	동영상
5008	몽이	2024-02-10 18:52:38	SD동물의료센터 서울점	몽이 오늘 재활 영상 보내드릴게요:)
5008	몽이	2024-02-10 19:51:01	정미현	감사합니다 ~
5008	몽이	2024-02-12 21:41:07	정미현	진료 예약 안내
5008	몽이	2024-02-12 21:41:07	SD동물의료센터 서울점(메뉴)	※ 채팅을 통한 진료 상담은 제한적인 부분이 많아 부득이하게 진행이 어려운 점 양해 말씀드립니다. ※

채널을 통한 예약의 경우 예약 관련 간단한 상담 진행 후 예약을 진행합니다.
진료적인 보다 자세한 상담은 오셔서 선생님과 상담 부탁드립니다. 😊

주간 모든 진료는 예약제로 미 예약 내원 시 대기 시간이 다소 길어질 수 있으니 가급적 예약 후 내원 부탁드립니다.
야간(응급) 진료는 내원 전 본원(02-2039-0303) 전화 문의 부탁드립니다.

채널 운영은 병원 업무와 동시에 이뤄지고 있으며 내원한 아이들에게 조금 더 집중을 하고 있습니다. 😊
상황에 따라 빠른 응대가 어려울 수 있사오니 자세한 문의는 본원(02-2039-0303) 전화 부탁드립니다.

감사합니다.
5008	몽이	2024-02-14 17:25:56	SD동물의료센터 서울점	사진
5008	몽이	2024-02-14 17:25:59	SD동물의료센터 서울점	동영상
5008	몽이	2024-02-14 17:26:00	SD동물의료센터 서울점	동영상
5008	몽이	2024-02-14 17:26:00	SD동물의료센터 서울점	동영상
5008	몽이	2024-02-14 17:26:03	SD동물의료센터 서울점	동영상
5008	몽이	2024-02-14 17:26:06	SD동물의료센터 서울점	동영상
5008	몽이	2024-02-14 17:26:06	SD동물의료센터 서울점	동영상
5008	몽이	2024-02-14 17:26:09	SD동물의료센터 서울점	동영상
5008	몽이	2024-02-14 17:26:10	SD동물의료센터 서울점	동영상
5008	몽이	2024-02-14 17:26:12	SD동물의료센터 서울점	동영상
5008	몽이	2024-02-14 17:26:13	SD동물의료센터 서울점	동영상
5008	몽이	2024-02-14 17:26:15	SD동물의료센터 서울점	동영상
5008	몽이	2024-02-14 17:26:18	SD동물의료센터 서울점	안녕하세요 몽이 재활사진 보내드릴게요:)
5008	몽이	2024-02-14 17:28:15	정미현	네 감사합니다 ~^^
5008	몽이	2024-02-17 17:55:57	SD동물의료센터 서울점	동영상
5008	몽이	2024-02-17 17:55:58	SD동물의료센터 서울점	동영상
5008	몽이	2024-02-17 17:55:59	SD동물의료센터 서울점	동영상
5008	몽이	2024-02-17 17:56:02	SD동물의료센터 서울점	동영상
5008	몽이	2024-02-17 17:56:02	SD동물의료센터 서울점	동영상
5008	몽이	2024-02-17 17:56:02	SD동물의료센터 서울점	사진
5008	몽이	2024-02-17 17:56:02	SD동물의료센터 서울점	동영상
5008	몽이	2024-02-17 17:56:05	SD동물의료센터 서울점	동영상
5008	몽이	2024-02-17 17:56:06	SD동물의료센터 서울점	동영상
5008	몽이	2024-02-17 17:56:06	SD동물의료센터 서울점	동영상
5008	몽이	2024-02-17 17:56:11	SD동물의료센터 서울점	동영상
5008	몽이	2024-02-17 17:56:14	SD동물의료센터 서울점	몽이 오늘 재활 한 영상 보내드려요:)
5008	몽이	2024-03-29 07:38:45	정미현	안녕하세요 ~
5008	몽이	2024-03-29 07:38:45	SD동물의료센터 서울점	채팅 운영시간 안내
5008	몽이	2024-03-29 07:38:45	SD동물의료센터 서울점	지금은 답변(채팅)이 가능한 시간이 아닙니다. 🌃
야간 중 채널 확인 및 전송이 불가능하오니 내용을 남겨주시면 채팅이 가능한 시간에 순차적으로 답변드리겠습니다.
아이들의 편한 휴식과 보다 더 안정된 회복을 위하여 집중하겠습니다.
감사합니다. 😊
5008	몽이	2024-03-29 07:39:44	정미현	몽이가 귀가 아픈 것 같아서요.
오늘 진료 제일 빠른 시간이 언제일까요?^^
5008	몽이	2024-03-29 07:39:45	SD동물의료센터 서울점	채팅 운영시간 안내
5008	몽이	2024-03-29 07:39:45	SD동물의료센터 서울점	지금은 답변(채팅)이 가능한 시간이 아닙니다. 🌃
야간 중 채널 확인 및 전송이 불가능하오니 내용을 남겨주시면 채팅이 가능한 시간에 순차적으로 답변드리겠습니다.
아이들의 편한 휴식과 보다 더 안정된 회복을 위하여 집중하겠습니다.
감사합니다. 😊
5008	몽이	2024-03-29 09:51:08	SD동물의료센터 서울점	유선상으로 예약도와드렸습니다 :)
5008	몽이	2024-03-29 09:51:26	정미현	넵 감사합니다 ~
5008	몽이	2024-03-29 09:51:37	정미현	오늘 12시 방문하겠습니다 ~
5008	몽이	2024-03-29 09:53:58	SD동물의료센터 서울점	네 감사합니다 :)
5008	몽이	2024-11-21 07:53:17	SD동물의료센터 서울점(메뉴)	SD동물의료센터 서울점 진료 예약을 위해 아래 내용을 채팅에 남겨주세요.

◼︎ 보호자님 성함 / 연락처
◼︎ 반려동물 이름 / 간단한 증상

* 예약에 필요한 간단한 상담이 진행될 수 있습니다.
* 증상과 관련된 자세한 상담은 진료의 부분으로 예약 후 내원시 수의사 선생님과 상담 가능합니다. 
* 채널 상담은 병원 업무와 동시에 진행되어 원내 상황에 따라 빠른 응대가 어려울 수 있습니다. 

문의사항은 본원 대표전화(02-2039-0303)로 연락부탁드립니다.
5008	몽이	2024-11-21 07:53:17	정미현	진료예약
5008	몽이	2024-11-21 07:53:52	정미현	정미현 010-2084-4911
몽이 - 중이염인지 귀에서 냄새가 나요~
5008	몽이	2024-11-21 07:53:52	SD동물의료센터 서울점	채팅 운영시간 안내
5008	몽이	2024-11-21 07:53:52	SD동물의료센터 서울점	지금은 답변(채팅)이 가능한 시간이 아닙니다. 🌃
야간 중 채널 확인 및 전송이 불가능하오니 내용을 남겨주시면 채팅이 가능한 시간에 순차적으로 답변드리겠습니다.
아이들의 편한 휴식과 보다 더 안정된 회복을 위하여 집중하겠습니다.
감사합니다. 😊
5008	몽이	2024-11-21 09:44:24	SD동물의료센터 서울점	안녕하세요 보호자님, 언제로 예약도와드릴까요?
5008	몽이	2024-11-21 10:01:33	정미현	제일 빠른 시간이요~
5008	몽이	2024-11-21 10:03:13	SD동물의료센터 서울점	금일 요청하시는 것일까요? 금일 가장빠른시간은 선생님께서 오전에는 진료가 계속있으셔 오후3시반 가능하십니다 :)
5008	몽이	2024-11-21 10:23:40	정미현	네네 그럼 오늘오후3시반에 부탁드려요~
5008	몽이	2024-11-21 10:29:44	SD동물의료센터 서울점	네 보호자님, 그러면 금일 오후3시반에 지난번 귀진료 봐주셨던원장님께 예약도와드리겠습니다.
5008	몽이	2024-11-21 10:29:47	SD동물의료센터 서울점	감사합니다 :)
5008	몽이	2024-11-21 10:30:22	정미현	네네 감사합니다~
5008	몽이	2025-01-11 08:06:40	정미현	안녕하세요! 목요일 사과 목에 걸려서 뺐던 몽이보호자인데요
5008	몽이	2025-01-11 08:06:40	SD동물의료센터 서울점	채팅 운영시간 안내
5008	몽이	2025-01-11 08:06:40	SD동물의료센터 서울점	지금은 답변(채팅)이 가능한 시간이 아닙니다. 🌃
야간 중 채널 확인 및 전송이 불가능하오니 내용을 남겨주시면 채팅이 가능한 시간에 순차적으로 답변드리겠습니다.
아이들의 편한 휴식과 보다 더 안정된 회복을 위하여 집중하겠습니다.
감사합니다. 😊
5008	몽이	2025-01-11 08:10:24	정미현	아이가 켁켁 거리는게 너무 심해서요.
자거나 가만히 있을 때는 좀 잠잠하다가도 움직이거나 짖을 때 엄청 심합니다
1분에 한번씩 힘들게 켁켁거려요
5008	몽이	2025-01-11 08:10:24	SD동물의료센터 서울점	채팅 운영시간 안내
5008	몽이	2025-01-11 08:10:24	SD동물의료센터 서울점	지금은 답변(채팅)이 가능한 시간이 아닙니다. 🌃
야간 중 채널 확인 및 전송이 불가능하오니 내용을 남겨주시면 채팅이 가능한 시간에 순차적으로 답변드리겠습니다.
아이들의 편한 휴식과 보다 더 안정된 회복을 위하여 집중하겠습니다.
감사합니다. 😊
5008	몽이	2025-01-11 08:10:32	정미현	동영상
5008	몽이	2025-01-11 08:10:32	SD동물의료센터 서울점	채팅 운영시간 안내
5008	몽이	2025-01-11 08:10:32	SD동물의료센터 서울점	지금은 답변(채팅)이 가능한 시간이 아닙니다. 🌃
야간 중 채널 확인 및 전송이 불가능하오니 내용을 남겨주시면 채팅이 가능한 시간에 순차적으로 답변드리겠습니다.
아이들의 편한 휴식과 보다 더 안정된 회복을 위하여 집중하겠습니다.
감사합니다. 😊
5008	몽이	2025-01-11 09:40:49	SD동물의료센터 서울점	안녕하세요. SD동물의료센터 입니다.

몽이 현재 켁켁거리는 증세가 지속되고 있을까요?
5008	몽이	2025-01-11 11:02:28	정미현	네네
5008	몽이	2025-01-11 11:03:11	정미현	가만히 있으면 괜찮은데
그러다가 움직이거나 하면
간헐적으로 켁켁거려요~
5008	몽이	2025-01-11 11:19:01	SD동물의료센터 서울점	네 보호자님, 몽이 퇴원 시 상담해주셨던 선생님 계신걸로 확인되어 위 내용 전달 해놓겠습니다. 

현재 진료 중이셔서, 답변 혹은 연락이 늦어질 수 있는 점 양해 부탁 드립니다.

중간에라도 다른 특이사항 있으면 연락 부탁드립니다.
5008	몽이	2025-01-11 11:22:51	정미현	네네
5008	몽이	2025-02-28 18:04:17	SD동물의료센터 서울점	쿠폰이 지급되었습니다. 
2025년 05월 31일까지 사용해주세요.
5008	몽이	2025-05-07 10:52:38	정미현	안녕하세요~
5008	몽이	2025-05-07 10:52:51	정미현	몽이 보호자 정미현입니다^^
5008	몽이	2025-05-07 10:53:21	정미현	내일 위생미용(발바닥, 귀털제거 등) 
예약가능할까요?
5008	몽이	2025-05-07 11:04:17	SD동물의료센터 서울점	안녕하세요 보호자님, 기본관리의 경우 예약없이 내원하셔도 가능합니다. 감사합니다 :)
5008	몽이	2025-05-07 11:38:12	정미현	아 네네 알겠습니다~
5008	몽이	2025-05-07 11:40:07	정미현	내일 오전10시에 방문할게요~
5008	몽이	2025-05-07 11:44:06	SD동물의료센터 서울점	네 보호자님, 내일 뵙겠습니다. 감사합니다 :)
5008	몽이	2025-06-28 08:53:19	정미현	안녕하세요 몽이 보호자 정미현 01020844911 입니다^^
5008	몽이	2025-06-28 08:53:19	SD동물의료센터 서울점	채팅 운영시간 안내
5008	몽이	2025-06-28 08:53:19	SD동물의료센터 서울점	지금은 답변(채팅)이 가능한 시간이 아닙니다. 🌃
야간 중 채널 확인 및 전송이 불가능하오니 내용을 남겨주시면 채팅이 가능한 시간에 순차적으로 답변드리겠습니다.
아이들의 편한 휴식과 보다 더 안정된 회복을 위하여 집중하겠습니다.
감사합니다. 😊
5008	몽이	2025-06-28 08:53:34	정미현	몽이 눈 진료를 받고싶은데
5008	몽이	2025-06-28 08:53:34	SD동물의료센터 서울점	채팅 운영시간 안내
5008	몽이	2025-06-28 08:53:34	SD동물의료센터 서울점	지금은 답변(채팅)이 가능한 시간이 아닙니다. 🌃
야간 중 채널 확인 및 전송이 불가능하오니 내용을 남겨주시면 채팅이 가능한 시간에 순차적으로 답변드리겠습니다.
아이들의 편한 휴식과 보다 더 안정된 회복을 위하여 집중하겠습니다.
감사합니다. 😊
5008	몽이	2025-06-28 08:53:49	SD동물의료센터 서울점	채팅 운영시간 안내
5008	몽이	2025-06-28 08:53:49	SD동물의료센터 서울점	지금은 답변(채팅)이 가능한 시간이 아닙니다. 🌃
야간 중 채널 확인 및 전송이 불가능하오니 내용을 남겨주시면 채팅이 가능한 시간에 순차적으로 답변드리겠습니다.
아이들의 편한 휴식과 보다 더 안정된 회복을 위하여 집중하겠습니다.
감사합니다. 😊
5008	몽이	2025-06-28 08:53:49	정미현	눈꼽도 많이 끼고, 좀 뿌연것도 같아서요
5008	몽이	2025-06-28 08:53:59	정미현	오늘 진료가능한가요,

5008	몽이	2025-06-28 08:53:59	SD동물의료센터 서울점	채팅 운영시간 안내
5008	몽이	2025-06-28 08:53:59	SD동물의료센터 서울점	지금은 답변(채팅)이 가능한 시간이 아닙니다. 🌃
야간 중 채널 확인 및 전송이 불가능하오니 내용을 남겨주시면 채팅이 가능한 시간에 순차적으로 답변드리겠습니다.
아이들의 편한 휴식과 보다 더 안정된 회복을 위하여 집중하겠습니다.
감사합니다. 😊
5008	몽이	2025-06-28 09:56:51	SD동물의료센터 서울점	안녕하세요 보호자님, 금일 진료 가능하십니다. 몇시쯤 내원 가능하실까요?
5008	몽이	2025-06-28 10:46:05	정미현	몇 시쯤 예약 가능 한가요?
5008	몽이	2025-06-28 10:46:11	정미현	오늘
5008	몽이	2025-06-28 10:47:56	SD동물의료센터 서울점	네 금일 11시 반내원가능하실까요?
5008	몽이	2025-06-28 10:54:44	정미현	네네~가능합니다^^
5008	몽이	2025-06-28 10:56:35	SD동물의료센터 서울점	네 보호자님, 11시반 예약도와드리겠습니다. 감사합니다 :)
5008	몽이	2025-06-28 11:03:47	정미현	감사합니다 ~
5008	몽이	2025-10-29 09:29:51	정미현	안녕하세요 몽이 보호자 정미현인데요~
어제 진료예약 깜빡했어요.
죄송합니다. 오늘 저녁8시 예약부탁드립니다
5008	몽이	2025-10-29 09:29:51	SD동물의료센터 서울점	채팅 운영시간 안내
5008	몽이	2025-10-29 09:29:51	SD동물의료센터 서울점	✅ 본 채널에서는 진료 예약과 입원 환자 사진·안내를 받아보실 수 있습니다. (14:00~16:00, 1회)

📌 다만, 진료·증상 상담은 채널에서 진행하지 않으며, 내원 시 의료진과 직접 상담 부탁드립니다.

더 나은 진료 서비스를 위해 최선을 다하겠습니다. 감사합니다.
5008	몽이	2025-10-29 11:29:13	SD동물의료센터 서울점	오늘 8시 예약 되었습니다. 감사합니다.
5008	몽이	2025-10-29 18:29:12	정미현	안녕하세요~
5008	몽이	2025-10-29 18:29:12	SD동물의료센터 서울점	채팅 운영시간 안내
5008	몽이	2025-10-29 18:29:12	SD동물의료센터 서울점	✅ 본 채널에서는 진료 예약과 입원 환자 사진·안내를 받아보실 수 있습니다. (14:00~16:00, 1회)

📌 다만, 진료·증상 상담은 채널에서 진행하지 않으며, 내원 시 의료진과 직접 상담 부탁드립니다.

더 나은 진료 서비스를 위해 최선을 다하겠습니다. 감사합니다.
5008	몽이	2025-10-29 18:29:36	SD동물의료센터 서울점	채팅 운영시간 안내
5008	몽이	2025-10-29 18:29:36	SD동물의료센터 서울점	✅ 본 채널에서는 진료 예약과 입원 환자 사진·안내를 받아보실 수 있습니다. (14:00~16:00, 1회)

📌 다만, 진료·증상 상담은 채널에서 진행하지 않으며, 내원 시 의료진과 직접 상담 부탁드립니다.

더 나은 진료 서비스를 위해 최선을 다하겠습니다. 감사합니다.
5008	몽이	2025-10-29 18:29:36	정미현	죄송한데 몽이 내일 저녁8시로 좀 변경부탁드립니다~
5008	몽이	2025-10-29 20:25:47	SD동물의료센터 서울점	안녕하세요 보호자님
내일 오후 8시로 변경하겠습니다!
다른 선생님께서 봐주실 거예요
5008	몽이	2026-05-07 15:21:03	정미현	 안녕하세요~
몽이 보호자 정미현입니다
5008	몽이	2026-05-07 15:21:03	SD동물의료센터 서울점	채팅 운영시간 안내
5008	몽이	2026-05-07 15:21:03	SD동물의료센터 서울점	✅ 본 채널에서는 진료 예약과 입원 환자 사진·안내를 받아보실 수 있습니다. (14:00~16:00, 1회)

📌 다만, 진료·증상 상담은 채널에서 진행하지 않으며, 내원 시 의료진과 직접 상담 부탁드립니다.

더 나은 진료 서비스를 위해 최선을 다하겠습니다. 감사합니다.
5008	몽이	2026-05-07 15:21:28	정미현	매년 예방접종을 맞아야하는 항목이 뭔지요?
5008	몽이	2026-05-07 15:21:28	SD동물의료센터 서울점	채팅 운영시간 안내
5008	몽이	2026-05-07 15:21:28	SD동물의료센터 서울점	✅ 본 채널에서는 진료 예약과 입원 환자 사진·안내를 받아보실 수 있습니다. (14:00~16:00, 1회)

📌 다만, 진료·증상 상담은 채널에서 진행하지 않으며, 내원 시 의료진과 직접 상담 부탁드립니다.

더 나은 진료 서비스를 위해 최선을 다하겠습니다. 감사합니다.
5008	몽이	2026-05-07 15:24:33	SD동물의료센터 서울점	안녕하세요 보호자님.
매년 맞춰야 될 예방접종은 5가지로 종합, 코로나, 켄넬코프, 신종플루, 관경병 입니다. :)
5008	몽이	2026-05-07 15:25:41	정미현	한번에 몇 개 맞나요?
5008	몽이	2026-05-07 15:25:41	SD동물의료센터 서울점	채팅 운영시간 안내
5008	몽이	2026-05-07 15:25:41	SD동물의료센터 서울점	✅ 본 채널에서는 진료 예약과 입원 환자 사진·안내를 받아보실 수 있습니다. (14:00~16:00, 1회)

📌 다만, 진료·증상 상담은 채널에서 진행하지 않으며, 내원 시 의료진과 직접 상담 부탁드립니다.

더 나은 진료 서비스를 위해 최선을 다하겠습니다. 감사합니다.
5008	몽이	2026-05-07 15:26:27	SD동물의료센터 서울점	아이 컨디션에 따라 다르고 보통 2개, 3개정도로 나눠서 맞추시면 됩니다.
5008	몽이	2026-05-07 15:26:54	정미현	아 네네 몇 시까지 가면 되나요?
5008	몽이	2026-05-07 15:26:54	SD동물의료센터 서울점	채팅 운영시간 안내
5008	몽이	2026-05-07 15:26:54	SD동물의료센터 서울점	✅ 본 채널에서는 진료 예약과 입원 환자 사진·안내를 받아보실 수 있습니다. (14:00~16:00, 1회)

📌 다만, 진료·증상 상담은 채널에서 진행하지 않으며, 내원 시 의료진과 직접 상담 부탁드립니다.

더 나은 진료 서비스를 위해 최선을 다하겠습니다. 감사합니다.
5008	몽이	2026-05-07 15:27:03	정미현	야간진료비 안들어가려면
5008	몽이	2026-05-07 15:27:03	SD동물의료센터 서울점	채팅 운영시간 안내
5008	몽이	2026-05-07 15:27:03	SD동물의료센터 서울점	✅ 본 채널에서는 진료 예약과 입원 환자 사진·안내를 받아보실 수 있습니다. (14:00~16:00, 1회)

📌 다만, 진료·증상 상담은 채널에서 진행하지 않으며, 내원 시 의료진과 직접 상담 부탁드립니다.

더 나은 진료 서비스를 위해 최선을 다하겠습니다. 감사합니다.
5008	몽이	2026-05-07 15:32:31	SD동물의료센터 서울점	주간진료는 오후 9시30분 전까지 내원해서 접수하셔야 되고 , 워크인으로 오시는 경우 대기시간이 길게 발생할 수 있어 가능하시면 예약 후 방문해주시는게 좋습니다. :)
5008	몽이	2026-05-07 15:35:19	정미현	네 다섯가지 예방접종 얼마인가요?
5008	몽이	2026-05-07 15:35:19	SD동물의료센터 서울점	채팅 운영시간 안내
5008	몽이	2026-05-07 15:35:19	SD동물의료센터 서울점	✅ 본 채널에서는 진료 예약과 입원 환자 사진·안내를 받아보실 수 있습니다. (14:00~16:00, 1회)

📌 다만, 진료·증상 상담은 채널에서 진행하지 않으며, 내원 시 의료진과 직접 상담 부탁드립니다.

더 나은 진료 서비스를 위해 최선을 다하겠습니다. 감사합니다.
5008	몽이	2026-05-07 17:24:48	SD동물의료센터 서울점	DHPPI- 25,000원
코로나- 20,000원
켄넬코프- 20,000원
광견병- 25,000원
신종플루- 30,000원

위에 말씀드린 금액이 접종 비용이고, 
접종 진행 시, 별도로 재진비 10,000원 추가 됩니다!
5008	몽이	2026-05-07 17:25:11	정미현	넵 감사합니다
5008	몽이	2026-05-07 17:25:11	SD동물의료센터 서울점	채팅 운영시간 안내
5008	몽이	2026-05-07 17:25:11	SD동물의료센터 서울점	✅ 본 채널에서는 진료 예약과 입원 환자 사진·안내를 받아보실 수 있습니다. (14:00~16:00, 1회)

📌 다만, 진료·증상 상담은 채널에서 진행하지 않으며, 내원 시 의료진과 직접 상담 부탁드립니다.

더 나은 진료 서비스를 위해 최선을 다하겠습니다. 감사합니다.
5008	몽이	2026-06-08 22:08:10	정미현	진료예약
5008	몽이	2026-06-08 22:08:10	SD동물의료센터 서울점(메뉴)	SD동물의료센터 서울점 진료 예약을 위해 아래 내용을 채팅에 남겨주세요.

◼︎ 보호자님 성함 / 연락처
◼︎ 반려동물 이름 / 간단한 증상

* 예약에 필요한 간단한 상담이 진행될 수 있습니다.
* 증상과 관련된 자세한 상담은 진료의 부분으로 예약 후 내원시 수의사 선생님과 상담 가능합니다. 
* 채널 상담은 병원 업무와 동시에 진행되어 원내 상황에 따라 빠른 응대가 어려울 수 있습니다. 

문의사항은 본원 대표전화(02-2039-0303)로 연락부탁드립니다.
5008	몽이	2026-06-08 22:09:31	정미현	정미현 01020844911
몽이-예방접종 내일 예약인데,
다음주 수요일 저녁7시30분으로
예약변경가능할지요?
5008	몽이	2026-06-08 22:09:31	SD동물의료센터 서울점	채팅 운영시간 안내
5008	몽이	2026-06-08 22:09:31	SD동물의료센터 서울점	✅ 본 채널에서는 진료 예약과 입원 환자 사진·안내를 받아보실 수 있습니다. (14:00~16:00, 1회)

📌 다만, 진료·증상 상담은 채널에서 진행하지 않으며, 내원 시 의료진과 직접 상담 부탁드립니다.

더 나은 진료 서비스를 위해 최선을 다하겠습니다. 감사합니다.
5008	몽이	2026-06-09 10:28:30	SD동물의료센터 서울점	안녕하세요 보호자님 금일 예약 6/17 수 19:30으로 변경 가능합니다  다음주 수요일에 뵙겠습니다 :)
5008	몽이	2026-06-09 10:30:36	정미현	넵 감사합니다~
5008	몽이	2026-06-09 10:30:36	SD동물의료센터 서울점	채팅 운영시간 안내
5008	몽이	2026-06-09 10:30:36	SD동물의료센터 서울점	✅ 본 채널에서는 진료 예약과 입원 환자 사진·안내를 받아보실 수 있습니다. (14:00~16:00, 1회)

📌 다만, 진료·증상 상담은 채널에서 진행하지 않으며, 내원 시 의료진과 직접 상담 부탁드립니다.

더 나은 진료 서비스를 위해 최선을 다하겠습니다. 감사합니다.
5008	몽이	2026-06-09 21:21:48	정미현	저 죄송합니다만 몽이(보호자 정미현)
예방접종 일정 이번주 토요일 오후1시 가능할까요?
5008	몽이	2026-06-09 21:21:48	SD동물의료센터 서울점	채팅 운영시간 안내
5008	몽이	2026-06-09 21:21:48	SD동물의료센터 서울점	✅ 본 채널에서는 진료 예약과 입원 환자 사진·안내를 받아보실 수 있습니다. (14:00~16:00, 1회)

📌 다만, 진료·증상 상담은 채널에서 진행하지 않으며, 내원 시 의료진과 직접 상담 부탁드립니다.

더 나은 진료 서비스를 위해 최선을 다하겠습니다. 감사합니다.
5008	몽이	2026-06-09 21:36:28	SD동물의료센터 서울점	1시에는 회진이 있어 오후 2시 가능합니다 :)
5008	몽이	2026-06-09 21:40:16	정미현	넵넵 오후2시에 가겠습니다~
5008	몽이	2026-06-09 21:40:16	SD동물의료센터 서울점	채팅 운영시간 안내
5008	몽이	2026-06-09 21:40:16	SD동물의료센터 서울점	✅ 본 채널에서는 진료 예약과 입원 환자 사진·안내를 받아보실 수 있습니다. (14:00~16:00, 1회)

📌 다만, 진료·증상 상담은 채널에서 진행하지 않으며, 내원 시 의료진과 직접 상담 부탁드립니다.

더 나은 진료 서비스를 위해 최선을 다하겠습니다. 감사합니다.
5008	몽이	2026-06-09 21:51:37	SD동물의료센터 서울점	네 보호자님, 17일에서 13일 토요일 오후 2시로 변경 도와드렸습니다. 감사합니다 :)
5008	몽이	2026-06-09 22:28:18	정미현	감사합니다~
5008	몽이	2026-06-09 22:28:18	SD동물의료센터 서울점	채팅 운영시간 안내
5008	몽이	2026-06-09 22:28:18	SD동물의료센터 서울점	✅ 본 채널에서는 진료 예약과 입원 환자 사진·안내를 받아보실 수 있습니다. (14:00~16:00, 1회)

📌 다만, 진료·증상 상담은 채널에서 진행하지 않으며, 내원 시 의료진과 직접 상담 부탁드립니다.

더 나은 진료 서비스를 위해 최선을 다하겠습니다. 감사합니다.
5008	몽이	2026-07-12 10:47:27	정미현	안녕하세요~
5008	몽이	2026-07-12 10:47:27	SD동물의료센터 서울점	채팅 운영시간 안내
5008	몽이	2026-07-12 10:47:27	SD동물의료센터 서울점	✅ 본 채널에서는 진료 예약과 입원 환자 사진·안내를 받아보실 수 있습니다. (14:00~16:00, 1회)

📌 다만, 진료·증상 상담은 채널에서 진행하지 않으며, 내원 시 의료진과 직접 상담 부탁드립니다.

더 나은 진료 서비스를 위해 최선을 다하겠습니다. 감사합니다.
5008	몽이	2026-07-12 10:47:46	정미현	우리 몽이 보호자 정미현입니다~
5008	몽이	2026-07-12 10:47:47	SD동물의료센터 서울점	채팅 운영시간 안내
5008	몽이	2026-07-12 10:47:47	SD동물의료센터 서울점	✅ 본 채널에서는 진료 예약과 입원 환자 사진·안내를 받아보실 수 있습니다. (14:00~16:00, 1회)

📌 다만, 진료·증상 상담은 채널에서 진행하지 않으며, 내원 시 의료진과 직접 상담 부탁드립니다.

더 나은 진료 서비스를 위해 최선을 다하겠습니다. 감사합니다.
5008	몽이	2026-07-12 10:48:20	정미현	몽이 건강검진예약하고 싶은데
패키지? 종류? 와 금액을 알고 싶어서요!
5008	몽이	2026-07-12 10:48:20	SD동물의료센터 서울점	채팅 운영시간 안내
5008	몽이	2026-07-12 10:48:20	SD동물의료센터 서울점	✅ 본 채널에서는 진료 예약과 입원 환자 사진·안내를 받아보실 수 있습니다. (14:00~16:00, 1회)

📌 다만, 진료·증상 상담은 채널에서 진행하지 않으며, 내원 시 의료진과 직접 상담 부탁드립니다.

더 나은 진료 서비스를 위해 최선을 다하겠습니다. 감사합니다.
5008	몽이	2026-07-12 11:03:50	SD동물의료센터 서울점	안녕하세요
SD동물의료센터 서울점입니다.

▶ https://sdamc.co.kr/HealthCarecenter

건강검진 프로그램 안내되어 있는 본원 홈페이지 링크 보내드립니다. :)

베이직, 스탠다드, 프리미엄 그리고 심장 특화 프로그램으로 이루어져 있습니다.
[(10kg 미만 기준) 베이직 40만원, 스탠다드 70만원, 프리미엄 90만원]

충분히 살펴보시고 예약 필요시 전화나 카카오톡 채널로 문의 부탁드립니다.

감사합니다. :)
5008	몽이	2026-07-12 11:19:42	SD동물의료센터 서울점	✅ 본 채널에서는 진료 예약과 입원 환자 사진·안내를 받아보실 수 있습니다. (14:00~16:00, 1회)

📌 다만, 진료·증상 상담은 채널에서 진행하지 않으며, 내원 시 의료진과 직접 상담 부탁드립니다.

더 나은 진료 서비스를 위해 최선을 다하겠습니다. 감사합니다.
5008	몽이	2026-07-12 11:19:42	정미현	프리미엄 받는다면 다음주 금,토,일 중 가능한 날이 있나요?
5008	몽이	2026-07-12 11:19:42	SD동물의료센터 서울점	채팅 운영시간 안내
5008	몽이	2026-07-12 11:26:31	SD동물의료센터 서울점	진료 희망하시는 선생님 있으실까요~?
5008	몽이	2026-07-12 14:52:02	정미현	몽이 재활해주셨던 분이 이응호 원장님이시죠
5008	몽이	2026-07-12 14:52:02	SD동물의료센터 서울점	채팅 운영시간 안내
5008	몽이	2026-07-12 14:52:02	SD동물의료센터 서울점	✅ 본 채널에서는 진료 예약과 입원 환자 사진·안내를 받아보실 수 있습니다. (14:00~16:00, 1회)

📌 다만, 진료·증상 상담은 채널에서 진행하지 않으며, 내원 시 의료진과 직접 상담 부탁드립니다.

더 나은 진료 서비스를 위해 최선을 다하겠습니다. 감사합니다.
5008	몽이	2026-07-12 14:52:11	정미현	그분으로 하고 싶네요
5008	몽이	2026-07-12 14:52:11	SD동물의료센터 서울점	채팅 운영시간 안내
5008	몽이	2026-07-12 14:52:11	SD동물의료센터 서울점	✅ 본 채널에서는 진료 예약과 입원 환자 사진·안내를 받아보실 수 있습니다. (14:00~16:00, 1회)

📌 다만, 진료·증상 상담은 채널에서 진행하지 않으며, 내원 시 의료진과 직접 상담 부탁드립니다.

더 나은 진료 서비스를 위해 최선을 다하겠습니다. 감사합니다.
5008	몽이	2026-07-12 14:54:17	SD동물의료센터 서울점	네 맞습니다.
그리고 이응호원장님 앞으로 예약 원하신다면 
17~19일은 예약이 다 차있어서 다른날로 도와드려야 할 것 같습니다.
5008	몽이	2026-07-12 14:54:31	SD동물의료센터 서울점	언제로 예약 도와드릴까요?
5008	몽이	2026-07-12 14:58:20	정미현	그럼 다른 원장님은 누가 가능하시죠?
17~19일중
5008	몽이	2026-07-12 14:58:20	SD동물의료센터 서울점	채팅 운영시간 안내
5008	몽이	2026-07-12 14:58:20	SD동물의료센터 서울점	✅ 본 채널에서는 진료 예약과 입원 환자 사진·안내를 받아보실 수 있습니다. (14:00~16:00, 1회)

📌 다만, 진료·증상 상담은 채널에서 진행하지 않으며, 내원 시 의료진과 직접 상담 부탁드립니다.

더 나은 진료 서비스를 위해 최선을 다하겠습니다. 감사합니다.
5008	몽이	2026-07-12 15:27:51	SD동물의료센터 서울점	확인 후 연락드리겠습니다
잠시만 기다려주세요!
5008	몽이	2026-07-12 15:48:20	SD동물의료센터 서울점	보호자님 7/17 금요일 오후 12시 이응호원장님 앞으로 건강검진 가능하셔서 이때로 예약 도와드릴까요?
5008	몽이	2026-07-12 17:25:28	정미현	네네 그렇게 부탁드려요~
5008	몽이	2026-07-12 17:25:28	SD동물의료센터 서울점	채팅 운영시간 안내
5008	몽이	2026-07-12 17:25:28	SD동물의료센터 서울점	✅ 본 채널에서는 진료 예약과 입원 환자 사진·안내를 받아보실 수 있습니다. (14:00~16:00, 1회)

📌 다만, 진료·증상 상담은 채널에서 진행하지 않으며, 내원 시 의료진과 직접 상담 부탁드립니다.

더 나은 진료 서비스를 위해 최선을 다하겠습니다. 감사합니다.
5008	몽이	2026-07-12 17:40:40	SD동물의료센터 서울점	네 보호자님, 7/17 금요일 오후 12시로 예약 도와드렸습니다.

아이 정확한 검사를 위해 금식 후 내원 부탁드리며
금식은 10시간 물은 2시간 금수 후 내원 부탁드립니다.

감사합니다 :)
5008	몽이	2026-07-12 21:01:52	SD동물의료센터 서울점	채팅 운영시간 안내
5008	몽이	2026-07-12 21:01:52	SD동물의료센터 서울점	✅ 본 채널에서는 진료 예약과 입원 환자 사진·안내를 받아보실 수 있습니다. (14:00~16:00, 1회)

📌 다만, 진료·증상 상담은 채널에서 진행하지 않으며, 내원 시 의료진과 직접 상담 부탁드립니다.

더 나은 진료 서비스를 위해 최선을 다하겠습니다. 감사합니다.
5008	몽이	2026-07-12 21:01:52	정미현	네 알겠습니다~~^^
5008	몽이	2026-07-23 17:54:13	SD동물의료센터 서울점	20260717_건강검진결과서_몽이(정미현님).pdf
5008	몽이	2026-07-23 17:54:40	SD동물의료센터 서울점	안녕하세요 보호자님.
몽이 본원에서 진행한 건강검진결과서 송부해드립니다.
항체가검사 결과 잘 나왔고, 해당 검사결과 검사지에
첨부 드렸습니다.
5008	몽이	2026-07-23 18:18:55	정미현	네~감사합니다^^
5008	몽이	2026-07-23 18:18:55	SD동물의료센터 서울점	채팅 운영시간 안내
5008	몽이	2026-07-23 18:18:56	SD동물의료센터 서울점	✅ 본 채널에서는 진료 예약과 입원 환자 사진·안내를 받아보실 수 있습니다. (14:00~16:00, 1회)

📌 다만, 진료·증상 상담은 채널에서 진행하지 않으며, 내원 시 의료진과 직접 상담 부탁드립니다.

더 나은 진료 서비스를 위해 최선을 다하겠습니다. 감사합니다.
5008	몽이	2026-07-28 14:00:16	SD동물의료센터 서울점	(광고)7월의 SD링크가 도착했어요.
5008	몽이	2026-08-12 20:34:04	정미현	진료예약
5008	몽이	2026-08-12 20:34:04	SD동물의료센터 서울점(메뉴)	SD동물의료센터 서울점 진료 예약을 위해 아래 내용을 채팅에 남겨주세요.

◼︎ 보호자님 성함 / 연락처
◼︎ 반려동물 이름 / 간단한 증상

* 예약에 필요한 간단한 상담이 진행될 수 있습니다.
* 증상과 관련된 자세한 상담은 진료의 부분으로 예약 후 내원시 수의사 선생님과 상담 가능합니다. 
* 채널 상담은 병원 업무와 동시에 진행되어 원내 상황에 따라 빠른 응대가 어려울 수 있습니다. 

문의사항은 본원 대표전화(02-2039-0303)로 연락부탁드립니다.
5008	몽이	2026-08-12 20:34:45	정미현	정미현/01020844911/몽이 혈액검사 예약
다음주 목요일 저녁으로 변경부탁드립니다
5008	몽이	2026-08-12 20:34:45	SD동물의료센터 서울점	채팅 운영시간 안내
5008	몽이	2026-08-12 20:34:45	SD동물의료센터 서울점	✅ 본 채널에서는 진료 예약과 입원 환자 사진·안내를 받아보실 수 있습니다. (14:00~16:00, 1회)

📌 다만, 진료·증상 상담은 채널에서 진행하지 않으며, 내원 시 의료진과 직접 상담 부탁드립니다.

더 나은 진료 서비스를 위해 최선을 다하겠습니다. 감사합니다.
5008	몽이	2026-08-12 20:38:59	SD동물의료센터 서울점	안녕하세요 보호자님 8/14 금 19시 예약  > 8/20 목 같은 시간으로 변경해드릴까요?
5008	몽이	2026-08-12 20:43:26	정미현	네 감사합니다~
5008	몽이	2026-08-12 20:43:26	SD동물의료센터 서울점	채팅 운영시간 안내
5008	몽이	2026-08-12 20:43:26	SD동물의료센터 서울점	✅ 본 채널에서는 진료 예약과 입원 환자 사진·안내를 받아보실 수 있습니다. (14:00~16:00, 1회)

📌 다만, 진료·증상 상담은 채널에서 진행하지 않으며, 내원 시 의료진과 직접 상담 부탁드립니다.

더 나은 진료 서비스를 위해 최선을 다하겠습니다. 감사합니다.
5008	몽이	2026-08-12 20:44:17	SD동물의료센터 서울점	네 예약 변경해드렸습니다 감사합니다 :)
5008	몽이	2026-08-12 20:44:38	정미현	감사합니나:)
5008	몽이	2026-08-12 20:44:38	SD동물의료센터 서울점	채팅 운영시간 안내
5168	식구	2026-07-25 18:22:50	SD동물의료센터 서울점	'SD동물의료센터 서울점' 채널을 추가해 주셔서 감사합니다.
앞으로 다양한 소식과 혜택/정보를 메시지로 받으실 수 있습니다.

채널 추가 일시(한국시간 기준): 2026년 07월 25일 18:22 
수신거부: 홈>채널 차단
5168	식구	2026-07-25 18:22:50	SD동물의료센터 서울점	'SD동물의료센터 서울점' 카카오톡채널을 추가해주셔서 감사합니다.
앞으로 우리병원의 다양한 소식과 혜택/정보를 채널 메세지로 받아보실 수 있습니다.

* 응급상황의 경우, 대표번호를 통해 전화상담 부탁드립니다.

📞 02-2039-0303
5168	식구	2026-07-25 18:22:53	Lim	식구
5168	식구	2026-07-25 18:22:53	SD동물의료센터 서울점	채팅 운영시간 안내
5168	식구	2026-07-25 18:22:53	SD동물의료센터 서울점	✅ 본 채널에서는 진료 예약과 입원 환자 사진·안내를 받아보실 수 있습니다. (14:00~16:00, 1회)

📌 다만, 진료·증상 상담은 채널에서 진행하지 않으며, 내원 시 의료진과 직접 상담 부탁드립니다.

더 나은 진료 서비스를 위해 최선을 다하겠습니다. 감사합니다.
5168	식구	2026-07-25 18:30:23	SD동물의료센터 서울점	사진
5168	식구	2026-07-25 18:30:25	SD동물의료센터 서울점	동영상
5168	식구	2026-07-25 18:30:25	SD동물의료센터 서울점	동영상
5168	식구	2026-07-25 18:30:26	SD동물의료센터 서울점	동영상
5168	식구	2026-07-25 18:30:28	SD동물의료센터 서울점	동영상
5168	식구	2026-07-25 18:30:49	SD동물의료센터 서울점	안녕하세요 식구 보호자님! 금일 진행한 식구 재활 사진과 함께 영상 보내드립니다. 감사합니다 :)
5168	식구	2026-07-25 18:43:50	Lim	감사합니다!!
5168	식구	2026-07-25 18:43:50	SD동물의료센터 서울점	채팅 운영시간 안내
5168	식구	2026-07-25 18:43:50	SD동물의료센터 서울점	✅ 본 채널에서는 진료 예약과 입원 환자 사진·안내를 받아보실 수 있습니다. (14:00~16:00, 1회)

📌 다만, 진료·증상 상담은 채널에서 진행하지 않으며, 내원 시 의료진과 직접 상담 부탁드립니다.

더 나은 진료 서비스를 위해 최선을 다하겠습니다. 감사합니다.
5168	식구	2026-07-28 14:00:27	SD동물의료센터 서울점	(광고)7월의 SD링크가 도착했어요.
5168	식구	2026-08-08 12:15:59	Lim	오시는길 안내
5168	식구	2026-08-08 12:15:59	SD동물의료센터 서울점(메뉴)	SD동물의료센터 서울점 
오시는 길 안내드립니다.

◼︎ 주소 
서울특별시 중구 왕십리로 407,
신당파인힐하나유보라 상가 2층

🚗 자동차 이용시, 신당파인힐하나유보라’ 상가 주차장을 이용해주세요. (무료주차 가능합니다.)

🚊 지하철 이용시, 2호선 상왕십리역 6번 출구와 신당역 3번 출구 사이에 위치하고 있습니다.

문의사항은 본원 대표전화(02-2039-0303)로 연락부탁드립니다.
5168	식구	2026-08-08 12:57:12	SD동물의료센터 서울점	채팅 운영시간 안내
5168	식구	2026-08-08 12:57:12	SD동물의료센터 서울점	✅ 본 채널에서는 진료 예약과 입원 환자 사진·안내를 받아보실 수 있습니다. (14:00~16:00, 1회)

📌 다만, 진료·증상 상담은 채널에서 진행하지 않으며, 내원 시 의료진과 직접 상담 부탁드립니다.

더 나은 진료 서비스를 위해 최선을 다하겠습니다. 감사합니다.
5168	식구	2026-08-08 12:57:12	Lim	식구 영상있으면 부탁드려요~!
5168	식구	2026-08-08 13:04:35	SD동물의료센터 서울점	네 보호자님 재활영상 원장님께 확인 후 전송드리겠습니다. 감사합니다 :)
5168	식구	2026-08-08 14:31:13	SD동물의료센터 서울점	사진
5168	식구	2026-08-08 14:31:15	SD동물의료센터 서울점	동영상
5168	식구	2026-08-08 14:31:16	SD동물의료센터 서울점	동영상
5168	식구	2026-08-08 14:31:18	SD동물의료센터 서울점	동영상
5168	식구	2026-08-08 14:31:19	SD동물의료센터 서울점	동영상
5168	식구	2026-08-08 14:31:20	SD동물의료센터 서울점	동영상
5168	식구	2026-08-08 14:31:28	SD동물의료센터 서울점	안녕하세요 식구 보호자님! 금일 진행한 식구 재활 사진과 함께 영상 보내드립니다! 감사합니다 :)
5168	식구	2026-08-15 18:27:50	Lim	안녕하세요 오늘 재활한 식구 영상있으면 부탁 드릴게요~!
5168	식구	2026-08-15 18:27:50	SD동물의료센터 서울점	채팅 운영시간 안내
5168	식구	2026-08-15 18:27:50	SD동물의료센터 서울점	✅ 본 채널에서는 진료 예약과 입원 환자 사진·안내를 받아보실 수 있습니다. (14:00~16:00, 1회)

📌 다만, 진료·증상 상담은 채널에서 진행하지 않으며, 내원 시 의료진과 직접 상담 부탁드립니다.

더 나은 진료 서비스를 위해 최선을 다하겠습니다. 감사합니다.
5168	식구	2026-08-15 20:09:43	SD동물의료센터 서울점	동영상
5168	식구	2026-08-15 20:09:44	SD동물의료센터 서울점	동영상
5168	식구	2026-08-15 20:09:44	SD동물의료센터 서울점	동영상
5168	식구	2026-08-15 20:09:49	SD동물의료센터 서울점	동영상
5168	식구	2026-08-15 20:09:56	SD동물의료센터 서울점	안녕하세요 식구 보호자님! 금일 진행한 식구 재활 사진과 함께 영상 보내드립니다! 감사합니다 :)
5168	식구	2026-08-15 20:11:07	Lim	감사합니다^^
5168	식구	2026-08-15 20:11:07	SD동물의료센터 서울점	채팅 운영시간 안내
5841	땅콩	2025-03-09 15:58:59	오동준	건강검진 안내
5841	땅콩	2025-03-09 15:58:59	SD동물의료센터 서울점(메뉴)	건강한 견생, 묘생을 위해 주기적인 건강검진은 필수입니다. 
SD동물의료센터에서는 아이에게 꼭 필요한 최소 항목으로 건강검진을 진행하고 있습니다. 
아이의 나이와 현 상태에 따라 검진이 가능한 베이직 프로그램부터 프리미엄까지 세세하게 항목을 분류하여 검진을 진행합니다.

자세한 내용은 아래 버튼을 통해 확인하실 수 있습니다.

5841	땅콩	2025-03-09 15:59:13	SD동물의료센터 서울점	쿠폰이 지급되었습니다. 
2025년 05월 31일까지 사용해주세요.
5841	땅콩	2025-04-25 15:59:14	오동준	.
5841	땅콩	2025-04-28 15:15:47	SD동물의료센터 서울점	안녕하세요 보호자님
아톱세븐 스프레이 42,000원입니다. :)
5841	땅콩	2025-04-28 15:21:23	오동준	안녕하세요
5841	땅콩	2025-04-28 15:21:30	오동준	심장사상충약은 얼마죠~?
5841	땅콩	2025-04-28 15:21:39	오동준	먹는거 입니다.
5841	땅콩	2025-04-28 15:22:49	오동준	아마 넥스가드꺼 먹이는거 같아요!
5841	땅콩	2025-04-28 15:22:53	오동준	거기서는 구매한적 없습니다!
5841	땅콩	2025-04-28 15:49:22	SD동물의료센터 서울점	안녕하세요 보호자님, 땅콩이 키로수에 맞는 넥스가드 1개 비용은 22,500원입니다. 감사합니다 :)
5841	땅콩	2025-04-28 15:49:52	오동준	네 한번 연락드리고 찾아뵙겠습니다!
5841	땅콩	2025-04-28 15:56:13	SD동물의료센터 서울점	네 보호자님, 연락주시면 미리 준비해두도록하겠습니다. 감사합니다 :)
5841	땅콩	2025-05-09 13:54:13	오동준	안녕하세요 다음주에 땅콩이 밥 들어오면 카톡으로 연락 부탁드릴게요!
5841	땅콩	2025-05-09 14:14:50	SD동물의료센터 서울점	네 보호자님, 입고시 카톡으로 연락드리겠습니다. 감사합니다 :)
5841	땅콩	2025-05-12 13:02:29	SD동물의료센터 서울점	안녕하세요 보호자님
땅콩이 사료 입고 되어 연락드립니다. 
언제쯤 픽업 가능하실까요?
5841	땅콩	2025-05-12 13:02:39	오동준	잠시만요
5841	땅콩	2025-05-12 14:36:17	오동준	금방 갈거같아요~!
5841	땅콩	2025-05-27 15:52:48	오동준	안녕하세요 혹시 땅콩이 다음 예약 언제로 잡았었나요!?
5841	땅콩	2025-05-27 15:53:26	SD동물의료센터 서울점	6월 19일 12시로 예약되어있습니다 :)
5841	땅콩	2025-05-27 15:56:01	오동준	혹시 그날 수술이 아니라 수술 여부 확인 후 수술날짜 다시 잡는 예약 인거였죠!?
5841	땅콩	2025-05-27 15:56:11	오동준	어머니 혼자 가셨어가지고 헷갈려 하셔서 여쭤봅니다.
5841	땅콩	2025-05-27 16:11:36	SD동물의료센터 서울점	네, 4주뒤 내원하셔서 재평가와 검사후 담낭절제술 결정한다고 되어있습니다 :)
5841	땅콩	2025-05-27 16:14:41	오동준	그럼 수술 가능 하게 되면 
그날 당일날 바로 하는건가요?

아니면 날짜를 다시 잡고 방문 하는걸까요?
5841	땅콩	2025-05-27 16:40:27	SD동물의료센터 서울점	상담해주셨던 원장님 확인 후 답변드리겠습니다 :)
5841	땅콩	2025-05-27 20:17:52	오동준	네~
5841	땅콩	2025-05-27 21:30:17	SD동물의료센터 서울점	검사 후 수술 필요시 추후 다시 예약 진행하셔야 된다고 합니다. :)
5841	땅콩	2025-05-28 09:30:17	오동준	네네 알겠습니다.
5841	땅콩	2025-06-15 11:05:51	오동준	안녕하세요 땅콩이 사료랑 오메가 있을까요?
5841	땅콩	2025-06-15 11:09:49	SD동물의료센터 서울점	안녕하세요 보호자님 로얄캐닌 가스트로 로우펫  1.5KG, 오메가 3 재고 있습니다!
5841	땅콩	2025-06-15 11:27:59	오동준	사료는 지금꺼 보다 더 큰사이즈가 있나요 혹시?
5841	땅콩	2025-06-15 11:32:12	SD동물의료센터 서울점	현재 원내에는 1.5KG만 있고, 큰 사이즈는 6KG가 있는데 주문해주시면 입고 후 연락드릴 수 있을 것 같습니다.
5841	땅콩	2025-06-15 11:41:20	오동준	네
일단 이번엔 1.5키로 받아서 먹일게요 다먹어가지구
5841	땅콩	2025-06-15 11:41:26	오동준	내일 가지러 갈게요!
5841	땅콩	2025-06-15 11:41:36	오동준	오메가 하나랑 사료 1.5키로 하나
5841	땅콩	2025-06-15 11:43:41	SD동물의료센터 서울점	네 준비해놓겠습니다~
5841	땅콩	2025-06-15 11:44:01	오동준	감사합니다
5841	땅콩	2025-06-16 17:46:57	오동준	죄송핮니다 땅콩이 밥이랑 오메가 내일 가지러 갈게요!
5841	땅콩	2025-06-16 17:56:37	SD동물의료센터 서울점	네 보호자님, 내일 편한시간에 픽업부탁드립니다. 감사합니다 :)
5841	땅콩	2025-06-17 10:36:50	오동준	안녕하세요 땅콩이 19일 12시 예약 있는거 
한시간정도 뒤로 미룰수 있을까요?
5841	땅콩	2025-06-17 10:43:16	SD동물의료센터 서울점	안녕하세요 보호자님 1시~1시반은 병원 회진 시간이어서 혹시 3시반 내원 가능하실까요?
5841	땅콩	2025-06-17 10:44:28	오동준	잠시만요
5841	땅콩	2025-06-17 10:48:35	오동준	19일 
3:30분으로 변경 부탁드릴게요 
5841	땅콩	2025-06-17 10:49:58	SD동물의료센터 서울점	네 보호자님 6/19 목 오후 3시 반으로 예약 변경해드렸습니다 감사합니다:)
5841	땅콩	2025-06-23 10:42:07	SD동물의료센터 서울점	안녕하세요

입원 및 면회 관련 안내사항 보내드립니다.
이용에 불편함 없으시도록 참고 부탁드립니다. :)

▶ https://blog.naver.com/sdamc00/223842908205


◎ 우리 병원은 아픈 반려동물의 빠른 회복을 최우선으로 최선의 진료를 시행합니다. ◎

""예상치 못한 응급 상황이나 피치 못할 중환자 관리로 인해 진료, 면회, 상담 대기 시간이 길어질 수 있는 점 (1시간 소요)""
""대기 시간을 예측할 수 없는 점""

미리 양해 말씀드리며 너그럽게 양해 부탁드립니다.
보호자분의 따뜻한 배려 늘 감사합니다. :)
5841	땅콩	2025-06-23 10:44:51	오동준	보호자 - 오동준
아이 - 땅콩 
연락처 - 010.2590.5284
5841	땅콩	2025-06-23 10:44:56	오동준	잘부탁드립니다 ㅠㅠ
5841	땅콩	2025-06-23 10:48:08	SD동물의료센터 서울점	네 보호자님, 금일 아이 수술들어가기 전후로 연락드리도록하겠습니다, 최선을 다해 보살피겠습니다! 감사합니다 :)
5841	땅콩	2025-06-23 10:48:51	오동준	네 감사합니다 
5841	땅콩	2025-06-23 19:50:08	오동준	땅콩이 회복 되면 꼭 사진 좀 부탁드리겠습니다ㅠㅠ
5841	땅콩	2025-06-23 19:51:58	오동준	마취 아직 안깨어 났을까요?ㅔ
5841	땅콩	2025-06-23 20:21:03	SD동물의료센터 서울점	안녕하세요 땅콩이 보호자님, 기다려주셔서 감사합니다 . 땅콩이 마취 잘 깨고 입원실에서 쉬고 있습니다 :)
5841	땅콩	2025-06-23 20:21:04	SD동물의료센터 서울점	사진
5841	땅콩	2025-06-23 20:22:44	오동준	ㅠㅠ 네 감사합니다
5841	땅콩	2025-06-24 09:22:25	오동준	면회 가능하다면 한번 체크하고 알려주시면 감사하겠습니다.
5841	땅콩	2025-06-24 09:22:30	오동준	그리고 퇴원 언제 가능한지도요!
5841	땅콩	2025-06-24 09:46:56	SD동물의료센터 서울점	네 확인하여 답변드리겠습니다 :)
5841	땅콩	2025-06-24 09:52:56	SD동물의료센터 서울점	땅콩이가 어제 수술 후 보니 생각보다 입원장 안에서 가끔씩 헥헥대고 긴장하는 편이라서, 적응할 수 있게 면회는 멀리서 보신다면 가능합니다 :).
퇴원은 수치가 안정되는 양상을 봐야해서 보통 -5일정도 예상 된다고 하셨습니다!
5841	땅콩	2025-06-24 09:57:57	오동준	네 알겠습니다.
5841	땅콩	2025-06-24 09:58:11	오동준	퇴원은 그러면 5일 생각하면 될까요?
5841	땅콩	2025-06-24 09:59:38	SD동물의료센터 서울점	확실하게 말씀드릴수는 없으나 보통의 아이들이 그렇기때문에 그정도 생각해주시면 되지 싶습니다 :)
아이마다 회복속도가 다르기 때문에 조금씩 차이는 있습니다 ㅠ
5841	땅콩	2025-06-24 09:59:49	오동준	네네 중간중간 알려주세요~
5841	땅콩	2025-06-24 10:00:15	SD동물의료센터 서울점	네 :) 감사합니다
추가 문의사항이 있으시면 언제든 해당 카톡방으로 연락주세요!
5841	땅콩	2025-06-24 13:43:02	SD동물의료센터 서울점	땅콩이 보호자님~ 안녕하세요
5841	땅콩	2025-06-24 13:43:11	오동준	네 안녕하세요~
5841	땅콩	2025-06-24 13:43:45	SD동물의료센터 서울점	땅콩이는 밤동안 잠도 잘 자고 아침식이도 잘 먹고 입원장 안에서 소변도 잘 보고 대변은 아직 없었습니다. 현재 수액도 잘 맞고 있어요^^ 땅콩이 귀여운 사진과 영상 보내드립니다:)
5841	땅콩	2025-06-24 13:44:00	오동준	ㅠㅠ넵 다행이네요
5841	땅콩	2025-06-24 13:44:45	SD동물의료센터 서울점	사진
5841	땅콩	2025-06-24 13:44:48	SD동물의료센터 서울점	동영상
5841	땅콩	2025-06-24 13:44:49	SD동물의료센터 서울점	동영상
5841	땅콩	2025-06-24 13:45:25	오동준	잘부탁드리겠습니다.
5841	땅콩	2025-06-25 08:01:25	오동준	안녕하세요 땅콩이 예상 퇴원 일정 한번만 체크 부탁드릴게여ㅠ
5841	땅콩	2025-06-25 08:01:25	SD동물의료센터 서울점	채팅 운영시간 안내
5841	땅콩	2025-06-25 08:01:26	SD동물의료센터 서울점	지금은 답변(채팅)이 가능한 시간이 아닙니다. 🌃
야간 중 채널 확인 및 전송이 불가능하오니 내용을 남겨주시면 채팅이 가능한 시간에 순차적으로 답변드리겠습니다.
아이들의 편한 휴식과 보다 더 안정된 회복을 위하여 집중하겠습니다.
감사합니다. 😊
5841	땅콩	2025-06-25 10:02:28	SD동물의료센터 서울점	안녕하세요 보호자님 퇴원일정 확인 후 답변드리겠습니다!
5841	땅콩	2025-06-25 10:03:18	오동준	넵 ㅠㅠ 
5841	땅콩	2025-06-25 13:36:03	SD동물의료센터 서울점	사진
5841	땅콩	2025-06-25 13:36:06	SD동물의료센터 서울점	동영상
5841	땅콩	2025-06-25 13:36:13	SD동물의료센터 서울점	안녕하세요 땅콩이 보호자님~ 땅콩이 오늘 아침 식이도 잘 먹어주었고, 소변도 잘 보았습니다. 현재는 입원장에서 휴식 중에 있으며 너무 귀여운 우리 땅콩이 사진과 영상 함께 보내드려요 :D 감사합니다!
5841	땅콩	2025-06-25 13:38:20	오동준	네 감사합니다 
퇴원 일정도 체크 한번 부탁드려요 
집에서도 걱정 많이 하셔서요
5841	땅콩	2025-06-25 13:38:53	오동준	배변도 보았나요?
5841	땅콩	2025-06-25 14:27:25	SD동물의료센터 서울점	땅콩이 대변은 보지 않았다고 합니다! 퇴원일정은 확인되면 말씀드리겠습니다 감사합니다:)
5841	땅콩	2025-06-25 14:28:41	오동준	지금도 면회가면 멀리서만 지켜볼수 있나요?
5841	땅콩	2025-06-25 14:35:57	SD동물의료센터 서울점	네 보호자님, 아이가 보호자님 만난 후 흥분도가 심할경우 면회는 멀리서만 하시는것으로 제한될 수 있습니다 ㅠㅠ 보호자님과 만남 후 더 힘들어할 수 있어서요 ㅠㅠ 또한 퇴원은 수술 후 적어도 5일정도는 입원치료가 필요하며, 아이 상태에 따라 조금 더 연장 될 수 있을것으로 보입니다. 이 부분은 아이 퇴원 가능할때 선생님께 빠르게 연락달라고 말씀 드려 놓겠습니다 ^^
5841	땅콩	2025-06-25 14:59:09	오동준	면회는 안가는게 낫겠네요.. 퇴원 대략 일정도 모르는거죠? 
5841	땅콩	2025-06-25 15:02:24	SD동물의료센터 서울점	수술 상담 때 혹시 안내 받으셨던 예상 입원 일정 있으실까요?
5841	땅콩	2025-06-25 15:03:20	SD동물의료센터 서울점	3~5일 정도 예상되오나 아이 컨디션과 간수치 등 경과 보고 결정될 것 같습니다.
5841	땅콩	2025-06-25 15:15:10	오동준	일단 알겟습니다 
5841	땅콩	2025-06-25 15:15:16	오동준	하루 입원비가 얼마인가요?ㅔ
5841	땅콩	2025-06-25 15:17:38	SD동물의료센터 서울점	어떤검사가 들어가는냐에 따라 조금 달라질 수 있으나 하루 입원비 대략 30만원 정도 발생이 예상됩니다.
5841	땅콩	2025-06-25 15:22:01	오동준	일단 알겠습니다 경과 보시구 퇴원 일정은 전날이라도 얼려쥬시면 좋을거 같습니다
5841	땅콩	2025-06-25 15:25:54	SD동물의료센터 서울점	네 알겠습니다. :)
5841	땅콩	2025-06-25 17:37:42	SD동물의료센터 서울점	보호자님 특이사항 없을 경우 이번주 금요일로 예정되나, 만약 중간 상황에 따라서 변경 있을 경우 미리 말씀드리겠습니다~
5841	땅콩	2025-06-25 17:58:23	오동준	네네감사합니다.
5841	땅콩	2025-06-26 13:25:27	SD동물의료센터 서울점	사진
5841	땅콩	2025-06-26 13:25:33	SD동물의료센터 서울점	동영상
5841	땅콩	2025-06-26 13:25:35	SD동물의료센터 서울점	안녕하세요. 땅콩이 보호자님~ 땅콩이 아침 식이 잘 먹었고, 대소변도 잘 봤습니다. 수액 맞으면서 쉬고 있는 땅콩이 사진 및 영상 보내드려요.^^
5841	땅콩	2025-06-26 13:28:34	오동준	감사합니다
5841	땅콩	2025-06-26 13:32:04	오동준	내일 퇴원하게되면 대략 몇시퇴원인지 내일 알수 있는거죠?
5841	땅콩	2025-06-26 13:43:37	SD동물의료센터 서울점	현재 땅콩이 활력, 식욕 매우 양호하나 간수치 일부가 상승하여 오후 중으로 복부초음파 검사 후 결과에 따라 저녁에 다시 퇴원여부 및 시간 안내드리겠습니다!
5841	땅콩	2025-06-26 13:58:39	오동준	네 감사합니다.
5841	땅콩	2025-06-26 17:42:15	오동준	오늘 저녁에 꼭 여부 알려주세요!
5841	땅콩	2025-06-26 17:49:30	오동준	만약 상태 보고 퇴원 어려운데 저희가 데려가는거면 편하게 말씀해주세요!
5841	땅콩	2025-06-26 18:07:55	SD동물의료센터 서울점	네 보호자님, 이부분 선생님께 말씀드려 퇴원가능하면 연락드리겠습니다 ^^
5841	땅콩	2025-06-26 18:11:22	SD동물의료센터 서울점	보호자님 내일 검사 결과 나오면 퇴원여부 관련하여 오후 1시 전으로 연락 드리겠습니다:)
5841	땅콩	2025-06-26 18:11:26	SD동물의료센터 서울점	감사합니다!
5841	땅콩	2025-06-26 18:11:51	오동준	네 감사합니다~
5841	땅콩	2025-06-27 13:29:39	SD동물의료센터 서울점	사진
5841	땅콩	2025-06-27 13:29:45	SD동물의료센터 서울점	동영상
5841	땅콩	2025-06-27 13:29:46	SD동물의료센터 서울점	안녕하세요. 땅콩이 보호자님~ 땅콩이 아침 잘 먹었고, 대소변도 잘 봤습니다. 수액 맞으면서 잘 쉬고 있는 땅콩이 사진 및 영상 보내드립니다.^^
5841	땅콩	2025-06-27 13:31:24	오동준	네 감사합키다
5841	땅콩	2025-06-27 13:31:40	오동준	퇴원여부는 1시전으로 답 주신다고 하셨는데 
5841	땅콩	2025-06-27 13:31:44	오동준	언제 알려주시나요
5841	땅콩	2025-06-27 14:00:28	SD동물의료센터 서울점	보호자님 회진이 늦어서 이제야 답변드립니다. 혹시 6시까지 내원가능하실까요?
5841	땅콩	2025-06-27 14:09:15	오동준	오늘 퇴원 해도 되는건가요?
5841	땅콩	2025-06-27 14:32:36	SD동물의료센터 서울점	어제 대비 간수치 호전되어 통원치료 시도해보아도 될 듯합니다!
5841	땅콩	2025-06-27 14:32:55	오동준	네 알겠습니다.
5841	땅콩	2025-06-27 14:35:26	SD동물의료센터 서울점	네 이따 뵙겠습니다:)
5841	땅콩	2025-06-27 18:52:50	오동준	사진
5841	땅콩	2025-06-27 18:53:14	오동준	꼬맨데 주위로 시뻘건거는 수술하고 그래서 그런거죠?
5841	땅콩	2025-06-27 18:53:19	오동준	나중에 괜찮아 지는거죠?
5841	땅콩	2025-06-27 22:15:16	SD동물의료센터 서울점	이전에 부착해 놓았던 방수필름에 의한 자극 때문이며, 대개 시간이 지나면 호전 되니 하루 2회 가볍게 소독하고 핥지 않게 해주시면 됩니다! :)
5841	땅콩	2025-08-10 09:53:56	오동준	안녕하세요 
5841	땅콩	2025-08-10 09:55:44	SD동물의료센터 서울점	네 보호자님! 문의사항 있으실까요?
5841	땅콩	2025-08-10 09:57:35	오동준	땅콩이 사료 좀 주문 해놓으려구요
5841	땅콩	2025-08-10 09:57:44	오동준	마지막에 사간걸로요
5841	땅콩	2025-08-10 09:59:12	SD동물의료센터 서울점	로얄캐닌의 가스트로 로우펫 스몰독 3.5kg 구매하셨는데 동일제품 준비해드리면 될까요?
5841	땅콩	2025-08-10 10:19:56	오동준	네네!
5841	땅콩	2025-08-10 10:20:48	SD동물의료센터 서울점	네 보호자님 주문 후 입고되면 연락드리겠습니다 감사합니다:)
5841	땅콩	2025-08-10 10:22:05	오동준	네네 감사합니다 대략 언제쯤 올까요?
5841	땅콩	2025-08-10 10:24:28	SD동물의료센터 서울점	수입제품이라 입고일정이 정확하지 않아서 주문 할 때마다 차이가 있습니다. 1~2주 정도 걸리는데 그 이상 걸릴 때도 있어 입고되는대로 연락드리면 가지러 오시면 됩니다.
5841	땅콩	2025-08-10 10:35:10	오동준	혹시 작은거는 재고 있나요?
5841	땅콩	2025-08-10 10:38:59	SD동물의료센터 서울점	1.5kg도 원내 품절입니다ㅠ
5841	땅콩	2025-08-10 15:07:35	오동준	아아ㅠㅠ 큰일이네요 그것도 기간이 그렇게 오래 걸릴까요?
5841	땅콩	2025-08-10 15:07:43	오동준	밥을 다 먹어가서
5841	땅콩	2025-08-10 15:08:57	SD동물의료센터 서울점	1.5kg 는 월요일 주문하면 수요일에 병원에 입고될 예정입니다
5841	땅콩	2025-08-10 15:09:34	오동준	일단 그러면 1.5키로 하나랑 3.5kg 이렇게 하나씩 부탁드릴게요
5841	땅콩	2025-08-10 15:09:53	SD동물의료센터 서울점	네, 월요일에 주문할 예정이고 입고되는대로 연락드리겠습니다.
5841	땅콩	2025-08-11 12:59:43	SD동물의료센터 서울점	안녕하세요 보호자님 가스트로 로우펫 스몰독 1.5KG 먼저 입고되어 연락드렸으나 부재중이셔서 플친 남겨드립니다! 편하신 시간대 내원부탁드립니다 감사합니다:)
5841	땅콩	2025-08-11 13:00:02	오동준	네네 알겠습니다.
5841	땅콩	2025-08-13 11:53:02	SD동물의료센터 서울점	보호자님. 주문하신 3.5kg  사료 입고되어 연락드립니다. 편한 시간에 픽업하시면 됩니다.감사합니다.
5841	땅콩	2025-08-13 12:05:08	오동준	네네 픽업 하러 가겠습니다!
5841	땅콩	2025-08-19 13:39:07	오동준	안녕하세요
5841	땅콩	2025-08-19 13:39:15	오동준	땅콩이 검진 예약 언제일가요?
5841	땅콩	2025-08-19 13:52:05	SD동물의료센터 서울점	안녕하세요 보호자님
내일 오후 12시입니다. :)
5841	땅콩	2025-08-27 08:10:56	오동준	안녕하세요
5841	땅콩	2025-08-27 08:10:56	SD동물의료센터 서울점	채팅 운영시간 안내
5841	땅콩	2025-08-27 08:10:56	SD동물의료센터 서울점	지금은 답변(채팅)이 가능한 시간이 아닙니다. 🌃
야간 중 채널 확인 및 전송이 불가능하오니 내용을 남겨주시면 채팅이 가능한 시간에 순차적으로 답변드리겠습니다.
아이들의 편한 휴식과 보다 더 안정된 회복을 위하여 집중하겠습니다.
감사합니다. 😊
5841	땅콩	2025-08-27 08:11:08	오동준	땅콩이 저번에도 조직검사 했을때 
5841	땅콩	2025-08-27 08:11:08	SD동물의료센터 서울점	채팅 운영시간 안내
5841	땅콩	2025-08-27 08:11:08	SD동물의료센터 서울점	지금은 답변(채팅)이 가능한 시간이 아닙니다. 🌃
야간 중 채널 확인 및 전송이 불가능하오니 내용을 남겨주시면 채팅이 가능한 시간에 순차적으로 답변드리겠습니다.
아이들의 편한 휴식과 보다 더 안정된 회복을 위하여 집중하겠습니다.
감사합니다. 😊
5841	땅콩	2025-08-27 08:11:23	오동준	실밥 하나 안풀려서 다시 방문했었는데
5841	땅콩	2025-08-27 08:11:23	SD동물의료센터 서울점	채팅 운영시간 안내
5841	땅콩	2025-08-27 08:11:23	SD동물의료센터 서울점	지금은 답변(채팅)이 가능한 시간이 아닙니다. 🌃
야간 중 채널 확인 및 전송이 불가능하오니 내용을 남겨주시면 채팅이 가능한 시간에 순차적으로 답변드리겠습니다.
아이들의 편한 휴식과 보다 더 안정된 회복을 위하여 집중하겠습니다.
감사합니다. 😊
5841	땅콩	2025-08-27 08:12:19	오동준	이번에 담낭제거 수술해서 배 개복해서 수술 했었는데 맨끝에 실밥이 한가닥 제대로 제거 안되었어요
5841	땅콩	2025-08-27 08:12:19	SD동물의료센터 서울점	채팅 운영시간 안내
5841	땅콩	2025-08-27 08:12:19	SD동물의료센터 서울점	지금은 답변(채팅)이 가능한 시간이 아닙니다. 🌃
야간 중 채널 확인 및 전송이 불가능하오니 내용을 남겨주시면 채팅이 가능한 시간에 순차적으로 답변드리겠습니다.
아이들의 편한 휴식과 보다 더 안정된 회복을 위하여 집중하겠습니다.
감사합니다. 😊
5841	땅콩	2025-08-27 08:12:37	오동준	사진
5841	땅콩	2025-08-27 08:12:37	SD동물의료센터 서울점	채팅 운영시간 안내
5841	땅콩	2025-08-27 08:12:37	SD동물의료센터 서울점	지금은 답변(채팅)이 가능한 시간이 아닙니다. 🌃
야간 중 채널 확인 및 전송이 불가능하오니 내용을 남겨주시면 채팅이 가능한 시간에 순차적으로 답변드리겠습니다.
아이들의 편한 휴식과 보다 더 안정된 회복을 위하여 집중하겠습니다.
감사합니다. 😊
5841	땅콩	2025-08-27 08:12:54	오동준	가시 박힌거 처럼 뭐있길래 뽑아보니깐 이렇게 나오네요
5841	땅콩	2025-08-27 08:12:54	SD동물의료센터 서울점	채팅 운영시간 안내
5841	땅콩	2025-08-27 08:12:54	SD동물의료센터 서울점	지금은 답변(채팅)이 가능한 시간이 아닙니다. 🌃
야간 중 채널 확인 및 전송이 불가능하오니 내용을 남겨주시면 채팅이 가능한 시간에 순차적으로 답변드리겠습니다.
아이들의 편한 휴식과 보다 더 안정된 회복을 위하여 집중하겠습니다.
감사합니다. 😊
5841	땅콩	2025-08-27 08:13:07	오동준	사진
5841	땅콩	2025-08-27 08:13:07	SD동물의료센터 서울점	채팅 운영시간 안내
5841	땅콩	2025-08-27 08:13:07	SD동물의료센터 서울점	지금은 답변(채팅)이 가능한 시간이 아닙니다. 🌃
야간 중 채널 확인 및 전송이 불가능하오니 내용을 남겨주시면 채팅이 가능한 시간에 순차적으로 답변드리겠습니다.
아이들의 편한 휴식과 보다 더 안정된 회복을 위하여 집중하겠습니다.
감사합니다. 😊
5841	땅콩	2025-08-27 08:13:28	오동준	아셔야 할거같아서 연락 드려요 
5841	땅콩	2025-08-27 08:13:28	SD동물의료센터 서울점	채팅 운영시간 안내
5841	땅콩	2025-08-27 08:13:28	SD동물의료센터 서울점	지금은 답변(채팅)이 가능한 시간이 아닙니다. 🌃
야간 중 채널 확인 및 전송이 불가능하오니 내용을 남겨주시면 채팅이 가능한 시간에 순차적으로 답변드리겠습니다.
아이들의 편한 휴식과 보다 더 안정된 회복을 위하여 집중하겠습니다.
감사합니다. 😊
5841	땅콩	2025-08-27 08:16:39	오동준	나중에 실밥 나온거 가져가서 보여드릴게요
5841	땅콩	2025-08-27 08:16:39	SD동물의료센터 서울점	채팅 운영시간 안내
5841	땅콩	2025-08-27 08:16:39	SD동물의료센터 서울점	지금은 답변(채팅)이 가능한 시간이 아닙니다. 🌃
야간 중 채널 확인 및 전송이 불가능하오니 내용을 남겨주시면 채팅이 가능한 시간에 순차적으로 답변드리겠습니다.
아이들의 편한 휴식과 보다 더 안정된 회복을 위하여 집중하겠습니다.
감사합니다. 😊
5841	땅콩	2025-08-27 10:26:32	SD동물의료센터 서울점	안녕하세요 보호자님 먼저 불편을 드려 죄송합니다. 해당 실은 피부아래의 피하 조직이나 근육을 봉합한 녹는 실로 매듭지은 것이 피부가 얇아 시간이 지나며 밖으로 돌출된 것으로,추후 염증을 유발할 수 있어 제거하시는 것이 좋다고 답변주셨습니다.
5841	땅콩	2025-08-27 10:26:55	오동준	손으로 뽑으니깐 뽑히긴 했어요
5841	땅콩	2025-08-27 10:27:30	오동준	이게 벌써 2번째여서 기분이 별로 좋지는 않네요..
5841	땅콩	2025-08-27 12:50:00	오동준	나중에 병원 진찰 갈때 전쳊적으로 한번 봦주세요.
5841	땅콩	2025-08-27 12:53:27	SD동물의료센터 서울점	네 보호자님
5841	땅콩	2025-08-27 12:53:54	SD동물의료센터 서울점	불편을 끼쳐 드려 죄송합니다. 진료 시 체크 한 번 더 말씀드리겠습니다. 감사합니다.
5841	땅콩	2025-09-10 11:27:44	오동준	안녕하세요
5841	땅콩	2025-09-10 11:27:51	오동준	땅콩이 예약 되어있는 일정 있나요?
5841	땅콩	2025-09-10 11:32:27	SD동물의료센터 서울점	안녕하세요 보호자님 10/1 12시 예약되어있습니다:)
5841	땅콩	2025-09-10 11:34:17	오동준	검사 예약인걸가요?
5841	땅콩	2025-09-10 11:41:54	SD동물의료센터 서울점	네 보호자님 8/20 내원 시 간 수치 검사진행으로 선생님께서 진료계획을 잡으신 것 같습니다
5841	땅콩	2025-09-10 11:44:03	오동준	네 알겠습니다.
5841	땅콩	2025-09-10 11:44:14	오동준	금식이나 이런거 따로 안하고 가도 되는건가요?
5841	땅콩	2025-09-10 11:46:18	SD동물의료센터 서울점	금식 확인 후 답변드리겠습니다!
5841	땅콩	2025-09-10 11:54:46	오동준	네~!
5841	땅콩	2025-09-10 14:13:06	SD동물의료센터 서울점	공복 필요 없습니다~!
5841	땅콩	2025-09-10 14:14:34	오동준	네네~1
5841	땅콩	2025-09-24 18:25:55	오동준	안녕하세요
5841	땅콩	2025-09-24 18:26:00	오동준	혹시 땅콩이 밥 재고 잇나요?
5841	땅콩	2025-09-24 18:26:28	오동준	3,5kg요
5841	땅콩	2025-09-24 19:40:57	SD동물의료센터 서울점	안녕하세요 보호자님
로우펫 스몰독 3.5kg 주문 필요해서 입고 후 다시 한 번 연락드리겠습니다. :)
5841	땅콩	2025-09-24 19:41:02	SD동물의료센터 서울점	한 포만 필요하신 건가요?
5841	땅콩	2025-09-24 20:42:12	오동준	네네
5841	땅콩	2025-09-24 21:39:59	SD동물의료센터 서울점	넵 입고 후 연락드리겠습니다!
5841	땅콩	2025-09-25 09:19:57	오동준	혹시 작은봉지는 재고 있나요?
5841	땅콩	2025-09-25 09:20:09	오동준	1.5kg 짜리요!
5841	땅콩	2025-09-25 09:50:29	SD동물의료센터 서울점	네, 1.5kg 구매 가능합니다
5841	땅콩	2025-09-25 09:52:32	오동준	네 일단 그거 먼저 살게요
5841	땅콩	2025-09-25 09:52:39	오동준	3.5키로는 오면 알려주세요
5841	땅콩	2025-09-25 09:53:19	오동준	사상충약도 부탁드려요
5841	땅콩	2025-09-25 09:53:31	오동준	땅콩이 먹던걸로요!
5841	땅콩	2025-09-25 10:06:07	SD동물의료센터 서울점	네, 사상충약 1개 사료1개 준비해드리면 될까요?
5841	땅콩	2025-09-25 10:07:20	오동준	네네 
5841	땅콩	2025-09-25 10:07:29	오동준	사상충 한박스에 3개 들어있죠
5841	땅콩	2025-09-25 10:08:09	SD동물의료센터 서울점	네 맞습니다!
5841	땅콩	2025-09-25 10:10:06	오동준	네네 그거랑 같이 부탁드릴게요
5841	땅콩	2025-09-25 10:13:23	SD동물의료센터 서울점	네, 사료1개 사상충 1상자 준비해놓겠습니다. 감사합니다.
5841	땅콩	2025-09-25 14:59:09	오동준	감사합니다.
5841	땅콩	2025-10-07 20:26:27	오동준	안녕하세요 
제가 땅콩이 사료 3키로 짜리 주문 해놓고 픽업읗 못갔네요 죄송합니다
5841	땅콩	2025-10-07 20:26:27	SD동물의료센터 서울점	채팅 운영시간 안내
5841	땅콩	2025-10-07 20:26:27	SD동물의료센터 서울점	✅ 본 채널에서는 진료 예약과 입원 환자 사진·안내를 받아보실 수 있습니다. (14:00~16:00, 1회)

📌 다만, 진료·증상 상담은 채널에서 진행하지 않으며, 내원 시 의료진과 직접 상담 부탁드립니다.

더 나은 진료 서비스를 위해 최선을 다하겠습니다. 감사합니다.
5841	땅콩	2025-10-07 20:26:41	오동준	금요일전으로 방문 드려도 될까요~?
5841	땅콩	2025-10-07 20:26:41	SD동물의료센터 서울점	채팅 운영시간 안내
5841	땅콩	2025-10-07 20:26:41	SD동물의료센터 서울점	✅ 본 채널에서는 진료 예약과 입원 환자 사진·안내를 받아보실 수 있습니다. (14:00~16:00, 1회)

📌 다만, 진료·증상 상담은 채널에서 진행하지 않으며, 내원 시 의료진과 직접 상담 부탁드립니다.

더 나은 진료 서비스를 위해 최선을 다하겠습니다. 감사합니다.
5841	땅콩	2025-11-22 16:31:50	오동준	안녕하세요
5841	땅콩	2025-11-22 16:31:50	SD동물의료센터 서울점	채팅 운영시간 안내
5841	땅콩	2025-11-22 16:31:50	SD동물의료센터 서울점	✅ 본 채널에서는 진료 예약과 입원 환자 사진·안내를 받아보실 수 있습니다. (14:00~16:00, 1회)

📌 다만, 진료·증상 상담은 채널에서 진행하지 않으며, 내원 시 의료진과 직접 상담 부탁드립니다.

더 나은 진료 서비스를 위해 최선을 다하겠습니다. 감사합니다.
5841	땅콩	2025-11-22 16:32:29	오동준	
로우펫 스몰독 3.5kg 재고 있을까요?
5841	땅콩	2025-11-22 16:32:29	SD동물의료센터 서울점	채팅 운영시간 안내
5841	땅콩	2025-11-22 16:32:29	SD동물의료센터 서울점	✅ 본 채널에서는 진료 예약과 입원 환자 사진·안내를 받아보실 수 있습니다. (14:00~16:00, 1회)

📌 다만, 진료·증상 상담은 채널에서 진행하지 않으며, 내원 시 의료진과 직접 상담 부탁드립니다.

더 나은 진료 서비스를 위해 최선을 다하겠습니다. 감사합니다.
5841	땅콩	2025-11-22 16:39:28	SD동물의료센터 서울점	안녕하세요 보호자님, 현재 재고가 없어 주문 가능하며 주문하게 된다면 수요일 오후 정도에 픽업 가능합니다.
5841	땅콩	2025-11-22 16:40:24	오동준	네네 주문 부탁드려요
5841	땅콩	2025-11-22 16:40:24	SD동물의료센터 서울점	채팅 운영시간 안내
5841	땅콩	2025-11-22 16:40:24	SD동물의료센터 서울점	✅ 본 채널에서는 진료 예약과 입원 환자 사진·안내를 받아보실 수 있습니다. (14:00~16:00, 1회)

📌 다만, 진료·증상 상담은 채널에서 진행하지 않으며, 내원 시 의료진과 직접 상담 부탁드립니다.

더 나은 진료 서비스를 위해 최선을 다하겠습니다. 감사합니다.
5841	땅콩	2025-11-22 16:46:24	SD동물의료센터 서울점	네 보호자님, 주문 도와드리겠습니다. 도착하면 연락 드리겠습니다.
5841	땅콩	2025-11-22 17:07:23	오동준	수요일에 혹시 진료도 볼슈 있나요?
5841	땅콩	2025-11-22 17:07:23	SD동물의료센터 서울점	채팅 운영시간 안내
5841	땅콩	2025-11-22 17:07:23	SD동물의료센터 서울점	✅ 본 채널에서는 진료 예약과 입원 환자 사진·안내를 받아보실 수 있습니다. (14:00~16:00, 1회)

📌 다만, 진료·증상 상담은 채널에서 진행하지 않으며, 내원 시 의료진과 직접 상담 부탁드립니다.

더 나은 진료 서비스를 위해 최선을 다하겠습니다. 감사합니다.
5841	땅콩	2025-11-22 17:11:34	SD동물의료센터 서울점	네 보호자님, 11월 26일 12시로 예약 되어 있으세요 :)
5841	땅콩	2025-11-22 17:13:06	오동준	네 감사합니다
5841	땅콩	2025-11-22 17:13:06	SD동물의료센터 서울점	채팅 운영시간 안내
5841	땅콩	2025-11-22 17:13:06	SD동물의료센터 서울점	✅ 본 채널에서는 진료 예약과 입원 환자 사진·안내를 받아보실 수 있습니다. (14:00~16:00, 1회)

📌 다만, 진료·증상 상담은 채널에서 진행하지 않으며, 내원 시 의료진과 직접 상담 부탁드립니다.

더 나은 진료 서비스를 위해 최선을 다하겠습니다. 감사합니다.
5841	땅콩	2025-11-27 18:42:38	SD동물의료센터 서울점	보호자님 땅콩이 밥 잘 먹을까요~?
5841	땅콩	2025-11-27 20:02:27	오동준	아니요 아직 ㅠㅠ
5841	땅콩	2025-11-27 20:02:27	SD동물의료센터 서울점	채팅 운영시간 안내
5841	땅콩	2025-11-27 20:02:27	SD동물의료센터 서울점	✅ 본 채널에서는 진료 예약과 입원 환자 사진·안내를 받아보실 수 있습니다. (14:00~16:00, 1회)

📌 다만, 진료·증상 상담은 채널에서 진행하지 않으며, 내원 시 의료진과 직접 상담 부탁드립니다.

더 나은 진료 서비스를 위해 최선을 다하겠습니다. 감사합니다.
5841	땅콩	2025-11-30 16:42:13	오동준	내일 진료 가능한 시간 있을까요?
5841	땅콩	2025-11-30 16:42:13	SD동물의료센터 서울점	채팅 운영시간 안내
5841	땅콩	2025-11-30 16:42:13	SD동물의료센터 서울점	✅ 본 채널에서는 진료 예약과 입원 환자 사진·안내를 받아보실 수 있습니다. (14:00~16:00, 1회)

📌 다만, 진료·증상 상담은 채널에서 진행하지 않으며, 내원 시 의료진과 직접 상담 부탁드립니다.

더 나은 진료 서비스를 위해 최선을 다하겠습니다. 감사합니다.
5841	땅콩	2025-11-30 16:42:16	SD동물의료센터 서울점	✅ 본 채널에서는 진료 예약과 입원 환자 사진·안내를 받아보실 수 있습니다. (14:00~16:00, 1회)

📌 다만, 진료·증상 상담은 채널에서 진행하지 않으며, 내원 시 의료진과 직접 상담 부탁드립니다.

더 나은 진료 서비스를 위해 최선을 다하겠습니다. 감사합니다.
5841	땅콩	2025-11-30 16:42:16	오동준	땅콩이
5841	땅콩	2025-11-30 16:42:16	SD동물의료센터 서울점	채팅 운영시간 안내
5841	땅콩	2025-11-30 16:49:46	SD동물의료센터 서울점	안녕하세요 보호자님, 아이 어떤 진료 보시는걸까요?
5841	땅콩	2025-11-30 16:50:29	오동준	밥을 안먹어서요ㅠㅠ 
5841	땅콩	2025-11-30 16:50:29	SD동물의료센터 서울점	채팅 운영시간 안내
5841	땅콩	2025-11-30 16:50:29	SD동물의료센터 서울점	✅ 본 채널에서는 진료 예약과 입원 환자 사진·안내를 받아보실 수 있습니다. (14:00~16:00, 1회)

📌 다만, 진료·증상 상담은 채널에서 진행하지 않으며, 내원 시 의료진과 직접 상담 부탁드립니다.

더 나은 진료 서비스를 위해 최선을 다하겠습니다. 감사합니다.
5841	땅콩	2025-11-30 17:08:35	SD동물의료센터 서울점	네 보호자님, 내일 진료는 가능하시나 땅콩이 봐주시던 선생님은 안계셔서 다른 선생님 앞으로 예약 가능합니다.
5841	땅콩	2025-11-30 17:10:58	오동준	그럼 저희 봐주시던 선생님은 언제가 가장 빠를까요?
5841	땅콩	2025-11-30 17:10:58	SD동물의료센터 서울점	채팅 운영시간 안내
5841	땅콩	2025-11-30 17:10:58	SD동물의료센터 서울점	✅ 본 채널에서는 진료 예약과 입원 환자 사진·안내를 받아보실 수 있습니다. (14:00~16:00, 1회)

📌 다만, 진료·증상 상담은 채널에서 진행하지 않으며, 내원 시 의료진과 직접 상담 부탁드립니다.

더 나은 진료 서비스를 위해 최선을 다하겠습니다. 감사합니다.
5841	땅콩	2025-11-30 17:12:23	SD동물의료센터 서울점	선생님 일, 월, 화 휴무셔서 현재 제일빨른날 12월 3일 수요일 오후 12시반 예약 가능합니다.
5841	땅콩	2025-11-30 17:17:16	오동준	제가 확인후 다시 연락드릴게요
5841	땅콩	2025-11-30 17:17:16	SD동물의료센터 서울점	채팅 운영시간 안내
5841	땅콩	2025-11-30 17:17:16	SD동물의료센터 서울점	✅ 본 채널에서는 진료 예약과 입원 환자 사진·안내를 받아보실 수 있습니다. (14:00~16:00, 1회)

📌 다만, 진료·증상 상담은 채널에서 진행하지 않으며, 내원 시 의료진과 직접 상담 부탁드립니다.

더 나은 진료 서비스를 위해 최선을 다하겠습니다. 감사합니다.
5841	땅콩	2025-11-30 17:18:12	SD동물의료센터 서울점	네 보호자님, 예약 필요하실면 연락 부탁드립니다. 감사합니다 :)
5841	땅콩	2025-11-30 18:42:06	오동준	12월3일 수요일
12시30분 예약 부탁드릴게요
5841	땅콩	2025-11-30 18:42:06	SD동물의료센터 서울점	채팅 운영시간 안내
5841	땅콩	2025-11-30 18:42:06	SD동물의료센터 서울점	✅ 본 채널에서는 진료 예약과 입원 환자 사진·안내를 받아보실 수 있습니다. (14:00~16:00, 1회)

📌 다만, 진료·증상 상담은 채널에서 진행하지 않으며, 내원 시 의료진과 직접 상담 부탁드립니다.

더 나은 진료 서비스를 위해 최선을 다하겠습니다. 감사합니다.
5841	땅콩	2025-11-30 18:46:35	SD동물의료센터 서울점	12/3 수요일 오후 12시30분에 뵙겠습니다.
감사합니다.
5841	땅콩	2025-12-05 19:38:35	SD동물의료센터 서울점	✅ 본 채널에서는 진료 예약과 입원 환자 사진·안내를 받아보실 수 있습니다. (14:00~16:00, 1회)

📌 다만, 진료·증상 상담은 채널에서 진행하지 않으며, 내원 시 의료진과 직접 상담 부탁드립니다.

더 나은 진료 서비스를 위해 최선을 다하겠습니다. 감사합니다.
5841	땅콩	2025-12-05 19:38:35	오동준	땅콩이 약 픽업할거 있는데 내일 해도될까요?
5841	땅콩	2025-12-05 19:38:35	SD동물의료센터 서울점	채팅 운영시간 안내
5841	땅콩	2025-12-05 19:39:02	SD동물의료센터 서울점	안녕하세요 보호자님, 약은 현재 준비되어 있어 내일 주간 시간내로 편하게 방문 부탁드립니다 :)
5841	땅콩	2025-12-05 19:51:46	오동준	약 값 얼마인가요?
5841	땅콩	2025-12-05 19:51:47	SD동물의료센터 서울점	채팅 운영시간 안내
5841	땅콩	2025-12-05 19:51:47	SD동물의료센터 서울점	✅ 본 채널에서는 진료 예약과 입원 환자 사진·안내를 받아보실 수 있습니다. (14:00~16:00, 1회)

📌 다만, 진료·증상 상담은 채널에서 진행하지 않으며, 내원 시 의료진과 직접 상담 부탁드립니다.

더 나은 진료 서비스를 위해 최선을 다하겠습니다. 감사합니다.
5841	땅콩	2025-12-05 19:58:17	SD동물의료센터 서울점	내복약 7일치 총 40,600원 입니다 :)
5841	땅콩	2025-12-05 19:58:39	SD동물의료센터 서울점	사진
5841	땅콩	2025-12-10 10:18:43	오동준	안녕하세요 
땅콩이 봐주시는 선생님이랑 통화 원하는데 
가능한시간에 연락 한번 부탁드릴게요!
5841	땅콩	2025-12-10 10:18:43	SD동물의료센터 서울점	채팅 운영시간 안내
5841	땅콩	2025-12-10 10:18:43	SD동물의료센터 서울점	✅ 본 채널에서는 진료 예약과 입원 환자 사진·안내를 받아보실 수 있습니다. (14:00~16:00, 1회)

📌 다만, 진료·증상 상담은 채널에서 진행하지 않으며, 내원 시 의료진과 직접 상담 부탁드립니다.

더 나은 진료 서비스를 위해 최선을 다하겠습니다. 감사합니다.
5841	땅콩	2025-12-10 10:25:40	SD동물의료센터 서울점	보호자님, 오늘 선생님 진료가 많아 빠른 연락 못 드릴 수 있는 점 양해 부탁드립니다. 주치의 선생님꼐 전화요청 전달드렸습니다. 감사합니다.
5841	땅콩	2025-12-10 12:17:11	오동준	통화하였습니다 감사합니다
5841	땅콩	2025-12-10 12:17:11	SD동물의료센터 서울점	채팅 운영시간 안내
5841	땅콩	2025-12-10 12:17:11	SD동물의료센터 서울점	✅ 본 채널에서는 진료 예약과 입원 환자 사진·안내를 받아보실 수 있습니다. (14:00~16:00, 1회)

📌 다만, 진료·증상 상담은 채널에서 진행하지 않으며, 내원 시 의료진과 직접 상담 부탁드립니다.

더 나은 진료 서비스를 위해 최선을 다하겠습니다. 감사합니다.
5841	땅콩	2025-12-16 16:47:35	오동준	안녕하세요 땅콩이 약 나와있는거 있죠?
5841	땅콩	2025-12-16 16:47:35	SD동물의료센터 서울점	채팅 운영시간 안내
5841	땅콩	2025-12-16 16:47:35	SD동물의료센터 서울점	✅ 본 채널에서는 진료 예약과 입원 환자 사진·안내를 받아보실 수 있습니다. (14:00~16:00, 1회)

📌 다만, 진료·증상 상담은 채널에서 진행하지 않으며, 내원 시 의료진과 직접 상담 부탁드립니다.

더 나은 진료 서비스를 위해 최선을 다하겠습니다. 감사합니다.
5841	땅콩	2025-12-16 17:30:26	SD동물의료센터 서울점	네, 보호자님 편한 시간에 오시면 됩니다. 감사합니다.
5841	땅콩	2025-12-16 18:17:32	SD동물의료센터 서울점	✅ 본 채널에서는 진료 예약과 입원 환자 사진·안내를 받아보실 수 있습니다. (14:00~16:00, 1회)

📌 다만, 진료·증상 상담은 채널에서 진행하지 않으며, 내원 시 의료진과 직접 상담 부탁드립니다.

더 나은 진료 서비스를 위해 최선을 다하겠습니다. 감사합니다.
5841	땅콩	2025-12-16 18:17:32	오동준	비용도 한번 체크 부탁드릴게요!
5841	땅콩	2025-12-16 18:17:32	SD동물의료센터 서울점	채팅 운영시간 안내
5841	땅콩	2025-12-16 19:28:06	SD동물의료센터 서울점	사진
5841	땅콩	2025-12-16 19:28:29	SD동물의료센터 서울점	내복약 28일분이고 비용은 241,400원 확인됩니다. :)
5841	땅콩	2026-01-07 15:32:01	오동준	안녕하세요
5841	땅콩	2026-01-07 15:32:01	SD동물의료센터 서울점	채팅 운영시간 안내
5841	땅콩	2026-01-07 15:32:01	SD동물의료센터 서울점	✅ 본 채널에서는 진료 예약과 입원 환자 사진·안내를 받아보실 수 있습니다. (14:00~16:00, 1회)

📌 다만, 진료·증상 상담은 채널에서 진행하지 않으며, 내원 시 의료진과 직접 상담 부탁드립니다.

더 나은 진료 서비스를 위해 최선을 다하겠습니다. 감사합니다.
5841	땅콩	2026-01-07 15:33:47	SD동물의료센터 서울점	안녕하세요 보호자님, 문의사항 있으실까요? :)
5841	땅콩	2026-01-07 15:39:59	오동준	땅콩이 진료 월요일날 예약 가능한가요?
5841	땅콩	2026-01-07 15:39:59	SD동물의료센터 서울점	채팅 운영시간 안내
5841	땅콩	2026-01-07 15:39:59	SD동물의료센터 서울점	✅ 본 채널에서는 진료 예약과 입원 환자 사진·안내를 받아보실 수 있습니다. (14:00~16:00, 1회)

📌 다만, 진료·증상 상담은 채널에서 진행하지 않으며, 내원 시 의료진과 직접 상담 부탁드립니다.

더 나은 진료 서비스를 위해 최선을 다하겠습니다. 감사합니다.
5841	땅콩	2026-01-07 15:40:48	SD동물의료센터 서울점	보호자님, 월요일은 줓치의 선생님 휴진일이라 수,목,금,토 중에 내원 어려우실까요?>
5841	땅콩	2026-01-07 15:41:00	오동준	아아 그러면 다시 연락드릴게요!
5841	땅콩	2026-01-07 15:41:00	SD동물의료센터 서울점	채팅 운영시간 안내
5841	땅콩	2026-01-07 15:41:00	SD동물의료센터 서울점	✅ 본 채널에서는 진료 예약과 입원 환자 사진·안내를 받아보실 수 있습니다. (14:00~16:00, 1회)

📌 다만, 진료·증상 상담은 채널에서 진행하지 않으며, 내원 시 의료진과 직접 상담 부탁드립니다.

더 나은 진료 서비스를 위해 최선을 다하겠습니다. 감사합니다.
5841	땅콩	2026-01-07 15:41:31	SD동물의료센터 서울점	네,확인 후 다시 연락 부탁드립니다. 그리고 내원 4~6시간 전에 갑상선약 먹고 내원 부탁드립니다
5841	땅콩	2026-01-07 15:47:38	오동준	갑상성약이 쿠싱약 말고요?
5841	땅콩	2026-01-07 15:47:38	SD동물의료센터 서울점	채팅 운영시간 안내
5841	땅콩	2026-01-07 15:47:38	SD동물의료센터 서울점	✅ 본 채널에서는 진료 예약과 입원 환자 사진·안내를 받아보실 수 있습니다. (14:00~16:00, 1회)

📌 다만, 진료·증상 상담은 채널에서 진행하지 않으며, 내원 시 의료진과 직접 상담 부탁드립니다.

더 나은 진료 서비스를 위해 최선을 다하겠습니다. 감사합니다.
5841	땅콩	2026-01-07 15:57:26	SD동물의료센터 서울점	네, 쿠싱약이 갑상선약이라서 쿠싱약 내원 전 복용 확인만 부탁드립니다
5841	땅콩	2026-01-07 15:58:37	SD동물의료센터 서울점	채팅 운영시간 안내
5841	땅콩	2026-01-07 15:58:37	SD동물의료센터 서울점	✅ 본 채널에서는 진료 예약과 입원 환자 사진·안내를 받아보실 수 있습니다. (14:00~16:00, 1회)

📌 다만, 진료·증상 상담은 채널에서 진행하지 않으며, 내원 시 의료진과 직접 상담 부탁드립니다.

더 나은 진료 서비스를 위해 최선을 다하겠습니다. 감사합니다.
5841	땅콩	2026-01-07 15:58:37	오동준	네네 지금 약을 두가지 복용 하고 있어서요!
5841	땅콩	2026-01-07 15:58:46	오동준	두가지 다 복욕하면 되나요?
5841	땅콩	2026-01-07 15:58:46	SD동물의료센터 서울점	채팅 운영시간 안내
5841	땅콩	2026-01-07 15:58:46	SD동물의료센터 서울점	✅ 본 채널에서는 진료 예약과 입원 환자 사진·안내를 받아보실 수 있습니다. (14:00~16:00, 1회)

📌 다만, 진료·증상 상담은 채널에서 진행하지 않으며, 내원 시 의료진과 직접 상담 부탁드립니다.

더 나은 진료 서비스를 위해 최선을 다하겠습니다. 감사합니다.
5841	땅콩	2026-01-07 16:04:34	SD동물의료센터 서울점	네, 둘 다 복용 부탁드립니다
5841	땅콩	2026-01-10 14:13:50	오동준	땅콩이 15일 목요일 예약 가눙할까요~?
5841	땅콩	2026-01-10 14:13:50	SD동물의료센터 서울점	채팅 운영시간 안내
5841	땅콩	2026-01-10 14:13:50	SD동물의료센터 서울점	✅ 본 채널에서는 진료 예약과 입원 환자 사진·안내를 받아보실 수 있습니다. (14:00~16:00, 1회)

📌 다만, 진료·증상 상담은 채널에서 진행하지 않으며, 내원 시 의료진과 직접 상담 부탁드립니다.

더 나은 진료 서비스를 위해 최선을 다하겠습니다. 감사합니다.
5841	땅콩	2026-01-10 14:17:59	SD동물의료센터 서울점	보호자님 가장 빠른 시간은 12시 가능합니다. 오후시간은 2시 이후 가능합니다
5841	땅콩	2026-01-10 15:00:50	오동준	12시 예약 부탁드릴게요
5841	땅콩	2026-01-10 15:00:50	SD동물의료센터 서울점	채팅 운영시간 안내
5841	땅콩	2026-01-10 15:00:51	SD동물의료센터 서울점	✅ 본 채널에서는 진료 예약과 입원 환자 사진·안내를 받아보실 수 있습니다. (14:00~16:00, 1회)

📌 다만, 진료·증상 상담은 채널에서 진행하지 않으며, 내원 시 의료진과 직접 상담 부탁드립니다.

더 나은 진료 서비스를 위해 최선을 다하겠습니다. 감사합니다.
5841	땅콩	2026-01-10 15:01:28	SD동물의료센터 서울점	보호자님  1/15 (목) 12시 예약 되었습니다. 감사합니다
5841	땅콩	2026-01-12 09:23:12	오동준	안녕하새요 땅콩이 먹는 밥 재고ㅠ있을까요?
5841	땅콩	2026-01-12 09:23:12	SD동물의료센터 서울점	채팅 운영시간 안내
5841	땅콩	2026-01-12 09:23:12	SD동물의료센터 서울점	✅ 본 채널에서는 진료 예약과 입원 환자 사진·안내를 받아보실 수 있습니다. (14:00~16:00, 1회)

📌 다만, 진료·증상 상담은 채널에서 진행하지 않으며, 내원 시 의료진과 직접 상담 부탁드립니다.

더 나은 진료 서비스를 위해 최선을 다하겠습니다. 감사합니다.
5841	땅콩	2026-01-12 10:03:59	SD동물의료센터 서울점	안녕하세요 보호자님 최근까지 로얄캐닌의 가스트로 로우펫 스몰독 구매하셨는데 이 사료 맞으실까요?
5841	땅콩	2026-01-12 10:09:21	SD동물의료센터 서울점	✅ 본 채널에서는 진료 예약과 입원 환자 사진·안내를 받아보실 수 있습니다. (14:00~16:00, 1회)

📌 다만, 진료·증상 상담은 채널에서 진행하지 않으며, 내원 시 의료진과 직접 상담 부탁드립니다.

더 나은 진료 서비스를 위해 최선을 다하겠습니다. 감사합니다.
5841	땅콩	2026-01-12 10:09:21	오동준	
로우펫 스몰독 3.5kg 요!
5841	땅콩	2026-01-12 10:09:21	SD동물의료센터 서울점	채팅 운영시간 안내
5841	땅콩	2026-01-12 10:16:35	SD동물의료센터 서울점	네 현재는 1.5kg만 재고가 있어 내일 주문 시 수요일 입고 예정입니다 주문 넣어드릴까요?
5841	땅콩	2026-01-12 10:16:59	오동준	네네 주문 부탁드립니다
5841	땅콩	2026-01-12 10:16:59	SD동물의료센터 서울점	채팅 운영시간 안내
5841	땅콩	2026-01-12 10:16:59	SD동물의료센터 서울점	✅ 본 채널에서는 진료 예약과 입원 환자 사진·안내를 받아보실 수 있습니다. (14:00~16:00, 1회)

📌 다만, 진료·증상 상담은 채널에서 진행하지 않으며, 내원 시 의료진과 직접 상담 부탁드립니다.

더 나은 진료 서비스를 위해 최선을 다하겠습니다. 감사합니다.
5841	땅콩	2026-01-12 10:19:56	SD동물의료센터 서울점	네 보호자님 주문 후 입고되면 연락드리겠습니다 감사합니다:)
5841	땅콩	2026-01-12 10:20:00	오동준	네네
5841	땅콩	2026-01-12 10:20:00	SD동물의료센터 서울점	채팅 운영시간 안내
5841	땅콩	2026-01-12 10:20:00	SD동물의료센터 서울점	✅ 본 채널에서는 진료 예약과 입원 환자 사진·안내를 받아보실 수 있습니다. (14:00~16:00, 1회)

📌 다만, 진료·증상 상담은 채널에서 진행하지 않으며, 내원 시 의료진과 직접 상담 부탁드립니다.

더 나은 진료 서비스를 위해 최선을 다하겠습니다. 감사합니다.
5841	땅콩	2026-01-14 15:49:04	SD동물의료센터 서울점	안녕하세요 보호자님 주문하신 사료 도착하였습니다. 편하신 시간에 내원 부탁드립니다 :)
5841	땅콩	2026-01-14 15:51:57	오동준	넵 알겠습니다.
5841	땅콩	2026-01-14 15:51:58	SD동물의료센터 서울점	채팅 운영시간 안내
5841	땅콩	2026-01-14 15:51:58	SD동물의료센터 서울점	✅ 본 채널에서는 진료 예약과 입원 환자 사진·안내를 받아보실 수 있습니다. (14:00~16:00, 1회)

📌 다만, 진료·증상 상담은 채널에서 진행하지 않으며, 내원 시 의료진과 직접 상담 부탁드립니다.

더 나은 진료 서비스를 위해 최선을 다하겠습니다. 감사합니다.
5841	땅콩	2026-01-22 11:41:21	오동준	안녕하세요 땅콩이 주치의 선생님이랑 통화 한번만 요청 부탁드릴게요
5841	땅콩	2026-01-22 11:41:21	SD동물의료센터 서울점	채팅 운영시간 안내
5841	땅콩	2026-01-22 11:41:21	SD동물의료센터 서울점	✅ 본 채널에서는 진료 예약과 입원 환자 사진·안내를 받아보실 수 있습니다. (14:00~16:00, 1회)

📌 다만, 진료·증상 상담은 채널에서 진행하지 않으며, 내원 시 의료진과 직접 상담 부탁드립니다.

더 나은 진료 서비스를 위해 최선을 다하겠습니다. 감사합니다.
5841	땅콩	2026-01-22 11:44:51	SD동물의료센터 서울점	안녕하세요 보호자님 주치의선생님은 금일 오후출근 입니다
5841	땅콩	2026-01-22 11:45:13	SD동물의료센터 서울점	혹시 어떤일때문에 그러시는 걸까요? 주치의선생님께 전달해 드리겠습니다
5841	땅콩	2026-01-22 11:45:52	SD동물의료센터 서울점	✅ 본 채널에서는 진료 예약과 입원 환자 사진·안내를 받아보실 수 있습니다. (14:00~16:00, 1회)

📌 다만, 진료·증상 상담은 채널에서 진행하지 않으며, 내원 시 의료진과 직접 상담 부탁드립니다.

더 나은 진료 서비스를 위해 최선을 다하겠습니다. 감사합니다.
5841	땅콩	2026-01-22 11:45:52	오동준	땅콩이 mri 찍는거 상의 좀 해볼려구여
5841	땅콩	2026-01-22 11:45:52	SD동물의료센터 서울점	채팅 운영시간 안내
5841	땅콩	2026-01-22 11:47:50	SD동물의료센터 서울점	네 보호자님 주치의선생님 출근하시면 전달 드리겠습니다
5841	땅콩	2026-01-22 18:37:28	오동준	연락은 어려우실까요!?
5841	땅콩	2026-01-22 18:37:28	SD동물의료센터 서울점	채팅 운영시간 안내
5841	땅콩	2026-01-22 18:37:28	SD동물의료센터 서울점	✅ 본 채널에서는 진료 예약과 입원 환자 사진·안내를 받아보실 수 있습니다. (14:00~16:00, 1회)

📌 다만, 진료·증상 상담은 채널에서 진행하지 않으며, 내원 시 의료진과 직접 상담 부탁드립니다.

더 나은 진료 서비스를 위해 최선을 다하겠습니다. 감사합니다.
5841	땅콩	2026-01-22 19:48:15	SD동물의료센터 서울점	주치의선생님께 내용 전달 드렸고, 진료가 많이 밀려있어 연락이 늦어지고 있습니다. 다시 한번 말씀 전달 드리겠습니다.
5841	땅콩	2026-01-23 15:38:59	오동준	오늘도 통화 어려울까요?
5841	땅콩	2026-01-23 15:38:59	SD동물의료센터 서울점	채팅 운영시간 안내
5841	땅콩	2026-01-23 15:38:59	SD동물의료센터 서울점	✅ 본 채널에서는 진료 예약과 입원 환자 사진·안내를 받아보실 수 있습니다. (14:00~16:00, 1회)

📌 다만, 진료·증상 상담은 채널에서 진행하지 않으며, 내원 시 의료진과 직접 상담 부탁드립니다.

더 나은 진료 서비스를 위해 최선을 다하겠습니다. 감사합니다.
5841	땅콩	2026-01-23 17:48:57	SD동물의료센터 서울점	2월 13일 오전 10시로 예약되어있습니다:)
5841	땅콩	2026-02-12 08:43:25	오동준	안녕하세요 내일 땅콩이 병원 예약인데
약을 복용 하고 가도 되는건가요~?
5841	땅콩	2026-02-12 08:43:25	SD동물의료센터 서울점	채팅 운영시간 안내
5841	땅콩	2026-02-12 08:43:25	SD동물의료센터 서울점	✅ 본 채널에서는 진료 예약과 입원 환자 사진·안내를 받아보실 수 있습니다. (14:00~16:00, 1회)

📌 다만, 진료·증상 상담은 채널에서 진행하지 않으며, 내원 시 의료진과 직접 상담 부탁드립니다.

더 나은 진료 서비스를 위해 최선을 다하겠습니다. 감사합니다.
5841	땅콩	2026-02-12 09:21:33	오동준	확인 하고 알려주세요~!
5841	땅콩	2026-02-12 09:21:33	SD동물의료센터 서울점	채팅 운영시간 안내
5841	땅콩	2026-02-12 09:21:33	SD동물의료센터 서울점	✅ 본 채널에서는 진료 예약과 입원 환자 사진·안내를 받아보실 수 있습니다. (14:00~16:00, 1회)

📌 다만, 진료·증상 상담은 채널에서 진행하지 않으며, 내원 시 의료진과 직접 상담 부탁드립니다.

더 나은 진료 서비스를 위해 최선을 다하겠습니다. 감사합니다.
5841	땅콩	2026-02-12 10:12:28	SD동물의료센터 서울점	네 보호자님 주치의선생님께 확인후 답변드리겠습니다 감사합니다
5841	땅콩	2026-02-12 10:23:16	오동준	넵
5841	땅콩	2026-02-12 10:23:16	SD동물의료센터 서울점	채팅 운영시간 안내
5841	땅콩	2026-02-12 10:23:16	SD동물의료센터 서울점	✅ 본 채널에서는 진료 예약과 입원 환자 사진·안내를 받아보실 수 있습니다. (14:00~16:00, 1회)

📌 다만, 진료·증상 상담은 채널에서 진행하지 않으며, 내원 시 의료진과 직접 상담 부탁드립니다.

더 나은 진료 서비스를 위해 최선을 다하겠습니다. 감사합니다.
5841	땅콩	2026-02-12 15:06:39	SD동물의료센터 서울점	안녕하세요 보호자님 주치의선생님께서 약은 평소처럼 먹고내원 해주시면 된다고 하셨습니다 금식 12시간만 해주시면 됩니다
5841	땅콩	2026-03-01 11:36:34	오동준	안녕하세여 땅콩이 검사 자료 좀 요청 드리려구요!
5841	땅콩	2026-03-01 11:36:34	SD동물의료센터 서울점	채팅 운영시간 안내
5841	땅콩	2026-03-01 11:36:34	SD동물의료센터 서울점	✅ 본 채널에서는 진료 예약과 입원 환자 사진·안내를 받아보실 수 있습니다. (14:00~16:00, 1회)

📌 다만, 진료·증상 상담은 채널에서 진행하지 않으며, 내원 시 의료진과 직접 상담 부탁드립니다.

더 나은 진료 서비스를 위해 최선을 다하겠습니다. 감사합니다.
5841	땅콩	2026-03-01 11:38:00	오동준	
< info@signatureamc.co.kr >

여기로 부탁드립니다ㅔ
5841	땅콩	2026-03-01 11:38:00	SD동물의료센터 서울점	채팅 운영시간 안내
5841	땅콩	2026-03-01 11:38:00	SD동물의료센터 서울점	✅ 본 채널에서는 진료 예약과 입원 환자 사진·안내를 받아보실 수 있습니다. (14:00~16:00, 1회)

📌 다만, 진료·증상 상담은 채널에서 진행하지 않으며, 내원 시 의료진과 직접 상담 부탁드립니다.

더 나은 진료 서비스를 위해 최선을 다하겠습니다. 감사합니다.
5841	땅콩	2026-03-01 11:39:47	SD동물의료센터 서울점	안녕하세요 보호자님 땅콩이 검사자료 전체 전달드리면 될까요?
5841	땅콩	2026-03-01 11:49:23	오동준	네네 부탁드리겠습니다
5841	땅콩	2026-03-01 11:49:23	SD동물의료센터 서울점	채팅 운영시간 안내
5841	땅콩	2026-03-01 11:49:23	SD동물의료센터 서울점	✅ 본 채널에서는 진료 예약과 입원 환자 사진·안내를 받아보실 수 있습니다. (14:00~16:00, 1회)

📌 다만, 진료·증상 상담은 채널에서 진행하지 않으며, 내원 시 의료진과 직접 상담 부탁드립니다.

더 나은 진료 서비스를 위해 최선을 다하겠습니다. 감사합니다.
5841	땅콩	2026-03-01 11:49:28	오동준	보내시구 알려주새요!
5841	땅콩	2026-03-01 11:49:28	SD동물의료센터 서울점	채팅 운영시간 안내
5841	땅콩	2026-03-01 11:49:28	SD동물의료센터 서울점	✅ 본 채널에서는 진료 예약과 입원 환자 사진·안내를 받아보실 수 있습니다. (14:00~16:00, 1회)

📌 다만, 진료·증상 상담은 채널에서 진행하지 않으며, 내원 시 의료진과 직접 상담 부탁드립니다.

더 나은 진료 서비스를 위해 최선을 다하겠습니다. 감사합니다.
5841	땅콩	2026-03-01 11:53:48	SD동물의료센터 서울점	네 가시는 동물병원이 시그니처동물병원 맞으실까요?
5841	땅콩	2026-03-01 11:54:12	오동준	넵 맞습니다
5841	땅콩	2026-03-01 11:54:12	SD동물의료센터 서울점	채팅 운영시간 안내
5841	땅콩	2026-03-01 11:54:12	SD동물의료센터 서울점	✅ 본 채널에서는 진료 예약과 입원 환자 사진·안내를 받아보실 수 있습니다. (14:00~16:00, 1회)

📌 다만, 진료·증상 상담은 채널에서 진행하지 않으며, 내원 시 의료진과 직접 상담 부탁드립니다.

더 나은 진료 서비스를 위해 최선을 다하겠습니다. 감사합니다.
5841	땅콩	2026-03-01 12:11:24	SD동물의료센터 서울점	네 보호자님 주치의선생님께 확인 받아 검사자료 시그니처 동물병원으로 송부드렸습니다. 주치의선생님께서 송우진 교수님 지정 진료 보시는 것이 좋을 것 같다고 말씀해주셨습니다 감사합니다 :)
5841	땅콩	2026-03-01 12:26:10	SD동물의료센터 서울점	채팅 운영시간 안내
5841	땅콩	2026-03-01 12:26:10	SD동물의료센터 서울점	✅ 본 채널에서는 진료 예약과 입원 환자 사진·안내를 받아보실 수 있습니다. (14:00~16:00, 1회)

📌 다만, 진료·증상 상담은 채널에서 진행하지 않으며, 내원 시 의료진과 직접 상담 부탁드립니다.

더 나은 진료 서비스를 위해 최선을 다하겠습니다. 감사합니다.
5841	땅콩	2026-03-01 12:26:10	오동준	넵
5841	땅콩	2026-03-01 12:26:30	오동준	감사합니다
5841	땅콩	2026-03-01 12:26:30	SD동물의료센터 서울점	채팅 운영시간 안내
5841	땅콩	2026-03-01 12:26:30	SD동물의료센터 서울점	✅ 본 채널에서는 진료 예약과 입원 환자 사진·안내를 받아보실 수 있습니다. (14:00~16:00, 1회)

📌 다만, 진료·증상 상담은 채널에서 진행하지 않으며, 내원 시 의료진과 직접 상담 부탁드립니다.

더 나은 진료 서비스를 위해 최선을 다하겠습니다. 감사합니다.
5841	땅콩	2026-04-10 09:25:13	오동준	안녕하세요
5841	땅콩	2026-04-10 09:25:13	SD동물의료센터 서울점	채팅 운영시간 안내
5841	땅콩	2026-04-10 09:25:13	SD동물의료센터 서울점	✅ 본 채널에서는 진료 예약과 입원 환자 사진·안내를 받아보실 수 있습니다. (14:00~16:00, 1회)

📌 다만, 진료·증상 상담은 채널에서 진행하지 않으며, 내원 시 의료진과 직접 상담 부탁드립니다.

더 나은 진료 서비스를 위해 최선을 다하겠습니다. 감사합니다.
5841	땅콩	2026-04-10 09:25:21	오동준	당콩이 사상충 먹던 약 있을까요?
5841	땅콩	2026-04-10 09:25:21	SD동물의료센터 서울점	채팅 운영시간 안내
5841	땅콩	2026-04-10 09:25:21	SD동물의료센터 서울점	✅ 본 채널에서는 진료 예약과 입원 환자 사진·안내를 받아보실 수 있습니다. (14:00~16:00, 1회)

📌 다만, 진료·증상 상담은 채널에서 진행하지 않으며, 내원 시 의료진과 직접 상담 부탁드립니다.

더 나은 진료 서비스를 위해 최선을 다하겠습니다. 감사합니다.
5841	땅콩	2026-04-10 09:25:58	오동준	땅콩이 입니다
5841	땅콩	2026-04-10 09:25:59	SD동물의료센터 서울점	채팅 운영시간 안내
5841	땅콩	2026-04-10 09:25:59	SD동물의료센터 서울점	✅ 본 채널에서는 진료 예약과 입원 환자 사진·안내를 받아보실 수 있습니다. (14:00~16:00, 1회)

📌 다만, 진료·증상 상담은 채널에서 진행하지 않으며, 내원 시 의료진과 직접 상담 부탁드립니다.

더 나은 진료 서비스를 위해 최선을 다하겠습니다. 감사합니다.
5841	땅콩	2026-05-13 15:09:05	오동준	안녕하세요
5841	땅콩	2026-05-13 15:09:05	SD동물의료센터 서울점	채팅 운영시간 안내
5841	땅콩	2026-05-13 15:09:05	SD동물의료센터 서울점	✅ 본 채널에서는 진료 예약과 입원 환자 사진·안내를 받아보실 수 있습니다. (14:00~16:00, 1회)

📌 다만, 진료·증상 상담은 채널에서 진행하지 않으며, 내원 시 의료진과 직접 상담 부탁드립니다.

더 나은 진료 서비스를 위해 최선을 다하겠습니다. 감사합니다.
5841	땅콩	2026-05-13 15:09:18	오동준	땅콩이 검사 기록 내역 보내드리려고 하는데 메일 주소 하나만 부탁드릴게요
5841	땅콩	2026-05-13 15:09:18	SD동물의료센터 서울점	채팅 운영시간 안내
5841	땅콩	2026-05-13 15:09:18	SD동물의료센터 서울점	✅ 본 채널에서는 진료 예약과 입원 환자 사진·안내를 받아보실 수 있습니다. (14:00~16:00, 1회)

📌 다만, 진료·증상 상담은 채널에서 진행하지 않으며, 내원 시 의료진과 직접 상담 부탁드립니다.

더 나은 진료 서비스를 위해 최선을 다하겠습니다. 감사합니다.
5841	땅콩	2026-05-13 15:09:51	SD동물의료센터 서울점	안녕하세요 검사자료 sdamc01@naver.com 으로 부탁드립니다:)
5841	땅콩	2026-05-18 08:11:34	오동준	안녕하세요 땅콩이 주치의 선생님이랑 통화 가능할까요~?
5841	땅콩	2026-05-18 08:11:34	SD동물의료센터 서울점	채팅 운영시간 안내
5841	땅콩	2026-05-18 08:11:34	SD동물의료센터 서울점	✅ 본 채널에서는 진료 예약과 입원 환자 사진·안내를 받아보실 수 있습니다. (14:00~16:00, 1회)

📌 다만, 진료·증상 상담은 채널에서 진행하지 않으며, 내원 시 의료진과 직접 상담 부탁드립니다.

더 나은 진료 서비스를 위해 최선을 다하겠습니다. 감사합니다.
5841	땅콩	2026-05-18 09:55:10	SD동물의료센터 서울점	안녕하세요 보호자님 주치의선생님은 수, 목, 금, 토  출근이셔서 금일 전화상담은 어렵습니다. 수요일 출근하시면 전화상담하시는 것으로 전달드려도 될까요?
5841	땅콩	2026-05-18 10:09:57	오동준	네 감사합니다.
5841	땅콩	2026-05-18 10:09:57	SD동물의료센터 서울점	채팅 운영시간 안내
5841	땅콩	2026-05-18 10:09:57	SD동물의료센터 서울점	✅ 본 채널에서는 진료 예약과 입원 환자 사진·안내를 받아보실 수 있습니다. (14:00~16:00, 1회)

📌 다만, 진료·증상 상담은 채널에서 진행하지 않으며, 내원 시 의료진과 직접 상담 부탁드립니다.

더 나은 진료 서비스를 위해 최선을 다하겠습니다. 감사합니다.
5841	땅콩	2026-05-18 10:12:49	SD동물의료센터 서울점	네 상담 하실 내용 적어주시면 수요일 출근 시 전화상담하시도록 전달드리겠습니다 :)
5841	땅콩	2026-05-18 10:16:36	오동준	MRI 촬영에 대해 여쭤볼게 있어서 그렇습니다.
5841	땅콩	2026-05-18 10:16:36	SD동물의료센터 서울점	채팅 운영시간 안내
5841	땅콩	2026-05-18 10:16:36	SD동물의료센터 서울점	✅ 본 채널에서는 진료 예약과 입원 환자 사진·안내를 받아보실 수 있습니다. (14:00~16:00, 1회)

📌 다만, 진료·증상 상담은 채널에서 진행하지 않으며, 내원 시 의료진과 직접 상담 부탁드립니다.

더 나은 진료 서비스를 위해 최선을 다하겠습니다. 감사합니다.
5841	땅콩	2026-05-18 10:16:45	오동준	땅콩이 현재 수요일 예약 되어ㅓ있죠?
5841	땅콩	2026-05-18 10:16:45	SD동물의료센터 서울점	채팅 운영시간 안내
5841	땅콩	2026-05-18 10:16:45	SD동물의료센터 서울점	✅ 본 채널에서는 진료 예약과 입원 환자 사진·안내를 받아보실 수 있습니다. (14:00~16:00, 1회)

📌 다만, 진료·증상 상담은 채널에서 진행하지 않으며, 내원 시 의료진과 직접 상담 부탁드립니다.

더 나은 진료 서비스를 위해 최선을 다하겠습니다. 감사합니다.
5841	땅콩	2026-05-18 10:21:35	SD동물의료센터 서울점	네 5/20 수 13:30로 진료 예약되어있습니다
5841	땅콩	2026-05-19 16:43:40	오동준	혹시 땅콩이 MRI가 아니라 CT 검사로 예약 되어있는건가요?
5841	땅콩	2026-05-19 16:43:40	SD동물의료센터 서울점	채팅 운영시간 안내
5841	땅콩	2026-05-19 16:43:40	SD동물의료센터 서울점	✅ 본 채널에서는 진료 예약과 입원 환자 사진·안내를 받아보실 수 있습니다. (14:00~16:00, 1회)

📌 다만, 진료·증상 상담은 채널에서 진행하지 않으며, 내원 시 의료진과 직접 상담 부탁드립니다.

더 나은 진료 서비스를 위해 최선을 다하겠습니다. 감사합니다.
5841	땅콩	2026-05-19 16:43:45	SD동물의료센터 서울점	채팅 운영시간 안내
5841	땅콩	2026-05-19 16:43:45	SD동물의료센터 서울점	✅ 본 채널에서는 진료 예약과 입원 환자 사진·안내를 받아보실 수 있습니다. (14:00~16:00, 1회)

📌 다만, 진료·증상 상담은 채널에서 진행하지 않으며, 내원 시 의료진과 직접 상담 부탁드립니다.

더 나은 진료 서비스를 위해 최선을 다하겠습니다. 감사합니다.
5841	땅콩	2026-05-19 16:43:45	오동준	저희 어머니는 MRI로 알고 계셔서요
5841	땅콩	2026-05-19 17:11:23	SD동물의료센터 서울점	네 보호자님 주 증상이 식욕부진과 체중감소여서 장기를 확인할 수 있는 CT촬영이 맞다고 주치의선생님께 확인 받았습니다. CT 촬영 후 MRI까지 추가촬영이 필요할 수 있으나 내일 땅콩이의 예정된 촬영은 CT입니다 감사합니다 :)
5841	땅콩	2026-05-19 17:20:54	오동준	네 알겠습니다.
5841	땅콩	2026-05-19 17:20:54	SD동물의료센터 서울점	채팅 운영시간 안내
5841	땅콩	2026-05-19 17:20:54	SD동물의료센터 서울점	✅ 본 채널에서는 진료 예약과 입원 환자 사진·안내를 받아보실 수 있습니다. (14:00~16:00, 1회)

📌 다만, 진료·증상 상담은 채널에서 진행하지 않으며, 내원 시 의료진과 직접 상담 부탁드립니다.

더 나은 진료 서비스를 위해 최선을 다하겠습니다. 감사합니다.
5841	땅콩	2026-05-19 17:21:42	오동준	CT는 금방 끝나죠?
5841	땅콩	2026-05-19 17:21:42	SD동물의료센터 서울점	채팅 운영시간 안내
5841	땅콩	2026-05-19 17:21:42	SD동물의료센터 서울점	✅ 본 채널에서는 진료 예약과 입원 환자 사진·안내를 받아보실 수 있습니다. (14:00~16:00, 1회)

📌 다만, 진료·증상 상담은 채널에서 진행하지 않으며, 내원 시 의료진과 직접 상담 부탁드립니다.

더 나은 진료 서비스를 위해 최선을 다하겠습니다. 감사합니다.
5841	땅콩	2026-05-19 17:38:14	SD동물의료센터 서울점	CT 촬영 자체는 금방 끝나나 마취 시간까지 넉넉히 1시간 정도 소요될 수 있습니다. 내일 촬영 전, 후로 보호자님께 연락드릴 예정입니다 :)
5841	땅콩	2026-05-19 17:39:01	오동준	네 알겠습니다.
5841	땅콩	2026-05-19 17:39:01	SD동물의료센터 서울점	채팅 운영시간 안내
5841	땅콩	2026-05-19 17:39:01	SD동물의료센터 서울점	✅ 본 채널에서는 진료 예약과 입원 환자 사진·안내를 받아보실 수 있습니다. (14:00~16:00, 1회)

📌 다만, 진료·증상 상담은 채널에서 진행하지 않으며, 내원 시 의료진과 직접 상담 부탁드립니다.

더 나은 진료 서비스를 위해 최선을 다하겠습니다. 감사합니다.
5841	땅콩	2026-05-20 15:24:53	SD동물의료센터 서울점	안녕하세요 보호자님 땅콩이 CT촬영 시작하여 연락드렸으나 부재중이셔서 연락 남겨드립니다 끝나고 다시연락 드리겠습니다 감사합니다.
5841	땅콩	2026-05-20 15:25:53	오동준	네 잘부탁드리겠습니다.
5841	땅콩	2026-05-20 15:25:53	SD동물의료센터 서울점	채팅 운영시간 안내
5841	땅콩	2026-05-20 15:25:53	SD동물의료센터 서울점	✅ 본 채널에서는 진료 예약과 입원 환자 사진·안내를 받아보실 수 있습니다. (14:00~16:00, 1회)

📌 다만, 진료·증상 상담은 채널에서 진행하지 않으며, 내원 시 의료진과 직접 상담 부탁드립니다.

더 나은 진료 서비스를 위해 최선을 다하겠습니다. 감사합니다.
5841	땅콩	2026-05-21 08:40:11	오동준	안녕하세요 땅콩이 주치의 선생님이랑 통화 원합니다.
어제 진료 내용 좀 듣고 싶어서 그렇습니다.
11시 이후 아무때나 연락 한번 부탁드리겠습니다.
5841	땅콩	2026-05-21 08:40:11	SD동물의료센터 서울점	채팅 운영시간 안내
5841	땅콩	2026-05-21 08:40:11	SD동물의료센터 서울점	✅ 본 채널에서는 진료 예약과 입원 환자 사진·안내를 받아보실 수 있습니다. (14:00~16:00, 1회)

📌 다만, 진료·증상 상담은 채널에서 진행하지 않으며, 내원 시 의료진과 직접 상담 부탁드립니다.

더 나은 진료 서비스를 위해 최선을 다하겠습니다. 감사합니다.
5841	땅콩	2026-05-22 11:58:53	오동준	안녕하세요 땅콩이 약 준비 되었을까요?
5841	땅콩	2026-05-22 11:58:53	SD동물의료센터 서울점	채팅 운영시간 안내
5841	땅콩	2026-05-22 11:58:53	SD동물의료센터 서울점	✅ 본 채널에서는 진료 예약과 입원 환자 사진·안내를 받아보실 수 있습니다. (14:00~16:00, 1회)

📌 다만, 진료·증상 상담은 채널에서 진행하지 않으며, 내원 시 의료진과 직접 상담 부탁드립니다.

더 나은 진료 서비스를 위해 최선을 다하겠습니다. 감사합니다.
5841	땅콩	2026-05-22 12:05:51	SD동물의료센터 서울점	안녕하세요 땅콩이보호자님
내복약 조제 되어 있습니다.
언제 수령하시는 걸까요?
5841	땅콩	2026-05-22 15:14:12	오동준	오늘 방문 합니다!
5841	땅콩	2026-05-22 15:14:12	SD동물의료센터 서울점	채팅 운영시간 안내
5841	땅콩	2026-05-22 15:14:12	SD동물의료센터 서울점	✅ 본 채널에서는 진료 예약과 입원 환자 사진·안내를 받아보실 수 있습니다. (14:00~16:00, 1회)

📌 다만, 진료·증상 상담은 채널에서 진행하지 않으며, 내원 시 의료진과 직접 상담 부탁드립니다.

더 나은 진료 서비스를 위해 최선을 다하겠습니다. 감사합니다.
5841	땅콩	2026-05-22 15:16:35	SD동물의료센터 서울점	네 잠시 후 뵙겠습니다. :)
5841	땅콩	2026-05-25 12:07:22	SD동물의료센터 서울점	보호자님, 안녕하세요.
서울동물영상종양센터로 본원 자료 취합하여 전달드렸습니다.
방사선 치료와 관련해서는 센터 측에서 일주일 이내에 보호자님께 직접 전화 상담 드릴 예정이라고 합니다.
감사합니다.
5841	땅콩	2026-05-25 12:11:39	오동준	네 감사합니다.
5841	땅콩	2026-05-25 12:11:39	SD동물의료센터 서울점	채팅 운영시간 안내
5841	땅콩	2026-05-25 12:11:39	SD동물의료센터 서울점	✅ 본 채널에서는 진료 예약과 입원 환자 사진·안내를 받아보실 수 있습니다. (14:00~16:00, 1회)

📌 다만, 진료·증상 상담은 채널에서 진행하지 않으며, 내원 시 의료진과 직접 상담 부탁드립니다.

더 나은 진료 서비스를 위해 최선을 다하겠습니다. 감사합니다.
5841	땅콩	2026-06-05 12:33:26	오동준	안녕하세요
5841	땅콩	2026-06-05 12:33:26	SD동물의료센터 서울점	채팅 운영시간 안내
5841	땅콩	2026-06-05 12:33:26	SD동물의료센터 서울점	✅ 본 채널에서는 진료 예약과 입원 환자 사진·안내를 받아보실 수 있습니다. (14:00~16:00, 1회)

📌 다만, 진료·증상 상담은 채널에서 진행하지 않으며, 내원 시 의료진과 직접 상담 부탁드립니다.

더 나은 진료 서비스를 위해 최선을 다하겠습니다. 감사합니다.
5841	땅콩	2026-06-05 12:33:31	오동준	땅콩이 약이 떨어져서 요청 드리려구요
5841	땅콩	2026-06-05 12:33:31	SD동물의료센터 서울점	채팅 운영시간 안내
5841	땅콩	2026-06-05 12:33:31	SD동물의료센터 서울점	✅ 본 채널에서는 진료 예약과 입원 환자 사진·안내를 받아보실 수 있습니다. (14:00~16:00, 1회)

📌 다만, 진료·증상 상담은 채널에서 진행하지 않으며, 내원 시 의료진과 직접 상담 부탁드립니다.

더 나은 진료 서비스를 위해 최선을 다하겠습니다. 감사합니다.
5841	땅콩	2026-06-05 12:42:59	SD동물의료센터 서울점	안녕하세요 보호자님 땅콩이 약 14일분 조제요청 맞으실까요? 아이 특이사항은 없었는지 확인 부탁드립니다. 내복약 픽업은 언제 가능하실까요?
5841	땅콩	2026-06-05 12:54:06	SD동물의료센터 서울점	채팅 운영시간 안내
5841	땅콩	2026-06-05 12:54:06	SD동물의료센터 서울점	✅ 본 채널에서는 진료 예약과 입원 환자 사진·안내를 받아보실 수 있습니다. (14:00~16:00, 1회)

📌 다만, 진료·증상 상담은 채널에서 진행하지 않으며, 내원 시 의료진과 직접 상담 부탁드립니다.

더 나은 진료 서비스를 위해 최선을 다하겠습니다. 감사합니다.
5841	땅콩	2026-06-05 12:54:06	오동준	바로 가능합니다. 
5841	땅콩	2026-06-05 12:54:18	오동준	특이사항은 확인 후 남겨드리겠ㅅ브니다.
5841	땅콩	2026-06-05 12:54:18	SD동물의료센터 서울점	채팅 운영시간 안내
5841	땅콩	2026-06-05 12:54:18	SD동물의료센터 서울점	✅ 본 채널에서는 진료 예약과 입원 환자 사진·안내를 받아보실 수 있습니다. (14:00~16:00, 1회)

📌 다만, 진료·증상 상담은 채널에서 진행하지 않으며, 내원 시 의료진과 직접 상담 부탁드립니다.

더 나은 진료 서비스를 위해 최선을 다하겠습니다. 감사합니다.
5841	땅콩	2026-06-05 12:54:24	오동준	약은 조제 부탁드립니다.
5841	땅콩	2026-06-05 12:54:24	SD동물의료센터 서울점	채팅 운영시간 안내
5841	땅콩	2026-06-05 12:54:24	SD동물의료센터 서울점	✅ 본 채널에서는 진료 예약과 입원 환자 사진·안내를 받아보실 수 있습니다. (14:00~16:00, 1회)

📌 다만, 진료·증상 상담은 채널에서 진행하지 않으며, 내원 시 의료진과 직접 상담 부탁드립니다.

더 나은 진료 서비스를 위해 최선을 다하겠습니다. 감사합니다.
5841	땅콩	2026-06-05 13:06:22	SD동물의료센터 서울점	특이사항이 있다면 동일약 조제가 어려울 수 있어 확인되면 조제 도와드리도록 하겠습니다. :)
5841	땅콩	2026-06-05 13:19:02	오동준	특이사항은 없고 똑같다고 합니다
5841	땅콩	2026-06-05 13:19:03	SD동물의료센터 서울점	채팅 운영시간 안내
5841	땅콩	2026-06-05 13:19:03	SD동물의료센터 서울점	✅ 본 채널에서는 진료 예약과 입원 환자 사진·안내를 받아보실 수 있습니다. (14:00~16:00, 1회)

📌 다만, 진료·증상 상담은 채널에서 진행하지 않으며, 내원 시 의료진과 직접 상담 부탁드립니다.

더 나은 진료 서비스를 위해 최선을 다하겠습니다. 감사합니다.
5841	땅콩	2026-06-05 13:23:01	SD동물의료센터 서울점	네 확인 감사합니다. 그럼 동일약 14일분 조제 도와드리도록 하겠습니다. :)
5841	땅콩	2026-06-05 13:36:56	오동준	언제 찾으러가면되나요?
5841	땅콩	2026-06-05 13:36:56	SD동물의료센터 서울점	채팅 운영시간 안내
5841	땅콩	2026-06-05 13:36:56	SD동물의료센터 서울점	✅ 본 채널에서는 진료 예약과 입원 환자 사진·안내를 받아보실 수 있습니다. (14:00~16:00, 1회)

📌 다만, 진료·증상 상담은 채널에서 진행하지 않으며, 내원 시 의료진과 직접 상담 부탁드립니다.

더 나은 진료 서비스를 위해 최선을 다하겠습니다. 감사합니다.
5841	땅콩	2026-06-05 13:40:57	SD동물의료센터 서울점	조제 완료되면 연락 드리겠습니다 :)
아니면 넉넉하게 한시간 뒤 방문해주셔도 되구요!
5841	땅콩	2026-06-05 13:48:39	오동준	네
5841	땅콩	2026-06-05 13:48:39	SD동물의료센터 서울점	채팅 운영시간 안내
5841	땅콩	2026-06-05 13:48:39	SD동물의료센터 서울점	✅ 본 채널에서는 진료 예약과 입원 환자 사진·안내를 받아보실 수 있습니다. (14:00~16:00, 1회)

📌 다만, 진료·증상 상담은 채널에서 진행하지 않으며, 내원 시 의료진과 직접 상담 부탁드립니다.

더 나은 진료 서비스를 위해 최선을 다하겠습니다. 감사합니다.
5841	땅콩	2026-06-05 13:58:16	SD동물의료센터 서울점	안녕하세요 땅콩이보호자님
내복약 조제되어 연락드립니다.
편하신 시간에 방문 부탁드립니다.
감사합니다!
5841	땅콩	2026-06-22 09:04:39	오동준	안녕하세요 땅콩이 약 떨어져서 요청드리려고 연락드렸습니다.
5841	땅콩	2026-06-22 09:04:39	SD동물의료센터 서울점	채팅 운영시간 안내
5841	땅콩	2026-06-22 09:04:39	SD동물의료센터 서울점	✅ 본 채널에서는 진료 예약과 입원 환자 사진·안내를 받아보실 수 있습니다. (14:00~16:00, 1회)

📌 다만, 진료·증상 상담은 채널에서 진행하지 않으며, 내원 시 의료진과 직접 상담 부탁드립니다.

더 나은 진료 서비스를 위해 최선을 다하겠습니다. 감사합니다.
5841	땅콩	2026-06-22 10:19:44	SD동물의료센터 서울점	안녕하세요 보호자님 땅콩이 약 14일분 조제요청 맞으실까요? 아이 특이사항 없는 지 확인 부탁드립니다. 픽업은 언제 가능하실까요?
5841	땅콩	2026-06-22 10:21:49	오동준	특이사항은 없고, 픽업은 제조되면 말씀해주세요!
5841	땅콩	2026-06-22 10:21:49	SD동물의료센터 서울점	채팅 운영시간 안내
5841	땅콩	2026-06-22 10:21:49	SD동물의료센터 서울점	✅ 본 채널에서는 진료 예약과 입원 환자 사진·안내를 받아보실 수 있습니다. (14:00~16:00, 1회)

📌 다만, 진료·증상 상담은 채널에서 진행하지 않으며, 내원 시 의료진과 직접 상담 부탁드립니다.

더 나은 진료 서비스를 위해 최선을 다하겠습니다. 감사합니다.
5841	땅콩	2026-06-22 10:22:03	오동준	사진
5841	땅콩	2026-06-22 10:22:03	SD동물의료센터 서울점	채팅 운영시간 안내
5841	땅콩	2026-06-22 10:22:03	SD동물의료센터 서울점	✅ 본 채널에서는 진료 예약과 입원 환자 사진·안내를 받아보실 수 있습니다. (14:00~16:00, 1회)

📌 다만, 진료·증상 상담은 채널에서 진행하지 않으며, 내원 시 의료진과 직접 상담 부탁드립니다.

더 나은 진료 서비스를 위해 최선을 다하겠습니다. 감사합니다.
5841	땅콩	2026-06-22 10:22:05	오동준	이것도 부탁드릴게요
5841	땅콩	2026-06-22 10:22:05	SD동물의료센터 서울점	채팅 운영시간 안내
5841	땅콩	2026-06-22 10:22:05	SD동물의료센터 서울점	✅ 본 채널에서는 진료 예약과 입원 환자 사진·안내를 받아보실 수 있습니다. (14:00~16:00, 1회)

📌 다만, 진료·증상 상담은 채널에서 진행하지 않으며, 내원 시 의료진과 직접 상담 부탁드립니다.

더 나은 진료 서비스를 위해 최선을 다하겠습니다. 감사합니다.
5841	땅콩	2026-06-22 10:41:32	SD동물의료센터 서울점	네 가장 최근 측정한 몸무게 4.66kg으로 확인되는데 비슷할까요?
5841	땅콩	2026-06-22 10:45:08	SD동물의료센터 서울점	심장사상충은 3개 1박스인'데, 1박스 준비해드리면 될까요?
5841	땅콩	2026-06-22 10:53:33	오동준	네네.
5841	땅콩	2026-06-22 10:53:33	SD동물의료센터 서울점	채팅 운영시간 안내
5841	땅콩	2026-06-22 10:53:33	SD동물의료센터 서울점	✅ 본 채널에서는 진료 예약과 입원 환자 사진·안내를 받아보실 수 있습니다. (14:00~16:00, 1회)

📌 다만, 진료·증상 상담은 채널에서 진행하지 않으며, 내원 시 의료진과 직접 상담 부탁드립니다.

더 나은 진료 서비스를 위해 최선을 다하겠습니다. 감사합니다.
5841	땅콩	2026-06-22 10:53:39	SD동물의료센터 서울점	채팅 운영시간 안내
5841	땅콩	2026-06-22 10:53:39	SD동물의료센터 서울점	✅ 본 채널에서는 진료 예약과 입원 환자 사진·안내를 받아보실 수 있습니다. (14:00~16:00, 1회)

📌 다만, 진료·증상 상담은 채널에서 진행하지 않으며, 내원 시 의료진과 직접 상담 부탁드립니다.

더 나은 진료 서비스를 위해 최선을 다하겠습니다. 감사합니다.
5841	땅콩	2026-06-22 10:53:39	오동준	현재 몸무게 비슷할겁니다.
5841	땅콩	2026-06-22 10:55:28	SD동물의료센터 서울점	네 조제 완료 시 안내드리겠습니다 :)
5841	땅콩	2026-06-22 10:56:33	오동준	넵 알겟스빈다.
5841	땅콩	2026-06-22 10:56:33	SD동물의료센터 서울점	채팅 운영시간 안내
5841	땅콩	2026-06-22 10:56:33	SD동물의료센터 서울점	✅ 본 채널에서는 진료 예약과 입원 환자 사진·안내를 받아보실 수 있습니다. (14:00~16:00, 1회)

📌 다만, 진료·증상 상담은 채널에서 진행하지 않으며, 내원 시 의료진과 직접 상담 부탁드립니다.

더 나은 진료 서비스를 위해 최선을 다하겠습니다. 감사합니다.
5841	땅콩	2026-06-22 12:17:19	오동준	제조 언제쯤 될까요?
5841	땅콩	2026-06-22 12:17:19	SD동물의료센터 서울점	채팅 운영시간 안내
5841	땅콩	2026-06-22 12:17:19	SD동물의료센터 서울점	✅ 본 채널에서는 진료 예약과 입원 환자 사진·안내를 받아보실 수 있습니다. (14:00~16:00, 1회)

📌 다만, 진료·증상 상담은 채널에서 진행하지 않으며, 내원 시 의료진과 직접 상담 부탁드립니다.

더 나은 진료 서비스를 위해 최선을 다하겠습니다. 감사합니다.
5841	땅콩	2026-06-22 12:32:28	SD동물의료센터 서울점	금일 예약된 진료일정이 꽉 차있어 빠른 조제가 어려웠던 것 같습니다. 20분 이내 조제 가능합니다
5841	땅콩	2026-06-22 12:42:41	SD동물의료센터 서울점	조제 완료되었습니다. 픽업 부탁드립니다 :)
5841	땅콩	2026-06-22 12:47:19	오동준	넺 이따가 갈게요
5841	땅콩	2026-06-22 12:47:19	SD동물의료센터 서울점	채팅 운영시간 안내
5841	땅콩	2026-06-22 12:47:19	SD동물의료센터 서울점	✅ 본 채널에서는 진료 예약과 입원 환자 사진·안내를 받아보실 수 있습니다. (14:00~16:00, 1회)

📌 다만, 진료·증상 상담은 채널에서 진행하지 않으며, 내원 시 의료진과 직접 상담 부탁드립니다.

더 나은 진료 서비스를 위해 최선을 다하겠습니다. 감사합니다.
5841	땅콩	2026-07-08 11:49:01	오동준	안녕하세요 땅콩이 약 떨어져서 요청드리려고 연락드렸습니다.
5841	땅콩	2026-07-08 11:49:01	SD동물의료센터 서울점	채팅 운영시간 안내
5841	땅콩	2026-07-08 11:49:01	SD동물의료센터 서울점	✅ 본 채널에서는 진료 예약과 입원 환자 사진·안내를 받아보실 수 있습니다. (14:00~16:00, 1회)

📌 다만, 진료·증상 상담은 채널에서 진행하지 않으며, 내원 시 의료진과 직접 상담 부탁드립니다.

더 나은 진료 서비스를 위해 최선을 다하겠습니다. 감사합니다.
5841	땅콩	2026-07-08 12:02:00	SD동물의료센터 서울점	안녕하세요 보호자님 내복약 14일치 조제요청 맞으실까요? 특이사항은 없었는지, 몸무게 가장 마지막 체크 시 4.66kg 이었는지 비슷할까요? 픽업은 언제 가능하신지 확인 부탁드립니다 :)
5841	땅콩	2026-07-08 12:22:19	SD동물의료센터 서울점	✅ 본 채널에서는 진료 예약과 입원 환자 사진·안내를 받아보실 수 있습니다. (14:00~16:00, 1회)

📌 다만, 진료·증상 상담은 채널에서 진행하지 않으며, 내원 시 의료진과 직접 상담 부탁드립니다.

더 나은 진료 서비스를 위해 최선을 다하겠습니다. 감사합니다.
5841	땅콩	2026-07-08 12:22:19	오동준	4.05kg 입니다…
5841	땅콩	2026-07-08 12:22:19	SD동물의료센터 서울점	채팅 운영시간 안내
5841	땅콩	2026-07-08 12:27:42	SD동물의료센터 서울점	이전과 동일하게 14일치 조제/특이사항 없었을까요?
픽업은 언제 하시는 걸까요???
5841	땅콩	2026-07-08 12:58:42	오동준	네네 준비 되면 말씀해주세요
5841	땅콩	2026-07-08 12:58:42	SD동물의료센터 서울점	채팅 운영시간 안내
5841	땅콩	2026-07-08 12:58:42	SD동물의료센터 서울점	✅ 본 채널에서는 진료 예약과 입원 환자 사진·안내를 받아보실 수 있습니다. (14:00~16:00, 1회)

📌 다만, 진료·증상 상담은 채널에서 진행하지 않으며, 내원 시 의료진과 직접 상담 부탁드립니다.

더 나은 진료 서비스를 위해 최선을 다하겠습니다. 감사합니다.
5841	땅콩	2026-07-08 16:26:48	SD동물의료센터 서울점	보호자님, 땅콩이 약 조제 되어 연락 드립니다. 편하실때 찾으러 와주세요 :)
5841	땅콩	2026-07-21 15:05:31	오동준	안녕하세요. 약 제조 부탁드리겠습니다.
5841	땅콩	2026-07-21 15:05:31	SD동물의료센터 서울점	채팅 운영시간 안내
5841	땅콩	2026-07-21 15:05:31	SD동물의료센터 서울점	✅ 본 채널에서는 진료 예약과 입원 환자 사진·안내를 받아보실 수 있습니다. (14:00~16:00, 1회)

📌 다만, 진료·증상 상담은 채널에서 진행하지 않으며, 내원 시 의료진과 직접 상담 부탁드립니다.

더 나은 진료 서비스를 위해 최선을 다하겠습니다. 감사합니다.
5841	땅콩	2026-07-21 15:05:58	오동준	4.15kg 입니다.
5841	땅콩	2026-07-21 15:05:58	SD동물의료센터 서울점	채팅 운영시간 안내
5841	땅콩	2026-07-21 15:05:58	SD동물의료센터 서울점	✅ 본 채널에서는 진료 예약과 입원 환자 사진·안내를 받아보실 수 있습니다. (14:00~16:00, 1회)

📌 다만, 진료·증상 상담은 채널에서 진행하지 않으며, 내원 시 의료진과 직접 상담 부탁드립니다.

더 나은 진료 서비스를 위해 최선을 다하겠습니다. 감사합니다.
5841	땅콩	2026-07-21 15:16:20	SD동물의료센터 서울점	안녕하세요 보호자님 이전과 동일하게 2주치 조제해드리면 될까요?
5841	땅콩	2026-07-21 15:16:28	SD동물의료센터 서울점	픽업은 언제 하시는 걸까요?
5841	땅콩	2026-07-21 15:16:44	오동준	바로되면 가려구요!
5841	땅콩	2026-07-21 15:16:44	SD동물의료센터 서울점	채팅 운영시간 안내
5841	땅콩	2026-07-21 15:16:44	SD동물의료센터 서울점	✅ 본 채널에서는 진료 예약과 입원 환자 사진·안내를 받아보실 수 있습니다. (14:00~16:00, 1회)

📌 다만, 진료·증상 상담은 채널에서 진행하지 않으며, 내원 시 의료진과 직접 상담 부탁드립니다.

더 나은 진료 서비스를 위해 최선을 다하겠습니다. 감사합니다.
5841	땅콩	2026-07-21 15:16:47	오동준	네네 2주요!
5841	땅콩	2026-07-21 15:16:47	SD동물의료센터 서울점	채팅 운영시간 안내
5841	땅콩	2026-07-21 15:16:47	SD동물의료센터 서울점	✅ 본 채널에서는 진료 예약과 입원 환자 사진·안내를 받아보실 수 있습니다. (14:00~16:00, 1회)

📌 다만, 진료·증상 상담은 채널에서 진행하지 않으며, 내원 시 의료진과 직접 상담 부탁드립니다.

더 나은 진료 서비스를 위해 최선을 다하겠습니다. 감사합니다.
5841	땅콩	2026-07-21 15:17:25	SD동물의료센터 서울점	네 선생님께 전달드리겠습니다 조제되면 연락 남겨드리겠습니다.
5841	땅콩	2026-07-21 15:26:51	오동준	네네 금방될까요!?
5841	땅콩	2026-07-21 15:26:51	SD동물의료센터 서울점	채팅 운영시간 안내
5841	땅콩	2026-07-21 15:26:51	SD동물의료센터 서울점	✅ 본 채널에서는 진료 예약과 입원 환자 사진·안내를 받아보실 수 있습니다. (14:00~16:00, 1회)

📌 다만, 진료·증상 상담은 채널에서 진행하지 않으며, 내원 시 의료진과 직접 상담 부탁드립니다.

더 나은 진료 서비스를 위해 최선을 다하겠습니다. 감사합니다.
5841	땅콩	2026-07-21 16:38:11	오동준	되었을까요?
5841	땅콩	2026-07-21 16:38:11	SD동물의료센터 서울점	채팅 운영시간 안내
5841	땅콩	2026-07-21 16:38:11	SD동물의료센터 서울점	✅ 본 채널에서는 진료 예약과 입원 환자 사진·안내를 받아보실 수 있습니다. (14:00~16:00, 1회)

📌 다만, 진료·증상 상담은 채널에서 진행하지 않으며, 내원 시 의료진과 직접 상담 부탁드립니다.

더 나은 진료 서비스를 위해 최선을 다하겠습니다. 감사합니다.
5841	땅콩	2026-07-21 16:43:59	SD동물의료센터 서울점	네 보호자님 조제 완료되었습니다. 픽업 부탁드립니다 :)
5841	땅콩	2026-07-28 14:00:26	SD동물의료센터 서울점	(광고)7월의 SD링크가 도착했어요.
5841	땅콩	2026-08-04 12:26:56	오동준	안녕하세요 땅콩이 약 제조 부탁드립니다.
4kg 입니다
5841	땅콩	2026-08-04 12:26:56	SD동물의료센터 서울점	채팅 운영시간 안내
5841	땅콩	2026-08-04 12:26:56	SD동물의료센터 서울점	✅ 본 채널에서는 진료 예약과 입원 환자 사진·안내를 받아보실 수 있습니다. (14:00~16:00, 1회)

📌 다만, 진료·증상 상담은 채널에서 진행하지 않으며, 내원 시 의료진과 직접 상담 부탁드립니다.

더 나은 진료 서비스를 위해 최선을 다하겠습니다. 감사합니다.
5841	땅콩	2026-08-04 12:31:15	SD동물의료센터 서울점	안녕하세요 보호자님 내복약 14일치 조제요청맞으실까요? 픽업은 언제 가능하신지 확인 부탁드립니다:)
5841	땅콩	2026-08-04 12:31:24	오동준	넵 내일 픽업하려구요
5841	땅콩	2026-08-04 12:31:25	SD동물의료센터 서울점	채팅 운영시간 안내
5841	땅콩	2026-08-04 12:31:25	SD동물의료센터 서울점	✅ 본 채널에서는 진료 예약과 입원 환자 사진·안내를 받아보실 수 있습니다. (14:00~16:00, 1회)

📌 다만, 진료·증상 상담은 채널에서 진행하지 않으며, 내원 시 의료진과 직접 상담 부탁드립니다.

더 나은 진료 서비스를 위해 최선을 다하겠습니다. 감사합니다.
5841	땅콩	2026-08-04 12:31:50	SD동물의료센터 서울점	네 준비해드리겠습니다. 감사합니다 :)
5841	땅콩	2026-08-04 12:33:13	오동준	내일은 아무때나 픽업하면 될까요!?
5841	땅콩	2026-08-04 12:33:13	SD동물의료센터 서울점	채팅 운영시간 안내
5841	땅콩	2026-08-04 12:33:13	SD동물의료센터 서울점	✅ 본 채널에서는 진료 예약과 입원 환자 사진·안내를 받아보실 수 있습니다. (14:00~16:00, 1회)

📌 다만, 진료·증상 상담은 채널에서 진행하지 않으며, 내원 시 의료진과 직접 상담 부탁드립니다.

더 나은 진료 서비스를 위해 최선을 다하겠습니다. 감사합니다.
5846	태양	2026-01-01 08:17:31	연유나	태양이
5846	태양	2026-01-01 08:17:31	SD동물의료센터 서울점	채팅 운영시간 안내
5846	태양	2026-01-01 08:17:31	SD동물의료센터 서울점	✅ 본 채널에서는 진료 예약과 입원 환자 사진·안내를 받아보실 수 있습니다. (14:00~16:00, 1회)

📌 다만, 진료·증상 상담은 채널에서 진행하지 않으며, 내원 시 의료진과 직접 상담 부탁드립니다.

더 나은 진료 서비스를 위해 최선을 다하겠습니다. 감사합니다.
5846	태양	2026-01-01 09:49:49	SD동물의료센터 서울점	안녕하세요 보호자님

입원 및 면회 관련 안내사항 보내드립니다.
이용에 불편함 없으시도록 참고 부탁드립니다. :)

▶ https://blog.naver.com/sdamc00/223842908205


◎ 우리 병원은 아픈 반려동물의 빠른 회복을 최우선으로 최선의 진료를 시행합니다. ◎

""예상치 못한 응급 상황이나 피치 못할 중환자 관리로 인해 대기 시간이 길어질 수 있는 점""
미리 양해 말씀드리며 너그럽게 양해 부탁드립니다.

보호자분의 따뜻한 배려 늘 감사합니다. :)
5846	태양	2026-01-01 13:27:23	SD동물의료센터 서울점	사진
5846	태양	2026-01-01 13:27:26	SD동물의료센터 서울점	동영상
5846	태양	2026-01-01 13:27:27	SD동물의료센터 서울점	안녕하세요 태양이 보호자님~!
현재 태양이는 소변도 보았고 장안에서 휴식중입니다.
귀여운 태양이 사진과 영상 보내드립니다.
5846	태양	2026-01-01 14:55:50	SD동물의료센터 서울점	✅ 본 채널에서는 진료 예약과 입원 환자 사진·안내를 받아보실 수 있습니다. (14:00~16:00, 1회)

📌 다만, 진료·증상 상담은 채널에서 진행하지 않으며, 내원 시 의료진과 직접 상담 부탁드립니다.

더 나은 진료 서비스를 위해 최선을 다하겠습니다. 감사합니다.
5846	태양	2026-01-01 14:55:50	연유나	혹시 태양이 밥은 먹었나요?
5846	태양	2026-01-01 14:55:50	SD동물의료센터 서울점	채팅 운영시간 안내
5846	태양	2026-01-01 16:49:50	SD동물의료센터 서울점	보호자님. 오늘 아침 밥은 먹지 않아서 조금 있다 다시 시도해 볼 예정입니다.
5846	태양	2026-01-01 20:00:13	SD동물의료센터 서울점	보호자님
아직 밥은 안 먹었다고 해요 🥲
수액은 말씀드린 것처럼 폐수종이라서 지금은 진행하지 않고 추후 필요에 따라 진행할 수 있다고 하셨습니다.
물은 스스로 잘 먹는다고 해요
5846	태양	2026-01-01 20:03:36	연유나	밥은 주사기로 죽이라도 먹여주실 수는 없나요? 집에서도 밥을 안 먹어서 주사기로 먹였었는데 오늘은 아침도 안 먹고 하루종일 굶어서 뭐라도 좀 먹일 수 있다면 먹여주셨으면 해요
5846	태양	2026-01-01 20:03:36	SD동물의료센터 서울점	채팅 운영시간 안내
5846	태양	2026-01-01 20:03:36	SD동물의료센터 서울점	✅ 본 채널에서는 진료 예약과 입원 환자 사진·안내를 받아보실 수 있습니다. (14:00~16:00, 1회)

📌 다만, 진료·증상 상담은 채널에서 진행하지 않으며, 내원 시 의료진과 직접 상담 부탁드립니다.

더 나은 진료 서비스를 위해 최선을 다하겠습니다. 감사합니다.
5846	태양	2026-01-02 10:26:28	SD동물의료센터 서울점	아이가 밥을 안 먹는 경우 병원에서 주치의 판단 하게 주사기로 급여하게 됩니다. 면회 오시면 밥 어떻게 먹었는지 안내드리도록 하겠습니다. 감사합니다.
5846	태양	2026-01-02 14:16:31	SD동물의료센터 서울점	사진
5846	태양	2026-01-02 14:16:37	SD동물의료센터 서울점	동영상
5846	태양	2026-01-02 14:16:40	SD동물의료센터 서울점	안녕하세요 태양이 보호자님! 태양이는 금일 준비한 아침밥을 먹어주지 않았고, 소변은 잘 보았습니다. 현재는 입원장에서 안정을 취하는 중 입니다. 태양이 사진이랑 영상 보내드릴게요 감사합니다!
5846	태양	2026-01-03 13:58:32	SD동물의료센터 서울점	사진
5846	태양	2026-01-03 13:58:35	SD동물의료센터 서울점	동영상
5846	태양	2026-01-03 13:58:36	SD동물의료센터 서울점	안녕하세요 태양이 보호자님~!
태양이는 금일 아침 유동실을 주사기로 급여하였고 잘받아먹었습니다.
소변도 보고 현재 장안에서 휴식중에 있습니다.
귀여운 태양이 사진과 영상 보내드립니다.
5846	태양	2026-01-03 14:16:10	SD동물의료센터 서울점	동영상
5846	태양	2026-01-03 14:16:10	SD동물의료센터 서울점	동영상
5846	태양	2026-01-03 14:16:20	SD동물의료센터 서울점	방금 밥도 스스로 먹었어요:)
5846	태양	2026-01-16 20:53:48	SD동물의료센터 서울점	안녕하세요 보호자님

입원 및 면회 관련 안내사항 보내드립니다.
이용에 불편함 없으시도록 참고 부탁드립니다. :)

▶ https://blog.naver.com/sdamc00/223842908205


◎ 우리 병원은 아픈 반려동물의 빠른 회복을 최우선으로 최선의 진료를 시행합니다. ◎

""예상치 못한 응급 상황이나 피치 못할 중환자 관리로 인해 대기 시간이 길어질 수 있는 점""
미리 양해 말씀드리며 너그럽게 양해 부탁드립니다.

보호자분의 따뜻한 배려 늘 감사합니다. :)
5846	태양	2026-01-17 13:56:31	SD동물의료센터 서울점	사진
5846	태양	2026-01-17 13:56:33	SD동물의료센터 서울점	동영상
5846	태양	2026-01-17 13:56:42	SD동물의료센터 서울점	안녕하세요, 태양 보호자님!
태양이 오늘 식이 잘 먹어주지 않아 식이테스트 예정 입니다. 소변도 잘 보았고, 현재는 장 안에서 쉬고 있는 태양이 사진과 영상 보내드립니다 :)
5846	태양	2026-01-18 13:25:53	SD동물의료센터 서울점	사진
5846	태양	2026-01-18 13:25:57	SD동물의료센터 서울점	동영상
5846	태양	2026-01-18 13:26:07	SD동물의료센터 서울점	안녕하세요, 태양이 보호자님!
태양이 오늘 식이 잘 먹어주었고, 소변도 잘 보았습니다.
현재는 장 안에서 쉬고 있는 태양이 사진과 영상 보내드립니다 :)
5846	태양	2026-02-11 18:59:12	SD동물의료센터 서울점	안녕하세요 보호자님

입원 및 면회 관련 안내사항 보내드립니다.
이용에 불편함 없으시도록 참고 부탁드립니다. :)

▶ https://blog.naver.com/sdamc00/223842908205


◎ 우리 병원은 아픈 반려동물의 빠른 회복을 최우선으로 최선의 진료를 시행합니다. ◎

""예상치 못한 응급 상황이나 피치 못할 중환자 관리로 인해 대기 시간이 길어질 수 있는 점""
미리 양해 말씀드리며 너그럽게 양해 부탁드립니다.

보호자분의 따뜻한 배려 늘 감사합니다. :)
5846	태양	2026-02-11 18:59:18	SD동물의료센터 서울점	면회 시간 안내 드립니다.

12:00 ~ 13:00 / 17:30 ~ 19:00

1일 2회 (최대 10분 제한)
- 장소 : 원내 처치실 (입원실)

전화 문의 후 내원 
- 예약 및 전화 접수 불가하며 원내 접수 순으로 진행하고 있으며 병원 상황에 따라 대기 생길 수 있는 점 미리 양해 말씀드립니다.

감사합니다. :)
5846	태양	2026-02-12 13:56:47	SD동물의료센터 서울점	사진
5846	태양	2026-02-12 13:56:50	SD동물의료센터 서울점	동영상
5846	태양	2026-02-12 13:56:54	SD동물의료센터 서울점	안녕하세요, 태양 보호자님! 
태양이 오늘 식이 잘 먹어주지 않아 식이테스트 예정 입니다.
소변도 보았고, 현재는 장 안에서 휴식 중에 있는 태양이 사진과 영상 보내드립니다 :)
5846	태양	2026-02-12 21:45:36	SD동물의료센터 서울점	안녕하세요 보호자님 태양이 약은 추가로 3일치 조제가능하다고 선생님께서 답변주셔서 연락드립니다. 내일 약 픽업 시 뵙겠습니다 감사합니다 :)
5846	태양	2026-03-08 21:34:50	SD동물의료센터 서울점	안녕하세요 보호자님

입원 및 면회 관련 안내사항 보내드립니다.
이용에 불편함 없으시도록 참고 부탁드립니다. :)

▶ https://blog.naver.com/sdamc00/223842908205


◎ 우리 병원은 아픈 반려동물의 빠른 회복을 최우선으로 최선의 진료를 시행합니다. ◎

""예상치 못한 응급 상황이나 피치 못할 중환자 관리로 인해 대기 시간이 길어질 수 있는 점""
미리 양해 말씀드리며 너그럽게 양해 부탁드립니다.

보호자분의 따뜻한 배려 늘 감사합니다. :)
5846	태양	2026-03-09 13:40:21	SD동물의료센터 서울점	사진
5846	태양	2026-03-09 13:40:24	SD동물의료센터 서울점	동영상
5846	태양	2026-03-09 13:40:25	SD동물의료센터 서울점	안녕하세요 태양이 보호자님! 태양이는 아침식이 조금 먹었으며, 소변도 보았습니다. 현재 입원장에서 수액 맞으면서 쉬고있으며, 사진과 영상 함께 보내드려요. 감사합니다😊
5846	태양	2026-03-10 13:39:05	SD동물의료센터 서울점	사진
5846	태양	2026-03-10 13:39:08	SD동물의료센터 서울점	동영상
5846	태양	2026-03-10 13:39:55	SD동물의료센터 서울점	안녕하세요 태양이 보호자님:) 태양이 아침식이는 절반정도 잘 먹었고 배변,배뇨도 모두 잘 보고있습니다. 현재 장안에서 휴식 중인 영상과 사진 보내드립니다 감사합니다.
5846	태양	2026-03-10 15:12:16	SD동물의료센터 서울점	사진
5846	태양	2026-03-10 15:12:23	SD동물의료센터 서울점	5209_천민영_5846_태양_20260310.pdf
5846	태양	2026-03-10 15:13:06	SD동물의료센터 서울점	보호자님 안녕하세요. 등록되어 있는 이메일 주소로 메일 발송이 되지 않아 플친으로 보내드립니다.  이메일 주소 한 번 더 확인 부탁드립니다. 감사합니다.
5846	태양	2026-03-25 19:56:16	SD동물의료센터 서울점	안녕하세요 보호자님

입원 및 면회 관련 안내사항 보내드립니다.
이용에 불편함 없으시도록 참고 부탁드립니다. :)

▶ https://blog.naver.com/sdamc00/223842908205


◎ 우리 병원은 아픈 반려동물의 빠른 회복을 최우선으로 최선의 진료를 시행합니다. ◎

""예상치 못한 응급 상황이나 피치 못할 중환자 관리로 인해 대기 시간이 길어질 수 있는 점""
미리 양해 말씀드리며 너그럽게 양해 부탁드립니다.

보호자분의 따뜻한 배려 늘 감사합니다. :)
5846	태양	2026-03-26 13:53:02	SD동물의료센터 서울점	사진
5846	태양	2026-03-26 13:53:04	SD동물의료센터 서울점	동영상
5846	태양	2026-03-26 13:53:16	SD동물의료센터 서울점	안녕하세요 태양이 보호자님! 태양이는 아침식이 안먹었고 이후에 먹는지 밥그릇 유지하면서 확인중입니다. 대변 소변도 보았고 입원장에서 수액 맞으면서 휴식 중인 영상과 사진 보내드립니다. 감사합니다😊
5846	태양	2026-03-27 13:55:45	SD동물의료센터 서울점	사진
5846	태양	2026-03-27 13:55:48	SD동물의료센터 서울점	동영상
5846	태양	2026-03-27 13:56:00	SD동물의료센터 서울점	안녕하세요 태양이 보호자님! 태양이는 아침식이 먹었으며, 소변도 보았습니다.
현재 입원장 안에서 휴식 중이며, 영상과 사진 보내드립니다. 감사합니다~
5846	태양	2026-05-13 11:17:46	SD동물의료센터 서울점	안녕하세요 보호자님

입원 및 면회 관련 안내사항 보내드립니다.
이용에 불편함 없으시도록 참고 부탁드립니다. :)

▶ https://blog.naver.com/sdamc00/223842908205


◎ 우리 병원은 아픈 반려동물의 빠른 회복을 최우선으로 최선의 진료를 시행합니다. ◎

""예상치 못한 응급 상황이나 피치 못할 중환자 관리로 인해 대기 시간이 길어질 수 있는 점""
미리 양해 말씀드리며 너그럽게 양해 부탁드립니다.

보호자분의 따뜻한 배려 늘 감사합니다. :)
5846	태양	2026-05-13 13:55:50	SD동물의료센터 서울점	사진
5846	태양	2026-05-13 13:55:53	SD동물의료센터 서울점	동영상
5846	태양	2026-05-13 13:55:54	SD동물의료센터 서울점	안녕하세요 태양이 보호자님~ 태양이 오늘 아침 식이는 잘먹지않아서 오후에 맛있는것으로 식이 테스트를 해볼예정입니다. 대변과소변 모두 스스로 잘보았습니다. 현재는 장안에서 휴식을 취하고 있습니다. 사진 및 영상 보내드려요 :)
5846	태양	2026-05-14 13:49:57	SD동물의료센터 서울점	사진
5846	태양	2026-05-14 13:50:00	SD동물의료센터 서울점	동영상
5846	태양	2026-05-14 13:50:06	SD동물의료센터 서울점	안녕하세요 태양이 보호자님~ 태양이 오늘 아침 식이는 잘먹었고 대변과소변 모두 잘보았습니다. 현재는 장안에서 휴식을 취하고 있습니다. 사진 및 영상 보내드려요 :)
5846	태양	2026-05-16 13:46:29	SD동물의료센터 서울점	사진
5846	태양	2026-05-16 13:46:32	SD동물의료센터 서울점	동영상
5846	태양	2026-05-16 13:46:38	SD동물의료센터 서울점	안녕하세요 태양이 보호자님! 태양이 내원 이후 소변도 보고 물도 조금씩 먹어주었습니다. 현재 입원장 안에서 수액 맞으면서 휴식 중에 있고 쉬고 있는 사진과 함께 영상 보내드리겠습니다. 감사합니다 :)
5846	태양	2026-05-17 13:46:18	SD동물의료센터 서울점	사진
5846	태양	2026-05-17 13:46:21	SD동물의료센터 서울점	동영상
5846	태양	2026-05-17 13:46:45	SD동물의료센터 서울점	안녕하세요, 태양이 보호자님!
태양이 오늘 아침식이는 잘 먹어주었고, 소변도 보았습니다.
현재는 장 안에서 수액과 산소 처치를 받으며 쉬고 있는 태양이 사진과 영상 보내드립니다.
5846	태양	2026-05-18 13:48:31	SD동물의료센터 서울점	사진
5846	태양	2026-05-18 13:48:40	SD동물의료센터 서울점	동영상
5846	태양	2026-05-18 13:49:19	SD동물의료센터 서울점	안녕하세요 태양이 보호자님~ 태양이 오늘 아침 식이는 잘먹었고 소변도 스스로 잘보았습니다. 현재는 수액을 맞으며 휴식을 취하고 있습니다. 사진 및 영상 보내드려요 :)
5846	태양	2026-06-17 17:29:38	SD동물의료센터 서울점	사진
5846	태양	2026-06-17 17:29:53	SD동물의료센터 서울점	계좌번호 안내드립니다.
입금 후 현금영수증 발급 여부 말씀 부탁드립니다. :)

부산은행 SD동물의료센터
101-2077-5266-02
금액 :  198,100원
5846	태양	2026-06-24 14:31:51	SD동물의료센터 서울점	사진
5846	태양	2026-06-24 14:32:03	SD동물의료센터 서울점	계좌번호 안내드립니다.
입금 후 현금영수증 발급 여부 말씀 부탁드립니다. :)

부산은행 SD동물의료센터
101-2077-5266-02
금액 : 238,900원 입니다.
5846	태양	2026-06-24 15:16:34	연유나	입금자명:태양이
010-6419-9655 
현금영수증 발급해주세요
5846	태양	2026-06-24 15:16:34	SD동물의료센터 서울점	채팅 운영시간 안내
5846	태양	2026-06-24 15:16:34	SD동물의료센터 서울점	✅ 본 채널에서는 진료 예약과 입원 환자 사진·안내를 받아보실 수 있습니다. (14:00~16:00, 1회)

📌 다만, 진료·증상 상담은 채널에서 진행하지 않으며, 내원 시 의료진과 직접 상담 부탁드립니다.

더 나은 진료 서비스를 위해 최선을 다하겠습니다. 감사합니다.
5846	태양	2026-06-24 15:34:49	SD동물의료센터 서울점	네 보호자님 입금 확인되어 현금영수증 발행해드렸습니다. 퀵 부르시고 나서 연락부탁드립니다 :)
5846	태양	2026-06-24 16:07:55	연유나	제 이름으로 지금 퀵 불렀습니다!
5846	태양	2026-06-24 16:07:55	SD동물의료센터 서울점	채팅 운영시간 안내
5846	태양	2026-06-24 16:07:55	SD동물의료센터 서울점	✅ 본 채널에서는 진료 예약과 입원 환자 사진·안내를 받아보실 수 있습니다. (14:00~16:00, 1회)

📌 다만, 진료·증상 상담은 채널에서 진행하지 않으며, 내원 시 의료진과 직접 상담 부탁드립니다.

더 나은 진료 서비스를 위해 최선을 다하겠습니다. 감사합니다.
5846	태양	2026-06-24 16:17:30	SD동물의료센터 서울점	네 보호자님 퀵 기사님 픽업 시 안내드리겠습니다 :)
5846	태양	2026-07-08 19:29:05	SD동물의료센터 서울점	사진
5846	태양	2026-07-08 19:29:26	SD동물의료센터 서울점	계좌번호 안내드립니다.
입금 후 현금영수증 발급 여부 말씀 부탁드립니다. :)

부산은행 SD동물의료센터
101-2077-5266-02
금액 :  215,000원 입니다. :)

입금 후 답변 부탁드리겠습니다.
5846	태양	2026-07-08 19:38:40	SD동물의료센터 서울점	보호자님.
태양이 입금 확인되었고 동일하게 010-6419-9655번으로 현금영수증 발행해 드리면 될까요?
5846	태양	2026-07-08 19:44:13	연유나	퀵 불렀습니다
5846	태양	2026-07-08 19:44:13	SD동물의료센터 서울점	채팅 운영시간 안내
5846	태양	2026-07-08 19:44:13	SD동물의료센터 서울점	✅ 본 채널에서는 진료 예약과 입원 환자 사진·안내를 받아보실 수 있습니다. (14:00~16:00, 1회)

📌 다만, 진료·증상 상담은 채널에서 진행하지 않으며, 내원 시 의료진과 직접 상담 부탁드립니다.

더 나은 진료 서비스를 위해 최선을 다하겠습니다. 감사합니다.
5846	태양	2026-07-08 19:44:21	연유나	같은 번호로 현금영수증 부탁드려요
5846	태양	2026-07-08 19:44:21	SD동물의료센터 서울점	채팅 운영시간 안내
5846	태양	2026-07-08 19:44:21	SD동물의료센터 서울점	✅ 본 채널에서는 진료 예약과 입원 환자 사진·안내를 받아보실 수 있습니다. (14:00~16:00, 1회)

📌 다만, 진료·증상 상담은 채널에서 진행하지 않으며, 내원 시 의료진과 직접 상담 부탁드립니다.

더 나은 진료 서비스를 위해 최선을 다하겠습니다. 감사합니다.
5846	태양	2026-07-08 19:48:58	SD동물의료센터 서울점	네 해당번호로 현금영수증 발급 도와드렸습니다.
감사합니다. :)
5846	태양	2026-07-22 19:45:43	SD동물의료센터 서울점	안녕하세요 보호자님

입원 및 면회 관련 안내사항 보내드립니다.
이용에 불편함 없으시도록 참고 부탁드립니다. :)

▶ https://blog.naver.com/sdamc00/223842908205


◎ 우리 병원은 아픈 반려동물의 빠른 회복을 최우선으로 최선의 진료를 시행합니다. ◎

""예상치 못한 응급 상황이나 피치 못할 중환자 관리로 인해 대기 시간이 길어질 수 있는 점""
미리 양해 말씀드리며 너그럽게 양해 부탁드립니다.

보호자분의 따뜻한 배려 늘 감사합니다. :)
5846	태양	2026-07-23 14:42:29	SD동물의료센터 서울점	사진
5846	태양	2026-07-23 14:42:33	SD동물의료센터 서울점	동영상
5846	태양	2026-07-23 14:42:33	SD동물의료센터 서울점	동영상
5846	태양	2026-07-23 14:42:39	SD동물의료센터 서울점	안녕하세요 태양이 보호자님~ 태양이는 오늘 오전 식이 잘먹었고 소변도 잘보았습니다. 현재는 입원장에서 휴식을 취하고 있습니다. 사진 및 영상 보내드려요 :)
5846	태양	2026-07-25 16:32:51	연유나	VIP동물의료센터 성북점
vip2@vipah.co.kr
5846	태양	2026-07-25 16:32:51	SD동물의료센터 서울점	채팅 운영시간 안내
5846	태양	2026-07-25 16:32:51	SD동물의료센터 서울점	✅ 본 채널에서는 진료 예약과 입원 환자 사진·안내를 받아보실 수 있습니다. (14:00~16:00, 1회)

📌 다만, 진료·증상 상담은 채널에서 진행하지 않으며, 내원 시 의료진과 직접 상담 부탁드립니다.

더 나은 진료 서비스를 위해 최선을 다하겠습니다. 감사합니다.
5846	태양	2026-07-25 16:38:06	SD동물의료센터 서울점	안녕하세요 태양이보호자님
전원하시는 병원으로 검사자료 및 처방내역 송부드렸습니다.
감사합니다.
5846	태양	2026-07-28 14:00:27	SD동물의료센터 서울점	(광고)7월의 SD링크가 도착했어요.
5846	태양	2026-08-05 20:15:55	SD동물의료센터 서울점	안녕하세요 보호자님

입원 및 면회 관련 안내사항 보내드립니다.
이용에 불편함 없으시도록 참고 부탁드립니다. :)

▶ https://blog.naver.com/sdamc00/223842908205


◎ 우리 병원은 아픈 반려동물의 빠른 회복을 최우선으로 최선의 진료를 시행합니다. ◎

""예상치 못한 응급 상황이나 피치 못할 중환자 관리로 인해 대기 시간이 길어질 수 있는 점""
미리 양해 말씀드리며 너그럽게 양해 부탁드립니다.

보호자분의 따뜻한 배려 늘 감사합니다. :)
5846	태양	2026-08-06 14:45:48	SD동물의료센터 서울점	사진
5846	태양	2026-08-06 14:45:53	SD동물의료센터 서울점	동영상
5846	태양	2026-08-06 14:45:55	SD동물의료센터 서울점	안녕하세요 태양이 보호자님~ 태양이는 오늘 오전 식이 소량 먹었고 소변도 잘보았습니다. 현재는 입원장에서 수액을 맞으며 휴식을 취하고 있습니다. 사진 및 영상 보내드려요 :)
5846	태양	2026-08-07 14:25:28	SD동물의료센터 서울점	사진
5846	태양	2026-08-07 14:25:31	SD동물의료센터 서울점	동영상
5978	송이	2024-06-04 19:13:20	박재원	송이입니다! 
5978	송이	2024-06-04 21:05:55	SD동물의료센터 서울점	사진
5978	송이	2024-06-04 21:05:56	SD동물의료센터 서울점	동영상
5978	송이	2024-06-04 21:05:58	SD동물의료센터 서울점	동영상
5978	송이	2024-06-04 21:05:58	SD동물의료센터 서울점	동영상
5978	송이	2024-06-04 21:05:59	SD동물의료센터 서울점	동영상
5978	송이	2024-06-04 21:06:04	SD동물의료센터 서울점	동영상
5978	송이	2024-06-04 21:06:04	SD동물의료센터 서울점	동영상
5978	송이	2024-06-04 21:06:07	SD동물의료센터 서울점	동영상
5978	송이	2024-06-04 21:06:10	SD동물의료센터 서울점	동영상
5978	송이	2024-06-04 21:06:13	SD동물의료센터 서울점	안녕하세요 송이 보호자님! 송이 금일 진행한 재활 사진이랑 영상 보내드릴게요 감사합니다!
5978	송이	2024-06-07 11:03:56	박재원	동영상
5978	송이	2024-06-07 11:04:04	박재원	동영상
5978	송이	2024-06-07 11:05:27	박재원	안녕하세요! 송이예요! 평소에도 헥헥거림이 좀 있었는데 mri촬영하고 약먹은 이후로 헥헥거림이 더 심해져서 헐떡거려요 계속~
혹시 혈액검사에서 심장이나 그런쪽 문제는 없었는지 확인 가능할까요? 그리고 스테로이드 약 때문일수도 있나요? 
5978	송이	2024-06-07 11:50:15	SD동물의료센터 서울점	안녕하세요 보호자님 금일 담당 선생님께서 휴진이셔서 확인 후 답변도와드리겠습니다. 다만 답변이 늦을 수 있다는점 양해 부탁드리겠습니다  감사합니다
5978	송이	2024-06-07 12:42:30	SD동물의료센터 서울점	보호자님 담당선생님께서 내일 출근이셔서 내일 출근하시면 연락드린다고 하셔서 연락처가 010-9165-4428 번이 맞으실까요?
5978	송이	2024-06-07 12:51:37	박재원	넵 원장님이 아까 잠깐 전화주셨는데 내일 차트 다시 보고 전화주신다고 얘기해주셨어요~
전화번호 맞아용
5978	송이	2024-06-07 12:57:29	SD동물의료센터 서울점	네 감사합니다 ~ :)
5978	송이	2024-06-07 12:58:59	박재원	동영상
5978	송이	2024-06-07 12:59:16	박재원	추가로 보내드릴게요~잘때는 이런 호흡이에요
내일 연락 기다리겠습니다! 
5978	송이	2024-06-07 12:59:42	SD동물의료센터 서울점	네~ 전달 드리겠습니다 ^^
5978	송이	2024-06-10 16:10:29	SD동물의료센터 서울점	사진
5978	송이	2024-06-10 16:10:33	SD동물의료센터 서울점	동영상
5978	송이	2024-06-10 16:10:33	SD동물의료센터 서울점	동영상
5978	송이	2024-06-10 16:10:33	SD동물의료센터 서울점	사진
5978	송이	2024-06-10 16:10:36	SD동물의료센터 서울점	동영상
5978	송이	2024-06-10 16:10:36	SD동물의료센터 서울점	동영상
5978	송이	2024-06-10 16:10:36	SD동물의료센터 서울점	동영상
5978	송이	2024-06-10 16:10:39	SD동물의료센터 서울점	동영상
5978	송이	2024-06-10 16:10:39	SD동물의료센터 서울점	동영상
5978	송이	2024-06-10 16:10:40	SD동물의료센터 서울점	동영상
5978	송이	2024-06-10 16:10:41	SD동물의료센터 서울점	동영상
5978	송이	2024-06-10 16:10:42	SD동물의료센터 서울점	동영상
5978	송이	2024-06-10 16:10:49	SD동물의료센터 서울점	안녕하세요 송이 보호자님~ 오늘 송이 재활 진행한 사진이랑 동영상 보내드리겠습니다~감사합니다:)
5978	송이	2024-06-10 16:37:40	박재원	감사합니다!! 혹시 짐볼 위에서 하는 영상도 보내주실수있을까요?
5978	송이	2024-06-10 18:27:37	SD동물의료센터 서울점	사진
5978	송이	2024-06-10 18:27:42	SD동물의료센터 서울점	요청하신 자료 먼저 보내드립니다!
5978	송이	2024-06-10 20:04:40	SD동물의료센터 서울점	동영상
5978	송이	2024-06-10 20:04:43	SD동물의료센터 서울점	동영상
5978	송이	2024-06-10 20:05:12	SD동물의료센터 서울점	안녕하세요 보호자님 요청 주신 짐볼 위에서 운동하는 영상 보내드립니다 감사합니다:)
5978	송이	2024-06-15 16:30:12	박재원	사진
5978	송이	2024-06-15 16:30:20	박재원	사진
5978	송이	2024-06-15 16:30:53	박재원	송이 내일모레(월) 재활예약인데 헥헥거림 심해서 집앞 동물병원에서 심장초음파 검사한 걸과 공유드립니다 
5978	송이	2024-06-15 16:31:28	박재원	심장엔 문제 없다고 합니다

 
<ECHO>
- 3.0 kg
 
(2D)
- LA/Ao : 1.4로 정상 범위
 
(M-mode)
-LVSd : 5.5 (5.41-7.36)
-LVIDd :  20.6 (13.97-16.24)
-LVPWd : 4.3 (4.29-5.89)
-LVIDs : 10.8 (8.17-10.34)
- FS : 47 %
- LVSd/LVIDd : 0.26
- LVIDdN : 1.49
 
 * MR, TR, PR, AR 없음
 
- E : 66
- A : 63
- E': 5.8
- A': 8.0
- E/E' : 11.5
- E/IVRT : 1.57
 
<Conclusion>
- NRF
 
(Comment)
- 심장 초음파 검사 상 특이적인 소견 관찰되지 않습니다. 한편, 해당 증상은 brachycephalic syndrome(단두종 증후군)에 따른 증상 일 수 있으므로, 체중 관리 추천됩니다.
5978	송이	2024-06-15 17:01:09	SD동물의료센터 서울점	네 전달 드리겠습니다  감사합니다 :)
5978	송이	2024-06-17 19:55:45	박재원	안녕하세요 송이 보호자입니다! 
오늘 재활 영상좀 보내주세요~ 많이 보내주실수록 좋아요!

이응호쌤이 대략 보여주셨는데 자세히 못봐서요~ 수중재활에서 안하려고 뒤로 자꾸 빠지는 영상도 좀 부탁드려요!! 
5978	송이	2024-06-17 22:02:56	SD동물의료센터 서울점	사진
5978	송이	2024-06-17 22:02:57	SD동물의료센터 서울점	동영상
5978	송이	2024-06-17 22:02:58	SD동물의료센터 서울점	동영상
5978	송이	2024-06-17 22:03:01	SD동물의료센터 서울점	동영상
5978	송이	2024-06-17 22:03:01	SD동물의료센터 서울점	동영상
5978	송이	2024-06-17 22:03:02	SD동물의료센터 서울점	동영상
5978	송이	2024-06-17 22:03:05	SD동물의료센터 서울점	동영상
5978	송이	2024-06-17 22:03:06	SD동물의료센터 서울점	동영상
5978	송이	2024-06-17 22:03:07	SD동물의료센터 서울점	동영상
5978	송이	2024-06-17 22:03:10	SD동물의료센터 서울점	동영상
5978	송이	2024-06-17 22:03:10	SD동물의료센터 서울점	동영상
5978	송이	2024-06-17 22:03:14	SD동물의료센터 서울점	송이 오늘 재활 영상 보내드릴게요:)
5978	송이	2024-06-24 17:01:54	SD동물의료센터 서울점	사진
5978	송이	2024-06-24 17:01:55	SD동물의료센터 서울점	동영상
5978	송이	2024-06-24 17:01:57	SD동물의료센터 서울점	동영상
5978	송이	2024-06-24 17:01:58	SD동물의료센터 서울점	동영상
5978	송이	2024-06-24 17:02:00	SD동물의료센터 서울점	동영상
5978	송이	2024-06-24 17:02:01	SD동물의료센터 서울점	동영상
5978	송이	2024-06-24 17:02:01	SD동물의료센터 서울점	동영상
5978	송이	2024-06-24 17:02:04	SD동물의료센터 서울점	동영상
5978	송이	2024-06-24 17:02:04	SD동물의료센터 서울점	동영상
5978	송이	2024-06-24 17:02:06	SD동물의료센터 서울점	동영상
5978	송이	2024-06-24 17:02:07	SD동물의료센터 서울점	동영상
5978	송이	2024-06-24 17:02:15	SD동물의료센터 서울점	안녕하세요 송이 보호자님! 송이 금일 진행한 재활영상이랑 사진 보내드릴게요 감사합니다!
5978	송이	2024-06-24 17:08:14	박재원	감사합니다!!
5978	송이	2024-07-02 14:51:24	SD동물의료센터 서울점	사진
5978	송이	2024-07-02 14:51:30	SD동물의료센터 서울점	동영상
5978	송이	2024-07-02 14:51:30	SD동물의료센터 서울점	동영상
5978	송이	2024-07-02 14:51:31	SD동물의료센터 서울점	동영상
5978	송이	2024-07-02 14:51:32	SD동물의료센터 서울점	동영상
5978	송이	2024-07-02 14:51:34	SD동물의료센터 서울점	동영상
5978	송이	2024-07-02 14:51:35	SD동물의료센터 서울점	동영상
5978	송이	2024-07-02 14:51:36	SD동물의료센터 서울점	동영상
5978	송이	2024-07-02 14:51:39	SD동물의료센터 서울점	동영상
5978	송이	2024-07-02 14:51:40	SD동물의료센터 서울점	안녕하세요~ 송이 재활 영상 보내드릴게요:)
5978	송이	2024-07-02 14:52:43	박재원	감사합니다! 밸런스볼 영상도 부탁드려요🙏🏻
5978	송이	2024-07-02 15:00:14	SD동물의료센터 서울점	동영상
5978	송이	2024-07-02 15:00:14	SD동물의료센터 서울점	동영상
5978	송이	2024-07-02 15:00:15	SD동물의료센터 서울점	동영상
5978	송이	2024-07-02 15:00:28	SD동물의료센터 서울점	밸런스 볼 영상 입니다 ~
5978	송이	2024-07-09 17:05:46	SD동물의료센터 서울점	동영상
5978	송이	2024-07-09 17:05:48	SD동물의료센터 서울점	동영상
5978	송이	2024-07-09 17:05:48	SD동물의료센터 서울점	동영상
5978	송이	2024-07-09 17:05:50	SD동물의료센터 서울점	사진
5978	송이	2024-07-09 17:05:51	SD동물의료센터 서울점	동영상
5978	송이	2024-07-09 17:05:51	SD동물의료센터 서울점	동영상
5978	송이	2024-07-09 17:05:52	SD동물의료센터 서울점	동영상
5978	송이	2024-07-09 17:05:53	SD동물의료센터 서울점	동영상
5978	송이	2024-07-09 17:05:55	SD동물의료센터 서울점	동영상
5978	송이	2024-07-09 17:05:55	SD동물의료센터 서울점	동영상
5978	송이	2024-07-09 17:05:57	SD동물의료센터 서울점	동영상
5978	송이	2024-07-09 17:05:58	SD동물의료센터 서울점	동영상
5978	송이	2024-07-09 17:05:58	SD동물의료센터 서울점	동영상
5978	송이	2024-07-09 17:06:02	SD동물의료센터 서울점	안녕하세요~ 송이 오늘 재활 영상 보내드릴게요:)
5978	송이	2024-07-16 15:34:18	SD동물의료센터 서울점	사진
5978	송이	2024-07-16 15:34:19	SD동물의료센터 서울점	동영상
5978	송이	2024-07-16 15:34:20	SD동물의료센터 서울점	동영상
5978	송이	2024-07-16 15:34:21	SD동물의료센터 서울점	동영상
5978	송이	2024-07-16 15:34:22	SD동물의료센터 서울점	동영상
5978	송이	2024-07-16 15:34:24	SD동물의료센터 서울점	동영상
5978	송이	2024-07-16 15:34:24	SD동물의료센터 서울점	동영상
5978	송이	2024-07-16 15:34:25	SD동물의료센터 서울점	동영상
5978	송이	2024-07-16 15:34:33	SD동물의료센터 서울점	안녕하세요 송이 보호자님! 금일 송이 재활 치료 및 사진 보내드리겠습니다. 감사합니다!
5978	송이	2024-07-17 12:03:48	SD동물의료센터 서울점	안녕하세요 보호자님, 주치의 선생님께 확인했고 아이 약 다먹은 이후 예약 잡고 방문해 주시면 됩니다. 약 다 먹을쯤 연락 부탁드립니다. 감사합니다 :)
5978	송이	2024-08-14 14:30:41	박재원	안녕하세요😄 어제 송이 이응호원장님께 진로봤는데 신경반응 테스트하시는거 영상 좀 받을수 있을까요? 
5978	송이	2024-08-14 14:31:03	박재원	뒷다리 아직 질질 끌려다녀서(?) 영상 보여주셨거든요! 
5978	송이	2024-08-14 14:34:56	SD동물의료센터 서울점	안녕하세요 보호자님 , 확인 후 답변 드리겠습니다 :)
5978	송이	2024-08-14 14:56:49	SD동물의료센터 서울점	보호자님, 확인해봤더니 신경검사는 따로 영상을 보내드리고 있지 않아 영상 받아보시긴 어려울 것 같습니다.
5978	송이	2024-12-03 14:04:46	SD동물의료센터 서울점	사진
5978	송이	2025-06-24 17:48:42	박재원	안녕하세요 송이(김혜란) 보호자인데요 8/30 예약을 8/23토 12시로 변경가능할까요?
5978	송이	2025-06-24 17:50:27	SD동물의료센터 서울점	네 보호자님 변경가능합니다. 8/23 토 12시에 뵙겠습니다 감사합니다:)
5978	송이	2025-06-24 17:50:37	박재원	넵 감사합니자
5978	송이	2025-08-02 11:53:48	SD동물의료센터 서울점	안녕하세요 보호자님

입원 및 면회 관련 안내사항 보내드립니다.
이용에 불편함 없으시도록 참고 부탁드립니다. :)

▶ https://blog.naver.com/sdamc00/223842908205


◎ 우리 병원은 아픈 반려동물의 빠른 회복을 최우선으로 최선의 진료를 시행합니다. ◎

""예상치 못한 응급 상황이나 피치 못할 중환자 관리로 인해 대기 시간이 길어질 수 있는 점""
미리 양해 말씀드리며 너그럽게 양해 부탁드립니다.

보호자분의 따뜻한 배려 늘 감사합니다. :)
5978	송이	2025-08-02 14:18:15	SD동물의료센터 서울점	사진
5978	송이	2025-08-02 14:18:17	SD동물의료센터 서울점	동영상
5978	송이	2025-08-02 14:18:18	SD동물의료센터 서울점	안녕하세요 송이보호자님:) 송이오늘 수액맞으며 쉬고있는 사진과영상보내드립니다.
5978	송이	2025-08-02 22:23:37	박재원	안녕하세요~ 면회는 입원실 안에 들어가서 그냥 볼수만 있는건가요? 
5978	송이	2025-08-02 22:23:37	SD동물의료센터 서울점	채팅 운영시간 안내
5978	송이	2025-08-02 22:23:37	SD동물의료센터 서울점	지금은 답변(채팅)이 가능한 시간이 아닙니다. 🌃
야간 중 채널 확인 및 전송이 불가능하오니 내용을 남겨주시면 채팅이 가능한 시간에 순차적으로 답변드리겠습니다.
아이들의 편한 휴식과 보다 더 안정된 회복을 위하여 집중하겠습니다.
감사합니다. 😊
5978	송이	2025-08-03 08:48:23	SD동물의료센터 서울점	안녕하세요.보호자님! 아이 상태에 따라 입원장 안에 있는 모습 밖에서 보시거나 입원장 밖으로 나올 수 있는 경우도 있습니다. 면회 시 주치의 선생님 확인이 필요합니다. 감사합니다.
5978	송이	2025-08-03 08:51:03	박재원	이응호원장님 오늘 안계셔서 송이 주치의성생님은 누구실까요? 
5978	송이	2025-08-03 08:51:03	SD동물의료센터 서울점	채팅 운영시간 안내
5978	송이	2025-08-03 08:51:03	SD동물의료센터 서울점	지금은 답변(채팅)이 가능한 시간이 아닙니다. 🌃
야간 중 채널 확인 및 전송이 불가능하오니 내용을 남겨주시면 채팅이 가능한 시간에 순차적으로 답변드리겠습니다.
아이들의 편한 휴식과 보다 더 안정된 회복을 위하여 집중하겠습니다.
감사합니다. 😊
5978	송이	2025-08-03 08:51:33	박재원	진료시간/영업시간
5978	송이	2025-08-03 08:51:34	SD동물의료센터 서울점(메뉴)	SD동물의료센터 서울점은
365일 24시간 연중무휴
아이들을 돌보고 있습니다.

◼︎ 주간진료 : 오전 10시~오후 10시
◼︎ 야간진료 : 오후 10시~오전 10시
◼︎ 회진시간 : 오후 1시~오후 2시

* 우리 병원은 진료예약 우선제로 예약환자를 우선으로 진료합니다. 
* 예약 없이 내원시, 대기시간이 발생할 수 있는 점 양해부탁드립니다.
* 회진시간에는 입원환자 인계업무로 인해 진료가 불가합니다. 

🚨 응급상황 발생 시, 본원 대표전화(02-2039-0303)로 연락주세요!
5978	송이	2025-08-03 08:52:31	SD동물의료센터 서울점	보호자님! 아침 회진 시 확인하고 답변드리겠습니다. 감사합니다.
5978	송이	2025-08-03 08:52:32	박재원	그리고 갑자기 입원하는 바람에 척수공동증 약을 거기서 지어주신댔는데 오늘 면회가면서 저녁약부터 챙겨갈수 읶을것같아요
5978	송이	2025-08-03 08:52:32	SD동물의료센터 서울점	채팅 운영시간 안내
5978	송이	2025-08-03 08:52:32	SD동물의료센터 서울점	지금은 답변(채팅)이 가능한 시간이 아닙니다. 🌃
야간 중 채널 확인 및 전송이 불가능하오니 내용을 남겨주시면 채팅이 가능한 시간에 순차적으로 답변드리겠습니다.
아이들의 편한 휴식과 보다 더 안정된 회복을 위하여 집중하겠습니다.
감사합니다. 😊
5978	송이	2025-08-03 08:52:55	SD동물의료센터 서울점	그럼 오늘 저녁약은 면회 시 가져오시는 걸로 전달드리겠습니다.
5978	송이	2025-08-03 09:21:38	박재원	오늘 12시에 면회가겠습니다
5978	송이	2025-08-03 09:26:10	SD동물의료센터 서울점	보호자님,금일 송이 담당 선생님은 이나래과장님 입니다. 오늘 12시 면회 오실 때 약 주시면 전달드리겠습니다. 감사합니다.
5978	송이	2025-08-03 14:03:49	SD동물의료센터 서울점	사진
5978	송이	2025-08-03 14:03:52	SD동물의료센터 서울점	동영상
5978	송이	2025-08-03 14:03:56	SD동물의료센터 서울점	안녕하세요 송이 보호자님! 송이는 오전 중에 소변 잘 보았고, 보호자님과 면회 이후에도 입원장에서 수액 처치 받으며 휴식 중에 있습니다. 송이 사진과 영상 함께 보내드려요 :D 감사합니다 ^-^
5978	송이	2025-08-03 14:30:57	SD동물의료센터 서울점	송이(박재원).zip
5978	송이	2025-08-03 14:31:04	SD동물의료센터 서울점	송이 검사자료 보내드립니다. 감사합니다:)
5978	송이	2025-08-03 21:07:31	박재원	검사자료중에 혈액검사 자료 cpl crp 수치나온 부분이 빠진것 같아요 ㅠ 다시 보내주실수있을까요? 
5978	송이	2025-08-03 21:32:45	SD동물의료센터 서울점	아이고 그러네요 죄송해요 어제 혈액검사결과 포함해서 다시 보내드립니다!
5978	송이	2025-08-03 21:32:48	SD동물의료센터 서울점	사진
5978	송이	2025-08-04 12:15:55	박재원	송이 면회 12:30쯤 도착 할것 같습니다~
5978	송이	2025-08-04 12:17:57	SD동물의료센터 서울점	네 :) 전달드리겠습니다.
5978	송이	2025-08-04 13:38:48	SD동물의료센터 서울점	사진
5978	송이	2025-08-04 13:38:51	SD동물의료센터 서울점	동영상
5978	송이	2025-08-04 13:38:52	SD동물의료센터 서울점	안녕하세요. 송이 보호자님~ 송이 오늘 아침 식이는 스스로 먹지 않아서 유동식으로 잘 먹였고, 소변도 잘 봤습니다. 수액 맞고 쉬는 송이 사진 및 영상 보내드립니다.^^
5978	송이	2025-08-05 10:13:17	박재원	안녕하세요~ 오늘 송이 혈액검사 또 진행 하는지 궁금합니다~ 어제 수치가 올랐다고 해서 넘 걱정되서요 ㅠ 합병증 오거나 그런 상황은 아닌거죠??  
5978	송이	2025-08-05 10:36:19	SD동물의료센터 서울점	안녕하세요 보호자님 금일 혈액검사 결과 염증수치, 췌장염 수치가 여전히 높지만, 떨어지는 양상으로 금일 내원하시면 관련하여 상담해주신다고 합니다! 금일 오후 4시 내원가능하실까요?
5978	송이	2025-08-05 13:53:56	SD동물의료센터 서울점	사진
5978	송이	2025-08-05 13:53:59	SD동물의료센터 서울점	동영상
5978	송이	2025-08-05 13:54:02	SD동물의료센터 서울점	안녕하세요 송이 보호자님! 송이 오늘 아침 식이는 주사기를 통한 유동식 급여 진행 하였고, 자발 식이가 있는지 계속 확인 해보고 있습니다. 대소변은 모두 잘 보았고, 현재는 입원장에서 수액 처치 받으며 휴식 중에 있습니다. 송이 사진과 영상 함께 보내드려요 :D 감사합니다 😊
5978	송이	2025-08-05 17:59:28	박재원	혹시 내일 퇴원할때 30분이면 퇴원준비가 될까요?! 2:30 퇴원인데 제가 병원에서 3시엔 나가야해서 여쭤봐요~ 
5978	송이	2025-08-05 18:03:52	SD동물의료센터 서울점	가능하다고 답변드릴 순 없으나ㅠ 선생님께 내용 전달드리겠습니다! 내일 뵙겠습니다 감사합니다:)
5978	송이	2025-08-06 13:28:34	SD동물의료센터 서울점	사진
5978	송이	2025-08-06 13:28:36	SD동물의료센터 서울점	동영상
5978	송이	2025-08-06 13:28:40	SD동물의료센터 서울점	송이 보호자님! 안녕하세요~ 송이는 소변도 잘 보고 밥은 스스로 먹지 않아서 주사기로 급여하니 잘 받아먹었고 지금은 수액 잘 맞으면서 퇴원을 기다리고 있습니다^^ 송이 사진이랑 영상 보내드립니다:)
5978	송이	2025-08-06 16:59:39	박재원	송이 혹시 유산균같은건 먹어도 되나요?
5978	송이	2025-08-06 17:44:06	SD동물의료센터 서울점	일단 췌장염이 낫기 전까지 유산균 안 먹이시는 것이 좋다고 답변주셨습니다 감사합니다:)
5978	송이	2025-08-07 09:04:55	박재원	송이 밥을 너무 안먹는데 혹시 공복에 약 먹어도 되나요?밥 먹이다가 약 시간을 놓치더라고요 ㅜ 
5978	송이	2025-08-07 09:43:49	SD동물의료센터 서울점	안녕하세요. 보호자님! 담당 선생님 금일 오후 출근이라 확인되는대로 답변 드리도록 하겠습니다. 감사합니다.
5978	송이	2025-08-07 11:02:38	SD동물의료센터 서울점	보호자님! 공복에 약을 먹으면 약이 써서 다 뱉어낼 수 있다고 합니다. 힘들어도 꼭 밥을 먹이고 약 복용 부탁드립니다. 감사합니다.
5978	송이	2025-08-07 11:04:52	박재원	아 캡슐에 넣어서 필건? 같은걸로 먹이거든요~
5978	송이	2025-08-07 11:05:32	박재원	뱉을까봐 그러는거면 공복에 먹이는건 상관없을까요? 
5978	송이	2025-08-07 11:06:51	SD동물의료센터 서울점	공복에 먹으면 속쓰려 토할 수 있어 소량이라도 급여하시는 것이 좋습니다
5978	송이	2025-09-22 12:13:53	박재원	안녕하세요! 송이(박재원) 췌장염 처방사료만 먹이고 있는데 혹시 헥시아라는 관절 영양제 먹여도 될까해서요! 이응호 원장님께 확인 가능할까요?!🥹
5978	송이	2025-09-22 12:21:47	SD동물의료센터 서울점	안녕하세요 보호자님, 원장님께 확인 후 답변드리겠습니다. 금일 원장님 휴진이셔 답변이 조금 늦어질 수 있는 점 양해부탁드립니다. 감사합니다 :)
5978	송이	2025-09-22 12:21:56	박재원	네넵
5978	송이	2025-09-22 12:27:20	SD동물의료센터 서울점	보호자님, 이응호원장님께서 헥시아 먹어도 괜찮다고 하셨습니다! :)
5978	송이	2025-09-22 12:29:20	박재원	넵 감사합니다!
5978	송이	2025-10-28 17:42:14	박재원	안녕하세요! 송이 보호자 박재원입니다 혹시 내일 송이 재활예약이 12시 인가요? 12:30인가용?
5978	송이	2025-10-28 17:42:14	SD동물의료센터 서울점	채팅 운영시간 안내
5978	송이	2025-10-28 17:42:14	SD동물의료센터 서울점	✅ 본 채널에서는 진료 예약과 입원 환자 사진·안내를 받아보실 수 있습니다. (14:00~16:00, 1회)

📌 다만, 진료·증상 상담은 채널에서 진행하지 않으며, 내원 시 의료진과 직접 상담 부탁드립니다.

더 나은 진료 서비스를 위해 최선을 다하겠습니다. 감사합니다.
5978	송이	2025-10-30 10:10:06	박재원	안녕하세요! 어제 송이 재활받은거 영상 보내주신다하셨는데 아직 안와서요~!!
5978	송이	2025-10-30 10:10:07	SD동물의료센터 서울점	채팅 운영시간 안내
5978	송이	2025-10-30 10:10:07	SD동물의료센터 서울점	✅ 본 채널에서는 진료 예약과 입원 환자 사진·안내를 받아보실 수 있습니다. (14:00~16:00, 1회)

📌 다만, 진료·증상 상담은 채널에서 진행하지 않으며, 내원 시 의료진과 직접 상담 부탁드립니다.

더 나은 진료 서비스를 위해 최선을 다하겠습니다. 감사합니다.
5978	송이	2025-10-30 13:55:14	SD동물의료센터 서울점	동영상
5978	송이	2025-10-30 13:55:14	SD동물의료센터 서울점	동영상
5978	송이	2025-10-30 13:55:14	SD동물의료센터 서울점	동영상
5978	송이	2025-10-30 13:55:17	SD동물의료센터 서울점	동영상
5978	송이	2025-10-30 13:55:17	SD동물의료센터 서울점	동영상
5978	송이	2025-10-30 13:55:17	SD동물의료센터 서울점	동영상
5978	송이	2025-10-30 13:55:20	SD동물의료센터 서울점	동영상
5978	송이	2025-10-30 13:55:20	SD동물의료센터 서울점	동영상
5978	송이	2025-10-30 13:55:21	SD동물의료센터 서울점	동영상
5978	송이	2025-10-30 13:55:27	SD동물의료센터 서울점	안녕하세요 송이 보호자님!
송이 재활 치료 영상 보내드립니다 늦게 전송해드려 죄송합니다.
5978	송이	2025-11-12 17:40:26	SD동물의료센터 서울점	안녕하세요 송이 보호자님 금일 송이 재활 영상 보내드립니다 감사합니다.   :)
5978	송이	2025-11-12 17:40:46	SD동물의료센터 서울점	동영상
5978	송이	2025-11-12 17:40:46	SD동물의료센터 서울점	동영상
5978	송이	2025-11-12 17:40:47	SD동물의료센터 서울점	동영상
5978	송이	2025-11-12 17:40:50	SD동물의료센터 서울점	동영상
5978	송이	2025-11-12 17:40:50	SD동물의료센터 서울점	동영상
5978	송이	2025-11-12 17:40:51	SD동물의료센터 서울점	동영상
5978	송이	2025-11-12 17:40:53	SD동물의료센터 서울점	동영상
5978	송이	2025-11-12 17:40:54	SD동물의료센터 서울점	동영상
5978	송이	2025-11-12 17:40:54	SD동물의료센터 서울점	동영상
5978	송이	2025-11-12 17:40:57	SD동물의료센터 서울점	동영상
5978	송이	2025-11-21 16:15:19	박재원	건강검진 안내
5978	송이	2025-11-21 16:15:19	SD동물의료센터 서울점(메뉴)	건강한 견생, 묘생을 위해 주기적인 건강검진은 필수입니다. 
SD동물의료센터에서는 아이에게 꼭 필요한 최소 항목으로 건강검진을 진행하고 있습니다. 
아이의 나이와 현 상태에 따라 검진이 가능한 베이직 프로그램부터 프리미엄까지 세세하게 항목을 분류하여 검진을 진행합니다.

자세한 내용은 아래 버튼을 통해 확인하실 수 있습니다.

5978	송이	2025-11-30 21:30:03	박재원	진료예약
5978	송이	2025-11-30 21:30:03	SD동물의료센터 서울점(메뉴)	SD동물의료센터 서울점 진료 예약을 위해 아래 내용을 채팅에 남겨주세요.

◼︎ 보호자님 성함 / 연락처
◼︎ 반려동물 이름 / 간단한 증상

* 예약에 필요한 간단한 상담이 진행될 수 있습니다.
* 증상과 관련된 자세한 상담은 진료의 부분으로 예약 후 내원시 수의사 선생님과 상담 가능합니다. 
* 채널 상담은 병원 업무와 동시에 진행되어 원내 상황에 따라 빠른 응대가 어려울 수 있습니다. 

문의사항은 본원 대표전화(02-2039-0303)로 연락부탁드립니다.
5978	송이	2025-12-10 17:07:41	SD동물의료센터 서울점	동영상
5978	송이	2025-12-10 17:07:41	SD동물의료센터 서울점	동영상
5978	송이	2025-12-10 17:07:42	SD동물의료센터 서울점	동영상
5978	송이	2025-12-10 17:07:45	SD동물의료센터 서울점	동영상
5978	송이	2025-12-10 17:07:45	SD동물의료센터 서울점	동영상
5978	송이	2025-12-10 17:07:46	SD동물의료센터 서울점	동영상
5978	송이	2025-12-10 17:07:47	SD동물의료센터 서울점	동영상
5978	송이	2025-12-10 17:07:48	SD동물의료센터 서울점	안녕하세요 송이 보호자님 송이 금일 재활한 영상 보내드리겠습니다 감사합니다
5978	송이	2025-12-17 18:26:56	박재원	안녕하세요! 오늘 송이 재활영상좀 부탁드려요~
5978	송이	2025-12-17 18:26:56	SD동물의료센터 서울점	채팅 운영시간 안내
5978	송이	2025-12-17 18:26:56	SD동물의료센터 서울점	✅ 본 채널에서는 진료 예약과 입원 환자 사진·안내를 받아보실 수 있습니다. (14:00~16:00, 1회)

📌 다만, 진료·증상 상담은 채널에서 진행하지 않으며, 내원 시 의료진과 직접 상담 부탁드립니다.

더 나은 진료 서비스를 위해 최선을 다하겠습니다. 감사합니다.
5978	송이	2025-12-17 18:28:49	SD동물의료센터 서울점	안녕하세요 송이 보호자님! 송이 금일 재활사진 보내드립니다 :)
5978	송이	2025-12-17 18:28:58	SD동물의료센터 서울점	동영상
5978	송이	2025-12-17 18:28:58	SD동물의료센터 서울점	동영상
5978	송이	2025-12-17 18:28:58	SD동물의료센터 서울점	동영상
5978	송이	2025-12-17 18:29:01	SD동물의료센터 서울점	동영상
5978	송이	2025-12-17 18:29:02	SD동물의료센터 서울점	동영상
5978	송이	2025-12-17 18:29:02	SD동물의료센터 서울점	동영상
5978	송이	2025-12-17 18:29:03	SD동물의료센터 서울점	동영상
5978	송이	2025-12-17 18:29:05	SD동물의료센터 서울점	동영상
5978	송이	2025-12-17 18:29:07	SD동물의료센터 서울점	동영상
5978	송이	2026-04-19 13:54:11	박재원	안녕하세요! 송이 보호자인데오 혹시 이응호 원장님 무슨 요일에 계시나요?! 
5978	송이	2026-04-19 13:54:11	SD동물의료센터 서울점	채팅 운영시간 안내
5978	송이	2026-04-19 13:54:11	SD동물의료센터 서울점	✅ 본 채널에서는 진료 예약과 입원 환자 사진·안내를 받아보실 수 있습니다. (14:00~16:00, 1회)

📌 다만, 진료·증상 상담은 채널에서 진행하지 않으며, 내원 시 의료진과 직접 상담 부탁드립니다.

더 나은 진료 서비스를 위해 최선을 다하겠습니다. 감사합니다.
5978	송이	2026-04-19 13:56:21	SD동물의료센터 서울점	보호자님 ,안녕하세요. 이응호 원장님 일,월 휴무일입니다. 감사합니다.
5978	송이	2026-04-19 13:57:39	박재원	예전에 12출근하셧는데 동일한가요? 
5978	송이	2026-04-19 13:57:39	SD동물의료센터 서울점	채팅 운영시간 안내
5978	송이	2026-04-19 13:57:39	SD동물의료센터 서울점	✅ 본 채널에서는 진료 예약과 입원 환자 사진·안내를 받아보실 수 있습니다. (14:00~16:00, 1회)

📌 다만, 진료·증상 상담은 채널에서 진행하지 않으며, 내원 시 의료진과 직접 상담 부탁드립니다.

더 나은 진료 서비스를 위해 최선을 다하겠습니다. 감사합니다.
5978	송이	2026-04-19 14:14:16	SD동물의료센터 서울점	11시 가 첫 진료입니다. 내원 전 예약을 하시는 것이 좋아서 원하시는 날짜,. 시간 말씀해 주시면 예약 도와드리겠습니다.
5978	송이	2026-06-28 10:49:59	SD동물의료센터 서울점	안녕하세요 보호자님

입원 및 면회 관련 안내사항 보내드립니다.
이용에 불편함 없으시도록 참고 부탁드립니다. :)

▶ https://blog.naver.com/sdamc00/223842908205


◎ 우리 병원은 아픈 반려동물의 빠른 회복을 최우선으로 최선의 진료를 시행합니다. ◎

""예상치 못한 응급 상황이나 피치 못할 중환자 관리로 인해 대기 시간이 길어질 수 있는 점""
미리 양해 말씀드리며 너그럽게 양해 부탁드립니다.

보호자분의 따뜻한 배려 늘 감사합니다. :)
5978	송이	2026-06-28 13:51:01	SD동물의료센터 서울점	사진
5978	송이	2026-06-28 13:51:04	SD동물의료센터 서울점	동영상
5978	송이	2026-06-28 13:51:09	SD동물의료센터 서울점	안녕하세요 송이 보호자님! 송이는 내원 이후 입원장 안에서 수액 맞으며 휴식 중에 있습니다. 사진과 함께 영상 보내드려요! 감사합니다 :)
5978	송이	2026-06-28 13:59:05	박재원	소식 감사합니다 ㅠ 내일 12시에 면회 가려고 하는데 김규창원장님 잠깐 뵐수잇을까오?
5978	송이	2026-06-28 13:59:05	SD동물의료센터 서울점	채팅 운영시간 안내
5978	송이	2026-06-28 13:59:05	SD동물의료센터 서울점	✅ 본 채널에서는 진료 예약과 입원 환자 사진·안내를 받아보실 수 있습니다. (14:00~16:00, 1회)

📌 다만, 진료·증상 상담은 채널에서 진행하지 않으며, 내원 시 의료진과 직접 상담 부탁드립니다.

더 나은 진료 서비스를 위해 최선을 다하겠습니다. 감사합니다.
5978	송이	2026-06-28 14:18:42	SD동물의료센터 서울점	네 그럼 열두시로 상담 예약 도와드리겠습니다. :)
5978	송이	2026-06-28 14:19:27	박재원	감사합니다‘
5978	송이	2026-06-28 14:19:27	SD동물의료센터 서울점	채팅 운영시간 안내
5978	송이	2026-06-28 14:19:27	SD동물의료센터 서울점	✅ 본 채널에서는 진료 예약과 입원 환자 사진·안내를 받아보실 수 있습니다. (14:00~16:00, 1회)

📌 다만, 진료·증상 상담은 채널에서 진행하지 않으며, 내원 시 의료진과 직접 상담 부탁드립니다.

더 나은 진료 서비스를 위해 최선을 다하겠습니다. 감사합니다.
5978	송이	2026-06-29 14:06:43	SD동물의료센터 서울점	안녕하세요 송이 보호자님~
5978	송이	2026-06-29 14:07:55	SD동물의료센터 서울점	사진
5978	송이	2026-06-29 14:07:58	SD동물의료센터 서울점	동영상
5978	송이	2026-06-29 14:08:01	SD동물의료센터 서울점	송이는 오늘 오전 식이 잘먹지않아서 오후에는 다른 종류의 식이로 테스트를 해볼예정입니다. 소변은 잘보았습니다. 현재는 입원장에서 수액을 맞으며 휴식중입니다. 사진 및 영상 보내드려요 :)
5978	송이	2026-06-30 14:02:38	SD동물의료센터 서울점	사진
5978	송이	2026-06-30 14:02:42	SD동물의료센터 서울점	동영상
5978	송이	2026-06-30 14:02:46	SD동물의료센터 서울점	안녕하세요 송이 보호자님~ 송이는 오늘 오전 식이는 잘먹었고 소변도 잘보았습니다. 현재는 입원장에서 수액을 맞으며 휴식을 취하고 있습니다. 사진 및 영상 보내드려요 :)
5978	송이	2026-07-01 19:58:46	박재원	건강검진 안내
5978	송이	2026-07-01 19:58:46	SD동물의료센터 서울점(메뉴)	건강한 견생, 묘생을 위해 주기적인 건강검진은 필수입니다. 
SD동물의료센터에서는 아이에게 꼭 필요한 최소 항목으로 건강검진을 진행하고 있습니다. 
아이의 나이와 현 상태에 따라 검진이 가능한 베이직 프로그램부터 프리미엄까지 세세하게 항목을 분류하여 검진을 진행합니다.

자세한 내용은 아래 버튼을 통해 확인하실 수 있습니다.

5978	송이	2026-07-21 20:02:33	박재원	안녕하세요! 송이 8/19일(화) 예약을 8/13(목)11시로 변경 가능할까요?
5978	송이	2026-07-21 20:02:33	SD동물의료센터 서울점	채팅 운영시간 안내
5978	송이	2026-07-21 20:02:33	SD동물의료센터 서울점	✅ 본 채널에서는 진료 예약과 입원 환자 사진·안내를 받아보실 수 있습니다. (14:00~16:00, 1회)

📌 다만, 진료·증상 상담은 채널에서 진행하지 않으며, 내원 시 의료진과 직접 상담 부탁드립니다.

더 나은 진료 서비스를 위해 최선을 다하겠습니다. 감사합니다.
5978	송이	2026-07-21 20:09:13	SD동물의료센터 서울점	네 보호자님, 변경 가능하셔셔 8/13 목요일 오전 11시로 변경하겠습니다 :)
5978	송이	2026-07-21 20:10:13	박재원	감사합니다! 오늘 수중재활 영상도 전송하주실수 있을까요?!
5978	송이	2026-07-21 20:10:13	SD동물의료센터 서울점	채팅 운영시간 안내
5978	송이	2026-07-21 20:10:13	SD동물의료센터 서울점	✅ 본 채널에서는 진료 예약과 입원 환자 사진·안내를 받아보실 수 있습니다. (14:00~16:00, 1회)

📌 다만, 진료·증상 상담은 채널에서 진행하지 않으며, 내원 시 의료진과 직접 상담 부탁드립니다.

더 나은 진료 서비스를 위해 최선을 다하겠습니다. 감사합니다.
5978	송이	2026-07-21 20:10:44	SD동물의료센터 서울점	네 보호자님, 조금만 기다려주시면 취합하여 보내드리도록 하겠습니다 :)
5978	송이	2026-07-21 23:13:01	박재원	유튜브 바로가기
5978	송이	2026-07-21 23:13:01	SD동물의료센터 서울점(메뉴)	SD동물의료센터 유튜브 채널  🎥

유튜브에서는 우리 병원의 소식과 진료정보, 반려동물 질환에 대한 다양한 정보들을 다뤄 볼 예정입니다. 

❤️ 구독과 좋아요 부탁드려요 ❤️
5978	송이	2026-07-28 14:00:16	SD동물의료센터 서울점	(광고)7월의 SD링크가 도착했어요.
5978	송이	2026-08-04 12:16:10	SD동물의료센터 서울점	동영상
5978	송이	2026-08-04 12:16:10	SD동물의료센터 서울점	동영상
5978	송이	2026-08-04 12:16:11	SD동물의료센터 서울점	동영상
5978	송이	2026-08-04 12:16:13	SD동물의료센터 서울점	동영상
5978	송이	2026-08-04 12:16:14	SD동물의료센터 서울점	사진
5978	송이	2026-08-04 12:16:20	SD동물의료센터 서울점	동영상
5978	송이	2026-08-04 12:16:23	SD동물의료센터 서울점	동영상
5978	송이	2026-08-04 12:16:24	SD동물의료센터 서울점	동영상
5978	송이	2026-08-04 12:16:26	SD동물의료센터 서울점	동영상
5978	송이	2026-08-04 12:16:27	SD동물의료센터 서울점	동영상
5978	송이	2026-08-04 12:16:29	SD동물의료센터 서울점	동영상
5978	송이	2026-08-04 12:16:31	SD동물의료센터 서울점	안녕하세요 송이 보호자님! 이전에 말씀해주신 7월 21일에 진행된 송이 재활 영상과 함께 금일 진행된 재활 영상과 사진도 보내드립니다, 감사합니다 😊
5978	송이	2026-08-14 18:26:31	SD동물의료센터 서울점	알림톡/브랜드메시지는 관리자센터에서 확인할 수 없어요.
5978	송이	2026-08-14 18:31:47	SD동물의료센터 서울점	알림톡/브랜드메시지는 관리자센터에서 확인할 수 없어요.
5978	송이	2026-08-14 20:17:07	박재원	송이 보호자
5978	송이	2026-08-14 20:17:07	SD동물의료센터 서울점	채팅 운영시간 안내
5978	송이	2026-08-14 20:17:07	SD동물의료센터 서울점	✅ 본 채널에서는 진료 예약과 입원 환자 사진·안내를 받아보실 수 있습니다. (14:00~16:00, 1회)

📌 다만, 진료·증상 상담은 채널에서 진행하지 않으며, 내원 시 의료진과 직접 상담 부탁드립니다.

더 나은 진료 서비스를 위해 최선을 다하겠습니다. 감사합니다.
5978	송이	2026-08-14 20:17:28	SD동물의료센터 서울점	면회 시간 안내 드립니다.

12:00 ~ 12:50 / 17:30 ~ 19:00

1일 2회 (최대 10분 제한)
- 장소 : 원내 처치실 (입원실)

전화 문의 후 내원 
- 예약 및 전화 접수 불가하며 원내 접수 순으로 진행하고 있으며 병원 상황에 따라 대기 생길 수 있는 점 미리 양해 말씀드립니다.

감사합니다. :)
5978	송이	2026-08-14 20:17:32	SD동물의료센터 서울점	안녕하세요 보호자님

입원 및 면회 관련 안내사항 보내드립니다.
이용에 불편함 없으시도록 참고 부탁드립니다. :)

▶ https://blog.naver.com/sdamc00/223842908205


◎ 우리 병원은 아픈 반려동물의 빠른 회복을 최우선으로 최선의 진료를 시행합니다. ◎

""예상치 못한 응급 상황이나 피치 못할 중환자 관리로 인해 대기 시간이 길어질 수 있는 점""
미리 양해 말씀드리며 너그럽게 양해 부탁드립니다.

보호자분의 따뜻한 배려 늘 감사합니다. :)
5978	송이	2026-08-14 20:23:47	SD동물의료센터 서울점	알림톡/브랜드메시지는 관리자센터에서 확인할 수 없어요.
5978	송이	2026-08-14 20:24:42	SD동물의료센터 서울점	알림톡/브랜드메시지는 관리자센터에서 확인할 수 없어요.
5978	송이	2026-08-15 14:17:23	SD동물의료센터 서울점	사진
5978	송이	2026-08-15 14:17:27	SD동물의료센터 서울점	동영상
5978	송이	2026-08-15 14:17:35	SD동물의료센터 서울점	안녕하세요 송이 보호자님! 송이는 오늘 아침 식이 스스로 잘 먹어주었으며 소변도 잘 보았습니다. 입원장 안에서 수액 맞으며 휴식 중인 영상과 함께 사진 보내드려요! 감사합니다 :)
5978	송이	2026-08-16 14:29:23	SD동물의료센터 서울점	사진
5978	송이	2026-08-16 14:29:26	SD동물의료센터 서울점	동영상
5978	송이	2026-08-16 14:29:27	SD동물의료센터 서울점	안녕하세요 송이 보호자님! 송이는 오늘 아침 식이 먹지 않아 스스로 먹을 수 있도록 장 안에 밥그릇 유지하여 체크 중에 있으며 소변은 보았습니다. 입원장 안에서 수액 맞으면서 휴식 중인 영상과 함께 사진 보내드려요! 감사합니다 :)
5978	송이	2026-08-17 13:17:46	박재원	아까 송이 면회 갔을때 12:30쯤 소변 봤러요!! 말씀드린다면서 깜빡했네요
5978	송이	2026-08-17 13:17:46	SD동물의료센터 서울점	채팅 운영시간 안내
5978	송이	2026-08-17 13:17:46	SD동물의료센터 서울점	✅ 본 채널에서는 진료 예약과 입원 환자 사진·안내를 받아보실 수 있습니다. (14:00~16:00, 1회)

📌 다만, 진료·증상 상담은 채널에서 진행하지 않으며, 내원 시 의료진과 직접 상담 부탁드립니다.

더 나은 진료 서비스를 위해 최선을 다하겠습니다. 감사합니다.
5978	송이	2026-08-17 13:28:33	SD동물의료센터 서울점	네 보호자님 선생님께 전달드리겠습니다. 감사합니다 :)
5978	송이	2026-08-17 14:17:42	SD동물의료센터 서울점	사진
5978	송이	2026-08-17 14:17:45	SD동물의료센터 서울점	동영상
6413	빙고	2024-07-31 13:51:12	설비	빙고 보호자
6413	빙고	2024-07-31 20:12:13	설비	진료시간/영업시간
6413	빙고	2024-07-31 20:12:13	SD동물의료센터 서울점(메뉴)	SD동물의료센터는 24시간 365일 아이들을 돌보고 있습니다.

◼︎ 주간진료 : 오전 10시~오후 10시
◼︎ 야간진료 : 오후 10시~오전 10시
◼︎ 회진시간 : 오후 1시~오후 2시

* 우리 병원은 진료예약 우선제로 예약환자를 우선으로 진료합니다. 
* 예약 없이 내원시, 대기시간이 발생할 수 있는 점 양해부탁드립니다.
* 회진시간에는 입원환자 인계업무로 인해 진료가 불가합니다.  
🚨 응급상황 발생 시, 본원 대표전화(02-2039-0303)로 연락주세요!
6413	빙고	2024-08-01 15:05:48	SD동물의료센터 서울점	사진
6413	빙고	2024-08-01 15:05:55	SD동물의료센터 서울점	동영상
6413	빙고	2024-08-01 15:06:00	SD동물의료센터 서울점	안녕하세요 빙고 보호자님~
빙고는 오늘 아침 아직 먹지 않아서
아이가 좋아할만한 것으로 식이테스트를 진행중입니다.
소변은 보았습니다
현재 빙고는 입원장 안에서 수액 맞으면서 안정 취하고 있습니다. 
아이가 편하게 쉴 수 있도록 주기적으로 확인 하고 있으며, 
오늘도 귀여운 빙고 사진이랑 동영상 보내드립니다~감사합니다:)
6413	빙고	2024-08-01 16:17:57	설비	진료예약
6413	빙고	2024-08-01 16:17:57	SD동물의료센터 서울점(메뉴)	SD동물의료센터 진료 예약을 위해 아래 내용을 채팅에 남겨주세요.

◼︎ 보호자님 성함 / 연락처
◼︎ 반려동물 이름 / 간단한 증상

* 예약에 필요한 간단한 상담이 진행될 수 있습니다.
* 증상과 관련된 자세한 상담은 진료의 부분으로 예약 후 내원시 수의사 선생님과 상담 가능합니다. 
* 채널 상담은 병원 업무와 동시에 진행되어 원내 상황에 따라 빠른 응대가 어려울 수 있습니다. 

문의사항은 본원 대표전화(02-2039-0303)로 연락부탁드립니다.
6413	빙고	2024-08-01 16:18:26	설비	ㅠㅠㅠ 사진 감사합니다ㅜㅜ 5:30 에 면회 예약 되어있어 얼른 보러갈게요! 
6413	빙고	2024-08-01 18:11:43	SD동물의료센터 서울점	4_17_월_+보도참고자료+동물에서+사람으로+전파가능한+SFTS+예방_관리+위한+사람_동물+공동+감시체계+운영_2.pdf
6413	빙고	2024-08-02 14:50:57	SD동물의료센터 서울점	사진
6413	빙고	2024-08-02 14:51:02	SD동물의료센터 서울점	동영상
6413	빙고	2024-08-02 14:51:05	SD동물의료센터 서울점	동영상
6413	빙고	2024-08-02 14:51:07	SD동물의료센터 서울점	안녕하세요 빙고 보호자님! 빙고는 금일 준비한 아침밥을 잘 먹어주었고, 소변은 뇨카테터를 통해 보고있으며 대변은 아직 입니다. 현재는 입원장에서 수혈 진행중이며 지속적으로 아이 바이탈 확인중입니다. 빙고 사진이랑 영상 보내드릴게요 감사합니다!
6413	빙고	2024-08-02 14:52:11	설비	감사합니다 잘 부탁 드립니다😭🙇‍♀️
6413	빙고	2024-08-03 14:29:59	SD동물의료센터 서울점	사진
6413	빙고	2024-08-03 14:30:04	SD동물의료센터 서울점	동영상
6413	빙고	2024-08-03 14:30:07	SD동물의료센터 서울점	안녕하세요 빙고 보호자님! 빙고는 금일 준비한 아침밥을 남겼고, 소변은 뇨카테터를 통해 보고있으며 대변은 아직 입니다. 현재는 입원장에서 수액처치를 받으며 안정을 취하는 중입니다. 빙고 사진이랑 영상 보내드릴게요 감사합니다!
6413	빙고	2024-08-03 14:33:51	설비	감사합니다!!😀🙇‍♀️
6413	빙고	2024-08-04 00:00:16	설비	진료시간/영업시간
6413	빙고	2024-08-04 00:00:16	SD동물의료센터 서울점(메뉴)	SD동물의료센터는 24시간 365일 아이들을 돌보고 있습니다.

◼︎ 주간진료 : 오전 10시~오후 10시
◼︎ 야간진료 : 오후 10시~오전 10시
◼︎ 회진시간 : 오후 1시~오후 2시

* 우리 병원은 진료예약 우선제로 예약환자를 우선으로 진료합니다. 
* 예약 없이 내원시, 대기시간이 발생할 수 있는 점 양해부탁드립니다.
* 회진시간에는 입원환자 인계업무로 인해 진료가 불가합니다.  
🚨 응급상황 발생 시, 본원 대표전화(02-2039-0303)로 연락주세요!
6413	빙고	2024-08-04 14:30:19	SD동물의료센터 서울점	사진
6413	빙고	2024-08-04 14:30:22	SD동물의료센터 서울점	동영상
6413	빙고	2024-08-04 14:30:23	SD동물의료센터 서울점	안녕하세요 빙고 보호자님 빙고 금일 아침식이 급여하였지먼 먹어주지않았고, 소변은 뇨카테터를 통해서 보고 있으며, 대변은 아직 보지않았습니다. 빙고 입원장에서 수액맞으며 휴식하고 있습니다. 빙고 사진과 동영상 보내드리겠습니다. 감사합니다
6413	빙고	2024-08-04 15:19:02	설비	감사합니다 빙고 계속 대변을 안보고 있는거 아닌가요ㅠㅠ… 괜찮을까요…?
소식 전해주셔서 감사합니다
6413	빙고	2024-08-04 15:25:49	SD동물의료센터 서울점	병원 입원 중엔 변을 계속 참는 친구들이 많습니다. 빙고가 먹는 양이 줄어들기도 했고, 방사선 상 대변이 많이 차 있는 상태는 아니라 크게 걱정하진 않으셔도 됩니다:)
6413	빙고	2024-08-04 15:26:21	설비	그렇다면 다행입니다!🥲 감사합니다!!🙇‍♀️
6413	빙고	2024-08-04 15:26:32	SD동물의료센터 서울점	네 감사합니다:)
6413	빙고	2024-08-05 14:02:54	SD동물의료센터 서울점	사진
6413	빙고	2024-08-05 14:02:57	SD동물의료센터 서울점	동영상
6413	빙고	2024-08-05 14:02:58	SD동물의료센터 서울점	안녕하세요 빙고 보호자님 빙고 금일 아침식이 급여 하였지만 먹어주지 않았고, 소변은 뇨카테터를 통해서 보고 있습니다. 대변은 아직 보지 않았습니다. 빙고 입원장에서 수액 맞으며 휴식하고 있습니다. 빙고 사진과 동영상 보내드리겠습니다. 감사합니다
6413	빙고	2024-08-05 14:53:13	설비	ㅜㅜ왜 안먹었을까요…. 곧 남편이 면회갈거예요… 소식감사합니다
6413	빙고	2024-08-05 14:54:38	설비	오시는길 안내
6413	빙고	2024-08-05 14:54:38	SD동물의료센터 서울점(메뉴)	SD동물의료센터 오시는 길 안내드립니다.

◼︎ 주소 
서울특별시 중구 왕십리로 407,
신당파인힐하나유보라 상가 2층

🚗 자동차 이용시, 신당파인힐하나유보라’ 상가 주차장을 이용해주세요. (무료주차 가능합니다.)

🚊 지하철 이용시, 2호선 상왕십리역 6번 출구와 신당역 3번 출구 사이에 위치하고 있습니다.

문의사항은 본원 대표전화(02-2039-0303)로 연락부탁드립니다.
6413	빙고	2024-08-06 13:34:02	SD동물의료센터 서울점	사진
6413	빙고	2024-08-06 13:34:05	SD동물의료센터 서울점	동영상
6413	빙고	2024-08-06 13:34:07	SD동물의료센터 서울점	안녕하세요 빙고 보호자님 빙고 금일 아침식이 급여하였지만 먹어주지 않았습니다. 대,소변도 보았습니다. 빙고 입원장에서 수액 맞으며 휴식하고 있습니다. 빙고 사진과 동영상 보내드리겠습니다. 감사합니다
6413	빙고	2024-08-07 13:26:10	SD동물의료센터 서울점	동영상
6413	빙고	2024-08-07 13:26:22	SD동물의료센터 서울점	동영상
6413	빙고	2024-08-07 13:26:50	SD동물의료센터 서울점	안녕하세요 빙고 보호자님!
빙고 금일 아침 식이 급여 하였으나 잘 먹어주었고, 
소변은 잘 보았습니다 
빙고는 입원장 안에서 수액맞으며 휴식하고 있습니다. 
귀여운 빙고 사진과 동영상 보내드리겠습니다~
감사합니다:)
6413	빙고	2024-08-07 13:30:46	설비	감사합니다! 빙고 고양이랑 자라서 가끔 식빵굽고있는데 그러고 있네요😂 이따 저녁에 들러보겠습니다..! 소식 감사합니다🙇‍♀️
6413	빙고	2024-08-07 13:41:38	SD동물의료센터 서울점	네 나중에 뵙겠습니다
6413	빙고	2024-08-08 13:39:30	SD동물의료센터 서울점	사진
6413	빙고	2024-08-08 13:39:33	SD동물의료센터 서울점	동영상
6413	빙고	2024-08-08 13:39:35	SD동물의료센터 서울점	동영상
6413	빙고	2024-08-08 13:39:36	SD동물의료센터 서울점	안녕하세요 빙고 보호자님 ! 빙고 금일 아침 식이 잘 먹었고  
소변도 잘 보았습니다 현재 수액 맞으면서 휴식 중 입니다 사진 및 영상 보내드려요 ~
6413	빙고	2024-08-08 13:41:11	설비	소식 감사합니다😛🙇‍♀️
6413	빙고	2024-08-13 11:43:05	SD동물의료센터 서울점	24시SD동물의료센터(서울중구)_빙고.pdf
6413	빙고	2024-08-13 11:43:12	SD동물의료센터 서울점	안녕하세요 빙고 보호자님, 이전보다 바이러스 검출 역가는 낮아졌으나 여전히 양성으로 확인되어 일주일 이상은 계속해서 격리해주셔야 할 것 같습니다.
특별한 기력저하 없는 경우 내복약은 추가로 필요하지 않아 일요일 재진 시 처방드린 약만 다 먹여주시면 됩니다. 감사합니다:)
6413	빙고	2024-08-13 12:01:20	설비	아이구ㅠㅠㅠ 네네 감사합니다…!!!🙇‍♀️ 점심 식사 맛있게 하셔요! 
6413	빙고	2024-08-13 12:18:54	SD동물의료센터 서울점	감사합니다 :) 좋은 하루 보내세요 😊
6413	빙고	2026-04-12 12:12:26	SD동물의료센터 서울점	안녕하세요 보호자님

입원 및 면회 관련 안내사항 보내드립니다.
이용에 불편함 없으시도록 참고 부탁드립니다. :)

▶ https://blog.naver.com/sdamc00/223842908205


◎ 우리 병원은 아픈 반려동물의 빠른 회복을 최우선으로 최선의 진료를 시행합니다. ◎

""예상치 못한 응급 상황이나 피치 못할 중환자 관리로 인해 대기 시간이 길어질 수 있는 점""
미리 양해 말씀드리며 너그럽게 양해 부탁드립니다.

보호자분의 따뜻한 배려 늘 감사합니다. :)
6413	빙고	2026-04-12 14:19:56	SD동물의료센터 서울점	사진
6413	빙고	2026-04-12 14:19:59	SD동물의료센터 서울점	동영상
6413	빙고	2026-04-12 14:20:04	SD동물의료센터 서울점	안녕하세요. 빙고 보호자님:) 빙고는 지금 수혈중이며 장 안에서 쉬고있는 사진과 영상 함께 보내드립니다. 감사합니다!
6413	빙고	2026-04-12 14:21:30	설비	안녕하세요! 연락 너무 기다리고 있었습니다. 어제 밤 늦게 응급으로 수혈해서 걱정 많았는데… 다른 문제는 없었던건가요? 기력이 아직 많이 안좋을까요? 밥은 먹나요..??
6413	빙고	2026-04-12 14:21:30	SD동물의료센터 서울점	채팅 운영시간 안내
6413	빙고	2026-04-12 14:21:30	SD동물의료센터 서울점	✅ 본 채널에서는 진료 예약과 입원 환자 사진·안내를 받아보실 수 있습니다. (14:00~16:00, 1회)

📌 다만, 진료·증상 상담은 채널에서 진행하지 않으며, 내원 시 의료진과 직접 상담 부탁드립니다.

더 나은 진료 서비스를 위해 최선을 다하겠습니다. 감사합니다.
6413	빙고	2026-04-13 13:43:34	SD동물의료센터 서울점	사진
6413	빙고	2026-04-13 13:43:37	SD동물의료센터 서울점	동영상
6413	빙고	2026-04-13 13:43:39	SD동물의료센터 서울점	동영상
6413	빙고	2026-04-13 13:43:43	SD동물의료센터 서울점	안녕하세요 빙고 보호자님! 빙고는 전날 식이와 오늘 아침 식이  잘 먹어주었으며 소변도 보았습니다. 현재 입원장에서 휴식 중에 있으며 식이 잘 먹는 영상과 함께 사진 보내드리겠습니다! 감사합니다.
6413	빙고	2026-04-13 13:48:00	설비	아이구 정말 감사드러요…!! 아가 잘 먹네요!! 🥹수혈도 무사히 끝난걸까요?
6413	빙고	2026-04-13 13:48:01	SD동물의료센터 서울점	채팅 운영시간 안내
6413	빙고	2026-04-13 13:48:01	SD동물의료센터 서울점	✅ 본 채널에서는 진료 예약과 입원 환자 사진·안내를 받아보실 수 있습니다. (14:00~16:00, 1회)

📌 다만, 진료·증상 상담은 채널에서 진행하지 않으며, 내원 시 의료진과 직접 상담 부탁드립니다.

더 나은 진료 서비스를 위해 최선을 다하겠습니다. 감사합니다.
6413	빙고	2026-04-14 13:55:19	SD동물의료센터 서울점	사진
6413	빙고	2026-04-14 13:55:21	SD동물의료센터 서울점	동영상
6413	빙고	2026-04-14 13:55:28	SD동물의료센터 서울점	안녕하세요 빙고 보호자님! 빙고는 오늘 아침 식이 잘 먹어주었고, 소변도 보았습니다. 장 안에서 수액 맞으며 휴식 중인 영상과 함께 사진 보내드리겠습니다! 감사합니다 :)
6413	빙고	2026-04-14 18:51:24	SD동물의료센터 서울점	빙고(나설비).pdf
6413	빙고	2026-04-14 18:53:22	SD동물의료센터 서울점	사진
6413	빙고	2026-04-14 18:53:38	SD동물의료센터 서울점	보호자님 안녕하세요. 전화로 안내드린 온라인 결제 링크 보내드립니다. 감사합니다.
6413	빙고	2026-04-14 18:55:18	설비	링크 클릭이 안됩니다ㅜㅜ 사진이네요..?
6413	빙고	2026-04-14 18:55:18	SD동물의료센터 서울점	채팅 운영시간 안내
6413	빙고	2026-04-14 18:55:18	SD동물의료센터 서울점	✅ 본 채널에서는 진료 예약과 입원 환자 사진·안내를 받아보실 수 있습니다. (14:00~16:00, 1회)

📌 다만, 진료·증상 상담은 채널에서 진행하지 않으며, 내원 시 의료진과 직접 상담 부탁드립니다.

더 나은 진료 서비스를 위해 최선을 다하겠습니다. 감사합니다.
6413	빙고	2026-04-14 18:56:32	SD동물의료센터 서울점	[SD동물의료센터서울]
안녕하세요, SD동물의료센터서울입니다.
아래 내용으로 결제를 요청드립니다.
- 결제 금액: 1,248,200원
- 상품명: 진료비
- 판매자: SD동물의료센터서울 (☎ 022-039-0303)

결제는 아래 링크를 통해 진행해 주세요.
▶ https://m.hansolpay.com/6gw67
감사합니다.
6413	빙고	2026-04-14 19:04:47	SD동물의료센터 서울점	보호자님 결제 확인되었습니다. 감사합니다. 내원 시 야간팀에서 인계받아 퇴원 도와드리도록 하겠습니다.
6413	빙고	2026-05-20 15:56:26	SD동물의료센터 서울점	다운로드.egg
6413	빙고	2026-05-20 15:57:06	SD동물의료센터 서울점	안녕하세요 보호자님 빙고 혈액검사/외부검사결과 보내드립니다 감사합니다
6413	빙고	2026-07-19 10:51:12	SD동물의료센터 서울점	[정기적 수신동의 확인 안내]
안녕하세요. SD동물의료센터 서울점 카카오톡 채널입니다.

이 메시지는 정보통신망법에 따라 2년마다 발송되는 광고성 정보 수신동의 확인메시지 입니다.

▶︎ 이전 수신동의일자 : 2024년 7월 31일

앞으로도 유익한 소식과 다양한 혜택으로 찾아 뵙겠습니다.
메시지수신을 원치 않으시면 ""홈 > 채널차단"" 버튼을 눌러주시거나 내 채널 목록에서 차단해주세요.
감사합니다.

6413	빙고	2026-07-25 20:44:36	SD동물의료센터 서울점	안녕하세요 보호자님

입원 및 면회 관련 안내사항 보내드립니다.
이용에 불편함 없으시도록 참고 부탁드립니다. :)

▶ https://blog.naver.com/sdamc00/223842908205


◎ 우리 병원은 아픈 반려동물의 빠른 회복을 최우선으로 최선의 진료를 시행합니다. ◎

""예상치 못한 응급 상황이나 피치 못할 중환자 관리로 인해 대기 시간이 길어질 수 있는 점""
미리 양해 말씀드리며 너그럽게 양해 부탁드립니다.

보호자분의 따뜻한 배려 늘 감사합니다. :)
6413	빙고	2026-07-25 20:44:40	SD동물의료센터 서울점	면회 시간 안내 드립니다.

12:00 ~ 12:50 / 17:30 ~ 19:00

1일 2회 (최대 10분 제한)
- 장소 : 원내 처치실 (입원실)

전화 문의 후 내원 
- 예약 및 전화 접수 불가하며 원내 접수 순으로 진행하고 있으며 병원 상황에 따라 대기 생길 수 있는 점 미리 양해 말씀드립니다.

감사합니다. :)
6413	빙고	2026-07-26 14:28:07	SD동물의료센터 서울점	사진
6413	빙고	2026-07-26 14:28:10	SD동물의료센터 서울점	동영상
6413	빙고	2026-07-26 14:28:15	SD동물의료센터 서울점	안녕하세요 빙고 보호자님! 빙고는 현재 수혈 중이며 아이 상태 면밀히 모니터링 중입니다. 사진과 함께 영상 보내드려요! 감사합니다 :)
6413	빙고	2026-07-27 14:17:42	SD동물의료센터 서울점	사진
6413	빙고	2026-07-27 14:17:44	SD동물의료센터 서울점	동영상
6413	빙고	2026-07-27 14:17:57	SD동물의료센터 서울점	안녕하세요 빙고 보호자님~ 빙고는 수혈종료후 대,소변도 잘보고 밥도 잘먹었습니다. 현재는 입원장에서 휴식을 취하고 있습니다. 사진 및 영상 보내드려요 :)
6413	빙고	2026-07-27 21:07:20	SD동물의료센터 서울점	안녕하세요 빙고보호자님, 11시경 퇴원 오신다고 하셔서 수혈 후 결과 상담드리려 연락드렸으나 전화 받지 못하셔서 카톡남겨드립니다!
기존 6.5% -> 16%로 목표한 10%정도의 빈혈수치 상승 확인되었습니다. 현재까지는 밥 잘먹고 특이사항 없으나 수혈 후 1주일 내에는 일부 깨진 적혈구들이 소변으로 나오면서 혈뇨를 보는 경우가 있습니다. 이상뇨 확인되는 경우 사진 촬영해서 병원으로 연락주시면 되고, 일전에 말씀드린 것처럼 퇴원 시 진드기 예방 외용제 별도로 챙겨드리도록 하겠습니다. 여행날 오전에 발라주시면 됩니다. 감사합니다:)
6413	빙고	2026-07-28 14:00:16	SD동물의료센터 서울점	(광고)7월의 SD링크가 도착했어요.
6413	빙고	2026-08-04 14:24:49	SD동물의료센터 서울점	사진
6413	빙고	2026-08-04 14:24:51	SD동물의료센터 서울점	동영상
6413	빙고	2026-08-04 14:24:53	SD동물의료센터 서울점	안녕하세요 빙고 보호자님~ 빙고는 오늘 오전 식이 절반정도 먹었고 현재는 입원장에서 수액을 맞으며 휴식을 취하고 있습니다. 사진 및 영상 보내드려요 :)
6413	빙고	2026-08-04 22:44:28	SD동물의료센터 서울점	안녕하세요 보호자님, 빙고 주치의 입니다. 빙고는 스스로 밥을 먹어주지 않아서 식이 갈아서 급여진행하였고, 체온/혈압/호흡수는 특이사항 없이 잘 유지 중입니다. 
전화로 안내드린 것처럼 면역매개성 혈소판 감소증에 준해 면역억제제, 혈소판생성자극제, 응고인자 보충 등의 처치와 기존에 복용하던 철분제 처치까지 함께 진행 중입니다. 직접 면회오실 수 없어서 많이 답답하시겠지만, 저희가 상태 잘 모니터링하면서 필요 시 연락드리겠습니다. 내일 점심경 아이 상태관련해서 따로 전화연락드리겠습니다. 감사합니다.
6413	빙고	2026-08-04 22:45:55	설비	선생님 감사합니다! 연락 기다리고 있었는데, 무소식이 희소식이지 않을까 싶었습니다. 감사합니다.. 특이사항 없다는 말에도 안심이 되네요. 늦은시간에 감사합니다
6413	빙고	2026-08-04 22:45:55	SD동물의료센터 서울점	채팅 운영시간 안내
6413	빙고	2026-08-04 22:45:55	SD동물의료센터 서울점	✅ 본 채널에서는 진료 예약과 입원 환자 사진·안내를 받아보실 수 있습니다. (14:00~16:00, 1회)

📌 다만, 진료·증상 상담은 채널에서 진행하지 않으며, 내원 시 의료진과 직접 상담 부탁드립니다.

더 나은 진료 서비스를 위해 최선을 다하겠습니다. 감사합니다.
6413	빙고	2026-08-05 13:37:40	SD동물의료센터 서울점	사진
6413	빙고	2026-08-05 13:37:44	SD동물의료센터 서울점	동영상
6431	링고	2026-08-02 13:37:07	SD동물의료센터 서울점	✅ 본 채널에서는 진료 예약과 입원 환자 사진·안내를 받아보실 수 있습니다. (14:00~16:00, 1회)

📌 다만, 진료·증상 상담은 채널에서 진행하지 않으며, 내원 시 의료진과 직접 상담 부탁드립니다.

더 나은 진료 서비스를 위해 최선을 다하겠습니다. 감사합니다.
6431	링고	2026-08-02 13:37:07	김상용	링고
6431	링고	2026-08-02 13:37:07	SD동물의료센터 서울점	채팅 운영시간 안내
6431	링고	2026-08-02 13:39:02	김상용	동영상
6431	링고	2026-08-02 13:39:02	SD동물의료센터 서울점	채팅 운영시간 안내
6431	링고	2026-08-02 13:39:02	SD동물의료센터 서울점	✅ 본 채널에서는 진료 예약과 입원 환자 사진·안내를 받아보실 수 있습니다. (14:00~16:00, 1회)

📌 다만, 진료·증상 상담은 채널에서 진행하지 않으며, 내원 시 의료진과 직접 상담 부탁드립니다.

더 나은 진료 서비스를 위해 최선을 다하겠습니다. 감사합니다.
6431	링고	2026-08-02 13:39:24	김상용	동영상
6431	링고	2026-08-02 13:39:24	SD동물의료센터 서울점	채팅 운영시간 안내
6431	링고	2026-08-02 13:39:24	SD동물의료센터 서울점	✅ 본 채널에서는 진료 예약과 입원 환자 사진·안내를 받아보실 수 있습니다. (14:00~16:00, 1회)

📌 다만, 진료·증상 상담은 채널에서 진행하지 않으며, 내원 시 의료진과 직접 상담 부탁드립니다.

더 나은 진료 서비스를 위해 최선을 다하겠습니다. 감사합니다.
6431	링고	2026-08-02 13:41:11	김상용	딱딱 털듯이 부자연스럽거나 깽깽이로 엉거주춤

저번에는 이정도가 아니었는데

보조기가 이번주라 하셨는데 붕대풀어놓을까요?
6431	링고	2026-08-02 13:41:11	SD동물의료센터 서울점	채팅 운영시간 안내
6431	링고	2026-08-02 13:41:11	SD동물의료센터 서울점	✅ 본 채널에서는 진료 예약과 입원 환자 사진·안내를 받아보실 수 있습니다. (14:00~16:00, 1회)

📌 다만, 진료·증상 상담은 채널에서 진행하지 않으며, 내원 시 의료진과 직접 상담 부탁드립니다.

더 나은 진료 서비스를 위해 최선을 다하겠습니다. 감사합니다.
6431	링고	2026-08-02 13:52:57	SD동물의료센터 서울점	확인 후 연락드리겠습니다.
감사합니다.
6431	링고	2026-08-02 13:53:24	김상용	고맙습니다
6431	링고	2026-08-02 13:53:24	SD동물의료센터 서울점	채팅 운영시간 안내
6431	링고	2026-08-02 13:53:25	SD동물의료센터 서울점	✅ 본 채널에서는 진료 예약과 입원 환자 사진·안내를 받아보실 수 있습니다. (14:00~16:00, 1회)

📌 다만, 진료·증상 상담은 채널에서 진행하지 않으며, 내원 시 의료진과 직접 상담 부탁드립니다.

더 나은 진료 서비스를 위해 최선을 다하겠습니다. 감사합니다.
6431	링고	2026-08-02 15:15:37	김상용	링고
발톱하고 발은 꼭 털좀깎아주세요

잊고전달못할까봐요
6431	링고	2026-08-02 15:15:37	SD동물의료센터 서울점	채팅 운영시간 안내
6431	링고	2026-08-02 15:15:37	SD동물의료센터 서울점	✅ 본 채널에서는 진료 예약과 입원 환자 사진·안내를 받아보실 수 있습니다. (14:00~16:00, 1회)

📌 다만, 진료·증상 상담은 채널에서 진행하지 않으며, 내원 시 의료진과 직접 상담 부탁드립니다.

더 나은 진료 서비스를 위해 최선을 다하겠습니다. 감사합니다.
6431	링고	2026-08-02 15:17:59	김상용	발등도  전체관리 꼭좀부탁드립니다
6431	링고	2026-08-02 15:17:59	SD동물의료센터 서울점	채팅 운영시간 안내
6431	링고	2026-08-02 15:17:59	SD동물의료센터 서울점	✅ 본 채널에서는 진료 예약과 입원 환자 사진·안내를 받아보실 수 있습니다. (14:00~16:00, 1회)

📌 다만, 진료·증상 상담은 채널에서 진행하지 않으며, 내원 시 의료진과 직접 상담 부탁드립니다.

더 나은 진료 서비스를 위해 최선을 다하겠습니다. 감사합니다.
6431	링고	2024-08-01 15:33:27	진	안녕하세요!
6431	링고	2024-08-01 15:36:38	진	진료예약
6431	링고	2024-08-01 15:36:38	SD동물의료센터 서울점(메뉴)	SD동물의료센터 진료 예약을 위해 아래 내용을 채팅에 남겨주세요.

◼︎ 보호자님 성함 / 연락처
◼︎ 반려동물 이름 / 간단한 증상

* 예약에 필요한 간단한 상담이 진행될 수 있습니다.
* 증상과 관련된 자세한 상담은 진료의 부분으로 예약 후 내원시 수의사 선생님과 상담 가능합니다. 
* 채널 상담은 병원 업무와 동시에 진행되어 원내 상황에 따라 빠른 응대가 어려울 수 있습니다. 

문의사항은 본원 대표전화(02-2039-0303)로 연락부탁드립니다.
6431	링고	2024-08-01 15:43:44	SD동물의료센터 서울점	안녕하세요 보호자님, 문의사항 있으실까요? :)
6431	링고	2024-08-01 15:45:03	진	유선으로 통화 완료하였습니다! 고맙습니다 :)
6431	링고	2024-08-01 15:48:03	SD동물의료센터 서울점	감사합니다 ^^
6431	링고	2024-08-22 12:44:39	진	진료예약
6431	링고	2024-08-22 12:44:39	SD동물의료센터 서울점(메뉴)	SD동물의료센터 서울점 진료 예약을 위해 아래 내용을 채팅에 남겨주세요.

◼︎ 보호자님 성함 / 연락처
◼︎ 반려동물 이름 / 간단한 증상

* 예약에 필요한 간단한 상담이 진행될 수 있습니다.
* 증상과 관련된 자세한 상담은 진료의 부분으로 예약 후 내원시 수의사 선생님과 상담 가능합니다. 
* 채널 상담은 병원 업무와 동시에 진행되어 원내 상황에 따라 빠른 응대가 어려울 수 있습니다. 

문의사항은 본원 대표전화(02-2039-0303)로 연락부탁드립니다.
6431	링고	2024-08-22 12:45:04	진	김민진 01090550745
링고/슬개골 외래 진료 후 수술 희망
6431	링고	2024-08-22 12:45:31	진	9월 21일 토요일 3-4시경으로 예약 희망합니다
6431	링고	2024-08-22 12:50:36	SD동물의료센터 서울점	안녕하세요 링고 보호자님 :)
9월 21일은 외과 선생님 휴진으로 진료가 어렵습니다. 주말 중 가능하신 거라면 22일 일요일 가능하십니다.
6431	링고	2024-08-22 13:00:03	진	네 그럼 22일 시간은 언제가 가능할까요?
6431	링고	2024-08-22 13:00:08	진	오전에 좋습니다!
6431	링고	2024-08-22 13:04:18	SD동물의료센터 서울점	22일 오전은 10시, 11시, 12시 가능하십니다. 
이날 당일 수술은 불가능하시며 진료 후 수술 예약 도와드릴 수 있습니다!  일정 괜찮으신가요~?
6431	링고	2024-08-22 13:08:56	진	네네 그렇게 하려고 하고있습니다! 그러면 일요일 11시로 부탁드립니다!
6431	링고	2024-08-22 13:09:40	SD동물의료센터 서울점	네 보호자님 9월 22일 일요일 11시에 뵙도록 하겠습니다 :)
6431	링고	2024-08-22 13:10:02	진	고맙습니다!
6431	링고	2024-08-22 13:10:14	SD동물의료센터 서울점	감사합니다. 좋은 하루 보내세요~^^
6431	링고	2024-08-28 15:21:39	진	안년하세요!
6431	링고	2024-08-28 15:22:03	진	혹시 외래예약을 이번주 일요일로 변경 가능한지  해서 연락드립니다
6431	링고	2024-08-28 15:22:18	진	링고 9월 22일 11시로 예약되어있습니자!
6431	링고	2024-08-28 15:38:08	SD동물의료센터 서울점	안녕하세요 9/1일 일요일 말씀하시는게 맞으실까요? 이날은 오후 3시반 예약이 가능하세요
6431	링고	2024-08-28 15:38:43	진	네!
6431	링고	2024-08-28 15:38:49	진	그럼 그 때로 변경 도와주세요~!
6431	링고	2024-08-28 15:40:50	SD동물의료센터 서울점	네 이날 당일도 수술상담만 가능하시고 수술예약은 추후에 예약도와드리겠습니다 :)
6431	링고	2024-08-28 15:41:51	진	수술 예약도 외래 후에 바로 잡을 겁니다!
6431	링고	2024-08-28 15:42:38	SD동물의료센터 서울점	네 :)
6431	링고	2024-08-28 16:16:01	진	고맙습니다 :)
6431	링고	2024-08-28 16:16:23	진	이번주 일요일 3시반으로 그럼 뵙겠습니다
6431	링고	2024-08-28 16:23:29	SD동물의료센터 서울점	네 보호자님 9월 1일 일요일 3시30분에 뵙겠습니다.
감사합니다 ^^
6431	링고	2024-08-28 16:23:35	진	네!
6431	링고	2024-09-11 13:49:25	진	안녕하세요!
6431	링고	2024-09-11 13:50:15	진	다름이 아니라 링고 슬개골 수술이 9월 20일입니다만 수술 당시에 다리쪽과 혹시 엉덩이쪽 털을 밀어주시나 해서요! 수술 후 관리 때문에 여쭙니다:)
6431	링고	2024-09-11 14:35:13	SD동물의료센터 서울점	안녕하세요 링고 보호자님 :)
링고는 양측 수술예정이라 엉덩이부터 하반신 삭모될 예정입니다.
6431	링고	2024-09-11 14:40:08	진	아 그렇군요 미리 해서 가야하나해서 여쭤봤습니다! 그럼 20일에 뵙겠습니다!
6431	링고	2024-09-11 15:07:50	SD동물의료센터 서울점	네 보호자님 :) 20일에 뵙도록 하겠습니다 ~
감사합니다.
6431	링고	2024-09-20 12:02:15	진	링고
6431	링고	2024-09-20 18:40:50	SD동물의료센터 서울점	사진
6431	링고	2024-09-20 18:40:54	SD동물의료센터 서울점	안녕하세요 링고 보호자님! 링고 현재 수술 잘 끝났고, 마취도 잘 깻습니다. 링고 사진 보내드릴게요 감사합니다!
6431	링고	2024-09-20 18:42:04	진	감사합니다 잘 부탁드립니다ㅜㅜ
6431	링고	2024-09-21 13:31:12	진	안녕하세요 혹시 링고 아직도 아무것도 안먹은 상태일까요?
6431	링고	2024-09-21 15:52:36	SD동물의료센터 서울점	사진
6431	링고	2024-09-21 15:52:43	SD동물의료센터 서울점	동영상
6431	링고	2024-09-21 15:52:45	SD동물의료센터 서울점	안녕하세요 링고 보호자님 ~ 애기 오늘 아침 식이는 먹어주지 않았고 대변은 아직 보지 않았으나 소변은 잘 보았습니다 현재는 수액 맞으면서 휴식 중 입니다 사진 및 영상 보내드려요 ~
6431	링고	2024-09-21 15:53:09	SD동물의료센터 서울점	원내 맛있는 식이로 급여 시도 해볼까요 보호자님 ??
6431	링고	2024-09-21 15:53:35	진	제가 면회 때 가져다 놓은 닭고기랑 고구마도 안먹나요?
6431	링고	2024-09-21 15:54:01	진	저희 면회 끝나면 바로 링고한테 준다고 하셨는데..
6431	링고	2024-09-21 15:57:55	SD동물의료센터 서울점	네 바로 급여 했는데
6431	링고	2024-09-21 15:57:58	SD동물의료센터 서울점	안먹네요 ㅠㅠ
6431	링고	2024-09-21 15:58:38	진	링고가 가장 잘먹는 고구마랑 닭가슴살이라서 내일 또 시도해주세욤
6431	링고	2024-09-21 15:58:55	진	병원거는 어차피 안먹을거예요
6431	링고	2024-09-21 16:00:04	진	ㅜ케이지 안에다가 그냥 놔주시면 안되는걸까요? 고구마랑 닭가슴살 두면 먹을거라서요
6431	링고	2024-09-21 16:00:47	SD동물의료센터 서울점	네 보호자님, 해당내용 입원실 선생님께 전달드리도록하겠습니다.
6431	링고	2024-09-21 16:01:11	진	네네 두면 나중에라도 먹을거라서 꼭 좀 부탁드립니다
6431	링고	2024-09-22 14:00:53	SD동물의료센터 서울점	사진
6431	링고	2024-09-22 14:00:58	SD동물의료센터 서울점	동영상
6431	링고	2024-09-22 14:01:01	SD동물의료센터 서울점	안녕하세요 링고 보호자님! 링고는 금일 준비한 아침밥을 먹어주지 않았고, 소변은 보았고 대변은 아직 입니다. 현재는 입원장에서 수액처치를 받으며 안정을 취하는 중입니다. 링고 사진이랑 영상 보내드릴게요 감사합니다!
6431	링고	2024-09-22 14:02:47	진	안녕하세요 제가 치즈랑 간식 조금있다가 가지고 방문할 예정입니다
링고 혹시 몸을 혼자서 방향을 바꿀 수 있나요?
아까 방문했을때랑 몸상태가 같아서요
6431	링고	2024-09-22 14:03:17	진	몸을 선생님들이 방향을 움직여주셔야한다면 번거롭고 힘드시겠지만 자주자주 좀 부탁드릴게요ㅠㅠ
6431	링고	2024-09-22 14:11:51	SD동물의료센터 서울점	안녕하세요 링고 보호자님 링고 현재는 잘 누워서 쉬고 있는 중입니다!
6431	링고	2024-09-22 14:13:23	SD동물의료센터 서울점	사진
6431	링고	2024-09-22 14:14:07	진	고맙습니다!!
6431	링고	2024-09-23 15:47:40	SD동물의료센터 서울점	사진
6431	링고	2024-09-23 15:47:42	SD동물의료센터 서울점	동영상
6431	링고	2024-09-23 15:47:44	SD동물의료센터 서울점	안녕하세요 링고 보호자님 링고 금일 아침식이 급여하였지만 먹어주지 않았고, 대,소변은 아직 보지 않았습니다. 링고 입원장에서 수액 맞으며 휴식하고 있습니다. 링고 사진과 동영상 보내드리겠습니다. 감사합니다
6431	링고	2024-09-23 15:49:50	진	안녕하세요! 링고가 손으로 주면 먹지 않아서 안에 두면 먹을수있는데 그래도 안먹나보네요ㅜ쉬도 오늘은 안했다니.. 응가를 금요일 ㅇ수술 후 여태 안했는데 문제는 없는걸까요? 보통 밥 안먹는 아이들은 그런가요?ㅠㅠ
6431	링고	2024-09-23 15:51:38	SD동물의료센터 서울점	네 보호자님, 주치의선생님께 확인 후 답변드리도록하겠습니다 :)
6431	링고	2024-09-23 15:53:16	진	바쁘신데 감사합니다ㅜㅜ
6431	링고	2024-09-23 21:03:33	진	안녕하세요! 링고 9시에 심장약 먹이는 타임인데 그때 약먹이고 주사기로 물 좀 마시게 해주시면 감사하겠습니다ㅜㅜ
6431	링고	2024-09-23 21:04:07	진	다른애들보다 물을 많이 마시는 애여서요
6431	링고	2024-09-23 21:23:23	SD동물의료센터 서울점	내용 전달하겠습니다. :)
6431	링고	2024-09-23 21:24:13	진	늦으시간인데도 수고가 많으십니다ㅜㅜ전달해주셔서 너무너무 감사합니다! 
6431	링고	2024-09-24 11:26:16	SD동물의료센터 서울점	동영상
6431	링고	2024-09-24 11:26:46	진	어머나어머나 링고 밥 먹었네요!!!!
6431	링고	2024-09-24 11:26:46	SD동물의료센터 서울점	보호자님 :) 링고 오늘 손으로 주니 잘 받아먹었습니다~ 아이 밥 안먹어서 걱정되실까봐 동영상 보내드립니다!
6431	링고	2024-09-24 11:26:49	진	감사합니다 ㅜㅠㅠㅜㅜㅜㅜ
6431	링고	2024-09-24 11:26:52	진	ㅜㅜㅜㅜㅜㅜ
6431	링고	2024-09-24 14:38:51	SD동물의료센터 서울점	동영상
6431	링고	2024-09-24 14:38:57	SD동물의료센터 서울점	사진
6431	링고	2024-09-24 14:38:59	SD동물의료센터 서울점	안녕하세요 링고 보호자님!
오늘 링고는 아침 식이 잘 먹어 주었고.
소변은 잘 보았습니다.
현재는 입원장 안에서 수액을 맞으며 휴식 취하고 있습니다.
귀여운 링고 사진과 영상 보내드릴게요
감사합니다:)
6431	링고	2024-09-24 14:40:16	진	링고 쿠션 다시 넣어주셨네요! 감사합니다~!! 내일 퇴원 때 뵐게요!!!
6431	링고	2024-09-25 17:18:14	진	안녕하세요! 덕분에 링고 잘 퇴원했습니다! 수고 정말 많으셨어요~! 다름이 아니라 혹시 실밥 제거시에도 비용이 측정되나요~? 수술은 처음이라 생각하지 못한 부분에서 비용이 청구가 되어있어서 혹시나 해서 여쭤봅니다! :)
6431	링고	2024-09-25 17:58:52	SD동물의료센터 서울점	안녕하세요 보호자님, 실밥제거비용은 추후에 5500원 발생됩니다 :)
6431	링고	2024-09-25 18:50:08	진	안내 감사합니다!! :)
6431	링고	2024-09-30 10:18:12	진	안녕하세요 선생님! 혹시 공휴일에 진료비가 상이한가요?
그리고 내과 외과 선생님 두분 같이 보게되면 진료비용이 두번 청구되는지요? :)
6431	링고	2024-09-30 10:31:53	SD동물의료센터 서울점	안녕하세요 보호자님, 공휴일 및 평일 진료비는 동일합니다. 또한, 선생님 두분이 보시게되면 진료비는 두 번 청구됩니다. 감사합니다 :)
6431	링고	2024-09-30 10:33:24	진	네 답변 고맙습니다!:)
6431	링고	2024-10-13 08:07:10	진	진료예약
6431	링고	2024-10-13 08:07:10	SD동물의료센터 서울점(메뉴)	SD동물의료센터 서울점 진료 예약을 위해 아래 내용을 채팅에 남겨주세요.

◼︎ 보호자님 성함 / 연락처
◼︎ 반려동물 이름 / 간단한 증상

* 예약에 필요한 간단한 상담이 진행될 수 있습니다.
* 증상과 관련된 자세한 상담은 진료의 부분으로 예약 후 내원시 수의사 선생님과 상담 가능합니다. 
* 채널 상담은 병원 업무와 동시에 진행되어 원내 상황에 따라 빠른 응대가 어려울 수 있습니다. 

문의사항은 본원 대표전화(02-2039-0303)로 연락부탁드립니다.
6431	링고	2024-10-13 08:08:42	진	김민진/01090550745
링고/슬개골 외래 수술 경과 및 심장 내과 초음파11월 17일 일요일 오전 10시-11시경 예약 원합니다.
6431	링고	2024-10-13 08:08:42	SD동물의료센터 서울점	채팅 운영시간 안내
6431	링고	2024-10-13 08:08:42	SD동물의료센터 서울점	지금은 답변(채팅)이 가능한 시간이 아닙니다. 🌃
야간 중 채널 확인 및 전송이 불가능하오니 내용을 남겨주시면 채팅이 가능한 시간에 순차적으로 답변드리겠습니다.
아이들의 편한 휴식과 보다 더 안정된 회복을 위하여 집중하겠습니다.
감사합니다. 😊
6431	링고	2024-10-13 09:55:22	SD동물의료센터 서울점	안녕하세요 링고 보호자님 :)
일요일은 김규창 원장님 외과진료는 가능하지만 최우주 원장님은 고정 휴진으로 내과진료는 어렵습니다.
6431	링고	2024-10-13 11:18:25	진	그러면 두분 다 가능한 날은 주말은 안되겠네요~?ㅠㅠ
6431	링고	2024-10-13 11:27:19	SD동물의료센터 서울점	네 맞습니다 ㅠㅠ
6431	링고	2024-10-13 12:55:28	진	넵 그러면 13일 수요일이나 14일 목요일은 두분 진료 모두 볼 수 있나요? :)
6431	링고	2024-10-13 13:01:55	SD동물의료센터 서울점	수요일은 최우주 원장님 휴진이시고 목요일에 가능하십니다 :)
6431	링고	2024-10-13 13:02:23	진	네 그러면 목요일 오전 되는시간이 어떻게 될까욤?
6431	링고	2024-10-13 13:02:55	SD동물의료센터 서울점	10시 30분 외과 / 11시 내과 진료  시간 어떠실까요?
6431	링고	2024-10-13 13:03:14	진	네네 그럼 그렇게 부탁드립니다!
6431	링고	2024-10-13 13:03:34	SD동물의료센터 서울점	11월 14일 목요일 10시 30분에 뵙도록 하겠습니다.
감사합니다 :)
6431	링고	2024-10-13 15:18:19	진	네!:)
6431	링고	2024-10-19 09:35:47	진	안녕하세요! 혹시 광견병 주사 나라에서 지원하는 프로그램 여기 병원도 하고있나요~? 
6431	링고	2024-10-19 09:39:27	SD동물의료센터 서울점	안녕하세요 보호자님, 안타깝게도 저희병원은 해당병원이 아닙니다. ㅠ 진행하는 병원은 관할 자치구 홈페이지에서 확인이 가능하시다고합니다. 참고부탁드립니다 :)
6431	링고	2024-10-19 09:39:48	진	아 네넹!!! 답변 고맙습니다:)
6431	링고	2024-10-19 09:39:54	SD동물의료센터 서울점	네 감사합니다 :)
6431	링고	2024-10-31 10:48:50	진	안녕하세요! 혹시 내과랑 외과 진료가 금요일에 모두 가능한가요~!
6431	링고	2024-10-31 10:49:06	진	11월 14일 내원이 어려울 것 같아서요ㅠ
6431	링고	2024-10-31 10:52:59	SD동물의료센터 서울점	안녕하세요 보호자님 :) 금요일이라고 하시면 15일을 말씀하시는걸까요?
6431	링고	2024-10-31 10:53:15	진	넵! 11월 15일이요:)
6431	링고	2024-10-31 11:04:31	SD동물의료센터 서울점	네 오전 10시 11시 12시  중 가능하세요 :)
6431	링고	2024-10-31 11:45:55	진	그러면 11시로 변경 부탁드립니다!
6431	링고	2024-10-31 11:47:00	SD동물의료센터 서울점	네 15일 오전 11시로 변경도와드렸습니다 감사합니다 :)
6431	링고	2024-10-31 11:49:04	진	고맙습니다 :)
6431	링고	2024-11-15 11:59:59	SD동물의료센터 서울점	김민진님 링고.zip
6431	링고	2024-11-15 12:00:07	SD동물의료센터 서울점	링고 보호자님 방사선 자료 보내드립니디 :)
6431	링고	2024-12-15 09:47:41	진	안녕하세요! 혹시 링고 진료 예약이 언제였는지 확인 좀 부틱드립니다!
6431	링고	2024-12-15 09:51:40	SD동물의료센터 서울점	안녕하세요 보호자님, 링고는 12/19 오전 10시반에 예약되어있으십니다. 감사합니다 :)
6431	링고	2024-12-15 09:55:18	진	넵!! 고맙습니다! 그리고 링고 수술하기 전 엑스레이와 수술직후 엑스레이 다 받아볼수있을까요~?
6431	링고	2024-12-15 10:01:21	SD동물의료센터 서울점	링고(수술전).zip
6431	링고	2024-12-15 10:01:21	SD동물의료센터 서울점	링고(수술후).zip
6431	링고	2024-12-15 10:01:36	SD동물의료센터 서울점	네 보호자님, 요청하신 자료 보내드립니다 :)
6431	링고	2024-12-15 11:16:49	진	감사합니다!!
6431	링고	2025-01-18 13:50:49	진	안녕하세요 혹시 링고 다음주 금요일 시간이 10시 맞을까요?
6431	링고	2025-01-18 14:08:22	SD동물의료센터 서울점	네 보호자님 :) 링고 진료 예약일정은 
1월 24일 (금요일) 오전 10:00시로 확인됩니다. ^^
6431	링고	2025-01-18 15:04:46	진	혹시 그날 9시 50분정도로도 가능한가요? 이후 일정이 있어 좀 빠듯할 것 같아서요!
6431	링고	2025-01-18 15:06:53	SD동물의료센터 서울점	넵 가능하세요~!
6431	링고	2025-01-18 15:16:37	진	그럼 10분만 당겨주시면 고맙겠습니다! :)
6431	링고	2025-01-18 15:16:55	SD동물의료센터 서울점	네 미리 연락 남겨주셔서 감사합니다 ^^

변경 도와드렸습니다.
6431	링고	2025-01-18 15:17:14	진	감사합니다:)
6431	링고	2025-01-23 15:49:18	진	안녕하세요! 혹시 내일 링고 진료전에 예약이 되어있나요?
6431	링고	2025-01-23 15:49:31	진	좀 빨리 가게되면 진료 받을수있는지 해서요!
6431	링고	2025-01-23 16:35:41	SD동물의료센터 서울점	안녕하세요 보호자님, 링고 내일 진료예약이10시로 되어있으며, 진료가능하신 가장빠른시간으로 확인됩니다. 감사합니다 :)
6431	링고	2025-01-23 16:38:19	진	엇 9시 50분으로 변경했었습니다!
6431	링고	2025-01-23 16:45:28	SD동물의료센터 서울점	앗! 네 보호자님, 9시50분 맞으시며, 제일 빠른시간입니다. 감사합니다 :)
6431	링고	2025-01-23 16:45:49	진	아 네넵 ㅜㅠ
6431	링고	2025-02-18 18:53:53	진	안녕하세요 선생님! 혹시 링고 마지막에 찍었던 엑스레이 사진 좀 받아볼 수 있을까요~? :)
6431	링고	2025-02-18 19:34:47	SD동물의료센터 서울점	사진
6431	링고	2025-02-18 19:35:05	SD동물의료센터 서울점	안녕하세요 보호자님, 요청하신 링고 1월 24일 엑스레이 사진 보내드립니다 :)
6431	링고	2025-02-18 19:35:19	진	감사합니다!!!
6431	링고	2025-02-18 19:35:27	SD동물의료센터 서울점	감사합니다 ^^
6431	링고	2025-04-09 20:11:17	진	안녕하세요! 선생님 혹시 링고 내과 진료가 언제 인지 알수있을까요?
6431	링고	2025-04-09 20:20:37	SD동물의료센터 서울점	안녕하세요 링고 보호자님 :)
4월 24일 오전 10시 최우주 원장님 예약입니다 ~
6431	링고	2025-04-09 20:22:54	진	늦으시간에도 답변 감사합니다^^
6431	링고	2025-04-09 20:33:17	SD동물의료센터 서울점	감사합니다. 좋은 하루 보내세요  :)
6431	링고	2025-04-25 14:11:05	진	안녕하세요 링고 어제 진료본 것 보험 청구하려하는데 pdf파일? 받을 수 있을까요?
6431	링고	2025-04-25 14:21:48	SD동물의료센터 서울점	링고(김민진님) 4.24 청구서.pdf
6431	링고	2025-04-25 14:21:56	SD동물의료센터 서울점	안녕하세요 보호자님, 요청하신 청구서 전달드립니다. 감사합니다 :)
6431	링고	2025-04-25 14:22:38	진	내용에 심장(6개월 이내)
6431	링고	2025-04-25 14:22:47	진	이건 뺄 수 없는건가요..?ㅠㅠ
6431	링고	2025-04-25 14:26:29	SD동물의료센터 서울점	링고(김민진님) 4.24 청구서.pdf
6431	링고	2025-04-25 14:26:36	SD동물의료센터 서울점	보호자님 수정해드렸습니다! 확인부탁드립니다 :)
6431	링고	2025-04-25 14:27:25	진	감사합니다!!!!!!!!
6431	링고	2025-04-25 14:27:43	SD동물의료센터 서울점	네 보호자님, 오늘도 좋은하루되세요 :)
6431	링고	2025-04-25 14:27:53	진	선생님도 좋은 하루되세욤!!! ^^
6431	링고	2025-04-25 14:30:33	SD동물의료센터 서울점	감사합니다 :)
6431	링고	2025-08-13 10:36:40	진	IMG_0072.MOV
6431	링고	2025-08-13 10:37:12	진	안녕하세요 선생님! 다름이 라니라 링고 배에서 이런 소리가 크게 들리고 기지개 자세를 하고 밥을 아침부터 못먹고 자기 자리에 앉아있지 못하는 상황입니다ㅜ
6431	링고	2025-08-13 10:37:33	진	이런 상황 응급 인가요?ㅠ
6431	링고	2025-08-13 10:37:40	진	사진
6431	링고	2025-08-13 10:39:19	SD동물의료센터 서울점	보호자님. 금일 원장님이 휴진이시라 다른 선생님께 확인받고 답변 드릴 수 있을 것 같습니다.
6431	링고	2025-08-13 10:39:37	진	넵 한번 부탁드립니다!ㅠㅠ
6431	링고	2025-08-13 10:45:25	SD동물의료센터 서울점	보여주신 증상은 복부 불편감/통증에 의한 것으로 보입니다. 해당증상을 보이면서 밥을 안먹고 안절부절 못하는 증상이 지속된다면 복부에 통증을 유발할 수 있는 원인 (장염, 췌장염 등)의 감별이 필요할 수있어 내원이 필요합니다.
6431	링고	2025-08-13 10:46:07	진	네 어제 딱히 먹은게 특별하게 없는데 이럴 수 있나요ㅠ 
6431	링고	2025-08-13 10:46:16	진	오전지켜보고 계속 그러면 내원하겠습니다!
6431	링고	2025-08-13 10:46:19	진	감사합니다 ㅠㅠ
6431	링고	2025-08-13 15:01:31	SD동물의료센터 서울점	사진
6431	링고	2025-08-13 15:01:32	SD동물의료센터 서울점	링고 보호자님~ 링고는 현재 수액 맞으면서 잘 입원하고 있습니다. 링고 사진이랑 영상 보내드립니다:)
6431	링고	2025-08-13 15:01:34	SD동물의료센터 서울점	동영상
6431	링고	2025-08-13 15:02:05	진	ㅠㅠ링고가 쿠션에 안올라가네요?
6431	링고	2025-08-13 15:02:12	진	안떠나요? 아까 떨어서 담요 부탁드렸는데 ㅜ
6431	링고	2025-08-13 15:03:04	SD동물의료센터 서울점	네ㅜㅜ 쿠션에 안 올라가고 나와서 옆에만 앉아있네요! 담요 덮어주도록 하겠습니다:)
6431	링고	2025-08-13 15:03:34	진	넵ㅠㅠ감사합니다!
6431	링고	2025-08-13 15:04:47	SD동물의료센터 서울점	사진
6431	링고	2025-08-13 15:05:08	진	ㅜㅜㅋㅋ 감사합니다!!
6431	링고	2025-08-13 15:05:22	진	잘 부탁드려요 선생님ㅠ
6431	링고	2025-08-13 19:27:25	진	선생님 링고 예정대로 수액 완료 시간이 10시정도 될까요?
6431	링고	2025-08-13 19:30:50	SD동물의료센터 서울점	네 열시까지 오시면 됩니다~!
6431	링고	2025-08-13 19:31:23	진	네~!
6431	링고	2025-09-23 13:10:05	진	선생님 안녕하세요!
혹시 이전에 링고 슬개골 엑스레이 비용이랑 심장 초음파 비용이 어떻게 되었는지 받아볼수있을까요?
6431	링고	2025-09-23 13:16:23	SD동물의료센터 서울점	안녕하세요 보호자님 24년도 첫 진료 시 심장초음파는 22만원, 방사선 비용은 4장 기준 7만원 납부하셨습니다.
6431	링고	2025-09-23 14:14:20	진	심장초음파가 재진은 얼마죠~?
6431	링고	2025-09-23 14:25:30	SD동물의료센터 서울점	심장초음파 진행 후 6개월 이내 진행하실 경우 11만원입니다.
6431	링고	2025-09-23 14:38:26	진	네! 감사합니다! 링고 수술한지 일년밖에 안되었는데 다리를 또 절어서요ㅠㅠ
6431	링고	2025-09-23 14:38:42	진	영상 보내드릴테니 원장선생님께 확인 한번만 부탁드립니다ㅠ
6431	링고	2025-09-23 14:39:16	진	오른쪽 뒷다리입니다
6431	링고	2025-09-23 14:39:27	진	동영상
6431	링고	2025-09-23 14:43:59	SD동물의료센터 서울점	안녕하세요 보호자님,  선생님께 확인 후 답변드리겠습니다. 다만, 수술해주셨던 선생님께서 금일 휴진이셔서 답변이 늦어질 수 있는 점 양해부탁드리며, 해당 증상으로 인해 아이가 많이 아파할경우에는 병원에 내원하셔서 다른선생님께라도 검사를 진행해보시는것이 좋을것같습니다. 감사합니다.
6431	링고	2025-09-23 14:52:58	진	아하 오늘 휴진이시군요! 네네 확인 후 연락 부탁드립니다:)
6431	링고	2025-09-23 17:24:19	SD동물의료센터 서울점	보호자님, 선생님께 확인되어 연락드립니다 :)

1년전 진행했던 수술은 양측 슬개골탈구수술 및 왼쪽 십자인대파열 수술로 확인됩니다. 이번에 오른쪽이라면 반대쪽이 끊어진것같다고 하시네요 ㅜㅜㅜ 오셔서 검사받아보셔야할 것 같다고 해주셨습니다 ㅠㅠ

예약도와드릴까요?
6431	링고	2025-09-23 17:33:22	진	ㅜㅜㅜㅜㅜㅜ오른쪽 십자인대파열이 의심된다는 말씀이신거죠??
6431	링고	2025-09-23 17:35:18	SD동물의료센터 서울점	네 보호자님, 그런것같습니다 ㅠㅠ 정확한것은 내원하셔서 검사해보셔야 확인 가능하실것으로 보입니다 ㅠ
6431	링고	2025-09-23 17:36:09	진	네..하이구 이번주 원장님 다른날 휴진 있는 날 있으신가요?
6431	링고	2025-09-23 17:39:41	SD동물의료센터 서울점	외과원장님께선 매주 화요일, 토요일이 고정휴진일이십니다 :)
6431	링고	2025-09-23 18:11:36	진	네 그러면 내일 가장 빠른 진료가 10시일까요~?
6431	링고	2025-09-23 18:14:00	SD동물의료센터 서울점	앗 내일은 예약 마감입니다.. 🥲
6431	링고	2025-09-23 18:14:13	진	ㅠㅠ
6431	링고	2025-09-23 18:14:19	진	목요일은요~?
6431	링고	2025-09-23 18:15:41	SD동물의료센터 서울점	목요일은 11시 30분 끼워 넣을 수 있을 것 같아요
6431	링고	2025-09-23 18:22:38	진	ㅜ넵 부탁드립미다!
6431	링고	2025-09-23 19:05:15	SD동물의료센터 서울점	혹시 보호자님 수술이 필요한 상황이면 당일 수술 희망하시나요?
6431	링고	2025-09-23 19:37:54	진	헉 아뇨!
6431	링고	2025-09-23 19:42:00	SD동물의료센터 서울점	넵 당일 수술 일정이 안 돼서 확인차 여쭤봤습니다. :)
6431	링고	2025-09-23 19:42:25	SD동물의료센터 서울점	그럼 9/25 목요일 오전 11시30분에 뵙겠습니다. :)
6431	링고	2025-10-04 12:10:09	진	안녕하세요~! 링고 10월 23일에 진료있습니다만 30일 10시로 변경 가능할까요? :)
6431	링고	2025-10-04 12:10:09	SD동물의료센터 서울점	채팅 운영시간 안내
6431	링고	2025-10-04 12:10:09	SD동물의료센터 서울점	✅ 본 채널에서는 진료 예약과 입원 환자 사진·안내를 받아보실 수 있습니다.(14:00-16:00, 1회)

📌 다만, 진료·증상 상담은 채널에서 진행하지 않으며, 내원 시 의료진과 직접 상담 부탁드립니다.

더 나은 진료서비스를 위해 최선을 다하겠습니다. 감사합니다.
6431	링고	2025-10-04 12:13:18	SD동물의료센터 서울점	안녕하세요 보호자님 10/30 10시 예약이 있어 10:30 내원가능하실까요?
6431	링고	2025-10-04 12:13:55	진	네! 그렇게 해주세요^^
6431	링고	2025-10-04 12:13:55	SD동물의료센터 서울점	채팅 운영시간 안내
6431	링고	2025-10-04 12:13:55	SD동물의료센터 서울점	✅ 본 채널에서는 진료 예약과 입원 환자 사진·안내를 받아보실 수 있습니다.(14:00-16:00, 1회)

📌 다만, 진료·증상 상담은 채널에서 진행하지 않으며, 내원 시 의료진과 직접 상담 부탁드립니다.

더 나은 진료서비스를 위해 최선을 다하겠습니다. 감사합니다.
6431	링고	2025-10-04 12:14:19	SD동물의료센터 서울점	네 보호자님 10/30 목 10:30에 뵙겠습니다:)
6431	링고	2025-10-04 12:15:41	진	감사합니다 연휴 잘 보내세요:)
6431	링고	2025-10-04 12:15:41	SD동물의료센터 서울점	채팅 운영시간 안내
6431	링고	2025-10-04 12:15:41	SD동물의료센터 서울점	✅ 본 채널에서는 진료 예약과 입원 환자 사진·안내를 받아보실 수 있습니다.(14:00-16:00, 1회)

📌 다만, 진료·증상 상담은 채널에서 진행하지 않으며, 내원 시 의료진과 직접 상담 부탁드립니다.

더 나은 진료서비스를 위해 최선을 다하겠습니다. 감사합니다.
6431	링고	2025-10-18 09:22:15	진	선생님 안녕하세요~
6431	링고	2025-10-18 09:22:15	SD동물의료센터 서울점	채팅 운영시간 안내
6431	링고	2025-10-18 09:22:15	SD동물의료센터 서울점	✅ 본 채널에서는 진료 예약과 입원 환자 사진·안내를 받아보실 수 있습니다. (14:00~16:00, 1회)

📌 다만, 진료·증상 상담은 채널에서 진행하지 않으며, 내원 시 의료진과 직접 상담 부탁드립니다.

더 나은 진료 서비스를 위해 최선을 다하겠습니다. 감사합니다.
6431	링고	2025-10-18 09:22:26	진	사진
6431	링고	2025-10-18 09:22:26	SD동물의료센터 서울점	채팅 운영시간 안내
6431	링고	2025-10-18 09:22:26	SD동물의료센터 서울점	✅ 본 채널에서는 진료 예약과 입원 환자 사진·안내를 받아보실 수 있습니다. (14:00~16:00, 1회)

📌 다만, 진료·증상 상담은 채널에서 진행하지 않으며, 내원 시 의료진과 직접 상담 부탁드립니다.

더 나은 진료 서비스를 위해 최선을 다하겠습니다. 감사합니다.
6431	링고	2025-10-18 09:23:10	진	링고 귀 청소를 했는데도 좋아지지 않고 냄새가 많이 나서요~ 귀가 지금 평소보다 많이 뜨거운데
6431	링고	2025-10-18 09:23:10	SD동물의료센터 서울점	채팅 운영시간 안내
6431	링고	2025-10-18 09:23:10	SD동물의료센터 서울점	✅ 본 채널에서는 진료 예약과 입원 환자 사진·안내를 받아보실 수 있습니다. (14:00~16:00, 1회)

📌 다만, 진료·증상 상담은 채널에서 진행하지 않으며, 내원 시 의료진과 직접 상담 부탁드립니다.

더 나은 진료 서비스를 위해 최선을 다하겠습니다. 감사합니다.
6431	링고	2025-10-18 09:23:27	진	염증이 의심되는 상황인거지요?
6431	링고	2025-10-18 09:23:27	SD동물의료센터 서울점	채팅 운영시간 안내
6431	링고	2025-10-18 09:23:27	SD동물의료센터 서울점	✅ 본 채널에서는 진료 예약과 입원 환자 사진·안내를 받아보실 수 있습니다. (14:00~16:00, 1회)

📌 다만, 진료·증상 상담은 채널에서 진행하지 않으며, 내원 시 의료진과 직접 상담 부탁드립니다.

더 나은 진료 서비스를 위해 최선을 다하겠습니다. 감사합니다.
6431	링고	2025-10-18 09:23:52	진	오늘 혹시 진료 가능한 시간 있을까요?
6431	링고	2025-10-18 09:23:52	SD동물의료센터 서울점	채팅 운영시간 안내
6431	링고	2025-10-18 09:23:52	SD동물의료센터 서울점	✅ 본 채널에서는 진료 예약과 입원 환자 사진·안내를 받아보실 수 있습니다. (14:00~16:00, 1회)

📌 다만, 진료·증상 상담은 채널에서 진행하지 않으며, 내원 시 의료진과 직접 상담 부탁드립니다.

더 나은 진료 서비스를 위해 최선을 다하겠습니다. 감사합니다.
6431	링고	2025-10-18 09:31:02	SD동물의료센터 서울점	보호자님, 선생님 지정 아니시면 오후 2시 이후 진료 가능합니다
6431	링고	2025-10-18 09:32:21	진	네 링고 그러면 2시 30분에 예약 가능할까요?
6431	링고	2025-10-18 09:32:21	SD동물의료센터 서울점	채팅 운영시간 안내
6431	링고	2025-10-18 09:32:21	SD동물의료센터 서울점	✅ 본 채널에서는 진료 예약과 입원 환자 사진·안내를 받아보실 수 있습니다. (14:00~16:00, 1회)

📌 다만, 진료·증상 상담은 채널에서 진행하지 않으며, 내원 시 의료진과 직접 상담 부탁드립니다.

더 나은 진료 서비스를 위해 최선을 다하겠습니다. 감사합니다.
6431	링고	2025-10-18 09:34:27	SD동물의료센터 서울점	보호자님. 오늘 2:30 예약 도와드리겠습니다. 감사합니다.
6431	링고	2025-10-29 16:25:16	진	안녕하세요 선생님
내일 링고 내원 10시 30분 예약 맞는지 확인차 연락드립니다!
6431	링고	2025-10-29 16:25:16	SD동물의료센터 서울점	채팅 운영시간 안내
6431	링고	2025-10-29 16:25:16	SD동물의료센터 서울점	✅ 본 채널에서는 진료 예약과 입원 환자 사진·안내를 받아보실 수 있습니다. (14:00~16:00, 1회)

📌 다만, 진료·증상 상담은 채널에서 진행하지 않으며, 내원 시 의료진과 직접 상담 부탁드립니다.

더 나은 진료 서비스를 위해 최선을 다하겠습니다. 감사합니다.
6431	링고	2025-10-29 16:31:04	SD동물의료센터 서울점	네[, 링고 내일 10:30 예약입니다. 감사합니다
6431	링고	2025-11-24 14:28:44	SD동물의료센터 서울점	✅ 본 채널에서는 진료 예약과 입원 환자 사진·안내를 받아보실 수 있습니다. (14:00~16:00, 1회)

📌 다만, 진료·증상 상담은 채널에서 진행하지 않으며, 내원 시 의료진과 직접 상담 부탁드립니다.

더 나은 진료 서비스를 위해 최선을 다하겠습니다. 감사합니다.
6431	링고	2025-11-24 14:28:44	진	안녕하세요 선생님! 혹시 링고 10월 30일에 진료했었던 진료내역서가 보험사에서 필요하다고해서요!
6431	링고	2025-11-24 14:28:44	SD동물의료센터 서울점	채팅 운영시간 안내
6431	링고	2025-11-24 14:29:04	진	먼저 진료내역서 떼주시기전에 이떄 혹시 엑스레이가 어떤 엑스레이었는지도 알수있을까요?
6431	링고	2025-11-24 14:29:04	SD동물의료센터 서울점	채팅 운영시간 안내
6431	링고	2025-11-24 14:29:04	SD동물의료센터 서울점	✅ 본 채널에서는 진료 예약과 입원 환자 사진·안내를 받아보실 수 있습니다. (14:00~16:00, 1회)

📌 다만, 진료·증상 상담은 채널에서 진행하지 않으며, 내원 시 의료진과 직접 상담 부탁드립니다.

더 나은 진료 서비스를 위해 최선을 다하겠습니다. 감사합니다.
6431	링고	2025-11-24 14:39:18	SD동물의료센터 서울점	안녕하세요 보호자님 10/30 심장진료로 상체 중심으로 방사선 촬영 진행하였습니다
6431	링고	2025-11-24 14:39:26	SD동물의료센터 서울점	링고(김민진).pdf
6431	링고	2025-11-24 14:39:37	SD동물의료센터 서울점	링고 진료 내역서 전달드립니다:)
6431	링고	2025-11-24 15:02:10	진	혹시 방사선검사에 가슴 방사선검사라고 기재해주실 수있나요?
6431	링고	2025-11-24 15:02:10	SD동물의료센터 서울점	채팅 운영시간 안내
6431	링고	2025-11-24 15:02:10	SD동물의료센터 서울점	✅ 본 채널에서는 진료 예약과 입원 환자 사진·안내를 받아보실 수 있습니다. (14:00~16:00, 1회)

📌 다만, 진료·증상 상담은 채널에서 진행하지 않으며, 내원 시 의료진과 직접 상담 부탁드립니다.

더 나은 진료 서비스를 위해 최선을 다하겠습니다. 감사합니다.
6431	링고	2025-11-24 15:02:22	진	상체 라고 기재해주시면 되지않을까요!
6431	링고	2025-11-24 15:02:23	SD동물의료센터 서울점	채팅 운영시간 안내
6431	링고	2025-11-24 15:02:23	SD동물의료센터 서울점	✅ 본 채널에서는 진료 예약과 입원 환자 사진·안내를 받아보실 수 있습니다. (14:00~16:00, 1회)

📌 다만, 진료·증상 상담은 채널에서 진행하지 않으며, 내원 시 의료진과 직접 상담 부탁드립니다.

더 나은 진료 서비스를 위해 최선을 다하겠습니다. 감사합니다.
6431	링고	2025-11-24 15:02:30	진	여기서 지금 어디 부위인지를 알아야한다고 해서요ㅠ
6431	링고	2025-11-24 15:02:30	SD동물의료센터 서울점	채팅 운영시간 안내
6431	링고	2025-11-24 15:02:30	SD동물의료센터 서울점	✅ 본 채널에서는 진료 예약과 입원 환자 사진·안내를 받아보실 수 있습니다. (14:00~16:00, 1회)

📌 다만, 진료·증상 상담은 채널에서 진행하지 않으며, 내원 시 의료진과 직접 상담 부탁드립니다.

더 나은 진료 서비스를 위해 최선을 다하겠습니다. 감사합니다.
6431	링고	2025-11-24 15:11:05	SD동물의료센터 서울점	청구서의 내용의 항목 이름 변경이 어렵습니다ㅠㅠ
6431	링고	2025-11-24 15:18:46	진	그러면 보험사에 뭐라고 전달하면될까요~?
6431	링고	2025-11-24 15:18:46	SD동물의료센터 서울점	채팅 운영시간 안내
6431	링고	2025-11-24 15:18:46	SD동물의료센터 서울점	✅ 본 채널에서는 진료 예약과 입원 환자 사진·안내를 받아보실 수 있습니다. (14:00~16:00, 1회)

📌 다만, 진료·증상 상담은 채널에서 진행하지 않으며, 내원 시 의료진과 직접 상담 부탁드립니다.

더 나은 진료 서비스를 위해 최선을 다하겠습니다. 감사합니다.
6431	링고	2025-11-24 15:33:05	SD동물의료센터 서울점	심장으로 진료 보셨던 내용 말씀해주시면 될 것 같습니다:)
6431	링고	2025-11-24 15:33:23	진	네!
6431	링고	2025-11-24 15:33:23	SD동물의료센터 서울점	채팅 운영시간 안내
6431	링고	2025-11-24 15:33:23	SD동물의료센터 서울점	✅ 본 채널에서는 진료 예약과 입원 환자 사진·안내를 받아보실 수 있습니다. (14:00~16:00, 1회)

📌 다만, 진료·증상 상담은 채널에서 진행하지 않으며, 내원 시 의료진과 직접 상담 부탁드립니다.

더 나은 진료 서비스를 위해 최선을 다하겠습니다. 감사합니다.
6431	링고	2025-11-24 15:35:58	진	그러면 혹시 보험사에서 전화가 오면 10월 30일건은 심장 확인차 엑스레이 찍은거라고 말씀해주세요!
6431	링고	2025-11-24 15:35:58	SD동물의료센터 서울점	채팅 운영시간 안내
6431	링고	2025-11-24 15:35:58	SD동물의료센터 서울점	✅ 본 채널에서는 진료 예약과 입원 환자 사진·안내를 받아보실 수 있습니다. (14:00~16:00, 1회)

📌 다만, 진료·증상 상담은 채널에서 진행하지 않으며, 내원 시 의료진과 직접 상담 부탁드립니다.

더 나은 진료 서비스를 위해 최선을 다하겠습니다. 감사합니다.
6431	링고	2025-11-24 15:36:08	진	이전 기록에 대해서는 말씀하지말아주시구요~
6431	링고	2025-11-24 15:36:08	SD동물의료센터 서울점	채팅 운영시간 안내
6431	링고	2025-11-24 15:36:08	SD동물의료센터 서울점	✅ 본 채널에서는 진료 예약과 입원 환자 사진·안내를 받아보실 수 있습니다. (14:00~16:00, 1회)

📌 다만, 진료·증상 상담은 채널에서 진행하지 않으며, 내원 시 의료진과 직접 상담 부탁드립니다.

더 나은 진료 서비스를 위해 최선을 다하겠습니다. 감사합니다.
6431	링고	2025-11-24 15:39:51	SD동물의료센터 서울점	네 메모 남겨두겠습니다 감사합니다:)
6431	링고	2025-11-24 15:40:54	진	넵! 감사합니다!!
6431	링고	2025-11-24 15:40:54	SD동물의료센터 서울점	채팅 운영시간 안내
6431	링고	2025-11-24 15:40:54	SD동물의료센터 서울점	✅ 본 채널에서는 진료 예약과 입원 환자 사진·안내를 받아보실 수 있습니다. (14:00~16:00, 1회)

📌 다만, 진료·증상 상담은 채널에서 진행하지 않으며, 내원 시 의료진과 직접 상담 부탁드립니다.

더 나은 진료 서비스를 위해 최선을 다하겠습니다. 감사합니다.
6431	링고	2025-12-01 10:35:00	진	안녕하세요 오늘 혹시 링고 귀 검진하고싶은데 가능한 시간 있을까요?
6431	링고	2025-12-01 10:35:00	SD동물의료센터 서울점	채팅 운영시간 안내
6431	링고	2025-12-01 10:35:00	SD동물의료센터 서울점	✅ 본 채널에서는 진료 예약과 입원 환자 사진·안내를 받아보실 수 있습니다. (14:00~16:00, 1회)

📌 다만, 진료·증상 상담은 채널에서 진행하지 않으며, 내원 시 의료진과 직접 상담 부탁드립니다.

더 나은 진료 서비스를 위해 최선을 다하겠습니다. 감사합니다.
6431	링고	2025-12-01 11:25:06	SD동물의료센터 서울점	안녕하세요 보호자님, 원하시는 선생님 계실까요? :)
6431	링고	2025-12-01 11:40:51	SD동물의료센터 서울점	✅ 본 채널에서는 진료 예약과 입원 환자 사진·안내를 받아보실 수 있습니다. (14:00~16:00, 1회)

📌 다만, 진료·증상 상담은 채널에서 진행하지 않으며, 내원 시 의료진과 직접 상담 부탁드립니다.

더 나은 진료 서비스를 위해 최선을 다하겠습니다. 감사합니다.
6431	링고	2025-12-01 11:40:51	진	아뇨! 없습니다!
6431	링고	2025-12-01 11:40:51	SD동물의료센터 서울점	채팅 운영시간 안내
6431	링고	2025-12-01 11:41:06	진	오늘 오후중에 가능한 시간 있으면 말씀해주세요^^
6431	링고	2025-12-01 11:41:06	SD동물의료센터 서울점	채팅 운영시간 안내
6431	링고	2025-12-01 11:41:06	SD동물의료센터 서울점	✅ 본 채널에서는 진료 예약과 입원 환자 사진·안내를 받아보실 수 있습니다. (14:00~16:00, 1회)

📌 다만, 진료·증상 상담은 채널에서 진행하지 않으며, 내원 시 의료진과 직접 상담 부탁드립니다.

더 나은 진료 서비스를 위해 최선을 다하겠습니다. 감사합니다.
6431	링고	2025-12-01 11:44:23	SD동물의료센터 서울점	제일빠른시간으로는 1시반도 가능해서 원하시는 시간 있으시면 최대한 맞춰 예약 도와드리겠습니다 :)
6431	링고	2025-12-01 11:44:55	진	훔 혹시 3시 이후에도 되는 시간 있을까요? :)
6431	링고	2025-12-01 11:44:55	SD동물의료센터 서울점	채팅 운영시간 안내
6431	링고	2025-12-01 11:44:55	SD동물의료센터 서울점	✅ 본 채널에서는 진료 예약과 입원 환자 사진·안내를 받아보실 수 있습니다. (14:00~16:00, 1회)

📌 다만, 진료·증상 상담은 채널에서 진행하지 않으며, 내원 시 의료진과 직접 상담 부탁드립니다.

더 나은 진료 서비스를 위해 최선을 다하겠습니다. 감사합니다.
6431	링고	2025-12-01 11:56:12	SD동물의료센터 서울점	네 보호자님, 3시로도 예약 가능하여 괜찮으시다면 3시로 예약 확정 해드리겠습니다 :)
6431	링고	2025-12-01 12:14:32	진	네 그러면 3시로 해주세요 감사합니다!
6431	링고	2025-12-01 12:14:32	SD동물의료센터 서울점	채팅 운영시간 안내
6431	링고	2025-12-01 12:14:32	SD동물의료센터 서울점	✅ 본 채널에서는 진료 예약과 입원 환자 사진·안내를 받아보실 수 있습니다. (14:00~16:00, 1회)

📌 다만, 진료·증상 상담은 채널에서 진행하지 않으며, 내원 시 의료진과 직접 상담 부탁드립니다.

더 나은 진료 서비스를 위해 최선을 다하겠습니다. 감사합니다.
6431	링고	2025-12-01 12:16:43	SD동물의료센터 서울점	네 보호자님, 3시로 예약 도와드리겠습니다. 감사합니다 :)
6431	링고	2025-12-01 12:39:17	진	네 혹시 사상충 검사 비용이 어떻게 되나요?
6431	링고	2025-12-01 12:39:17	SD동물의료센터 서울점	채팅 운영시간 안내
6431	링고	2025-12-01 12:39:17	SD동물의료센터 서울점	✅ 본 채널에서는 진료 예약과 입원 환자 사진·안내를 받아보실 수 있습니다. (14:00~16:00, 1회)

📌 다만, 진료·증상 상담은 채널에서 진행하지 않으며, 내원 시 의료진과 직접 상담 부탁드립니다.

더 나은 진료 서비스를 위해 최선을 다하겠습니다. 감사합니다.
6431	링고	2025-12-01 12:46:54	SD동물의료센터 서울점	사상충 감염 여부 검사 비용 3만원 입니다 :)
6431	링고	2025-12-01 13:28:47	진	네! 감사합니다!
6431	링고	2025-12-01 13:28:48	SD동물의료센터 서울점	채팅 운영시간 안내
6431	링고	2025-12-01 13:28:48	SD동물의료센터 서울점	✅ 본 채널에서는 진료 예약과 입원 환자 사진·안내를 받아보실 수 있습니다. (14:00~16:00, 1회)

📌 다만, 진료·증상 상담은 채널에서 진행하지 않으며, 내원 시 의료진과 직접 상담 부탁드립니다.

더 나은 진료 서비스를 위해 최선을 다하겠습니다. 감사합니다.
6431	링고	2025-12-01 13:34:51	진	가는김에 사상충검사도 같이 하겠습니다!
6431	링고	2025-12-01 13:34:51	SD동물의료센터 서울점	채팅 운영시간 안내
6431	링고	2025-12-01 13:34:51	SD동물의료센터 서울점	✅ 본 채널에서는 진료 예약과 입원 환자 사진·안내를 받아보실 수 있습니다. (14:00~16:00, 1회)

📌 다만, 진료·증상 상담은 채널에서 진행하지 않으며, 내원 시 의료진과 직접 상담 부탁드립니다.

더 나은 진료 서비스를 위해 최선을 다하겠습니다. 감사합니다.
6431	링고	2025-12-01 13:36:48	SD동물의료센터 서울점	네 보호자님 선생님께 전달드리겠습니다 감사합니다:)
6431	링고	2025-12-07 17:57:16	진	선생님 내일 링고 진료 못갈거같아서 목요일로 변경 부탁드립니다
6431	링고	2025-12-07 17:57:16	SD동물의료센터 서울점	채팅 운영시간 안내
6431	링고	2025-12-07 17:57:16	SD동물의료센터 서울점	✅ 본 채널에서는 진료 예약과 입원 환자 사진·안내를 받아보실 수 있습니다. (14:00~16:00, 1회)

📌 다만, 진료·증상 상담은 채널에서 진행하지 않으며, 내원 시 의료진과 직접 상담 부탁드립니다.

더 나은 진료 서비스를 위해 최선을 다하겠습니다. 감사합니다.
6431	링고	2025-12-07 17:59:00	SD동물의료센터 서울점	안녕하세요 보호자님, 목요일 12시 괜찮으실까요? :)
6431	링고	2025-12-07 18:05:37	진	조금 더 빨리도 가능한가요?
6431	링고	2025-12-07 18:05:37	SD동물의료센터 서울점	채팅 운영시간 안내
6431	링고	2025-12-07 18:05:37	SD동물의료센터 서울점	✅ 본 채널에서는 진료 예약과 입원 환자 사진·안내를 받아보실 수 있습니다. (14:00~16:00, 1회)

📌 다만, 진료·증상 상담은 채널에서 진행하지 않으며, 내원 시 의료진과 직접 상담 부탁드립니다.

더 나은 진료 서비스를 위해 최선을 다하겠습니다. 감사합니다.
6431	링고	2025-12-07 18:14:14	SD동물의료센터 서울점	앗 선생님이 12시 출근입니다. :)
6431	링고	2025-12-07 18:14:56	진	그러면 제가 시간 좀 확인 하고 다시 연락드리겠습니다!
6431	링고	2025-12-07 18:14:56	SD동물의료센터 서울점	채팅 운영시간 안내
6431	링고	2025-12-07 18:14:56	SD동물의료센터 서울점	✅ 본 채널에서는 진료 예약과 입원 환자 사진·안내를 받아보실 수 있습니다. (14:00~16:00, 1회)

📌 다만, 진료·증상 상담은 채널에서 진행하지 않으며, 내원 시 의료진과 직접 상담 부탁드립니다.

더 나은 진료 서비스를 위해 최선을 다하겠습니다. 감사합니다.
6431	링고	2026-01-08 07:46:11	진	안녕허세요 선생님
링고 금요일에 귀 진료 좀 보려고 합니다!
오전에 가능한 시간대가 있을까요?
6431	링고	2026-01-08 07:46:11	SD동물의료센터 서울점	채팅 운영시간 안내
6431	링고	2026-01-08 07:46:11	SD동물의료센터 서울점	✅ 본 채널에서는 진료 예약과 입원 환자 사진·안내를 받아보실 수 있습니다. (14:00~16:00, 1회)

📌 다만, 진료·증상 상담은 채널에서 진행하지 않으며, 내원 시 의료진과 직접 상담 부탁드립니다.

더 나은 진료 서비스를 위해 최선을 다하겠습니다. 감사합니다.
6431	링고	2026-01-08 09:54:41	SD동물의료센터 서울점	안녕하세요 보호자님 1/9 금요일 오전 10:30 내원 가능하실까요? 이전에 링고 귀 봐주셨던 선생님께서 안계셔서 다른 선생님께서 진료 봐주실 예정입니다.
6431	링고	2026-01-08 10:06:44	SD동물의료센터 서울점	채팅 운영시간 안내
6431	링고	2026-01-08 10:06:44	SD동물의료센터 서울점	✅ 본 채널에서는 진료 예약과 입원 환자 사진·안내를 받아보실 수 있습니다. (14:00~16:00, 1회)

📌 다만, 진료·증상 상담은 채널에서 진행하지 않으며, 내원 시 의료진과 직접 상담 부탁드립니다.

더 나은 진료 서비스를 위해 최선을 다하겠습니다. 감사합니다.
6431	링고	2026-01-08 10:06:44	진	네 혹시 오후 4시경에도 가능한 시간 있을까요?
6431	링고	2026-01-08 10:09:10	SD동물의료센터 서울점	보호자님. 3:30 가능하실까요?
6431	링고	2026-01-08 10:09:20	SD동물의료센터 서울점	안되시면 4시도 가능합니다
6431	링고	2026-01-08 10:19:21	진	그러면 4시로 부탁드립니다:)
6431	링고	2026-01-08 10:19:21	SD동물의료센터 서울점	채팅 운영시간 안내
6431	링고	2026-01-08 10:19:21	SD동물의료센터 서울점	✅ 본 채널에서는 진료 예약과 입원 환자 사진·안내를 받아보실 수 있습니다. (14:00~16:00, 1회)

📌 다만, 진료·증상 상담은 채널에서 진행하지 않으며, 내원 시 의료진과 직접 상담 부탁드립니다.

더 나은 진료 서비스를 위해 최선을 다하겠습니다. 감사합니다.
6431	링고	2026-01-08 10:25:43	SD동물의료센터 서울점	네, 1/9 (금) 4시로 예약되었습니다. 감사합니다
6431	링고	2026-03-06 21:18:05	진	안녕하세요 선생님 내일 링고 귀 외이염 진료 가능할까요?
6431	링고	2026-03-06 21:18:05	SD동물의료센터 서울점	채팅 운영시간 안내
6431	링고	2026-03-06 21:18:05	SD동물의료센터 서울점	✅ 본 채널에서는 진료 예약과 입원 환자 사진·안내를 받아보실 수 있습니다. (14:00~16:00, 1회)

📌 다만, 진료·증상 상담은 채널에서 진행하지 않으며, 내원 시 의료진과 직접 상담 부탁드립니다.

더 나은 진료 서비스를 위해 최선을 다하겠습니다. 감사합니다.
6431	링고	2026-03-06 21:20:53	SD동물의료센터 서울점	안녕하세요 보호자님 마지막에 진료봐주셨던 선생님께 14시 진료가능합니다
6431	링고	2026-03-06 21:22:08	진	더 빠른시간도 가능한가요?
6431	링고	2026-03-06 21:22:08	SD동물의료센터 서울점	채팅 운영시간 안내
6431	링고	2026-03-06 21:22:08	SD동물의료센터 서울점	✅ 본 채널에서는 진료 예약과 입원 환자 사진·안내를 받아보실 수 있습니다. (14:00~16:00, 1회)

📌 다만, 진료·증상 상담은 채널에서 진행하지 않으며, 내원 시 의료진과 직접 상담 부탁드립니다.

더 나은 진료 서비스를 위해 최선을 다하겠습니다. 감사합니다.
6431	링고	2026-03-06 21:22:53	진	아닙니다 그냥 2시로 예약해주세요!
6431	링고	2026-03-06 21:22:53	SD동물의료센터 서울점	채팅 운영시간 안내
6431	링고	2026-03-06 21:22:53	SD동물의료센터 서울점	✅ 본 채널에서는 진료 예약과 입원 환자 사진·안내를 받아보실 수 있습니다. (14:00~16:00, 1회)

📌 다만, 진료·증상 상담은 채널에서 진행하지 않으며, 내원 시 의료진과 직접 상담 부탁드립니다.

더 나은 진료 서비스를 위해 최선을 다하겠습니다. 감사합니다.
6431	링고	2026-03-06 21:23:03	SD동물의료센터 서울점	네 내일 뵙겠습니다 감사합니다 :)
6431	링고	2026-03-06 21:25:58	SD동물의료센터 서울점	채팅 운영시간 안내
6431	링고	2026-03-06 21:25:58	SD동물의료센터 서울점	✅ 본 채널에서는 진료 예약과 입원 환자 사진·안내를 받아보실 수 있습니다. (14:00~16:00, 1회)

📌 다만, 진료·증상 상담은 채널에서 진행하지 않으며, 내원 시 의료진과 직접 상담 부탁드립니다.

더 나은 진료 서비스를 위해 최선을 다하겠습니다. 감사합니다.
6431	링고	2026-03-06 21:25:58	진	감사합니다!
6431	링고	2026-04-07 11:50:45	진	안녕하세요 선생님
6431	링고	2026-04-07 11:50:45	SD동물의료센터 서울점	채팅 운영시간 안내
6431	링고	2026-04-07 11:50:45	SD동물의료센터 서울점	✅ 본 채널에서는 진료 예약과 입원 환자 사진·안내를 받아보실 수 있습니다. (14:00~16:00, 1회)

📌 다만, 진료·증상 상담은 채널에서 진행하지 않으며, 내원 시 의료진과 직접 상담 부탁드립니다.

더 나은 진료 서비스를 위해 최선을 다하겠습니다. 감사합니다.
6431	링고	2026-04-07 11:50:53	진	링고 검진 심장 좀 하려고합니다
6431	링고	2026-04-07 11:50:53	SD동물의료센터 서울점	채팅 운영시간 안내
6431	링고	2026-04-07 11:50:54	SD동물의료센터 서울점	✅ 본 채널에서는 진료 예약과 입원 환자 사진·안내를 받아보실 수 있습니다. (14:00~16:00, 1회)

📌 다만, 진료·증상 상담은 채널에서 진행하지 않으며, 내원 시 의료진과 직접 상담 부탁드립니다.

더 나은 진료 서비스를 위해 최선을 다하겠습니다. 감사합니다.
6431	링고	2026-04-07 11:51:32	진	심장 봐주시던 선생님 이번주 금요일에 계신가요? 계신다면 오후 2시쯤 가능한 시간 있을까요?
6431	링고	2026-04-07 11:51:32	SD동물의료센터 서울점	채팅 운영시간 안내
6431	링고	2026-04-07 11:51:32	SD동물의료센터 서울점	✅ 본 채널에서는 진료 예약과 입원 환자 사진·안내를 받아보실 수 있습니다. (14:00~16:00, 1회)

📌 다만, 진료·증상 상담은 채널에서 진행하지 않으며, 내원 시 의료진과 직접 상담 부탁드립니다.

더 나은 진료 서비스를 위해 최선을 다하겠습니다. 감사합니다.
6431	링고	2026-04-07 11:57:29	SD동물의료센터 서울점	안녕하세요 보호자님 링고 심장 진료 봐주시던 최우주원장님께서 개인적인 사유로 작년 말 퇴사하셨습니다ㅠ
6431	링고	2026-04-07 12:09:34	진	헙 그러면 다른 선생님 계시나요!
6431	링고	2026-04-07 12:09:34	SD동물의료센터 서울점	채팅 운영시간 안내
6431	링고	2026-04-07 12:09:34	SD동물의료센터 서울점	✅ 본 채널에서는 진료 예약과 입원 환자 사진·안내를 받아보실 수 있습니다. (14:00~16:00, 1회)

📌 다만, 진료·증상 상담은 채널에서 진행하지 않으며, 내원 시 의료진과 직접 상담 부탁드립니다.

더 나은 진료 서비스를 위해 최선을 다하겠습니다. 감사합니다.
6431	링고	2026-04-07 12:11:20	SD동물의료센터 서울점	심장 진료 관련하여 내과과장님께 진료 가능합니다.
6431	링고	2026-04-07 13:32:33	진	네 그러면 금요일 가능한시간은요~?
6431	링고	2026-04-07 13:32:33	SD동물의료센터 서울점	채팅 운영시간 안내
6431	링고	2026-04-07 13:32:33	SD동물의료센터 서울점	✅ 본 채널에서는 진료 예약과 입원 환자 사진·안내를 받아보실 수 있습니다. (14:00~16:00, 1회)

📌 다만, 진료·증상 상담은 채널에서 진행하지 않으며, 내원 시 의료진과 직접 상담 부탁드립니다.

더 나은 진료 서비스를 위해 최선을 다하겠습니다. 감사합니다.
6431	링고	2026-04-07 14:28:57	SD동물의료센터 서울점	4/10 금 오전 10시, 12시, 15:30분 진료 가능합니다
6431	링고	2026-04-07 14:37:54	진	12시로 부탁드립니다!
6431	링고	2026-04-07 14:37:54	SD동물의료센터 서울점	채팅 운영시간 안내
6431	링고	2026-04-07 14:37:54	SD동물의료센터 서울점	✅ 본 채널에서는 진료 예약과 입원 환자 사진·안내를 받아보실 수 있습니다. (14:00~16:00, 1회)

📌 다만, 진료·증상 상담은 채널에서 진행하지 않으며, 내원 시 의료진과 직접 상담 부탁드립니다.

더 나은 진료 서비스를 위해 최선을 다하겠습니다. 감사합니다.
6431	링고	2026-04-07 14:52:53	SD동물의료센터 서울점	네 보호자님 4/10 금 12시에 뵙겠습니다 감사합니다 :)
6431	링고	2026-04-07 18:06:34	진	네 감사합니다!
6431	링고	2026-04-07 18:06:34	SD동물의료센터 서울점	채팅 운영시간 안내
6431	링고	2026-04-07 18:06:34	SD동물의료센터 서울점	✅ 본 채널에서는 진료 예약과 입원 환자 사진·안내를 받아보실 수 있습니다. (14:00~16:00, 1회)

📌 다만, 진료·증상 상담은 채널에서 진행하지 않으며, 내원 시 의료진과 직접 상담 부탁드립니다.

더 나은 진료 서비스를 위해 최선을 다하겠습니다. 감사합니다.
6431	링고	2026-04-10 11:48:52	진	선생님 차가 많이 막혀서 10-15분 정도 늦을 것 같습니다 ㅜ
6431	링고	2026-04-10 11:48:53	SD동물의료센터 서울점	채팅 운영시간 안내
6431	링고	2026-04-10 11:48:53	SD동물의료센터 서울점	✅ 본 채널에서는 진료 예약과 입원 환자 사진·안내를 받아보실 수 있습니다. (14:00~16:00, 1회)

📌 다만, 진료·증상 상담은 채널에서 진행하지 않으며, 내원 시 의료진과 직접 상담 부탁드립니다.

더 나은 진료 서비스를 위해 최선을 다하겠습니다. 감사합니다.
6431	링고	2026-04-10 11:49:22	진	죄송합니다. 최대한 빨리 가볼게요.
6431	링고	2026-04-10 11:49:22	SD동물의료센터 서울점	채팅 운영시간 안내
6431	링고	2026-04-10 11:49:22	SD동물의료센터 서울점	✅ 본 채널에서는 진료 예약과 입원 환자 사진·안내를 받아보실 수 있습니다. (14:00~16:00, 1회)

📌 다만, 진료·증상 상담은 채널에서 진행하지 않으며, 내원 시 의료진과 직접 상담 부탁드립니다.

더 나은 진료 서비스를 위해 최선을 다하겠습니다. 감사합니다.
6431	링고	2026-04-10 11:49:26	SD동물의료센터 서울점	네 보호자님 주치의선생님께 전달드리겠습니다
6431	링고	2026-04-17 08:49:52	진	선생님 안녕하세요! 오늘 약값 결제하기로 하욨는데 일정이 생겨서 일요일 19일 오후에 가야할 것 같아서 연락드립니다!
6431	링고	2026-04-17 08:49:52	SD동물의료센터 서울점	채팅 운영시간 안내
6431	링고	2026-04-17 08:49:52	SD동물의료센터 서울점	✅ 본 채널에서는 진료 예약과 입원 환자 사진·안내를 받아보실 수 있습니다. (14:00~16:00, 1회)

📌 다만, 진료·증상 상담은 채널에서 진행하지 않으며, 내원 시 의료진과 직접 상담 부탁드립니다.

더 나은 진료 서비스를 위해 최선을 다하겠습니다. 감사합니다.
6431	링고	2026-04-17 10:14:43	SD동물의료센터 서울점	네,보호자님, 19일에 오시는 걸로 전달하겠습니다. 감사합니다.
6431	링고	2026-04-19 11:03:31	SD동물의료센터 서울점	✅ 본 채널에서는 진료 예약과 입원 환자 사진·안내를 받아보실 수 있습니다. (14:00~16:00, 1회)

📌 다만, 진료·증상 상담은 채널에서 진행하지 않으며, 내원 시 의료진과 직접 상담 부탁드립니다.

더 나은 진료 서비스를 위해 최선을 다하겠습니다. 감사합니다.
6431	링고	2026-04-19 11:03:31	진	선생님 혹시 링고 심장약 복용시간이 12시간 이라고 하셨는데 9시간정도 텀으로 한번 먹여도 되나요?아니면 한번 건너뛰고 먹이는게 나을까요? 한번 여쭤봐주시길 바랍니다!

결제하러 오늘 오후 2시-3시 안으로방문할 예정입니다!
6431	링고	2026-04-19 11:03:31	SD동물의료센터 서울점	채팅 운영시간 안내
6431	링고	2026-04-19 11:45:10	SD동물의료센터 서울점	보통 하루2번이면 12시간 간격으로 투약해주시는게 제일 좋지만 여건이 안되는날은 1회성으로 조금 텀을 짧게 해서 주셔도 괜찮습니다. :)
오히려 심장약은 꾸준히 복용해주셔야해서 건너뛰는건 추천드리지 않습니다.

이따 오후에 뵙겠습니다. :)
6431	링고	2026-04-19 11:47:29	진	네 감사합니다!!!
6431	링고	2026-04-19 11:47:29	SD동물의료센터 서울점	채팅 운영시간 안내
6431	링고	2026-04-19 11:47:29	SD동물의료센터 서울점	✅ 본 채널에서는 진료 예약과 입원 환자 사진·안내를 받아보실 수 있습니다. (14:00~16:00, 1회)

📌 다만, 진료·증상 상담은 채널에서 진행하지 않으며, 내원 시 의료진과 직접 상담 부탁드립니다.

더 나은 진료 서비스를 위해 최선을 다하겠습니다. 감사합니다.
6431	링고	2026-04-21 12:54:48	진	선생님 안녕하세요, 다름이
아니라 저번 진료 때 링고 심장에
무리가는 건 최대한 줄여야 해서 산책, 목욕, 미용을 줄이는게 좋다고 하셨는데요.
양치하는건 매일 하고 있는데 가만히 못있는 아이라 입을 손으로 막은 후에 앞부분 옆부분쪽만 양치 해주고 있습니다만, 엄청 끄으응 거리면서 너무 싫어하긴 합니다. 하고 나면 온갖 재채기를 하구요.. 이런 경우에는 양치를 그래도 매일 해주는게  좋은 건지, 아니면 덜 시키는게 나은건지 해서요ㅠㅠ
6431	링고	2026-04-21 12:54:48	SD동물의료센터 서울점	채팅 운영시간 안내
6431	링고	2026-04-21 12:54:48	SD동물의료센터 서울점	✅ 본 채널에서는 진료 예약과 입원 환자 사진·안내를 받아보실 수 있습니다. (14:00~16:00, 1회)

📌 다만, 진료·증상 상담은 채널에서 진행하지 않으며, 내원 시 의료진과 직접 상담 부탁드립니다.

더 나은 진료 서비스를 위해 최선을 다하겠습니다. 감사합니다.
6431	링고	2026-04-21 13:56:54	SD동물의료센터 서울점	안녕하세요 보호자님, 아이가 너무 스트레스 받지 않는 선까지 해주시는게 좋을듯 합니다 :)
6431	링고	2026-04-21 14:06:58	진	네 그래도 양치는 계속 시키는게 아이 건강에는 좋은거지요~?
6431	링고	2026-04-21 14:06:58	SD동물의료센터 서울점	채팅 운영시간 안내
6431	링고	2026-04-21 14:06:58	SD동물의료센터 서울점	✅ 본 채널에서는 진료 예약과 입원 환자 사진·안내를 받아보실 수 있습니다. (14:00~16:00, 1회)

📌 다만, 진료·증상 상담은 채널에서 진행하지 않으며, 내원 시 의료진과 직접 상담 부탁드립니다.

더 나은 진료 서비스를 위해 최선을 다하겠습니다. 감사합니다.
6431	링고	2026-04-21 14:34:25	SD동물의료센터 서울점	네 맞습니다!
6431	링고	2026-04-21 14:35:19	진	감사합니다! :)
6431	링고	2026-04-21 14:35:19	SD동물의료센터 서울점	채팅 운영시간 안내
6431	링고	2026-04-21 14:35:19	SD동물의료센터 서울점	✅ 본 채널에서는 진료 예약과 입원 환자 사진·안내를 받아보실 수 있습니다. (14:00~16:00, 1회)

📌 다만, 진료·증상 상담은 채널에서 진행하지 않으며, 내원 시 의료진과 직접 상담 부탁드립니다.

더 나은 진료 서비스를 위해 최선을 다하겠습니다. 감사합니다.
6431	링고	2026-05-03 11:33:53	진	안녕하세요 선생님, 링고 심장 초음파 한달 째 재진 해야해서 연락드립니다!
7일 목요일 오후 3시 이후로 가능한 시간 있을까요?
6431	링고	2026-05-03 11:33:53	SD동물의료센터 서울점	채팅 운영시간 안내
6431	링고	2026-05-03 11:33:54	SD동물의료센터 서울점	✅ 본 채널에서는 진료 예약과 입원 환자 사진·안내를 받아보실 수 있습니다. (14:00~16:00, 1회)

📌 다만, 진료·증상 상담은 채널에서 진행하지 않으며, 내원 시 의료진과 직접 상담 부탁드립니다.

더 나은 진료 서비스를 위해 최선을 다하겠습니다. 감사합니다.
6431	링고	2026-05-03 11:37:07	SD동물의료센터 서울점	안녕하세요 링고보호자님
5/7(목) 오후3시에도 가능하시고, 3시30분에도 가능하신데
언제로 예약 도와드릴까요?
6431	링고	2026-05-03 11:37:46	진	조금 더 늦게도 가능할까요? 3시30분으로 예약 부탁드립니다!
6431	링고	2026-05-03 11:37:46	SD동물의료센터 서울점	채팅 운영시간 안내
6431	링고	2026-05-03 11:37:46	SD동물의료센터 서울점	✅ 본 채널에서는 진료 예약과 입원 환자 사진·안내를 받아보실 수 있습니다. (14:00~16:00, 1회)

📌 다만, 진료·증상 상담은 채널에서 진행하지 않으며, 내원 시 의료진과 직접 상담 부탁드립니다.

더 나은 진료 서비스를 위해 최선을 다하겠습니다. 감사합니다.
6431	링고	2026-05-03 11:37:57	진	3시 30분이요:)
6431	링고	2026-05-03 11:37:57	SD동물의료센터 서울점	채팅 운영시간 안내
6431	링고	2026-05-03 11:37:57	SD동물의료센터 서울점	✅ 본 채널에서는 진료 예약과 입원 환자 사진·안내를 받아보실 수 있습니다. (14:00~16:00, 1회)

📌 다만, 진료·증상 상담은 채널에서 진행하지 않으며, 내원 시 의료진과 직접 상담 부탁드립니다.

더 나은 진료 서비스를 위해 최선을 다하겠습니다. 감사합니다.
6431	링고	2026-05-03 11:38:20	SD동물의료센터 서울점	5/7(목) 오후3시30분으로 예약 도와드리겠습니다
감사합니다!
6431	링고	2026-05-03 11:39:02	진	그리고 광견병 주사를 현재 심장이
안좋은데
맞아도 되나요? 이전에 알러지 반응 올라와서 접종을 안하고있는데, 여행시에 호텔에서 광견병 접종 증명서를 내라고해서요... 아니면 소견서를 받아오면 된다해서 여쭙니다
6431	링고	2026-05-03 11:39:02	SD동물의료센터 서울점	채팅 운영시간 안내
6431	링고	2026-05-03 11:39:02	SD동물의료센터 서울점	✅ 본 채널에서는 진료 예약과 입원 환자 사진·안내를 받아보실 수 있습니다. (14:00~16:00, 1회)

📌 다만, 진료·증상 상담은 채널에서 진행하지 않으며, 내원 시 의료진과 직접 상담 부탁드립니다.

더 나은 진료 서비스를 위해 최선을 다하겠습니다. 감사합니다.
6431	링고	2026-05-03 11:41:33	SD동물의료센터 서울점	혹시 호텔은 언제 방문하시는 걸까요?
6431	링고	2026-05-03 11:56:06	SD동물의료센터 서울점	유선안내 완료입니다. 감사합니다!
6431	링고	2026-05-03 11:56:50	진	감사합니다:)
6431	링고	2026-05-03 11:56:50	SD동물의료센터 서울점	채팅 운영시간 안내
6431	링고	2026-05-03 11:56:50	SD동물의료센터 서울점	✅ 본 채널에서는 진료 예약과 입원 환자 사진·안내를 받아보실 수 있습니다. (14:00~16:00, 1회)

📌 다만, 진료·증상 상담은 채널에서 진행하지 않으며, 내원 시 의료진과 직접 상담 부탁드립니다.

더 나은 진료 서비스를 위해 최선을 다하겠습니다. 감사합니다.
6431	링고	2026-05-07 20:28:46	진	선생님 안녕하세요, 혹시 링고 지금 상태에서 산소방 사용하는게 좋을까해서 연락드립니다! 내원했을 때 정신이 없어 이 부분을 깜박하고 안여쭤보았네요ㅠ
6431	링고	2026-05-07 20:28:46	SD동물의료센터 서울점	채팅 운영시간 안내
6431	링고	2026-05-07 20:28:46	SD동물의료센터 서울점	✅ 본 채널에서는 진료 예약과 입원 환자 사진·안내를 받아보실 수 있습니다. (14:00~16:00, 1회)

📌 다만, 진료·증상 상담은 채널에서 진행하지 않으며, 내원 시 의료진과 직접 상담 부탁드립니다.

더 나은 진료 서비스를 위해 최선을 다하겠습니다. 감사합니다.
6431	링고	2026-05-08 10:47:46	SD동물의료센터 서울점	안녕하세요 링고보호자님
주치의선생님께 확인 후 연락드립니다.
지금 단계에서는 산소방 사용이 꼭 필요하지는 않다고 말씀 전해달라고 하셨습니다. 감사합니다!
6431	링고	2026-05-08 11:12:03	SD동물의료센터 서울점	채팅 운영시간 안내
6431	링고	2026-05-08 11:12:03	SD동물의료센터 서울점	✅ 본 채널에서는 진료 예약과 입원 환자 사진·안내를 받아보실 수 있습니다. (14:00~16:00, 1회)

📌 다만, 진료·증상 상담은 채널에서 진행하지 않으며, 내원 시 의료진과 직접 상담 부탁드립니다.

더 나은 진료 서비스를 위해 최선을 다하겠습니다. 감사합니다.
6431	링고	2026-05-08 11:12:03	진	산소방을 하면 조금 더 링고 심장이 무리가 덜 가지 않을까해서요! 크게 지금은 의미가 없는걸까요?
6431	링고	2026-05-08 11:24:20	SD동물의료센터 서울점	산소방 안에 있는게 스트레스가 아니라면 괜찮지만,
나오려고 흥분하면 그게 더 안 좋다고 말씀 전해달라고 하셨습니다!
6431	링고	2026-05-08 11:24:41	진	아하 또 흥분을 할수있으므로ㅠ__ㅠ 네! 선생님 답변 감사합니다!
6431	링고	2026-05-08 11:24:41	SD동물의료센터 서울점	채팅 운영시간 안내
6431	링고	2026-05-08 11:24:41	SD동물의료센터 서울점	✅ 본 채널에서는 진료 예약과 입원 환자 사진·안내를 받아보실 수 있습니다. (14:00~16:00, 1회)

📌 다만, 진료·증상 상담은 채널에서 진행하지 않으며, 내원 시 의료진과 직접 상담 부탁드립니다.

더 나은 진료 서비스를 위해 최선을 다하겠습니다. 감사합니다.
6431	링고	2026-05-09 16:18:52	진	선생님 안녕하세요! 오늘 첫번째 결제 하기로 하였는데 오늘 내일중으로 일정이 생겨 조금 어려울 것 같아서 정확하게 말씀드리기가 어려워서요! 다음주 중으로 가려고하는데 괜찮을까요~?
6431	링고	2026-05-09 16:18:52	SD동물의료센터 서울점	채팅 운영시간 안내
6431	링고	2026-05-09 16:18:52	SD동물의료센터 서울점	✅ 본 채널에서는 진료 예약과 입원 환자 사진·안내를 받아보실 수 있습니다. (14:00~16:00, 1회)

📌 다만, 진료·증상 상담은 채널에서 진행하지 않으며, 내원 시 의료진과 직접 상담 부탁드립니다.

더 나은 진료 서비스를 위해 최선을 다하겠습니다. 감사합니다.
6431	링고	2026-05-09 16:20:57	SD동물의료센터 서울점	방문 어려우실 경우 온라인 결제도 가능합니다 :)
6431	링고	2026-05-09 16:21:28	진	엇!! 키드로 온라인결제도 되나요??
6431	링고	2026-05-09 16:21:28	SD동물의료센터 서울점	채팅 운영시간 안내
6431	링고	2026-05-09 16:21:28	SD동물의료센터 서울점	✅ 본 채널에서는 진료 예약과 입원 환자 사진·안내를 받아보실 수 있습니다. (14:00~16:00, 1회)

📌 다만, 진료·증상 상담은 채널에서 진행하지 않으며, 내원 시 의료진과 직접 상담 부탁드립니다.

더 나은 진료 서비스를 위해 최선을 다하겠습니다. 감사합니다.
6431	링고	2026-05-09 16:22:46	진	보험사에 청구할 수 있게 영수증에 병원 이름이랑 가격 나오는거면 온라인결제가 내원안해도 되서 더 좋습니다!!
6431	링고	2026-05-09 16:22:46	SD동물의료센터 서울점	채팅 운영시간 안내
6431	링고	2026-05-09 16:22:46	SD동물의료센터 서울점	✅ 본 채널에서는 진료 예약과 입원 환자 사진·안내를 받아보실 수 있습니다. (14:00~16:00, 1회)

📌 다만, 진료·증상 상담은 채널에서 진행하지 않으며, 내원 시 의료진과 직접 상담 부탁드립니다.

더 나은 진료 서비스를 위해 최선을 다하겠습니다. 감사합니다.
6431	링고	2026-05-09 16:28:04	SD동물의료센터 서울점	아핫 네 온라인 결제는 병원명이 아닌 대행업체명으로 영수증이 발급됩니다ㅠ
그럼 다음주 언제 내원 가능하실까요?
6431	링고	2026-05-09 16:38:27	진	그렇죠?ㅠㅠ넵 그러면 월요일에 남편이 갈게요!!
6431	링고	2026-05-09 16:38:27	SD동물의료센터 서울점	채팅 운영시간 안내
6431	링고	2026-05-09 16:38:27	SD동물의료센터 서울점	✅ 본 채널에서는 진료 예약과 입원 환자 사진·안내를 받아보실 수 있습니다. (14:00~16:00, 1회)

📌 다만, 진료·증상 상담은 채널에서 진행하지 않으며, 내원 시 의료진과 직접 상담 부탁드립니다.

더 나은 진료 서비스를 위해 최선을 다하겠습니다. 감사합니다.
6431	링고	2026-05-09 16:38:53	진	11일 (월)
15일 (금)

이렇게 두번 남은거 결제하러 가겠습니다!
6431	링고	2026-05-09 16:38:53	SD동물의료센터 서울점	채팅 운영시간 안내
6431	링고	2026-05-09 16:38:53	SD동물의료센터 서울점	✅ 본 채널에서는 진료 예약과 입원 환자 사진·안내를 받아보실 수 있습니다. (14:00~16:00, 1회)

📌 다만, 진료·증상 상담은 채널에서 진행하지 않으며, 내원 시 의료진과 직접 상담 부탁드립니다.

더 나은 진료 서비스를 위해 최선을 다하겠습니다. 감사합니다.
6431	링고	2026-05-09 17:32:05	SD동물의료센터 서울점	네 보호자님, 확인 감사합니다.
6431	링고	2026-05-11 17:00:52	진	선생님! 다음결제 15일로 위에 말씀 드렸습니당 :) 남편이 방금 결제했다고해서요!
6431	링고	2026-05-11 17:00:52	SD동물의료센터 서울점	채팅 운영시간 안내
6431	링고	2026-05-11 17:00:52	SD동물의료센터 서울점	✅ 본 채널에서는 진료 예약과 입원 환자 사진·안내를 받아보실 수 있습니다. (14:00~16:00, 1회)

📌 다만, 진료·증상 상담은 채널에서 진행하지 않으며, 내원 시 의료진과 직접 상담 부탁드립니다.

더 나은 진료 서비스를 위해 최선을 다하겠습니다. 감사합니다.
6431	링고	2026-05-11 17:03:05	SD동물의료센터 서울점	네 보호자님 내원 확인 차 안내드렸습니다 다음 내원 시 뵙겠습니다 :)
6431	링고	2026-05-11 17:03:25	진	네:)감사합니다!
6431	링고	2026-05-11 17:03:25	SD동물의료센터 서울점	채팅 운영시간 안내
6431	링고	2026-05-11 17:03:25	SD동물의료센터 서울점	✅ 본 채널에서는 진료 예약과 입원 환자 사진·안내를 받아보실 수 있습니다. (14:00~16:00, 1회)

📌 다만, 진료·증상 상담은 채널에서 진행하지 않으며, 내원 시 의료진과 직접 상담 부탁드립니다.

더 나은 진료 서비스를 위해 최선을 다하겠습니다. 감사합니다.
6431	링고	2026-05-15 15:04:46	진	선생님 안녕하세요! 방금 청구서를 보니 날짜가 5월 9일로 되어있어서요! 오늘날짜로 다시 주실 수 있으실까요?
6431	링고	2026-05-15 15:04:46	SD동물의료센터 서울점	채팅 운영시간 안내
6431	링고	2026-05-15 15:04:46	SD동물의료센터 서울점	✅ 본 채널에서는 진료 예약과 입원 환자 사진·안내를 받아보실 수 있습니다. (14:00~16:00, 1회)

📌 다만, 진료·증상 상담은 채널에서 진행하지 않으며, 내원 시 의료진과 직접 상담 부탁드립니다.

더 나은 진료 서비스를 위해 최선을 다하겠습니다. 감사합니다.
6431	링고	2026-05-15 15:09:59	SD동물의료센터 서울점	사진
6431	링고	2026-05-15 15:10:26	진	감사합니다!!
6431	링고	2026-05-15 15:10:26	SD동물의료센터 서울점	채팅 운영시간 안내
6431	링고	2026-05-15 15:10:26	SD동물의료센터 서울점	✅ 본 채널에서는 진료 예약과 입원 환자 사진·안내를 받아보실 수 있습니다. (14:00~16:00, 1회)

📌 다만, 진료·증상 상담은 채널에서 진행하지 않으며, 내원 시 의료진과 직접 상담 부탁드립니다.

더 나은 진료 서비스를 위해 최선을 다하겠습니다. 감사합니다.
6431	링고	2026-05-15 15:10:40	SD동물의료센터 서울점	네 보호자님 감사합니다
6431	링고	2026-06-04 14:55:50	SD동물의료센터 서울점	채팅 운영시간 안내
6431	링고	2026-06-04 14:55:50	SD동물의료센터 서울점	✅ 본 채널에서는 진료 예약과 입원 환자 사진·안내를 받아보실 수 있습니다. (14:00~16:00, 1회)

📌 다만, 진료·증상 상담은 채널에서 진행하지 않으며, 내원 시 의료진과 직접 상담 부탁드립니다.

더 나은 진료 서비스를 위해 최선을 다하겠습니다. 감사합니다.
6431	링고	2026-06-04 14:55:50	진	선생님 안녕하세요, 혹시 easotic 연고 가격이 어떻게 되었지요?
6431	링고	2026-06-04 14:56:13	진	링고 귀가 안좋아서 심장 예약 되어있는 것 보다 좀 더 빨리 내원을 해야하나 해서요ㅠ 연고 가격 좀 부탁드립니다!
6431	링고	2026-06-04 14:56:14	SD동물의료센터 서울점	채팅 운영시간 안내
6431	링고	2026-06-04 14:56:14	SD동물의료센터 서울점	✅ 본 채널에서는 진료 예약과 입원 환자 사진·안내를 받아보실 수 있습니다. (14:00~16:00, 1회)

📌 다만, 진료·증상 상담은 채널에서 진행하지 않으며, 내원 시 의료진과 직접 상담 부탁드립니다.

더 나은 진료 서비스를 위해 최선을 다하겠습니다. 감사합니다.
6431	링고	2026-06-04 15:06:22	SD동물의료센터 서울점	안녕하세요 보호자님 진료예약 언제로 변경도와드릴까요?
6431	링고	2026-06-04 15:36:01	진	귀 연고 가격 좀 먼저 부탁드립니다!ㅠ
6431	링고	2026-06-04 15:36:01	SD동물의료센터 서울점	채팅 운영시간 안내
6431	링고	2026-06-04 15:36:01	SD동물의료센터 서울점	✅ 본 채널에서는 진료 예약과 입원 환자 사진·안내를 받아보실 수 있습니다. (14:00~16:00, 1회)

📌 다만, 진료·증상 상담은 채널에서 진행하지 않으며, 내원 시 의료진과 직접 상담 부탁드립니다.

더 나은 진료 서비스를 위해 최선을 다하겠습니다. 감사합니다.
6431	링고	2026-06-04 15:36:07	진	병원전에 따로 구매를 해야하나해서요ㅠㅠ
6431	링고	2026-06-04 15:36:07	SD동물의료센터 서울점	채팅 운영시간 안내
6431	링고	2026-06-04 15:36:07	SD동물의료센터 서울점	✅ 본 채널에서는 진료 예약과 입원 환자 사진·안내를 받아보실 수 있습니다. (14:00~16:00, 1회)

📌 다만, 진료·증상 상담은 채널에서 진행하지 않으며, 내원 시 의료진과 직접 상담 부탁드립니다.

더 나은 진료 서비스를 위해 최선을 다하겠습니다. 감사합니다.
6431	링고	2026-06-04 15:36:22	진	예약은 이번주 토요일 오후에 가능할까요?
6431	링고	2026-06-04 15:36:22	SD동물의료센터 서울점	채팅 운영시간 안내
6431	링고	2026-06-04 15:36:22	SD동물의료센터 서울점	✅ 본 채널에서는 진료 예약과 입원 환자 사진·안내를 받아보실 수 있습니다. (14:00~16:00, 1회)

📌 다만, 진료·증상 상담은 채널에서 진행하지 않으며, 내원 시 의료진과 직접 상담 부탁드립니다.

더 나은 진료 서비스를 위해 최선을 다하겠습니다. 감사합니다.
6431	링고	2026-06-04 15:47:37	진	아니면 일요일은 가능한가요? 선생님 계실까요?
6431	링고	2026-06-04 15:47:37	SD동물의료센터 서울점	채팅 운영시간 안내
6431	링고	2026-06-04 15:47:37	SD동물의료센터 서울점	✅ 본 채널에서는 진료 예약과 입원 환자 사진·안내를 받아보실 수 있습니다. (14:00~16:00, 1회)

📌 다만, 진료·증상 상담은 채널에서 진행하지 않으며, 내원 시 의료진과 직접 상담 부탁드립니다.

더 나은 진료 서비스를 위해 최선을 다하겠습니다. 감사합니다.
6431	링고	2026-06-04 15:54:37	SD동물의료센터 서울점	✅ 본 채널에서는 진료 예약과 입원 환자 사진·안내를 받아보실 수 있습니다. (14:00~16:00, 1회)

📌 다만, 진료·증상 상담은 채널에서 진행하지 않으며, 내원 시 의료진과 직접 상담 부탁드립니다.

더 나은 진료 서비스를 위해 최선을 다하겠습니다. 감사합니다.
6431	링고	2026-06-04 15:54:37	진	사진
6431	링고	2026-06-04 15:54:37	SD동물의료센터 서울점	채팅 운영시간 안내
6431	링고	2026-06-04 15:54:41	진	이렇게 생긴거요!
6431	링고	2026-06-04 15:54:41	SD동물의료센터 서울점	채팅 운영시간 안내
6431	링고	2026-06-04 15:54:41	SD동물의료센터 서울점	✅ 본 채널에서는 진료 예약과 입원 환자 사진·안내를 받아보실 수 있습니다. (14:00~16:00, 1회)

📌 다만, 진료·증상 상담은 채널에서 진행하지 않으며, 내원 시 의료진과 직접 상담 부탁드립니다.

더 나은 진료 서비스를 위해 최선을 다하겠습니다. 감사합니다.
6431	링고	2026-06-04 15:55:29	SD동물의료센터 서울점	26,000원 입니다
6431	링고	2026-06-04 15:55:46	진	감사합니다! 선생님 일요일도 진료 가능한가요? 심장이랑 귀 외이도염 같이요!
6431	링고	2026-06-04 15:55:46	SD동물의료센터 서울점	채팅 운영시간 안내
6431	링고	2026-06-04 15:55:46	SD동물의료센터 서울점	✅ 본 채널에서는 진료 예약과 입원 환자 사진·안내를 받아보실 수 있습니다. (14:00~16:00, 1회)

📌 다만, 진료·증상 상담은 채널에서 진행하지 않으며, 내원 시 의료진과 직접 상담 부탁드립니다.

더 나은 진료 서비스를 위해 최선을 다하겠습니다. 감사합니다.
6431	링고	2026-06-04 15:56:00	SD동물의료센터 서울점	보호자님 6/7 일 내원가능하신걸까요?
6431	링고	2026-06-04 15:56:11	진	네!
6431	링고	2026-06-04 15:56:11	SD동물의료센터 서울점	채팅 운영시간 안내
6431	링고	2026-06-04 15:56:11	SD동물의료센터 서울점	✅ 본 채널에서는 진료 예약과 입원 환자 사진·안내를 받아보실 수 있습니다. (14:00~16:00, 1회)

📌 다만, 진료·증상 상담은 채널에서 진행하지 않으며, 내원 시 의료진과 직접 상담 부탁드립니다.

더 나은 진료 서비스를 위해 최선을 다하겠습니다. 감사합니다.
6431	링고	2026-06-04 15:56:53	SD동물의료센터 서울점	일/월/화 선생님께서 휴진일 입니다
6431	링고	2026-06-04 15:57:05	SD동물의료센터 서울점	일요일만 내원 가능하신거면 다른선생님 진료예약 도와드릴까요?
6431	링고	2026-06-04 15:58:17	진	링고 심장보셨던 선생님 가능한 요일은 어떻게 될까요?
6431	링고	2026-06-04 15:58:18	SD동물의료센터 서울점	채팅 운영시간 안내
6431	링고	2026-06-04 15:58:18	SD동물의료센터 서울점	✅ 본 채널에서는 진료 예약과 입원 환자 사진·안내를 받아보실 수 있습니다. (14:00~16:00, 1회)

📌 다만, 진료·증상 상담은 채널에서 진행하지 않으며, 내원 시 의료진과 직접 상담 부탁드립니다.

더 나은 진료 서비스를 위해 최선을 다하겠습니다. 감사합니다.
6431	링고	2026-06-04 16:39:46	SD동물의료센터 서울점	유선안내 도와드렸습니다 감사합니다.
6431	링고	2026-06-07 14:39:11	진	진료예약
6431	링고	2026-06-07 14:39:11	SD동물의료센터 서울점(메뉴)	SD동물의료센터 서울점 진료 예약을 위해 아래 내용을 채팅에 남겨주세요.

◼︎ 보호자님 성함 / 연락처
◼︎ 반려동물 이름 / 간단한 증상

* 예약에 필요한 간단한 상담이 진행될 수 있습니다.
* 증상과 관련된 자세한 상담은 진료의 부분으로 예약 후 내원시 수의사 선생님과 상담 가능합니다. 
* 채널 상담은 병원 업무와 동시에 진행되어 원내 상황에 따라 빠른 응대가 어려울 수 있습니다. 

문의사항은 본원 대표전화(02-2039-0303)로 연락부탁드립니다.
6431	링고	2026-06-07 14:40:15	진	7월 4일
토요일
링고 심장 재진 11시경 가능할까요?
6431	링고	2026-06-07 14:40:15	SD동물의료센터 서울점	채팅 운영시간 안내
6431	링고	2026-06-07 14:40:15	SD동물의료센터 서울점	✅ 본 채널에서는 진료 예약과 입원 환자 사진·안내를 받아보실 수 있습니다. (14:00~16:00, 1회)

📌 다만, 진료·증상 상담은 채널에서 진행하지 않으며, 내원 시 의료진과 직접 상담 부탁드립니다.

더 나은 진료 서비스를 위해 최선을 다하겠습니다. 감사합니다.
6431	링고	2026-06-07 14:57:55	SD동물의료센터 서울점	안녕하세요 보호자님.
진료 희망하시는 선생님 따로 있으실까요? 최근 진료봐주신 내과과장님께 진료 희망하시면 매주 화,토요일은 휴진일이셔서 다른날 예약 가능합니다. :)
6431	링고	2026-06-07 14:58:59	진	음 그러면 3일 금요일 3시로 부탁드립니다!
6431	링고	2026-06-07 14:58:59	SD동물의료센터 서울점	채팅 운영시간 안내
6431	링고	2026-06-07 14:58:59	SD동물의료센터 서울점	✅ 본 채널에서는 진료 예약과 입원 환자 사진·안내를 받아보실 수 있습니다. (14:00~16:00, 1회)

📌 다만, 진료·증상 상담은 채널에서 진행하지 않으며, 내원 시 의료진과 직접 상담 부탁드립니다.

더 나은 진료 서비스를 위해 최선을 다하겠습니다. 감사합니다.
6431	링고	2026-06-07 15:15:46	SD동물의료센터 서울점	보호자님 혹시 3시 30분도 괜찮으실까요? :)
6431	링고	2026-06-07 15:19:31	진	네 그렇게 해주세요!
6431	링고	2026-06-07 15:19:31	SD동물의료센터 서울점	채팅 운영시간 안내
6431	링고	2026-06-07 15:19:31	SD동물의료센터 서울점	✅ 본 채널에서는 진료 예약과 입원 환자 사진·안내를 받아보실 수 있습니다. (14:00~16:00, 1회)

📌 다만, 진료·증상 상담은 채널에서 진행하지 않으며, 내원 시 의료진과 직접 상담 부탁드립니다.

더 나은 진료 서비스를 위해 최선을 다하겠습니다. 감사합니다.
6431	링고	2026-06-07 15:24:25	SD동물의료센터 서울점	네 그럼 7/3 금요일 오후 15시30분으로 예약 도와드리도록 하겠습ㄴ디ㅏ.
감사합니다. :)
6431	링고	2026-06-08 10:44:11	진	선생님 안녕하세요, 혹시 링고 심장 엑스에이 찍었던 사진 좀 보내주실 수 있을까요? 이전꺼는 가지고 있는데, 얼마나 커진건지 좀 비교해보고싶어서요ㅠㅠ
6431	링고	2026-06-08 10:44:11	SD동물의료센터 서울점	채팅 운영시간 안내
6431	링고	2026-06-08 10:44:11	SD동물의료센터 서울점	✅ 본 채널에서는 진료 예약과 입원 환자 사진·안내를 받아보실 수 있습니다. (14:00~16:00, 1회)

📌 다만, 진료·증상 상담은 채널에서 진행하지 않으며, 내원 시 의료진과 직접 상담 부탁드립니다.

더 나은 진료 서비스를 위해 최선을 다하겠습니다. 감사합니다.
6431	링고	2026-06-08 10:45:02	진	그리고 어제 진료 때, 링고 몸무게 측정 후 담당 선생님께서 알려주지 않으셔서 몸무게도 한번 전달 부탁드립니다^^ 몸무게 유지하려고 하는중이라 기록해두어야해서요!
6431	링고	2026-06-08 10:45:02	SD동물의료센터 서울점	채팅 운영시간 안내
6431	링고	2026-06-08 10:45:02	SD동물의료센터 서울점	✅ 본 채널에서는 진료 예약과 입원 환자 사진·안내를 받아보실 수 있습니다. (14:00~16:00, 1회)

📌 다만, 진료·증상 상담은 채널에서 진행하지 않으며, 내원 시 의료진과 직접 상담 부탁드립니다.

더 나은 진료 서비스를 위해 최선을 다하겠습니다. 감사합니다.
6431	링고	2026-06-08 10:45:48	SD동물의료센터 서울점	네 보호자님 6/7 측정한 몸무게 3.7kg 입니다. 엑스레이는 5/7 촬영하신 것 요청 맞으실까요?
6431	링고	2026-06-08 10:46:30	SD동물의료센터 서울점	채팅 운영시간 안내
6431	링고	2026-06-08 10:46:30	SD동물의료센터 서울점	✅ 본 채널에서는 진료 예약과 입원 환자 사진·안내를 받아보실 수 있습니다. (14:00~16:00, 1회)

📌 다만, 진료·증상 상담은 채널에서 진행하지 않으며, 내원 시 의료진과 직접 상담 부탁드립니다.

더 나은 진료 서비스를 위해 최선을 다하겠습니다. 감사합니다.
6431	링고	2026-06-08 10:46:30	진	오 딱 3.7키로로 나왔나요!! 확인 감사합니다! 네 마지막이 가장 커졌을 테니 그 사진으로 부탁드립니다 ㅠ 이전에 24년도에 받은거랑 비교좀 해보려구용 ㅠ
6431	링고	2026-06-08 10:48:25	SD동물의료센터 서울점	사진
6431	링고	2026-06-08 10:48:37	SD동물의료센터 서울점	네 보호자님 5/7 엑스레이 사진 보내드립니다 감사합니다 :)
6431	링고	2026-06-08 11:21:56	진	감사합니다 선생님!
6431	링고	2026-06-08 11:21:56	SD동물의료센터 서울점	채팅 운영시간 안내
6431	링고	2026-06-08 11:21:56	SD동물의료센터 서울점	✅ 본 채널에서는 진료 예약과 입원 환자 사진·안내를 받아보실 수 있습니다. (14:00~16:00, 1회)

📌 다만, 진료·증상 상담은 채널에서 진행하지 않으며, 내원 시 의료진과 직접 상담 부탁드립니다.

더 나은 진료 서비스를 위해 최선을 다하겠습니다. 감사합니다.
6431	링고	2026-06-24 12:16:29	진	선생님 안녕하세요 혹시 링고 심장 체크업 7월 2일 목요일에도 가능한가요? 링고 심장 봐주시는
선생님으로요!
6431	링고	2026-06-24 12:16:29	SD동물의료센터 서울점	채팅 운영시간 안내
6431	링고	2026-06-24 12:16:29	SD동물의료센터 서울점	✅ 본 채널에서는 진료 예약과 입원 환자 사진·안내를 받아보실 수 있습니다. (14:00~16:00, 1회)

📌 다만, 진료·증상 상담은 채널에서 진행하지 않으며, 내원 시 의료진과 직접 상담 부탁드립니다.

더 나은 진료 서비스를 위해 최선을 다하겠습니다. 감사합니다.
6431	링고	2026-06-24 12:17:10	진	오후 4시경이면 좋을 것 같습니다!
6431	링고	2026-06-24 12:17:10	SD동물의료센터 서울점	채팅 운영시간 안내
6431	링고	2026-06-24 12:17:10	SD동물의료센터 서울점	✅ 본 채널에서는 진료 예약과 입원 환자 사진·안내를 받아보실 수 있습니다. (14:00~16:00, 1회)

📌 다만, 진료·증상 상담은 채널에서 진행하지 않으며, 내원 시 의료진과 직접 상담 부탁드립니다.

더 나은 진료 서비스를 위해 최선을 다하겠습니다. 감사합니다.
6431	링고	2026-06-24 12:26:35	SD동물의료센터 서울점	안녕하세요 보호자님.
최근 진료 봐주셨던 내과과장님 앞으로 예약 가능하신데 몇시쯤 내원 가능하실까요?
6431	링고	2026-06-24 13:38:37	진	여자선생님 맞으시죠? 오후 4시경이요!
6431	링고	2026-06-24 13:38:37	SD동물의료센터 서울점	채팅 운영시간 안내
6431	링고	2026-06-24 13:38:37	SD동물의료센터 서울점	✅ 본 채널에서는 진료 예약과 입원 환자 사진·안내를 받아보실 수 있습니다. (14:00~16:00, 1회)

📌 다만, 진료·증상 상담은 채널에서 진행하지 않으며, 내원 시 의료진과 직접 상담 부탁드립니다.

더 나은 진료 서비스를 위해 최선을 다하겠습니다. 감사합니다.
6431	링고	2026-06-24 13:43:57	SD동물의료센터 서울점	최근 귀진료 봐주셨던 남자선생님이고 기존에 봐주셨던 선생님은 퇴사하게되셔서 내과진료도 해당 선생님께 이어보시면 될 것 같습니다. :)
6431	링고	2026-06-29 11:44:00	SD동물의료센터 서울점	✅ 본 채널에서는 진료 예약과 입원 환자 사진·안내를 받아보실 수 있습니다. (14:00~16:00, 1회)

📌 다만, 진료·증상 상담은 채널에서 진행하지 않으며, 내원 시 의료진과 직접 상담 부탁드립니다.

더 나은 진료 서비스를 위해 최선을 다하겠습니다. 감사합니다.
6431	링고	2026-06-29 11:44:00	진	선생님 안녕하세요! 링고 예약 7월 3일건에서 7월 2일 오후로 부탁드립니다! 오후 4시경이요~!
6431	링고	2026-06-29 11:44:00	SD동물의료센터 서울점	채팅 운영시간 안내
6431	링고	2026-06-29 11:55:35	SD동물의료센터 서울점	안녕하세요 보호자님 7/2 목 15:30내원가능하실까요?
6431	링고	2026-06-29 11:56:33	진	네 혹시 조금 더 늦으시간도 있나요~?
6431	링고	2026-06-29 11:56:33	SD동물의료센터 서울점	채팅 운영시간 안내
6431	링고	2026-06-29 11:56:33	SD동물의료센터 서울점	✅ 본 채널에서는 진료 예약과 입원 환자 사진·안내를 받아보실 수 있습니다. (14:00~16:00, 1회)

📌 다만, 진료·증상 상담은 채널에서 진행하지 않으며, 내원 시 의료진과 직접 상담 부탁드립니다.

더 나은 진료 서비스를 위해 최선을 다하겠습니다. 감사합니다.
6431	링고	2026-06-29 11:56:56	SD동물의료센터 서울점	17:30 진료 가능합니다 :)
6431	링고	2026-06-29 11:57:13	진	아 그사이는 안되는군요! 그러면 15시 30분으로 부탁드립니다^^
6431	링고	2026-06-29 11:57:13	SD동물의료센터 서울점	채팅 운영시간 안내
6431	링고	2026-06-29 11:57:13	SD동물의료센터 서울점	✅ 본 채널에서는 진료 예약과 입원 환자 사진·안내를 받아보실 수 있습니다. (14:00~16:00, 1회)

📌 다만, 진료·증상 상담은 채널에서 진행하지 않으며, 내원 시 의료진과 직접 상담 부탁드립니다.

더 나은 진료 서비스를 위해 최선을 다하겠습니다. 감사합니다.
6431	링고	2026-06-29 11:57:35	SD동물의료센터 서울점	네  7/2 목 15:30으로 예약 변경해드렸습니다 감사합니다 :)
6431	링고	2026-07-03 15:48:03	진	선생님 8월7일 금요일 
링고 재진 오후 4시로 예약 가능할까요?

약만 타는거는 7월 16일-18일
사이로 가겠습니다!
6431	링고	2026-07-03 15:48:03	SD동물의료센터 서울점	채팅 운영시간 안내
6431	링고	2026-07-03 15:48:03	SD동물의료센터 서울점	✅ 본 채널에서는 진료 예약과 입원 환자 사진·안내를 받아보실 수 있습니다. (14:00~16:00, 1회)

📌 다만, 진료·증상 상담은 채널에서 진행하지 않으며, 내원 시 의료진과 직접 상담 부탁드립니다.

더 나은 진료 서비스를 위해 최선을 다하겠습니다. 감사합니다.
6431	링고	2026-07-03 16:05:00	SD동물의료센터 서울점	안녕하세요 보호자님 8/7 금 15:30 내원도 가능하실까요?
6431	링고	2026-07-03 16:13:18	진	4시 30분은 안될까요~?ㅎㅎ
6431	링고	2026-07-03 16:13:18	SD동물의료센터 서울점	채팅 운영시간 안내
6431	링고	2026-07-03 16:13:18	SD동물의료센터 서울점	✅ 본 채널에서는 진료 예약과 입원 환자 사진·안내를 받아보실 수 있습니다. (14:00~16:00, 1회)

📌 다만, 진료·증상 상담은 채널에서 진행하지 않으며, 내원 시 의료진과 직접 상담 부탁드립니다.

더 나은 진료 서비스를 위해 최선을 다하겠습니다. 감사합니다.
6431	링고	2026-07-03 16:13:31	진	4시30분쯤 가능한 요일이면 좋을 것 같습니다!
6431	링고	2026-07-03 16:13:31	SD동물의료센터 서울점	채팅 운영시간 안내
6431	링고	2026-07-03 16:13:31	SD동물의료센터 서울점	✅ 본 채널에서는 진료 예약과 입원 환자 사진·안내를 받아보실 수 있습니다. (14:00~16:00, 1회)

📌 다만, 진료·증상 상담은 채널에서 진행하지 않으며, 내원 시 의료진과 직접 상담 부탁드립니다.

더 나은 진료 서비스를 위해 최선을 다하겠습니다. 감사합니다.
6431	링고	2026-07-03 16:15:57	SD동물의료센터 서울점	네 8/9 일 16:30 내원 가능하실까요?
6431	링고	2026-07-03 16:29:30	진	아 일요일이면 더 빠른것도 괜찮습니다!ㅎㅎ
6431	링고	2026-07-03 16:29:30	SD동물의료센터 서울점	채팅 운영시간 안내
6431	링고	2026-07-03 16:29:30	SD동물의료센터 서울점	✅ 본 채널에서는 진료 예약과 입원 환자 사진·안내를 받아보실 수 있습니다. (14:00~16:00, 1회)

📌 다만, 진료·증상 상담은 채널에서 진행하지 않으며, 내원 시 의료진과 직접 상담 부탁드립니다.

더 나은 진료 서비스를 위해 최선을 다하겠습니다. 감사합니다.
6431	링고	2026-07-03 16:35:23	SD동물의료센터 서울점	네 가장 빠른 진료는 10시 가능합니다
6431	링고	2026-07-03 19:46:27	진	10시로 예약 부탁드립니다:)
6431	링고	2026-07-03 19:46:27	SD동물의료센터 서울점	채팅 운영시간 안내
6431	링고	2026-07-03 19:46:27	SD동물의료센터 서울점	✅ 본 채널에서는 진료 예약과 입원 환자 사진·안내를 받아보실 수 있습니다. (14:00~16:00, 1회)

📌 다만, 진료·증상 상담은 채널에서 진행하지 않으며, 내원 시 의료진과 직접 상담 부탁드립니다.

더 나은 진료 서비스를 위해 최선을 다하겠습니다. 감사합니다.
6431	링고	2026-07-03 19:54:37	SD동물의료센터 서울점	네 그럼 8/9 일요일 오전10시로 예약 도와드렸고, 변동사항 생기면 연락주세요 ^^
6431	링고	2026-07-04 08:37:56	진	네 선생님 감사합니다:)
6431	링고	2026-07-04 08:37:56	SD동물의료센터 서울점	채팅 운영시간 안내
6431	링고	2026-07-04 08:37:56	SD동물의료센터 서울점	✅ 본 채널에서는 진료 예약과 입원 환자 사진·안내를 받아보실 수 있습니다. (14:00~16:00, 1회)

📌 다만, 진료·증상 상담은 채널에서 진행하지 않으며, 내원 시 의료진과 직접 상담 부탁드립니다.

더 나은 진료 서비스를 위해 최선을 다하겠습니다. 감사합니다.
6431	링고	2026-07-09 13:04:05	진	선생님 안녕하세요
다름이 아니라 링고 슬개골 수술 후 오른쪽이 또 안좋아졌어서 진료보았을 때 수술했던 부위나 십자인대 모두 문제는 없어서 대표원장님께서 별다른 처치는 할게 없다고 하셨었는데, 그후로도 안좋을때는 다리를 들다가 또 괜찮아졌는데 이번에는 3일 연속으로 오른쪽 뒷다리를 땅에 디디지를 못하네요.
심장약도 먹는 상황이라 병원을 가도 다른 처치가 있나해서요. 애가 워낙 스트레스를 병원 다녀오면 심하게 받아서 다른 처치가 없는 상황이라면 심장 체크업때 내원을 해서 한번에 볼까도 고려중이라서요..
확인 후 답변 좀 부탁드리겠습니다!
6431	링고	2026-07-09 13:04:05	SD동물의료센터 서울점	채팅 운영시간 안내
6431	링고	2026-07-09 13:04:05	SD동물의료센터 서울점	✅ 본 채널에서는 진료 예약과 입원 환자 사진·안내를 받아보실 수 있습니다. (14:00~16:00, 1회)

📌 다만, 진료·증상 상담은 채널에서 진행하지 않으며, 내원 시 의료진과 직접 상담 부탁드립니다.

더 나은 진료 서비스를 위해 최선을 다하겠습니다. 감사합니다.
6431	링고	2026-07-09 13:18:48	SD동물의료센터 서울점	안녕하세요 보호자님.
이전에 외과진료 보셨던게 25년9월이 마지막이였고,
잠깐식 증상이 나타나는게 아니라 3일 연속, 지속적으로 증상이 나타나고 있기 때문에 다시 한번 체크 받아보시는게 좋을 것 같습니다. :)
6431	링고	2026-07-09 14:06:25	진	네 내원을 해도 수술을 못하는
상황인데 다른 방법이 있는건가요? 말씀 드린것처럼 애기가 가면 흥분을 너무 많이해서 오히려 심장만 안좋아질까봐서요ㅜ
6431	링고	2026-07-09 14:06:25	SD동물의료센터 서울점	채팅 운영시간 안내
6431	링고	2026-07-09 14:06:25	SD동물의료센터 서울점	✅ 본 채널에서는 진료 예약과 입원 환자 사진·안내를 받아보실 수 있습니다. (14:00~16:00, 1회)

📌 다만, 진료·증상 상담은 채널에서 진행하지 않으며, 내원 시 의료진과 직접 상담 부탁드립니다.

더 나은 진료 서비스를 위해 최선을 다하겠습니다. 감사합니다.
6431	링고	2026-07-09 14:06:36	SD동물의료센터 서울점	채팅 운영시간 안내
6431	링고	2026-07-09 14:06:36	SD동물의료센터 서울점	✅ 본 채널에서는 진료 예약과 입원 환자 사진·안내를 받아보실 수 있습니다. (14:00~16:00, 1회)

📌 다만, 진료·증상 상담은 채널에서 진행하지 않으며, 내원 시 의료진과 직접 상담 부탁드립니다.

더 나은 진료 서비스를 위해 최선을 다하겠습니다. 감사합니다.
6431	링고	2026-07-09 14:06:36	진	심장내원때가는게 맞는지 지금이라도 빨리
가보는게 맞는지요
6431	링고	2026-07-10 16:47:06	진	선생님~ 오늘 링고 찍은
엑스레이랑 25년도 9월에 찍은
엑스레이 사진 좀 부탁드립니다 남편도 보고싶어해서요~
6431	링고	2026-07-10 16:47:06	SD동물의료센터 서울점	채팅 운영시간 안내
6431	링고	2026-07-10 16:47:06	SD동물의료센터 서울점	✅ 본 채널에서는 진료 예약과 입원 환자 사진·안내를 받아보실 수 있습니다. (14:00~16:00, 1회)

📌 다만, 진료·증상 상담은 채널에서 진행하지 않으며, 내원 시 의료진과 직접 상담 부탁드립니다.

더 나은 진료 서비스를 위해 최선을 다하겠습니다. 감사합니다.
6431	링고	2026-07-10 16:55:14	SD동물의료센터 서울점	링고(김민진).zip
6431	링고	2026-07-10 16:55:28	SD동물의료센터 서울점	안녕하세요 보호자님 요청하신 방사선 사진 전달드립니다. 감사합니다 :)
6431	링고	2026-07-14 12:45:29	진	안녕하세요 선생님!

링고 심장약 받으러 16일(목)에 저만 내원 예정입니다.

현재 약은 7월 19일분까지 남아있는 상태로
7월 20일분부터 8월 9일분까지 제조 부탁드립니다!

총 21일분 으로 42봉지가 되겠네요!

16일 목요일에 뵐게요 :)
6431	링고	2026-07-14 12:45:29	SD동물의료센터 서울점	채팅 운영시간 안내
6431	링고	2026-07-14 12:45:29	SD동물의료센터 서울점	✅ 본 채널에서는 진료 예약과 입원 환자 사진·안내를 받아보실 수 있습니다. (14:00~16:00, 1회)

📌 다만, 진료·증상 상담은 채널에서 진행하지 않으며, 내원 시 의료진과 직접 상담 부탁드립니다.

더 나은 진료 서비스를 위해 최선을 다하겠습니다. 감사합니다.
6431	링고	2026-07-14 12:52:05	SD동물의료센터 서울점	안녕하세요 보호자님 심장약 21일분 조제요청 전달드리겠습니다. 감사합니다 :)
6431	링고	2026-07-14 12:55:39	진	감사합니다!!
6431	링고	2026-07-14 12:55:39	SD동물의료센터 서울점	채팅 운영시간 안내
6431	링고	2026-07-14 12:55:39	SD동물의료센터 서울점	✅ 본 채널에서는 진료 예약과 입원 환자 사진·안내를 받아보실 수 있습니다. (14:00~16:00, 1회)

📌 다만, 진료·증상 상담은 채널에서 진행하지 않으며, 내원 시 의료진과 직접 상담 부탁드립니다.

더 나은 진료 서비스를 위해 최선을 다하겠습니다. 감사합니다.
6431	링고	2026-07-17 10:42:53	진	선생님 안녕하세요! 내일 링고 붕대 감으러 내원해야 할 것 같은데 오전에 가능한 시간 있나요?
6431	링고	2026-07-17 10:42:53	SD동물의료센터 서울점	채팅 운영시간 안내
6431	링고	2026-07-17 10:42:53	SD동물의료센터 서울점	✅ 본 채널에서는 진료 예약과 입원 환자 사진·안내를 받아보실 수 있습니다. (14:00~16:00, 1회)

📌 다만, 진료·증상 상담은 채널에서 진행하지 않으며, 내원 시 의료진과 직접 상담 부탁드립니다.

더 나은 진료 서비스를 위해 최선을 다하겠습니다. 감사합니다.
6431	링고	2026-07-17 10:47:24	SD동물의료센터 서울점	안녕하세요 링고보호자님
내일은 주치의선생님 휴진일이셔서 다른 선생님 앞으로 예약 가능하시고,
오늘은 김규창원장님 앞으로 17시30분 예약가능하십니다.
6431	링고	2026-07-17 10:47:30	SD동물의료센터 서울점	언제로 예약 도와드릴까요?
6431	링고	2026-07-17 10:49:39	SD동물의료센터 서울점	채팅 운영시간 안내
6431	링고	2026-07-17 10:49:39	SD동물의료센터 서울점	✅ 본 채널에서는 진료 예약과 입원 환자 사진·안내를 받아보실 수 있습니다. (14:00~16:00, 1회)

📌 다만, 진료·증상 상담은 채널에서 진행하지 않으며, 내원 시 의료진과 직접 상담 부탁드립니다.

더 나은 진료 서비스를 위해 최선을 다하겠습니다. 감사합니다.
6431	링고	2026-07-17 10:49:39	진	선생님 혹시 일요일은요?
6431	링고	2026-07-17 10:51:34	SD동물의료센터 서울점	일요일도 학회일정이 있으셔서 휴무십니다.
6431	링고	2026-07-17 10:58:47	SD동물의료센터 서울점	유선안내 완료입니다.
감사합니다.
6431	링고	2026-07-17 12:29:09	진	감사합니다!
6431	링고	2026-07-17 12:29:09	SD동물의료센터 서울점	채팅 운영시간 안내
6431	링고	2026-07-17 12:29:09	SD동물의료센터 서울점	✅ 본 채널에서는 진료 예약과 입원 환자 사진·안내를 받아보실 수 있습니다. (14:00~16:00, 1회)

📌 다만, 진료·증상 상담은 채널에서 진행하지 않으며, 내원 시 의료진과 직접 상담 부탁드립니다.

더 나은 진료 서비스를 위해 최선을 다하겠습니다. 감사합니다.
6431	링고	2026-07-19 10:51:51	진	선생님
29일에는 대표원장님 진료 있으실까요? 가능하면 링고 보조기 맞추는것으로 내원하고싶어서요! 저녁 6시반-7시 사이때로요!
6431	링고	2026-07-19 10:51:51	SD동물의료센터 서울점	채팅 운영시간 안내
6431	링고	2026-07-19 10:51:51	SD동물의료센터 서울점	✅ 본 채널에서는 진료 예약과 입원 환자 사진·안내를 받아보실 수 있습니다. (14:00~16:00, 1회)

📌 다만, 진료·증상 상담은 채널에서 진행하지 않으며, 내원 시 의료진과 직접 상담 부탁드립니다.

더 나은 진료 서비스를 위해 최선을 다하겠습니다. 감사합니다.
6431	링고	2026-07-19 11:14:26	SD동물의료센터 서울점	안녕하세요 보호자님 7/29 수 18:30 내원 가능하실까요?
6431	링고	2026-07-19 11:19:37	진	네! 그렇게 부탁드립니다:)
6431	링고	2026-07-19 11:19:37	SD동물의료센터 서울점	채팅 운영시간 안내
6431	링고	2026-07-19 11:19:37	SD동물의료센터 서울점	✅ 본 채널에서는 진료 예약과 입원 환자 사진·안내를 받아보실 수 있습니다. (14:00~16:00, 1회)

📌 다만, 진료·증상 상담은 채널에서 진행하지 않으며, 내원 시 의료진과 직접 상담 부탁드립니다.

더 나은 진료 서비스를 위해 최선을 다하겠습니다. 감사합니다.
6431	링고	2026-07-19 11:28:05	SD동물의료센터 서울점	네 보호자님 7/29 수 18:30으로 예약도와드렸습니다. 감사합니다 :)
6431	링고	2026-07-19 11:52:33	진	감사합니다!
6431	링고	2026-07-19 11:52:33	SD동물의료센터 서울점	채팅 운영시간 안내
6431	링고	2026-07-19 11:52:33	SD동물의료센터 서울점	✅ 본 채널에서는 진료 예약과 입원 환자 사진·안내를 받아보실 수 있습니다. (14:00~16:00, 1회)

📌 다만, 진료·증상 상담은 채널에서 진행하지 않으며, 내원 시 의료진과 직접 상담 부탁드립니다.

더 나은 진료 서비스를 위해 최선을 다하겠습니다. 감사합니다.
6431	링고	2026-07-20 11:07:17	SD동물의료센터 서울점	[정기적 수신동의 확인 안내]
안녕하세요. SD동물의료센터 서울점 카카오톡 채널입니다.

이 메시지는 정보통신망법에 따라 2년마다 발송되는 광고성 정보 수신동의 확인메시지 입니다.

▶︎ 이전 수신동의일자 : 2024년 8월 1일

앞으로도 유익한 소식과 다양한 혜택으로 찾아 뵙겠습니다.
메시지수신을 원치 않으시면 ""홈 > 채널차단"" 버튼을 눌러주시거나 내 채널 목록에서 차단해주세요.
감사합니다.

6431	링고	2026-07-21 13:32:15	SD동물의료센터 서울점	채팅 운영시간 안내
6431	링고	2026-07-21 13:32:15	SD동물의료센터 서울점	✅ 본 채널에서는 진료 예약과 입원 환자 사진·안내를 받아보실 수 있습니다. (14:00~16:00, 1회)

📌 다만, 진료·증상 상담은 채널에서 진행하지 않으며, 내원 시 의료진과 직접 상담 부탁드립니다.

더 나은 진료 서비스를 위해 최선을 다하겠습니다. 감사합니다.
6431	링고	2026-07-21 13:32:15	진	동영상
6431	링고	2026-07-21 13:33:02	진	선생님 안녕하세요 이번에 링고 붕대 갈고나서 저번에는 안그랬는데 이번에는 다리를 이상하게 걷네요.
붕대가 잘 안감긴건지 내려오는건지 한번 봐주실수있으실까요!
6431	링고	2026-07-21 13:33:02	SD동물의료센터 서울점	채팅 운영시간 안내
6431	링고	2026-07-21 13:33:02	SD동물의료센터 서울점	✅ 본 채널에서는 진료 예약과 입원 환자 사진·안내를 받아보실 수 있습니다. (14:00~16:00, 1회)

📌 다만, 진료·증상 상담은 채널에서 진행하지 않으며, 내원 시 의료진과 직접 상담 부탁드립니다.

더 나은 진료 서비스를 위해 최선을 다하겠습니다. 감사합니다.
6431	링고	2026-07-21 14:51:09	SD동물의료센터 서울점	안녕하세요 보호자님 링고 19일에 드레싱 교체 후에는 괜찮았을까요? 아마도 2일동안 드레싱이 조금 흘러내리면서 링고가 불편하여 걸음걸이가 이상해진 것 같습니다. 혹시라도 링고가 다리를 아예 질질 끌면서 걷거나, 만졌을 때 통증 반응이 있다면 병원 내원해주셔야하는 상황이라고 답변주셨습니다 :)
6431	링고	2026-07-21 14:53:58	진	당일 이후로 계속 저렇게 다리를 든다고 해서 제가 부모님댁에 가서 촬열했습니다 ㅠㅠ
6431	링고	2026-07-21 14:53:58	SD동물의료센터 서울점	채팅 운영시간 안내
6431	링고	2026-07-21 14:53:58	SD동물의료센터 서울점	✅ 본 채널에서는 진료 예약과 입원 환자 사진·안내를 받아보실 수 있습니다. (14:00~16:00, 1회)

📌 다만, 진료·증상 상담은 채널에서 진행하지 않으며, 내원 시 의료진과 직접 상담 부탁드립니다.

더 나은 진료 서비스를 위해 최선을 다하겠습니다. 감사합니다.
6431	링고	2026-07-21 14:55:39	진	첫날때랑 다르게 오늘 보니 발부분이 아예 안보이는거 보니 붕대가 계속 내려오고있나봅니다ㅜ
6431	링고	2026-07-21 14:55:39	SD동물의료센터 서울점	채팅 운영시간 안내
6431	링고	2026-07-21 14:55:40	SD동물의료센터 서울점	✅ 본 채널에서는 진료 예약과 입원 환자 사진·안내를 받아보실 수 있습니다. (14:00~16:00, 1회)

📌 다만, 진료·증상 상담은 채널에서 진행하지 않으며, 내원 시 의료진과 직접 상담 부탁드립니다.

더 나은 진료 서비스를 위해 최선을 다하겠습니다. 감사합니다.
6431	링고	2026-07-21 14:59:11	SD동물의료센터 서울점	네ㅠ 혹시 다른분이라도 링고를 데리고 내원하실 수 있으실까요?
6431	링고	2026-07-21 15:34:35	진	네 선생님 오늘 가면 또 붕대비용이랑 진료비가 청구되는건 아니겠지요..?ㅠ
6431	링고	2026-07-21 15:34:35	SD동물의료센터 서울점	채팅 운영시간 안내
6431	링고	2026-07-21 15:34:35	SD동물의료센터 서울점	✅ 본 채널에서는 진료 예약과 입원 환자 사진·안내를 받아보실 수 있습니다. (14:00~16:00, 1회)

📌 다만, 진료·증상 상담은 채널에서 진행하지 않으며, 내원 시 의료진과 직접 상담 부탁드립니다.

더 나은 진료 서비스를 위해 최선을 다하겠습니다. 감사합니다.
6431	링고	2026-07-23 18:12:30	진	선생님! 아버지랑 저랃 의사소통에 문제가 있었던 것 같습니다! ㅎㅎ
기존대로 7/29 수 18:30으로 예약 김규창원장님께 해주시면 됩니다!
6431	링고	2026-07-23 18:12:31	SD동물의료센터 서울점	채팅 운영시간 안내
6431	링고	2026-07-23 18:12:31	SD동물의료센터 서울점	✅ 본 채널에서는 진료 예약과 입원 환자 사진·안내를 받아보실 수 있습니다. (14:00~16:00, 1회)

📌 다만, 진료·증상 상담은 채널에서 진행하지 않으며, 내원 시 의료진과 직접 상담 부탁드립니다.

더 나은 진료 서비스를 위해 최선을 다하겠습니다. 감사합니다.
6431	링고	2026-07-23 18:34:00	SD동물의료센터 서울점	유선안내 완료입니다.
감사합니다.
6431	링고	2026-07-28 14:00:16	SD동물의료센터 서울점	(광고)7월의 SD링크가 도착했어요.
6431	링고	2026-07-28 21:50:26	진	선생님 안녕하세요. 다름이 아니라 링고 슬개골 보조기 맞추는 거 혹시 제작 기간 소요일이 대략 어떻게 되나요?
6431	링고	2026-07-28 21:50:26	SD동물의료센터 서울점	채팅 운영시간 안내
6431	링고	2026-07-28 21:50:26	SD동물의료센터 서울점	✅ 본 채널에서는 진료 예약과 입원 환자 사진·안내를 받아보실 수 있습니다. (14:00~16:00, 1회)

📌 다만, 진료·증상 상담은 채널에서 진행하지 않으며, 내원 시 의료진과 직접 상담 부탁드립니다.

더 나은 진료 서비스를 위해 최선을 다하겠습니다. 감사합니다.
6431	링고	2026-07-29 11:09:33	SD동물의료센터 서울점	기성품은 체촌 후 주문하면 대략 3-4일 내 받아보실 수 있고, 맞춤제작 하시려면 업체로 아이와 함께 방문하시는게 좋다고 하셨습니다.
6431	링고	2026-07-29 12:20:11	진	네 그럼 기성품 오늘 내원시에 주문 들어가면 밤이므로 토요일이나 월요일에 받아볼수있는걸까요?
6431	링고	2026-07-29 12:20:11	SD동물의료센터 서울점	채팅 운영시간 안내
6431	링고	2026-07-29 12:20:11	SD동물의료센터 서울점	✅ 본 채널에서는 진료 예약과 입원 환자 사진·안내를 받아보실 수 있습니다. (14:00~16:00, 1회)

📌 다만, 진료·증상 상담은 채널에서 진행하지 않으며, 내원 시 의료진과 직접 상담 부탁드립니다.

더 나은 진료 서비스를 위해 최선을 다하겠습니다. 감사합니다.
6431	링고	2026-07-29 12:31:35	SD동물의료센터 서울점	대략적으로 안내드린거여서 일주일정도 생각해주시는게 좋을거같습니다.
6431	링고	2026-07-29 13:31:00	진	네~!
6431	링고	2026-07-29 13:31:00	SD동물의료센터 서울점	채팅 운영시간 안내
6431	링고	2026-07-29 13:31:00	SD동물의료센터 서울점	✅ 본 채널에서는 진료 예약과 입원 환자 사진·안내를 받아보실 수 있습니다. (14:00~16:00, 1회)

📌 다만, 진료·증상 상담은 채널에서 진행하지 않으며, 내원 시 의료진과 직접 상담 부탁드립니다.

더 나은 진료 서비스를 위해 최선을 다하겠습니다. 감사합니다.
6431	링고	2026-07-30 16:47:10	진	사진
6431	링고	2026-07-30 16:47:10	SD동물의료센터 서울점	채팅 운영시간 안내
6431	링고	2026-07-30 16:47:10	SD동물의료센터 서울점	✅ 본 채널에서는 진료 예약과 입원 환자 사진·안내를 받아보실 수 있습니다. (14:00~16:00, 1회)

📌 다만, 진료·증상 상담은 채널에서 진행하지 않으며, 내원 시 의료진과 직접 상담 부탁드립니다.

더 나은 진료 서비스를 위해 최선을 다하겠습니다. 감사합니다.
6431	링고	2026-07-30 16:48:09	진	동영상
6431	링고	2026-07-30 16:48:09	SD동물의료센터 서울점	채팅 운영시간 안내
6431	링고	2026-07-30 16:48:09	SD동물의료센터 서울점	✅ 본 채널에서는 진료 예약과 입원 환자 사진·안내를 받아보실 수 있습니다. (14:00~16:00, 1회)

📌 다만, 진료·증상 상담은 채널에서 진행하지 않으며, 내원 시 의료진과 직접 상담 부탁드립니다.

더 나은 진료 서비스를 위해 최선을 다하겠습니다. 감사합니다.
6431	링고	2026-07-30 16:53:49	SD동물의료센터 서울점	유선안내 완료입니다.
감사합니다.
6431	링고	2026-07-31 09:41:50	SD동물의료센터 서울점	채팅 운영시간 안내
6431	링고	2026-07-31 09:41:50	SD동물의료센터 서울점	✅ 본 채널에서는 진료 예약과 입원 환자 사진·안내를 받아보실 수 있습니다. (14:00~16:00, 1회)

📌 다만, 진료·증상 상담은 채널에서 진행하지 않으며, 내원 시 의료진과 직접 상담 부탁드립니다.

더 나은 진료 서비스를 위해 최선을 다하겠습니다. 감사합니다.
6431	링고	2026-07-31 09:41:50	진	안녕하세요
링고 7월 19일/ 7월 29일 진료 내역서 좀 부탁드립니다
각각 136,400원 / 88,000원입니다
감사합니다
6431	링고	2026-07-31 10:12:48	SD동물의료센터 서울점	링고(김민진)26.07.29.pdf
6431	링고	2026-07-31 10:12:48	SD동물의료센터 서울점	링고(김민진)26.07.19.pdf
6431	링고	2026-07-31 10:13:10	SD동물의료센터 서울점	네 보호자님 7/19, 7/29 결제내역 송부드립니다. 감사합니다 :)
6431	링고	2026-07-31 13:19:52	진	7월 19일건이 예치금 충전으로 되어있는데 이전 내역서에 붕대 6회 진료 6회로 해주셨었어요~
6431	링고	2026-07-31 13:19:52	SD동물의료센터 서울점	채팅 운영시간 안내
6431	링고	2026-07-31 13:19:52	SD동물의료센터 서울점	✅ 본 채널에서는 진료 예약과 입원 환자 사진·안내를 받아보실 수 있습니다. (14:00~16:00, 1회)

📌 다만, 진료·증상 상담은 채널에서 진행하지 않으며, 내원 시 의료진과 직접 상담 부탁드립니다.

더 나은 진료 서비스를 위해 최선을 다하겠습니다. 감사합니다.
6431	링고	2026-08-08 08:46:15	진	안녕하세요 선생님
혹시 결제하게되면 카드사에

(주)다우데이타 - (주)벳닥터솔루션
이렇게도 뜨나요?
6431	링고	2026-08-08 08:46:15	SD동물의료센터 서울점	채팅 운영시간 안내
6431	링고	2026-08-08 08:46:15	SD동물의료센터 서울점	✅ 본 채널에서는 진료 예약과 입원 환자 사진·안내를 받아보실 수 있습니다. (14:00~16:00, 1회)

📌 다만, 진료·증상 상담은 채널에서 진행하지 않으며, 내원 시 의료진과 직접 상담 부탁드립니다.

더 나은 진료 서비스를 위해 최선을 다하겠습니다. 감사합니다.
6431	링고	2026-08-08 08:47:20	진	7/2 동물의료센터 141000
7/10 벳닥터 120000
7/16 벳닥터 145800
7/19 동물의료센터 136400
7/29 벳닥터 88000
6431	링고	2026-08-08 08:47:20	SD동물의료센터 서울점	채팅 운영시간 안내
6431	링고	2026-08-08 08:47:20	SD동물의료센터 서울점	✅ 본 채널에서는 진료 예약과 입원 환자 사진·안내를 받아보실 수 있습니다. (14:00~16:00, 1회)

📌 다만, 진료·증상 상담은 채널에서 진행하지 않으며, 내원 시 의료진과 직접 상담 부탁드립니다.

더 나은 진료 서비스를 위해 최선을 다하겠습니다. 감사합니다.
6431	링고	2026-08-08 08:47:27	진	이렇게 결제가 되어있어서 확인 부탁드립니다!
6431	링고	2026-08-08 08:47:27	SD동물의료센터 서울점	채팅 운영시간 안내
6431	링고	2026-08-08 08:47:27	SD동물의료센터 서울점	✅ 본 채널에서는 진료 예약과 입원 환자 사진·안내를 받아보실 수 있습니다. (14:00~16:00, 1회)

📌 다만, 진료·증상 상담은 채널에서 진행하지 않으며, 내원 시 의료진과 직접 상담 부탁드립니다.

더 나은 진료 서비스를 위해 최선을 다하겠습니다. 감사합니다.
6431	링고	2026-08-08 09:59:41	SD동물의료센터 서울점	네 보호자님, 벳닥터와 동물의료센터 모두 저희 병원의 정식 결제가 맞습니다 :)
원무과에 있는 카드기계마다 이름이 다르게 나올 수 있습니다! :)
6431	링고	2026-08-08 10:59:30	진	네 확인 감사합니다!
6431	링고	2026-08-08 10:59:30	SD동물의료센터 서울점	채팅 운영시간 안내
6648	또또	2024-08-29 18:57:14	렌쨩(송나영)	또또
6648	또또	2024-08-29 18:57:44	SD동물의료센터 서울점	쿠폰이 지급되었습니다. 
2024년 09월 30일까지 사용해주세요.
6648	또또	2024-08-30 08:04:03	렌쨩(송나영)	안녕하세요?
또또 처방식 잘 먹고 있는지 궁금합니다. 
여의치 않으면 먹이던 사료가 원내에 재고가 없어 가져다 드려야 해서요. 

6648	또또	2024-08-30 08:04:03	SD동물의료센터 서울점	채팅 운영시간 안내
6648	또또	2024-08-30 08:04:03	SD동물의료센터 서울점	지금은 답변(채팅)이 가능한 시간이 아닙니다. 🌃
야간 중 채널 확인 및 전송이 불가능하오니 내용을 남겨주시면 채팅이 가능한 시간에 순차적으로 답변드리겠습니다.
아이들의 편한 휴식과 보다 더 안정된 회복을 위하여 집중하겠습니다.
감사합니다. 😊
6648	또또	2024-08-30 10:10:05	SD동물의료센터 서울점	안녕하세요 또또 보호자님, 또또는 처방식 사료를 굉장히 잘 먹고있어서 별도로 가지고 오지 않으셔도 될것같습니다. 감사합니다. :)
6648	또또	2024-08-30 10:13:13	렌쨩(송나영)	감사합니다. 오늘 저녁에 면회 가려고 하는데 주치의 선생님 상담은 예약을 해야 한다고 안내 받았습니다. 
오늘 저녁에 예약 가능한 시간 있을까요?
6648	또또	2024-08-30 10:14:02	SD동물의료센터 서울점	네 보호자님, 혹시 몇시쯤 면회 예정이실까요?
6648	또또	2024-08-30 10:14:33	렌쨩(송나영)	오후 5:30 정도에 방문하게 될 것 같아요
6648	또또	2024-08-30 10:15:09	SD동물의료센터 서울점	네, 오후 5시30분으로 면회 및 주치의선생님 상담예약 도와드리겠습니다. 감사합니다 :)
6648	또또	2024-08-30 10:15:18	렌쨩(송나영)	감사합니다!
6648	또또	2024-08-30 14:02:14	SD동물의료센터 서울점	사진
6648	또또	2024-08-30 14:02:17	SD동물의료센터 서울점	동영상
6648	또또	2024-08-30 14:02:20	SD동물의료센터 서울점	안녕하세요 또또 보호자님! 또또는 금일 준비한 아침밥을 잘 먹어주었고, 소변과 대변 모두 잘 보았습니다. 현재는 입원장에서 수액처치를 받으며 안정을 취하는 중입니다. 또또 사진이랑 영상 보내드릴게요 감사합니다!
6648	또또	2024-08-30 14:03:22	렌쨩(송나영)	사진과 영상 감사합니다!!
6648	또또	2024-08-30 14:03:43	렌쨩(송나영)	 영상은
원래 소리가 없는건가요?
6648	또또	2024-08-30 14:05:38	SD동물의료센터 서울점	네 보호자님 영상은 소리 없이 보내드립니다 ㅠㅠ
6648	또또	2024-08-30 14:06:08	렌쨩(송나영)	네! 감사합니다
6648	또또	2024-08-30 14:06:17	렌쨩(송나영)	 또또 잘 부탁드려요 ㅜㅜ
6648	또또	2024-08-31 14:57:37	SD동물의료센터 서울점	사진
6648	또또	2024-08-31 14:57:52	SD동물의료센터 서울점	동영상
6648	또또	2024-08-31 14:57:56	SD동물의료센터 서울점	안녕하세요 또또 보호자님! 또또는 금일 준비한 아침밥을 잘 먹어주었고, 소변과 대변 모두 잘 보았습니다. 현재는 입원장에서 안정을 취하는 중입니다. 또또 사진이랑 영상 보내드릴게요 감사합니다!
6648	또또	2024-08-31 15:45:24	렌쨩(송나영)	감사합니다!! 있다 뵙겠습니다.
6648	또또	2024-09-03 10:20:57	렌쨩(송나영)	안녕하세요? 이번주 토요일 진료 예약 되어 있는데 혹시 몇시인지 알 수 있을까요?
6648	또또	2024-09-03 10:32:13	SD동물의료센터 서울점	안녕하세요 보호자님, 또또는 9/7(토) 오후12시로 예약되어있습니다. 감사합니다 :)
6648	또또	2024-09-03 10:33:46	렌쨩(송나영)	감사합니다! 중간에  오전 예약이 취소 되었다거나 하면 조금 앞당길 수도 있을까요?
6648	또또	2024-09-03 10:37:28	SD동물의료센터 서울점	토요일은 주치의 선생님께서 12시 출근이셔서요.. 더 앞당기긴 어려울것같습니다.
6648	또또	2024-09-03 10:37:50	렌쨩(송나영)	네! 알겠습니다. 토요일에 뵐게요!!
6648	또또	2024-09-03 10:44:25	SD동물의료센터 서울점	네 감사합니다 :)
6648	또또	2024-09-04 17:45:35	SD동물의료센터 서울점	사진
6648	또또	2024-09-04 17:45:49	SD동물의료센터 서울점	안녕하세요 보호자님, 또또 급여량 전달드립니다:)
습식캔은 힐스 w/d 캣 (0.8kcal/g), 건사료는 로얄캐닌 세타이어티 캣 (3kcal/g) 기준으로 계산하였습니다. 

1. 건(10g)+습(1/4can) 
2. 건 (18g)
3. 건 (18g)
4. 건(10g)+습(1/4can) 
건사료 없이 습식만 급여하는 경우 1/2can 급여해주시면 됩니다!
6648	또또	2024-09-04 18:12:43	렌쨩(송나영)	감사합니다!!!
6648	또또	2024-09-14 12:41:40	렌쨩(송나영)	또또 9/6~9/14 혈당 그래프 및 식이 일지입니다. 
6648	또또	2024-09-14 12:48:12	렌쨩(송나영)	파일이 카톡으로 전달하기 어려워

sdamc01@naver.com 메일로 첨부하여 보냈습니다. 

확인부탁드립니다. 
6648	또또	2024-09-14 12:50:20	SD동물의료센터 서울점	안녕하세요 보호자님 :) 네 메일 도착하면 담당선생님께 전달드리겠습니다
6648	또또	2024-09-14 12:50:51	렌쨩(송나영)	감사합니다. 
6648	또또	2024-09-21 13:52:01	렌쨩(송나영)	안녕하세요 :-)
또또 검사 결과지 공유 부탁드립니다!
6648	또또	2024-09-21 13:56:36	SD동물의료센터 서울점	안녕하세요 오늘 혈액검사 결과지 보내드립니다. :)
6648	또또	2024-09-21 13:56:41	SD동물의료센터 서울점	사진
6648	또또	2024-09-21 13:57:17	렌쨩(송나영)	지난주 지지난주 결과지도 부탁드릴게요! 데이터 백업에 필요해서요!
6648	또또	2024-09-21 13:57:41	SD동물의료센터 서울점	앗 그럼 전체 검사 결과지로 보내드릴까요?
6648	또또	2024-09-21 13:57:47	렌쨩(송나영)	앗 네
6648	또또	2024-09-21 13:57:56	렌쨩(송나영)	그래주시면 좋죠!!
6648	또또	2024-09-21 14:00:47	SD동물의료센터 서울점	또또.zip
6648	또또	2024-09-21 14:00:47	SD동물의료센터 서울점	넵 보내드렸습니다. :)
6648	또또	2024-09-21 14:01:04	렌쨩(송나영)	감사합니다!!!
6648	또또	2024-09-21 14:01:27	SD동물의료센터 서울점	감사합니다. :)
6648	또또	2024-09-21 14:39:31	렌쨩(송나영)	선생님! 또또 오늘 체중 잰 거 알 수 있을까요?
6648	또또	2024-09-21 14:47:25	SD동물의료센터 서울점	네 보호자님, 금일 또또 3.74kg이었습니다. 감사합니다 :)
6648	또또	2024-09-21 14:47:44	렌쨩(송나영)	감사합니다!!!
6648	또또	2024-09-25 16:54:37	렌쨩(송나영)	안녕하세요? 또또 혈당 관련해서 오후 5시 이후에 주치의 선생님 전화 상담받기로 되어 있는데요 
6648	또또	2024-09-25 16:54:44	렌쨩(송나영)	아직 회사여서 통화가 어려울 것 같아요. 
6648	또또	2024-09-25 16:54:56	렌쨩(송나영)	괜찮으시다면 제가 귀가 후 병원으로 연락을 드려도 될까요?
6648	또또	2024-09-25 17:03:54	SD동물의료센터 서울점	네 보호자님~ 퇴근 후 연락 주세요 ^^
진료중이실 경우 바로 연결을 어려울 수 있는 점 양해 부탁드립니다.
6648	또또	2024-09-25 17:07:00	렌쨩(송나영)	네! 감사합니다 :-)
6648	또또	2024-10-03 09:23:48	렌쨩(송나영)	안녕하세요? 화요일에 유선상담 중 말씀드린 또또 혈당 일지 병원 메일로 보내드렸어요!
선생님께 전달 부탁드립니다 

오늘 전화 통화는 오후 3시 반 이후에 가능하니 그후 연락주시면 감사하겠습니다. 
6648	또또	2024-10-03 09:52:03	SD동물의료센터 서울점	안녕하세요 보호자님, 자료는 확인 되셨고 선생님께 전달 드리겠습니다 감사합니다 :)
6648	또또	2024-10-03 09:52:27	렌쨩(송나영)	늘 수고가 많으세요. 매번 감사합니다!
6648	또또	2024-10-03 09:53:00	SD동물의료센터 서울점	네 감사합니다 :)
6648	또또	2024-10-05 19:31:22	렌쨩(송나영)	안녕하세요?
10/19 오전 중 또또 진료 예약 가능한 빠른 시간이 궁금합니다
6648	또또	2024-10-05 19:31:50	SD동물의료센터 서울점	안녕하세요 보호자님 11시 예약 가능합니다. :)
6648	또또	2024-10-05 19:35:23	렌쨩(송나영)	11시로 예약 부탁드립니다 :-)
6648	또또	2024-10-05 19:36:10	SD동물의료센터 서울점	네 10/19 토요일 11시에 뵙겠습니다. :)
6648	또또	2024-10-05 19:37:19	렌쨩(송나영)	감사합니다!!
6648	또또	2024-10-05 20:32:44	SD동물의료센터 서울점	감사합니다. :)
6648	또또	2024-10-19 08:41:40	렌쨩(송나영)	안녕하세요?
6648	또또	2024-10-19 08:41:40	SD동물의료센터 서울점	채팅 운영시간 안내
6648	또또	2024-10-19 08:41:40	SD동물의료센터 서울점	지금은 답변(채팅)이 가능한 시간이 아닙니다. 🌃
야간 중 채널 확인 및 전송이 불가능하오니 내용을 남겨주시면 채팅이 가능한 시간에 순차적으로 답변드리겠습니다.
아이들의 편한 휴식과 보다 더 안정된 회복을 위하여 집중하겠습니다.
감사합니다. 😊
6648	또또	2024-10-19 08:42:32	렌쨩(송나영)	 오늘 또또 진료일인데 혹시 시간을 변경할 수 있을까요? 11시 -> 3시로 변경 희망합니다
6648	또또	2024-10-19 08:42:32	SD동물의료센터 서울점	채팅 운영시간 안내
6648	또또	2024-10-19 08:42:32	SD동물의료센터 서울점	지금은 답변(채팅)이 가능한 시간이 아닙니다. 🌃
야간 중 채널 확인 및 전송이 불가능하오니 내용을 남겨주시면 채팅이 가능한 시간에 순차적으로 답변드리겠습니다.
아이들의 편한 휴식과 보다 더 안정된 회복을 위하여 집중하겠습니다.
감사합니다. 😊
6648	또또	2024-10-19 09:11:52	렌쨩(송나영)	 오늘 또또 진료일인데 혹시 시간을 변경할 수 있을까요? 11시 -> 3시로 변경 희망합니다
6648	또또	2024-10-19 09:26:45	SD동물의료센터 서울점	안녕하세요 보호자님 :) 오후 3시에는 예약이 있어 오후 4시 5시 가능하세요
6648	또또	2024-10-19 09:27:52	렌쨩(송나영)	그럼 2시는요? 5시 전후로는 또또가 인슐린를 맞아야 해서요
6648	또또	2024-10-19 09:35:54	SD동물의료센터 서울점	네 그러시면 오후 2시로 예약도와드리겠습니다. :) 
다만 선생님 식사시간 중간에 진료를 보게되어 상담은 조금 늦을 수 있다는 점 참고 부탁드립니다
6648	또또	2024-10-19 09:36:08	렌쨩(송나영)	네! 감사합니다!
6648	또또	2024-10-19 09:36:56	SD동물의료센터 서울점	네 오후에 뵙겠습니다 :)
6648	또또	2024-10-19 11:41:11	렌쨩(송나영)	선생님! 또또 혈당 식이 일지 메일로 보내드렸습니다! 업데이트 부탁드립니다!
6648	또또	2024-10-19 11:41:25	SD동물의료센터 서울점	네 보호자님, 감사합니다 :)
6648	또또	2024-10-19 11:48:17	렌쨩(송나영)	파일 깨진 것이 있어 다시 보내드렸습니다!! 번거롭게 해서 죄송해요.
6648	또또	2024-10-19 11:48:43	SD동물의료센터 서울점	네 감사합니다 :)
6648	또또	2024-10-19 11:50:51	렌쨩(송나영)	감사합니다!!
6648	또또	2024-10-19 13:49:46	렌쨩(송나영)	선생님 차가 막혀서 15분 정도 늦을것 같아요. 죄송합니다! 최대한 서두를게요!
6648	또또	2024-10-19 14:01:02	SD동물의료센터 서울점	네 조심해서 오세요 :)
6648	또또	2024-10-19 16:27:04	렌쨩(송나영)	사진
6648	또또	2024-10-19 16:31:03	렌쨩(송나영)	사진
6648	또또	2024-10-19 16:31:23	렌쨩(송나영)	여태 피검사하면서 발이 이렇게 되는 건 처음봐서요
6648	또또	2024-11-02 15:47:25	SD동물의료센터 서울점	5905_송나영_6648_또또_20241102.pdf
6648	또또	2024-11-02 16:06:38	렌쨩(송나영)	감사합니다!!!
6648	또또	2024-11-05 15:21:40	렌쨩(송나영)	안녕하세요? 또또 11/16 진료인데 혹시 저녁은 몇시까지 진료 보실까요?
6648	또또	2024-11-05 15:29:02	SD동물의료센터 서울점	안녕하세요 보호자님 :)  16일 마지막 진료는 5시반 가능하세요 :)
6648	또또	2024-11-05 15:30:09	렌쨩(송나영)	오전 10시 진료로 변경 가능할까요?
6648	또또	2024-11-05 15:40:05	SD동물의료센터 서울점	네 가능하세요  오전 10시로 변경도와드릴까요?
6648	또또	2024-11-05 15:48:49	렌쨩(송나영)	네! 10시로 부탁드립니다!
6648	또또	2024-11-05 15:51:37	SD동물의료센터 서울점	네 16일 오전 10시로 변경도와드렸습니다. 감사합니다 :)
6648	또또	2024-11-05 16:00:03	렌쨩(송나영)	감사합니다! 수고하세요 !!
6648	또또	2024-11-16 14:30:49	렌쨩(송나영)	 선생님!
6648	또또	2024-11-16 14:31:02	렌쨩(송나영)	3시 예약한 또또보호자인데 
6648	또또	2024-11-16 14:31:17	렌쨩(송나영)	정말 너무 번거롭게 해서 죄송해요 . 제가 지금 회사 호출 받고 가야해서요 ㅠㅠ
6648	또또	2024-11-16 14:31:48	렌쨩(송나영)	여러차례 변경 요청 드려서 정말 죄송합니다. 3시 예약 취소 부탁드릴게요. 
6648	또또	2024-11-16 14:32:11	렌쨩(송나영)	다시 한번 죄송합니다. 
6648	또또	2024-11-16 14:36:42	렌쨩(송나영)	내일 오전에 곽소연 과장님 진료 있으신걸로 알고 있는데 혹시 10시 타임 아직 비어 있으면 예약 가능할까요? 내일은 변동없이 꼭 가겠습니다.
6648	또또	2024-11-16 14:43:07	SD동물의료센터 서울점	안녕하세요 보호자님 :) 네 금일은 취소도와드리고 내일 오전 10시에는 예약이 있으셔서 오후5시에 예약 가능하세요
6648	또또	2024-11-16 14:43:58	렌쨩(송나영)	네네 그럼 오후 5시 부탁드립니다!
6648	또또	2024-11-16 14:44:01	렌쨩(송나영)	감사합니다!
6648	또또	2024-11-16 14:44:26	SD동물의료센터 서울점	네 내일 오후 5시 뵙겠습니다
6648	또또	2024-11-16 14:58:42	렌쨩(송나영)	네! 감사합니다!
6648	또또	2024-11-16 15:01:16	SD동물의료센터 서울점	네 :)
6648	또또	2024-11-18 17:43:18	렌쨩(송나영)	안녕하세요!! 혹시 일요일 진료때 측정된 또또 몸무게 알 수 있을까요?
6648	또또	2024-11-18 17:48:34	SD동물의료센터 서울점	안녕하세요 보호자님, 아이는 3.8kg이었습니다. 감사합니다 :)
6648	또또	2024-11-18 17:56:38	렌쨩(송나영)	감사합니다!
6648	또또	2024-12-16 13:36:16	렌쨩(송나영)	선생님! 또또 인슐린 관련 문의 드립니다!
6648	또또	2024-12-16 13:36:21	렌쨩(송나영)	사진
6648	또또	2024-12-16 13:36:32	렌쨩(송나영)	어제 처방 받은 인슐린인데
6648	또또	2024-12-16 13:36:47	렌쨩(송나영)	 기존과 달리 아무런 라벨링이 되어 있지 않아서요
6648	또또	2024-12-16 13:41:29	렌쨩(송나영)	혹시 약을 잘못 받은 걸까요?
6648	또또	2024-12-16 13:49:57	SD동물의료센터 서울점	안녕하세요 확인 후 연락드리겠습니다.
6648	또또	2024-12-16 14:01:48	SD동물의료센터 서울점	동일한 인슐린제제 맞고 주치의 선생님께서 직접 챙겨드린 거라 용량 동일하게 투여하시면 된다고 합니다. :)
6648	또또	2024-12-16 14:07:32	렌쨩(송나영)	네 알겠습니다!!
6648	또또	2025-01-14 12:21:24	렌쨩(송나영)	안녕하세요? 늦었지만 새해 복 많이 받으세요!
6648	또또	2025-01-14 12:21:34	렌쨩(송나영)	다름이 아니라 또또 지사제가 거의 소진되었는데 
6648	또또	2025-01-14 12:21:41	렌쨩(송나영)	혹시 추가로 약만 받을 수 있을까요?
6648	또또	2025-01-14 12:24:21	SD동물의료센터 서울점	안녕하세요 보호자님, 보호자님도 새해 복 많이 받으세요 ^^ 
아이 지사제는 물약 말씀하시는 걸까요?
6648	또또	2025-01-14 12:24:34	렌쨩(송나영)	네!
6648	또또	2025-01-14 12:28:39	SD동물의료센터 서울점	네 보호자님, 주치의 선생님께 확인 후 답변 드리겠습니다 :) 선생님이 금일 휴진이셔서 답변이 늦어질 수 있는점 양해 부탁드립니다 :)
6648	또또	2025-01-14 12:30:31	렌쨩(송나영)	네! 감사합니다!
6648	또또	2025-01-14 12:46:38	SD동물의료센터 서울점	보호자님, 선생님 확인되어 약 처방 도와드리겠습니다. 약은 언제 찾으러 오실까요? :)
6648	또또	2025-01-14 12:51:01	렌쨩(송나영)	오늘 5시 전후로 방문할게요!
6648	또또	2025-01-14 12:51:14	렌쨩(송나영)	용량은 얼마나 될까요?
6648	또또	2025-01-14 12:52:32	SD동물의료센터 서울점	60ml 처방 요청 도와드릴 예정입니다 :)
6648	또또	2025-01-14 12:53:53	렌쨩(송나영)	네! 알겠습니다!
6648	또또	2025-01-14 12:54:24	SD동물의료센터 서울점	네 보호자님, 준비해서 데스크 보관하고 있겠습니다 :)
6648	또또	2025-01-14 12:55:51	렌쨩(송나영)	감사합니다!
6648	또또	2025-01-24 19:27:28	렌쨩(송나영)	안녕하세요 선생님!!!
6648	또또	2025-01-24 19:27:54	렌쨩(송나영)	제가 미리 말씀드린다는 게 잊고 있었어요. 
6648	또또	2025-01-24 19:28:23	렌쨩(송나영)	 다름이 아니라 제가 내일 10시에 도착하게끔 퀵으로 물건을 보냈는데
6648	또또	2025-01-24 19:28:46	렌쨩(송나영)	 연휴에도 다들 일하실 것 같아서 간식으로 드시라고 떡 조금 보냈어요. 
6648	또또	2025-01-24 19:29:59	렌쨩(송나영)	낱개 포장되어 있으니까 입 궁금하실 때 하나씩 나눠 드세요!
6648	또또	2025-01-24 19:42:46	SD동물의료센터 서울점	안녕하세요 보호자님
앗.. 아이고 어머나... 😮
우리 선생님들 연휴내내 마음 따뜻하게 잘 보낼 수 있을 것 같아요
신경써주셔서 너무 감사합니다.. 🥹
6648	또또	2025-01-24 19:44:32	렌쨩(송나영)	너무 약소해요 ㅎㅎ 동네 떡집 중에 먹어봤는데 제일 괜찮더라구요. 입에 맞으셨으면 좋겠어요 ㅎㅎ
항상 또또 위해 애써주셔서 정말 감사합니다!

6648	또또	2025-01-24 19:52:37	SD동물의료센터 서울점	😭😭 생각해주시는 그 마음만으로도 너무너무 감사하고 행복한 걸요
모두 맛있게 잘 먹고 힘내겠습니다!
보호자분과 또또도 설 연휴 행복하게 잘 보내세요 ☺️
6648	또또	2025-01-24 19:53:42	렌쨩(송나영)	감사합니다!! 곧 진료 보러 갈게요!! 
힘내세요!!! ㅎㅎ
6648	또또	2025-01-24 20:02:07	SD동물의료센터 서울점	넵 감사합니다! 😄
6648	또또	2025-01-25 09:39:59	SD동물의료센터 서울점	안녕하세요. SD동물의료센터 입니다.
보내주신 떡 잘 받아서, 연락 남깁니다. 

선생님들끼리 너~무 맛있게 나눠 먹고 있습니다. 

항상 믿고 맡겨주시고 신경 써주셔서, 

너무 감사합니다. :)
6648	또또	2025-01-25 11:10:52	렌쨩(송나영)	잘 받으셨다니 다행이에요! 늦었지만 새해 복 많이 받으세요!
6648	또또	2025-01-25 13:03:50	SD동물의료센터 서울점	안녕하세요 보호자님, 또또 담당 수의사입니다. 
전달 주신 떡 잘 받았고 따뜻한 연휴 보낼 수 있게 선물 보내주셔서 감사하다는 말씀 한번 더 드립니다. 
업무시간 중이실 것 같아 카카오톡으로 연락드립니다. 보호자님도 즐거운 명절 보내시고 다음번 재진일에 뵙겠습니다. 감사합니다:)
6648	또또	2025-01-25 13:05:35	렌쨩(송나영)	약소한 마음이에요. 잘 받아주셔서 감사합니다!! 연휴 편히 보내시고 재진일에 뵈어요!! :-)
6648	또또	2025-01-25 13:11:44	SD동물의료센터 서울점	감사합니다:)
6648	또또	2025-01-30 13:39:23	렌쨩(송나영)	안녕하세요!! 또또 이번주 일요일 진료 예약 가능한 시간 있을까요?
6648	또또	2025-01-30 13:52:38	SD동물의료센터 서울점	안녕하세요 보호자님, 오전시간이 편하실까요 오후 시간이 편하실까요? :)
6648	또또	2025-01-30 13:53:16	렌쨩(송나영)	오후가 좋을 것 같아요!!!
6648	또또	2025-01-30 14:04:47	SD동물의료센터 서울점	일요일 오후 3시 30분 괜찮으실까요? :)
6648	또또	2025-01-30 14:05:27	렌쨩(송나영)	네! 좋아요!
6648	또또	2025-01-30 14:06:06	렌쨩(송나영)	그리고 혹시 가능할진 모르겠는데 또또 지사제가 모두 소진되어서요
6648	또또	2025-01-30 14:06:26	렌쨩(송나영)	퀵으로 약을 받는 건 어려울까요?
6648	또또	2025-01-30 14:06:45	렌쨩(송나영)	아니면 지사제 이름이라도 알려주시면
6648	또또	2025-01-30 14:07:01	렌쨩(송나영)	근처 약국에서라도 구매해서 먹이면 어떨까해서요
6648	또또	2025-01-30 14:08:37	SD동물의료센터 서울점	네 보호자님, 약국에서 구매 가능하시다면 포타겔(지사제) 사셔서 아이 급여량만큼 먹이시면 됩니다 :)
6648	또또	2025-01-30 14:09:11	렌쨩(송나영)	아!! 감사합니다!!
6648	또또	2025-01-30 14:09:48	렌쨩(송나영)	사진
6648	또또	2025-01-30 14:09:58	렌쨩(송나영)	말씀하신 것 이게 맞을까요?
6648	또또	2025-01-30 14:29:45	SD동물의료센터 서울점	확인 후 말씀드리겠습니다 :)
6648	또또	2025-01-30 14:30:04	렌쨩(송나영)	감사합니다!!
6648	또또	2025-01-30 14:32:21	SD동물의료센터 서울점	안녕하세요 보호자님, 해당 제품으로 구매하셔서 동일량 먹여주시면 됩니다. 감사합니다:)
6648	또또	2025-01-30 14:32:45	렌쨩(송나영)	감사합니다!! 일요일에
뵐게요 :-)
6648	또또	2025-01-30 17:20:07	렌쨩(송나영)	선생님! 근처에 판매하는
곳을 못찾았는데
6648	또또	2025-01-30 17:20:23	렌쨩(송나영)	혹시 스타비으로 대체해도 될까요?
6648	또또	2025-01-30 17:21:13	렌쨩(송나영)	사진
6648	또또	2025-01-30 17:25:18	SD동물의료센터 서울점	네 가능합니다 ^^
6648	또또	2025-01-30 17:25:27	렌쨩(송나영)	감사합니다!!!
6648	또또	2025-02-06 18:04:09	렌쨩(송나영)	사진
6648	또또	2025-02-06 18:08:05	SD동물의료센터 서울점	보호자님 사진 확인했으며 흑변보다는 선혈변 양상이라 대장쪽 출혈 가능성이 있어보입니다. 전화로 안내드린것처럼 기력이 크게 나쁘지 않다고 하면 내일까지 또또 활력 잘 봐주시고 양상에 따라 내복약 조제 도와드리도록 하겠습니다. 감사합니다:)
6648	또또	2025-02-06 18:16:34	렌쨩(송나영)	네! 감사합니다!!
6648	또또	2025-02-07 11:31:39	렌쨩(송나영)	안녕하세요?
6648	또또	2025-02-07 11:32:08	렌쨩(송나영)	어제 저녁 부터 파이보 중단했고 그 이후 배변입니다. 
6648	또또	2025-02-07 11:32:16	렌쨩(송나영)	사진
6648	또또	2025-02-07 11:32:29	렌쨩(송나영)	일부 정상변이 섞여 있는어서 
6648	또또	2025-02-07 11:32:41	렌쨩(송나영)	조금 더 지켜봐도 될것 같아요. 
6648	또또	2025-02-07 11:32:49	렌쨩(송나영)	또또 건사료는 조금 남겼는데 
6648	또또	2025-02-07 11:32:56	렌쨩(송나영)	습식은 남김없이 다 먹고 있고 
6648	또또	2025-02-07 11:33:16	렌쨩(송나영)	혈당도 크게 변동 없이 300초반과 300후반을 오가고 있어요.
6648	또또	2025-02-07 11:33:51	렌쨩(송나영)	 오늘 하루 더 지켜봐도 좋을 것 같은데 
6648	또또	2025-02-07 11:34:01	렌쨩(송나영)	어떠신가요?
6648	또또	2025-02-07 11:37:08	SD동물의료센터 서울점	안녕하세요 또또 보호자님  :)
담당 선생님께 전달 드리겠습니다.
현재 진료가 밀려있어 답이 조금 늦을 수 있는 점 양해 부탁드리겠습니다. 감사합니다.
6648	또또	2025-02-07 11:37:34	렌쨩(송나영)	네! 천천히 답변주셔도 됩니다!
6648	또또	2025-02-07 11:39:38	SD동물의료센터 서울점	혈변 양상도 사진 상 일부 감소한 것 같아 변은 하루 더 지켜봐도 될 것 같고 파이버는 완전히 중단하는게 좋을 것 같습니다. 
혈당은 오늘 하루도 계속해서 300~300후반 사이로 확인되는 경우 2.5칸으로 증량해서 투여해주시면 될 것 같습니다. 감사합니다:)
6648	또또	2025-02-07 11:59:53	렌쨩(송나영)	기존에 1.5이었는데 갑자기 2.5으로 조절해도 될까요?
6648	또또	2025-02-07 12:02:56	SD동물의료센터 서울점	기존투여 1.5였으면 2로 증량해주시면 될 것 같습니다. 제가 전화상담 전 차트를 확인해서 2로 투여 중인걸로 잘못 확인했습니다ㅎㅎ..
2로 증량해서 투여해주시면 될 것 같습니다. 감사합니다:)
6648	또또	2025-02-07 12:03:20	렌쨩(송나영)	아!! 네네!! 감사합니다!!
6648	또또	2025-03-01 13:20:55	SD동물의료센터 서울점	안녕하세요 보호자님, SD동물의료센터 김포점 연락처 전달드립니다. 0
6648	또또	2025-03-01 13:21:06	SD동물의료센터 서울점	031-985-7075
6648	또또	2025-03-01 13:21:36	SD동물의료센터 서울점	입니다. 김포점측에는 보호자님께서 연락드릴꺼라고 미리 전달드려놓겠습니다. 감사합니다 :)
6648	또또	2025-03-01 13:22:52	렌쨩(송나영)	감사합니다!!
6648	또또	2025-03-01 13:39:23	SD동물의료센터 서울점	네 보호자님, 문의사항있으시면 언제든지 연락부탁드립니다. 좋은하루되세요. 감사합니다 :)
6648	또또	2025-03-01 17:09:17	렌쨩(송나영)	선생님! 지인이 너무 만족하고 고맙다고 하네요. 감사합니다!!!
6648	또또	2025-03-01 17:15:51	SD동물의료센터 서울점	진료 잘 보셨다니 정말 다행이네요 ^^
6648	또또	2025-03-01 17:23:20	SD동물의료센터 서울점	믿고 맡겨주셔서 저희도 너무 감사합니다 ! :)
6648	또또	2025-03-01 17:32:43	렌쨩(송나영)	별말씀을요. 다시 한번 감사합니다 :-)
6648	또또	2025-04-07 15:53:11	렌쨩(송나영)	안녕하세요?
6648	또또	2025-04-07 15:53:28	렌쨩(송나영)	이번주 일요일 오전 10시 또또 곽소연과장님 진료 예약 가능할까요?
6648	또또	2025-04-07 15:54:39	SD동물의료센터 서울점	안녕하세요 보호자님, 진료예약가능하여 예약도와드리겠습니다. 지난 진료 재진오시는것일까요?
6648	또또	2025-04-07 16:08:01	렌쨩(송나영)	네!
6648	또또	2025-04-07 16:24:40	SD동물의료센터 서울점	네 4/13 일요일 10시에 뵙겠습니다. :)
6648	또또	2025-04-07 16:24:53	렌쨩(송나영)	감사합니다!
6648	또또	2025-04-07 16:25:18	SD동물의료센터 서울점	감사합니다. :)
6648	또또	2025-04-16 13:56:30	렌쨩(송나영)	안녕하세요?
6648	또또	2025-04-16 13:57:06	렌쨩(송나영)	다음 예약일이 헷갈려서 그런데 언제로 예약되어 있는지 알 수 있을까요?
6648	또또	2025-04-16 14:02:43	SD동물의료센터 서울점	안녕하세요 또또 보호자님 :)
다음 재진일을 5월 11일 일요일 10시 입니다.
6648	또또	2025-04-16 14:04:18	렌쨩(송나영)	네! 감사합니다!
6648	또또	2025-04-24 11:35:12	렌쨩(송나영)	안녕하세요?
6648	또또	2025-04-24 11:35:26	렌쨩(송나영)	다름이 아니라 오늘 아침에 또또가 혈변을 봐서 연락 드립니다.
6648	또또	2025-04-24 11:35:36	렌쨩(송나영)	사진
6648	또또	2025-04-24 11:35:49	렌쨩(송나영)	사진
6648	또또	2025-04-24 11:36:13	렌쨩(송나영)	다른 변 상태는 형태 등 모두 양호했고 
6648	또또	2025-04-24 11:36:35	렌쨩(송나영)	항문 주변 비데 물티슈로 살살 닦아주었을때 아이가 아파하거나 그런 증상은 전혀 없었어요 
6648	또또	2025-04-24 11:37:07	렌쨩(송나영)	다만 기존에는 변 주변으로 살짝 살짝 묻은 경우는 있었어도 
6648	또또	2025-04-24 11:37:15	렌쨩(송나영)	이렇게 혈액이 선명히 보이는 변은 처음이어서 
6648	또또	2025-04-24 11:37:27	렌쨩(송나영)	검진이 필요한지 좀 더 지켜보아야 할지 알 수 없어 문의드립니다.
6648	또또	2025-04-24 11:38:08	렌쨩(송나영)	식이는 종종 급히 먹고 바로 먹토하긴 해도 먹성이 아주 좋고 활력도 현재로는 좋습니다.
6648	또또	2025-04-24 11:39:00	렌쨩(송나영)	다만 요며칠 먹토 횟수가 평소보다 늘어난 점은 있습니다.
6648	또또	2025-04-24 11:40:29	SD동물의료센터 서울점	안녕하세요 보호자님, 주치의선생님 확인 후 답변드리겠습니다. 감사합니다 :)
6648	또또	2025-04-24 11:40:44	렌쨩(송나영)	감사합니다!
6648	또또	2025-04-24 12:33:08	SD동물의료센터 서울점	안녕하세요 보호자님, 또또가 만성췌장염을 계속 가지고 있어 일시적으로 혈변 증상이 발생했을 수 있습니다. 우선 오전에 한 번 확인되었기 때문에 오늘 저녁까지 추가 혈변 보이지 않는지 봐주시고, 추가로 보이는 경우에는 소화기 초음파검사 및 위장관 보호제 복용이 필요할 수 있어 병원으로 연락부탁드리겠습니다. 감사합니다:)
6648	또또	2025-04-24 12:34:02	렌쨩(송나영)	감사합니다! 관찰 후 다시 연락 드리겠습니다!
6648	또또	2025-05-10 16:40:44	렌쨩(송나영)	안녕하세요!
내일 진료 예약되어 있는데 한주 미룰 수 있는지 문의드립니다
6648	또또	2025-05-10 16:53:18	SD동물의료센터 서울점	안녕하세요 보호자님
아이 특이사항 없고 인슐린 떨어지지 않으면 괜찮을 듯합니다. :)
일정 변경해 드릴까요?
6648	또또	2025-05-10 16:54:07	렌쨩(송나영)	네! 다음주 일요일 오전 시간대로 변경 부탁드립니다!
6648	또또	2025-05-10 16:55:06	SD동물의료센터 서울점	5/18 일요일 오전 10시 괜찮으세요?
6648	또또	2025-05-10 16:55:31	렌쨩(송나영)	네!
6648	또또	2025-05-10 16:56:06	SD동물의료센터 서울점	네 내일 일정 취소하고 다음주 일요일 오전에 뵙겠습니다.
감사합니다. :)
6648	또또	2025-05-10 16:56:53	렌쨩(송나영)	감사합니다!!!
6648	또또	2025-06-11 11:08:38	렌쨩(송나영)	안녕하세요?
6648	또또	2025-06-11 11:08:52	렌쨩(송나영)	또또 세침검사 외부 의뢰 결과 오늘 나올 거라고 들었는데 
6648	또또	2025-06-11 11:08:59	렌쨩(송나영)	혹시 나왔을까요?
6648	또또	2025-06-11 11:12:15	SD동물의료센터 서울점	안녕하세요 보호자님, 확인 후 선생님께 결과상담과 함께 유선상담 요청드리겠습니다. 감사합니다 :)
6648	또또	2025-06-11 11:12:50	렌쨩(송나영)	네 감사합니다.
6648	또또	2025-06-11 11:12:57	렌쨩(송나영)	선생님 진료 중이시라면
6648	또또	2025-06-11 11:13:08	렌쨩(송나영)	결과만이라도 우선 메세지로 회신 부탁드립니다.
6648	또또	2025-06-11 11:13:33	SD동물의료센터 서울점	네 보호자님, 선생님께서 금일 오후12시 출근이셔 확인되는대로 결과 먼저 보내드리겠습니다. 감사합니다 :)
6648	또또	2025-06-11 11:13:51	렌쨩(송나영)	네! 감사합니다. 
6648	또또	2025-06-11 12:11:36	SD동물의료센터 서울점	또또_Cytology (FNA).pdf
6648	또또	2025-07-09 10:49:06	렌쨩(송나영)	안녕하세요? 또또 다음 진료 예약일이 언제인지 알 수 있을까요?
6648	또또	2025-07-09 10:52:08	SD동물의료센터 서울점	안녕하세요 보호자님, 아이 다음 내원일정은 선생님께 확인이 필요할것으로 보입니다 ^^ 선생님께서 금일 오후출근이셔서 오후에 오시면 확인 후 답변드리겠습니다. 감사합니다 :)
6648	또또	2025-07-09 10:52:23	렌쨩(송나영)	감사합니다!
6648	또또	2025-07-10 12:18:29	SD동물의료센터 서울점	안녕하세요 보호자님, 답변이 늦어져서 죄송합니다. 주치의선생님께서 이번달안으로 내원해주시면 좋을것같다고하시는데 이번달에 내원가능하신 일자가 있으실까요?
6648	또또	2025-07-10 12:19:01	렌쨩(송나영)	마지막주 토요일 오전에 가능한 시간 있을까요?
6648	또또	2025-07-10 12:24:39	SD동물의료센터 서울점	주치의선생님께서 토요일은 오후 출근이셔 혹시 12시 내원은 조금 어려우실까요? ㅠ
6648	또또	2025-07-10 12:29:33	렌쨩(송나영)	아... 일요일은요?
6648	또또	2025-07-10 12:31:25	SD동물의료센터 서울점	일요알은 오전 진료보셔서 가장빠른시간 오전10시 예약가능하십니다 :)
6648	또또	2025-07-10 12:31:45	렌쨩(송나영)	그럼 27일 일요일 오전 10시로 부탁드립니다!!
6648	또또	2025-07-10 12:32:33	SD동물의료센터 서울점	네 보호자님, 7/27 오전10시로 예약도와드렸습니다. 감사합니다 :)
6648	또또	2025-07-10 12:32:49	렌쨩(송나영)	감사합니다! 더위 조심하시고 진료일에 뵐게요!
6648	또또	2025-07-10 12:34:39	SD동물의료센터 서울점	네 보호자님, 무더운더위지만 오늘도 행복하고 좋은하루 되세용 ^^
6648	또또	2025-07-27 09:26:04	렌쨩(송나영)	안녕하세요?
6648	또또	2025-07-27 09:26:11	렌쨩(송나영)	 또또 10 시 진료인데
6648	또또	2025-07-27 09:26:17	렌쨩(송나영)	 또또가 숨어서 안나오고 있어서
6648	또또	2025-07-27 09:26:58	렌쨩(송나영)	예약시간 보다 늦게 도착할 것 같아요
6648	또또	2025-07-27 09:27:51	렌쨩(송나영)	또또 포획하고 다시 연락드려도 될까요?
6648	또또	2025-07-27 09:41:58	렌쨩(송나영)	또또 방금 이동장에 들어갔어요
6648	또또	2025-07-27 09:42:13	렌쨩(송나영)	 지금 출발하면 1시간 정도 걸릴 것 같습니다!
6648	또또	2025-07-27 09:46:13	SD동물의료센터 서울점	보호자님. 내원하시게 되면 대기시간 발생할 수 있는 점 양해 부탁드립니다. 감사합니다.
6648	또또	2025-07-27 09:47:25	렌쨩(송나영)	네 감사합니다!!
6648	또또	2025-08-23 14:26:08	렌쨩(송나영)	안녕하세요?
혹시 또또 진료 예약일이 언제일까요?
6648	또또	2025-08-23 14:28:15	SD동물의료센터 서울점	보호자님, 8/24(일) 오전 10시 예약입니다
6648	또또	2025-08-23 14:32:00	렌쨩(송나영)	아 죄송하지만 예약 취소 부탁드립니다. 
다음 진료일은 추후 따로 문의드리도록 하겠습니다. 
6648	또또	2025-08-23 14:36:49	SD동물의료센터 서울점	네 알겠습니다~!
6648	또또	2025-08-23 14:37:30	렌쨩(송나영)	감사합니다!!
6648	또또	2025-09-16 10:16:23	렌쨩(송나영)	안녕하세요? 또또 진료 9/21에 가능한 시간 있을까요?
6648	또또	2025-09-16 10:16:29	렌쨩(송나영)	오후 시간대로 부탁드립니다.
6648	또또	2025-09-16 10:17:36	SD동물의료센터 서울점	안녕하세요 보호자님, 9/21 일 오후시간 예약은 오후4시반,5시,5시반 가능하십니다 :) 몇시로 예약도와드릴까요?
6648	또또	2025-09-16 10:19:05	렌쨩(송나영)	4시반으로 부탁드립니다!
6648	또또	2025-09-16 10:23:50	SD동물의료센터 서울점	네 보호자님, 지난진료 재검오시는것일까요?
6648	또또	2025-09-16 10:24:13	렌쨩(송나영)	네!
6648	또또	2025-09-16 10:24:27	SD동물의료센터 서울점	네 보호자님, 일요일 오후4시반으로 예약도와드렸습니다. 감사합니다 :)
6648	또또	2025-09-16 10:24:31	렌쨩(송나영)	감사합니다!
6648	또또	2025-11-03 15:56:02	렌쨩(송나영)	안녕하세요!
6648	또또	2025-11-03 15:56:02	SD동물의료센터 서울점	채팅 운영시간 안내
6648	또또	2025-11-03 15:56:02	SD동물의료센터 서울점	✅ 본 채널에서는 진료 예약과 입원 환자 사진·안내를 받아보실 수 있습니다. (14:00~16:00, 1회)

📌 다만, 진료·증상 상담은 채널에서 진행하지 않으며, 내원 시 의료진과 직접 상담 부탁드립니다.

더 나은 진료 서비스를 위해 최선을 다하겠습니다. 감사합니다.
6648	또또	2025-11-03 15:56:47	렌쨩(송나영)	또또 진료 예약 문의드립니다. 
6648	또또	2025-11-03 15:56:47	SD동물의료센터 서울점	채팅 운영시간 안내
6648	또또	2025-11-03 15:56:47	SD동물의료센터 서울점	✅ 본 채널에서는 진료 예약과 입원 환자 사진·안내를 받아보실 수 있습니다. (14:00~16:00, 1회)

📌 다만, 진료·증상 상담은 채널에서 진행하지 않으며, 내원 시 의료진과 직접 상담 부탁드립니다.

더 나은 진료 서비스를 위해 최선을 다하겠습니다. 감사합니다.
6648	또또	2025-11-03 15:58:13	렌쨩(송나영)	해당 카톡으로는 진료 예약이 안되는걸까요?
6648	또또	2025-11-03 15:58:13	SD동물의료센터 서울점	채팅 운영시간 안내
6648	또또	2025-11-03 15:58:13	SD동물의료센터 서울점	✅ 본 채널에서는 진료 예약과 입원 환자 사진·안내를 받아보실 수 있습니다. (14:00~16:00, 1회)

📌 다만, 진료·증상 상담은 채널에서 진행하지 않으며, 내원 시 의료진과 직접 상담 부탁드립니다.

더 나은 진료 서비스를 위해 최선을 다하겠습니다. 감사합니다.
6648	또또	2025-11-03 16:01:42	SD동물의료센터 서울점	안녕하세요 보호자님 또또 어떤 증상으로 진료 요청이실까요?
6648	또또	2025-11-03 16:01:55	렌쨩(송나영)	기존 진료 이어서 볼텐데요
6648	또또	2025-11-03 16:01:55	SD동물의료센터 서울점	채팅 운영시간 안내
6648	또또	2025-11-03 16:01:55	SD동물의료센터 서울점	✅ 본 채널에서는 진료 예약과 입원 환자 사진·안내를 받아보실 수 있습니다. (14:00~16:00, 1회)

📌 다만, 진료·증상 상담은 채널에서 진행하지 않으며, 내원 시 의료진과 직접 상담 부탁드립니다.

더 나은 진료 서비스를 위해 최선을 다하겠습니다. 감사합니다.
6648	또또	2025-11-03 16:02:05	렌쨩(송나영)	또또 변상태가 확 나빠지고 구토 횟수도 늘어나서 
6648	또또	2025-11-03 16:02:05	SD동물의료센터 서울점	채팅 운영시간 안내
6648	또또	2025-11-03 16:02:05	SD동물의료센터 서울점	✅ 본 채널에서는 진료 예약과 입원 환자 사진·안내를 받아보실 수 있습니다. (14:00~16:00, 1회)

📌 다만, 진료·증상 상담은 채널에서 진행하지 않으며, 내원 시 의료진과 직접 상담 부탁드립니다.

더 나은 진료 서비스를 위해 최선을 다하겠습니다. 감사합니다.
6648	또또	2025-11-03 16:02:15	렌쨩(송나영)	곽소연 과장님께 진료 보고싶어서요
6648	또또	2025-11-03 16:02:15	SD동물의료센터 서울점	채팅 운영시간 안내
6648	또또	2025-11-03 16:02:15	SD동물의료센터 서울점	✅ 본 채널에서는 진료 예약과 입원 환자 사진·안내를 받아보실 수 있습니다. (14:00~16:00, 1회)

📌 다만, 진료·증상 상담은 채널에서 진행하지 않으며, 내원 시 의료진과 직접 상담 부탁드립니다.

더 나은 진료 서비스를 위해 최선을 다하겠습니다. 감사합니다.
6648	또또	2025-11-03 16:02:29	렌쨩(송나영)	지사제랑 구토약 가지고 있어서 먹이고 있는데
6648	또또	2025-11-03 16:02:29	SD동물의료센터 서울점	채팅 운영시간 안내
6648	또또	2025-11-03 16:02:29	SD동물의료센터 서울점	✅ 본 채널에서는 진료 예약과 입원 환자 사진·안내를 받아보실 수 있습니다. (14:00~16:00, 1회)

📌 다만, 진료·증상 상담은 채널에서 진행하지 않으며, 내원 시 의료진과 직접 상담 부탁드립니다.

더 나은 진료 서비스를 위해 최선을 다하겠습니다. 감사합니다.
6648	또또	2025-11-03 16:02:43	렌쨩(송나영)	오늘 구토가 심하네요
6648	또또	2025-11-03 16:02:43	SD동물의료센터 서울점	채팅 운영시간 안내
6648	또또	2025-11-03 16:02:43	SD동물의료센터 서울점	✅ 본 채널에서는 진료 예약과 입원 환자 사진·안내를 받아보실 수 있습니다. (14:00~16:00, 1회)

📌 다만, 진료·증상 상담은 채널에서 진행하지 않으며, 내원 시 의료진과 직접 상담 부탁드립니다.

더 나은 진료 서비스를 위해 최선을 다하겠습니다. 감사합니다.
6648	또또	2025-11-03 16:02:57	렌쨩(송나영)	인슐린 처방도 받아야 하고 
6648	또또	2025-11-03 16:02:57	SD동물의료센터 서울점	채팅 운영시간 안내
6648	또또	2025-11-03 16:02:57	SD동물의료센터 서울점	✅ 본 채널에서는 진료 예약과 입원 환자 사진·안내를 받아보실 수 있습니다. (14:00~16:00, 1회)

📌 다만, 진료·증상 상담은 채널에서 진행하지 않으며, 내원 시 의료진과 직접 상담 부탁드립니다.

더 나은 진료 서비스를 위해 최선을 다하겠습니다. 감사합니다.
6648	또또	2025-11-03 16:03:06	SD동물의료센터 서울점	✅ 본 채널에서는 진료 예약과 입원 환자 사진·안내를 받아보실 수 있습니다. (14:00~16:00, 1회)

📌 다만, 진료·증상 상담은 채널에서 진행하지 않으며, 내원 시 의료진과 직접 상담 부탁드립니다.

더 나은 진료 서비스를 위해 최선을 다하겠습니다. 감사합니다.
6648	또또	2025-11-03 16:03:06	렌쨩(송나영)	지난 진료때 말씀하신 관절 주사 관련 문의도 드려야 하는게
6648	또또	2025-11-03 16:03:06	SD동물의료센터 서울점	채팅 운영시간 안내
6648	또또	2025-11-03 16:03:16	렌쨩(송나영)	월화 휴진이셨던걸로 기억해서요
6648	또또	2025-11-03 16:03:16	SD동물의료센터 서울점	채팅 운영시간 안내
6648	또또	2025-11-03 16:03:16	SD동물의료센터 서울점	✅ 본 채널에서는 진료 예약과 입원 환자 사진·안내를 받아보실 수 있습니다. (14:00~16:00, 1회)

📌 다만, 진료·증상 상담은 채널에서 진행하지 않으며, 내원 시 의료진과 직접 상담 부탁드립니다.

더 나은 진료 서비스를 위해 최선을 다하겠습니다. 감사합니다.
6648	또또	2025-11-03 16:03:19	렌쨩(송나영)	맞을까요?
6648	또또	2025-11-03 16:03:19	SD동물의료센터 서울점	채팅 운영시간 안내
6648	또또	2025-11-03 16:03:19	SD동물의료센터 서울점	✅ 본 채널에서는 진료 예약과 입원 환자 사진·안내를 받아보실 수 있습니다. (14:00~16:00, 1회)

📌 다만, 진료·증상 상담은 채널에서 진행하지 않으며, 내원 시 의료진과 직접 상담 부탁드립니다.

더 나은 진료 서비스를 위해 최선을 다하겠습니다. 감사합니다.
6648	또또	2025-11-03 16:07:22	SD동물의료센터 서울점	금일 곽소연과장님 진료 가능합니다 5:30 내원 가능하실까요?
6648	또또	2025-11-03 16:09:04	렌쨩(송나영)	제가 회사라 
6648	또또	2025-11-03 16:09:04	SD동물의료센터 서울점	채팅 운영시간 안내
6648	또또	2025-11-03 16:09:04	SD동물의료센터 서울점	✅ 본 채널에서는 진료 예약과 입원 환자 사진·안내를 받아보실 수 있습니다. (14:00~16:00, 1회)

📌 다만, 진료·증상 상담은 채널에서 진행하지 않으며, 내원 시 의료진과 직접 상담 부탁드립니다.

더 나은 진료 서비스를 위해 최선을 다하겠습니다. 감사합니다.
6648	또또	2025-11-03 16:09:23	렌쨩(송나영)	몇시까지 진료 보실까요?
6648	또또	2025-11-03 16:09:23	SD동물의료센터 서울점	채팅 운영시간 안내
6648	또또	2025-11-03 16:09:23	SD동물의료센터 서울점	✅ 본 채널에서는 진료 예약과 입원 환자 사진·안내를 받아보실 수 있습니다. (14:00~16:00, 1회)

📌 다만, 진료·증상 상담은 채널에서 진행하지 않으며, 내원 시 의료진과 직접 상담 부탁드립니다.

더 나은 진료 서비스를 위해 최선을 다하겠습니다. 감사합니다.
6648	또또	2025-11-21 08:37:44	렌쨩(송나영)	안녕하세요? 혹시 지난 진료 시 측정한 또또 몸무게를 알 수 있을까요?
6648	또또	2025-11-21 08:37:44	SD동물의료센터 서울점	채팅 운영시간 안내
6648	또또	2025-11-21 08:37:44	SD동물의료센터 서울점	✅ 본 채널에서는 진료 예약과 입원 환자 사진·안내를 받아보실 수 있습니다. (14:00~16:00, 1회)

📌 다만, 진료·증상 상담은 채널에서 진행하지 않으며, 내원 시 의료진과 직접 상담 부탁드립니다.

더 나은 진료 서비스를 위해 최선을 다하겠습니다. 감사합니다.
6648	또또	2025-11-21 09:52:13	SD동물의료센터 서울점	3.64kg 입니다
6648	또또	2025-11-21 09:54:02	SD동물의료센터 서울점	✅ 본 채널에서는 진료 예약과 입원 환자 사진·안내를 받아보실 수 있습니다. (14:00~16:00, 1회)

📌 다만, 진료·증상 상담은 채널에서 진행하지 않으며, 내원 시 의료진과 직접 상담 부탁드립니다.

더 나은 진료 서비스를 위해 최선을 다하겠습니다. 감사합니다.
6648	또또	2025-11-21 09:54:02	렌쨩(송나영)	감사합니다ㅃ!
6648	또또	2025-11-21 09:54:02	SD동물의료센터 서울점	채팅 운영시간 안내
6648	또또	2025-12-12 10:11:35	렌쨩(송나영)	안녕하세요! 또또 이번주 토, 일 중 곽소연과장님 진료 가능한 시간 있을까요?
6648	또또	2025-12-12 10:11:35	SD동물의료센터 서울점	채팅 운영시간 안내
6648	또또	2025-12-12 10:11:35	SD동물의료센터 서울점	✅ 본 채널에서는 진료 예약과 입원 환자 사진·안내를 받아보실 수 있습니다. (14:00~16:00, 1회)

📌 다만, 진료·증상 상담은 채널에서 진행하지 않으며, 내원 시 의료진과 직접 상담 부탁드립니다.

더 나은 진료 서비스를 위해 최선을 다하겠습니다. 감사합니다.
6648	또또	2025-12-12 10:23:08	SD동물의료센터 서울점	보호자님. 12/14(일) 진료 가능합니다. 오전은 10시,10:30 / 오후는 15시 이후 가능합니다.
6648	또또	2025-12-12 10:26:25	렌쨩(송나영)	오전 10시로 예약 부탁드립니다!
6648	또또	2025-12-12 10:26:25	SD동물의료센터 서울점	채팅 운영시간 안내
6648	또또	2025-12-12 10:26:25	SD동물의료센터 서울점	✅ 본 채널에서는 진료 예약과 입원 환자 사진·안내를 받아보실 수 있습니다. (14:00~16:00, 1회)

📌 다만, 진료·증상 상담은 채널에서 진행하지 않으며, 내원 시 의료진과 직접 상담 부탁드립니다.

더 나은 진료 서비스를 위해 최선을 다하겠습니다. 감사합니다.
6648	또또	2025-12-12 10:27:27	SD동물의료센터 서울점	네, 12/14(일) 10시 예약 되었습니다. 감사합니다.
6648	또또	2025-12-12 10:31:18	렌쨩(송나영)	감사합니다!
6648	또또	2025-12-12 10:31:18	SD동물의료센터 서울점	채팅 운영시간 안내
6648	또또	2025-12-12 10:31:18	SD동물의료센터 서울점	✅ 본 채널에서는 진료 예약과 입원 환자 사진·안내를 받아보실 수 있습니다. (14:00~16:00, 1회)

📌 다만, 진료·증상 상담은 채널에서 진행하지 않으며, 내원 시 의료진과 직접 상담 부탁드립니다.

더 나은 진료 서비스를 위해 최선을 다하겠습니다. 감사합니다.
6648	또또	2025-12-18 15:33:04	SD동물의료센터 서울점	안녕하세요 보호자님, 또또 주치의 입니다!
보내주신 귤 잘 도착해서 연락드려요. 매번 맛있는 간식 보내주셔서 감사합니다. 또또 올 때 마다 같이 잘 챙겨준 다른 선생님들이랑 맛있게 나눠먹도록 하겠습니다! 추운 겨울 감기 조심하시고 다음 재진 때 뵙겠습니다<3
6648	또또	2025-12-18 15:35:02	렌쨩(송나영)	또또에게 보여주신 마음에 비하면 너무 약소해요. 작게나마 일하실때 기분전환에 도움이 되면 좋겠어요!  항상 감사합니다!
6648	또또	2025-12-18 15:35:02	SD동물의료센터 서울점	채팅 운영시간 안내
6648	또또	2025-12-18 15:35:02	SD동물의료센터 서울점	✅ 본 채널에서는 진료 예약과 입원 환자 사진·안내를 받아보실 수 있습니다. (14:00~16:00, 1회)

📌 다만, 진료·증상 상담은 채널에서 진행하지 않으며, 내원 시 의료진과 직접 상담 부탁드립니다.

더 나은 진료 서비스를 위해 최선을 다하겠습니다. 감사합니다.
6648	또또	2025-12-18 15:46:46	SD동물의료센터 서울점	저희도 항상 감사드립니다:)
6648	또또	2025-12-27 22:27:02	렌쨩(송나영)	안녕하세요! 또또 재진 안내 문자 보고 연락드립니다. 따로 예약한 기억이 없는데 다시 확인 부탁드릴게요. 다녀온지 얼마되지 않아서요. 
6648	또또	2025-12-27 22:27:02	SD동물의료센터 서울점	채팅 운영시간 안내
6648	또또	2025-12-27 22:27:02	SD동물의료센터 서울점	✅ 본 채널에서는 진료 예약과 입원 환자 사진·안내를 받아보실 수 있습니다. (14:00~16:00, 1회)

📌 다만, 진료·증상 상담은 채널에서 진행하지 않으며, 내원 시 의료진과 직접 상담 부탁드립니다.

더 나은 진료 서비스를 위해 최선을 다하겠습니다. 감사합니다.
6648	또또	2025-12-28 09:46:40	SD동물의료센터 서울점	안녕하세요 보호자님, 예전에 예약되어 있던 내역같습니다. 취소 도와드렸습니다 :)
6648	또또	2025-12-28 11:34:44	렌쨩(송나영)	감사합니다!
6648	또또	2025-12-28 11:34:44	SD동물의료센터 서울점	채팅 운영시간 안내
6648	또또	2025-12-28 11:34:44	SD동물의료센터 서울점	✅ 본 채널에서는 진료 예약과 입원 환자 사진·안내를 받아보실 수 있습니다. (14:00~16:00, 1회)

📌 다만, 진료·증상 상담은 채널에서 진행하지 않으며, 내원 시 의료진과 직접 상담 부탁드립니다.

더 나은 진료 서비스를 위해 최선을 다하겠습니다. 감사합니다.
6648	또또	2026-04-06 19:24:06	렌쨩(송나영)	안녕하세요!
방금 유선으로 목요일 오후 6시 진료 예약하였는데 4시로 변경 부탁드립니다!
6648	또또	2026-04-06 19:24:06	SD동물의료센터 서울점	채팅 운영시간 안내
6648	또또	2026-04-06 19:24:06	SD동물의료센터 서울점	✅ 본 채널에서는 진료 예약과 입원 환자 사진·안내를 받아보실 수 있습니다. (14:00~16:00, 1회)

📌 다만, 진료·증상 상담은 채널에서 진행하지 않으며, 내원 시 의료진과 직접 상담 부탁드립니다.

더 나은 진료 서비스를 위해 최선을 다하겠습니다. 감사합니다.
6648	또또	2026-04-06 19:24:44	렌쨩(송나영)	진료예약
6648	또또	2026-04-06 19:24:44	SD동물의료센터 서울점(메뉴)	SD동물의료센터 서울점 진료 예약을 위해 아래 내용을 채팅에 남겨주세요.

◼︎ 보호자님 성함 / 연락처
◼︎ 반려동물 이름 / 간단한 증상

* 예약에 필요한 간단한 상담이 진행될 수 있습니다.
* 증상과 관련된 자세한 상담은 진료의 부분으로 예약 후 내원시 수의사 선생님과 상담 가능합니다. 
* 채널 상담은 병원 업무와 동시에 진행되어 원내 상황에 따라 빠른 응대가 어려울 수 있습니다. 

문의사항은 본원 대표전화(02-2039-0303)로 연락부탁드립니다.
6648	또또	2026-04-06 19:26:14	렌쨩(송나영)	또또 (아비시니안) 보호자 송나영입니다!
유선으로 이번주 목요일 6시 진료 예약했는데
4시로 변경 부탁드립니다!
6648	또또	2026-04-06 19:26:14	SD동물의료센터 서울점	채팅 운영시간 안내
6648	또또	2026-04-06 19:26:14	SD동물의료센터 서울점	✅ 본 채널에서는 진료 예약과 입원 환자 사진·안내를 받아보실 수 있습니다. (14:00~16:00, 1회)

📌 다만, 진료·증상 상담은 채널에서 진행하지 않으며, 내원 시 의료진과 직접 상담 부탁드립니다.

더 나은 진료 서비스를 위해 최선을 다하겠습니다. 감사합니다.
6648	또또	2026-04-06 19:52:50	SD동물의료센터 서울점	안녕하세요 보호자님, 변경 도와드렸습니다. 감사합니다 :)
6648	또또	2026-04-06 19:53:13	렌쨩(송나영)	감사합니다!!
6648	또또	2026-04-06 19:53:13	SD동물의료센터 서울점	채팅 운영시간 안내
6648	또또	2026-04-06 19:53:13	SD동물의료센터 서울점	✅ 본 채널에서는 진료 예약과 입원 환자 사진·안내를 받아보실 수 있습니다. (14:00~16:00, 1회)

📌 다만, 진료·증상 상담은 채널에서 진행하지 않으며, 내원 시 의료진과 직접 상담 부탁드립니다.

더 나은 진료 서비스를 위해 최선을 다하겠습니다. 감사합니다.
6648	또또	2026-04-08 10:24:43	렌쨩(송나영)	안녕하세요? 목요일 오후 4시에 예약한 또또 보호자(송나영)입니다.
6648	또또	2026-04-08 10:24:43	SD동물의료센터 서울점	채팅 운영시간 안내
6648	또또	2026-04-08 10:24:43	SD동물의료센터 서울점	✅ 본 채널에서는 진료 예약과 입원 환자 사진·안내를 받아보실 수 있습니다. (14:00~16:00, 1회)

📌 다만, 진료·증상 상담은 채널에서 진행하지 않으며, 내원 시 의료진과 직접 상담 부탁드립니다.

더 나은 진료 서비스를 위해 최선을 다하겠습니다. 감사합니다.
6648	또또	2026-04-08 10:25:15	SD동물의료센터 서울점	채팅 운영시간 안내
6648	또또	2026-04-08 10:25:15	SD동물의료센터 서울점	✅ 본 채널에서는 진료 예약과 입원 환자 사진·안내를 받아보실 수 있습니다. (14:00~16:00, 1회)

📌 다만, 진료·증상 상담은 채널에서 진행하지 않으며, 내원 시 의료진과 직접 상담 부탁드립니다.

더 나은 진료 서비스를 위해 최선을 다하겠습니다. 감사합니다.
6648	또또	2026-04-08 10:25:15	렌쨩(송나영)	혹시 오늘 오후 12시-4시 사이에 가능한 시간 있을까요?
6648	또또	2026-04-08 10:31:40	SD동물의료센터 서울점	안녕하세요 보호자님 금일 15:30 예약가능 합니다
6648	또또	2026-04-08 10:31:49	SD동물의료센터 서울점	예약변경 도와 드릴까요?
6648	또또	2026-04-08 10:32:01	렌쨩(송나영)	네! 부탁드립니다!
6648	또또	2026-04-08 10:32:01	SD동물의료센터 서울점	채팅 운영시간 안내
6648	또또	2026-04-08 10:32:01	SD동물의료센터 서울점	✅ 본 채널에서는 진료 예약과 입원 환자 사진·안내를 받아보실 수 있습니다. (14:00~16:00, 1회)

📌 다만, 진료·증상 상담은 채널에서 진행하지 않으며, 내원 시 의료진과 직접 상담 부탁드립니다.

더 나은 진료 서비스를 위해 최선을 다하겠습니다. 감사합니다.
6648	또또	2026-04-08 10:37:50	SD동물의료센터 서울점	네 보호자님 금일 15:3
6648	또또	2026-04-08 10:38:11	SD동물의료센터 서울점	금일 15:30 예약변경 도와드렸습니다 감사합니다
6648	또또	2026-04-08 10:38:16	렌쨩(송나영)	감사합니다!!
6648	또또	2026-04-08 10:38:16	SD동물의료센터 서울점	채팅 운영시간 안내
6648	또또	2026-04-08 10:38:16	SD동물의료센터 서울점	✅ 본 채널에서는 진료 예약과 입원 환자 사진·안내를 받아보실 수 있습니다. (14:00~16:00, 1회)

📌 다만, 진료·증상 상담은 채널에서 진행하지 않으며, 내원 시 의료진과 직접 상담 부탁드립니다.

더 나은 진료 서비스를 위해 최선을 다하겠습니다. 감사합니다.
6648	또또	2026-05-18 12:08:34	SD동물의료센터 서울점	안녕하세요 보호자님

입원 및 면회 관련 안내사항 보내드립니다.
이용에 불편함 없으시도록 참고 부탁드립니다. :)

▶ https://blog.naver.com/sdamc00/223842908205


◎ 우리 병원은 아픈 반려동물의 빠른 회복을 최우선으로 최선의 진료를 시행합니다. ◎

""예상치 못한 응급 상황이나 피치 못할 중환자 관리로 인해 대기 시간이 길어질 수 있는 점""
미리 양해 말씀드리며 너그럽게 양해 부탁드립니다.

보호자분의 따뜻한 배려 늘 감사합니다. :)
6648	또또	2026-05-18 13:55:21	SD동물의료센터 서울점	사진
6648	또또	2026-05-18 13:55:24	SD동물의료센터 서울점	동영상
6648	또또	2026-05-18 13:55:27	SD동물의료센터 서울점	안녕하세요 또또 보호자님~ 또또는 현재 내원이후 수액을 맞으며 휴식을 취하고 있습니다. 사진 및 영상 보내드려요 :)
6648	또또	2026-05-18 13:55:50	렌쨩(송나영)	방금 저희 어머니께서 또또 물품 맡기고 가셨는데
6648	또또	2026-05-18 13:55:50	SD동물의료센터 서울점	채팅 운영시간 안내
6648	또또	2026-05-18 13:55:50	SD동물의료센터 서울점	✅ 본 채널에서는 진료 예약과 입원 환자 사진·안내를 받아보실 수 있습니다. (14:00~16:00, 1회)

📌 다만, 진료·증상 상담은 채널에서 진행하지 않으며, 내원 시 의료진과 직접 상담 부탁드립니다.

더 나은 진료 서비스를 위해 최선을 다하겠습니다. 감사합니다.
6648	또또	2026-05-18 13:55:56	SD동물의료센터 서울점	채팅 운영시간 안내
6648	또또	2026-05-18 13:55:56	SD동물의료센터 서울점	✅ 본 채널에서는 진료 예약과 입원 환자 사진·안내를 받아보실 수 있습니다. (14:00~16:00, 1회)

📌 다만, 진료·증상 상담은 채널에서 진행하지 않으며, 내원 시 의료진과 직접 상담 부탁드립니다.

더 나은 진료 서비스를 위해 최선을 다하겠습니다. 감사합니다.
6648	또또	2026-05-18 13:55:56	렌쨩(송나영)	혹시 넥카라는 없었나요?
6648	또또	2026-05-19 14:05:41	SD동물의료센터 서울점	사진
6648	또또	2026-05-19 14:05:44	SD동물의료센터 서울점	동영상
6648	또또	2026-05-19 14:05:47	SD동물의료센터 서울점	안녕하세요 또또 보호자님~ 또또는 소변은 정상뇨를 잘보고있고 대변은 설사를 지속중이라 모니터링 하고있습니다. 현재는 장안에서 수액을 맞으며 휴식을 취하고 있습니다. 사진 및 영상 보내드려요 :)
6648	또또	2026-05-19 14:06:50	렌쨩(송나영)	감사합니다 ! 
6648	또또	2026-05-19 14:06:50	SD동물의료센터 서울점	채팅 운영시간 안내
6648	또또	2026-05-19 14:06:50	SD동물의료센터 서울점	✅ 본 채널에서는 진료 예약과 입원 환자 사진·안내를 받아보실 수 있습니다. (14:00~16:00, 1회)

📌 다만, 진료·증상 상담은 채널에서 진행하지 않으며, 내원 시 의료진과 직접 상담 부탁드립니다.

더 나은 진료 서비스를 위해 최선을 다하겠습니다. 감사합니다.
6648	또또	2026-05-20 10:51:47	렌쨩(송나영)	안녕하세요? 또또 어제 저녁 면회때 설사로 타올 등 오염되어 교체해주려고 하는데 오늘 12시에 면회 가능할까요?
6648	또또	2026-05-20 10:51:48	SD동물의료센터 서울점	채팅 운영시간 안내
6648	또또	2026-05-20 10:51:48	SD동물의료센터 서울점	✅ 본 채널에서는 진료 예약과 입원 환자 사진·안내를 받아보실 수 있습니다. (14:00~16:00, 1회)

📌 다만, 진료·증상 상담은 채널에서 진행하지 않으며, 내원 시 의료진과 직접 상담 부탁드립니다.

더 나은 진료 서비스를 위해 최선을 다하겠습니다. 감사합니다.
6648	또또	2026-05-20 14:16:34	SD동물의료센터 서울점	사진
6648	또또	2026-05-20 14:16:38	SD동물의료센터 서울점	동영상
6648	또또	2026-05-20 14:16:42	SD동물의료센터 서울점	동영상
6648	또또	2026-05-20 14:16:43	SD동물의료센터 서울점	안녕하세요 또또 보호자님~ 또또 오늘 오전 식이는 틈틈히 건사료를 먹어 주었고 소변은 잘보았습니다. 대변은 아직 설사를 지속중이라 주치의 선생님과 모니터링 중입니다. 현재는 장안에서 수액을 맞으며 휴식을 취하고 있습니다. 사진 및 영상 보내드려요 :)
6648	또또	2026-05-20 14:18:00	렌쨩(송나영)	감사합니다!
6648	또또	2026-05-20 14:18:00	SD동물의료센터 서울점	채팅 운영시간 안내
6648	또또	2026-05-20 14:18:00	SD동물의료센터 서울점	✅ 본 채널에서는 진료 예약과 입원 환자 사진·안내를 받아보실 수 있습니다. (14:00~16:00, 1회)

📌 다만, 진료·증상 상담은 채널에서 진행하지 않으며, 내원 시 의료진과 직접 상담 부탁드립니다.

더 나은 진료 서비스를 위해 최선을 다하겠습니다. 감사합니다.
6648	또또	2026-05-21 14:19:50	SD동물의료센터 서울점	사진
6648	또또	2026-05-21 14:19:57	SD동물의료센터 서울점	동영상
6648	또또	2026-05-21 14:20:18	SD동물의료센터 서울점	안녕하세요 또또 보호자님~ 또또는 입원장에 건사료를 유지중이고 틈틈히 먹고있는 모습을 모니터링 하고있으며 소변은 잘보고있습니다. 대변은 아직 설사를 지속하고 있어서 주치의 선생님과 모니터링 하고 있습니다. 현재는 장안에서 수액을 맞으며 휴식을 취하고 있습니다. 사진 및 영상 보내드려요 :)
6648	또또	2026-05-21 14:20:56	렌쨩(송나영)	감사합니다!
6648	또또	2026-05-21 14:20:56	SD동물의료센터 서울점	채팅 운영시간 안내
6648	또또	2026-05-21 14:20:56	SD동물의료센터 서울점	✅ 본 채널에서는 진료 예약과 입원 환자 사진·안내를 받아보실 수 있습니다. (14:00~16:00, 1회)

📌 다만, 진료·증상 상담은 채널에서 진행하지 않으며, 내원 시 의료진과 직접 상담 부탁드립니다.

더 나은 진료 서비스를 위해 최선을 다하겠습니다. 감사합니다.
6648	또또	2026-05-22 13:59:04	SD동물의료센터 서울점	사진
6648	또또	2026-05-22 13:59:08	SD동물의료센터 서울점	사진
6648	또또	2026-05-22 13:59:15	SD동물의료센터 서울점	동영상
6648	또또	2026-05-22 13:59:17	SD동물의료센터 서울점	안녕하세요 또또 보호자님~ 또또 오늘 아침식이는 건사료를 유지중이며 잘먹고있는지 모니터링중이고 소변은 잘보았습니다. 대변은 설사와 연변을 보고 있어서 모니터링 중입니다. 현재는 장안에서 수액을 맞으며 휴식을 취하고 있습니다. 사진 및 영상 보내드려요 :)
6648	또또	2026-05-22 14:00:53	렌쨩(송나영)	감사합니다!
6648	또또	2026-05-22 14:00:53	SD동물의료센터 서울점	채팅 운영시간 안내
6648	또또	2026-05-22 14:00:53	SD동물의료센터 서울점	✅ 본 채널에서는 진료 예약과 입원 환자 사진·안내를 받아보실 수 있습니다. (14:00~16:00, 1회)

📌 다만, 진료·증상 상담은 채널에서 진행하지 않으며, 내원 시 의료진과 직접 상담 부탁드립니다.

더 나은 진료 서비스를 위해 최선을 다하겠습니다. 감사합니다.
6648	또또	2026-05-24 11:03:10	렌쨩(송나영)	사진
6648	또또	2026-05-24 11:03:10	SD동물의료센터 서울점	채팅 운영시간 안내
6648	또또	2026-05-24 11:03:10	SD동물의료센터 서울점	✅ 본 채널에서는 진료 예약과 입원 환자 사진·안내를 받아보실 수 있습니다. (14:00~16:00, 1회)

📌 다만, 진료·증상 상담은 채널에서 진행하지 않으며, 내원 시 의료진과 직접 상담 부탁드립니다.

더 나은 진료 서비스를 위해 최선을 다하겠습니다. 감사합니다.
6648	또또	2026-05-24 11:03:22	렌쨩(송나영)	변 실수 하기 전 변 색깔입니다. 
6648	또또	2026-05-24 11:03:22	SD동물의료센터 서울점	채팅 운영시간 안내
6648	또또	2026-05-24 11:03:22	SD동물의료센터 서울점	✅ 본 채널에서는 진료 예약과 입원 환자 사진·안내를 받아보실 수 있습니다. (14:00~16:00, 1회)

📌 다만, 진료·증상 상담은 채널에서 진행하지 않으며, 내원 시 의료진과 직접 상담 부탁드립니다.

더 나은 진료 서비스를 위해 최선을 다하겠습니다. 감사합니다.
6648	또또	2026-05-24 11:04:01	렌쨩(송나영)	 누워서 변 보기 시작할 때도 저 색이었는데 어제 밤 부터는 형태가 잡히면서 아래와 같이 색이 변하였습니다. 
6648	또또	2026-05-24 11:04:01	SD동물의료센터 서울점	채팅 운영시간 안내
6648	또또	2026-05-24 11:04:01	SD동물의료센터 서울점	✅ 본 채널에서는 진료 예약과 입원 환자 사진·안내를 받아보실 수 있습니다. (14:00~16:00, 1회)

📌 다만, 진료·증상 상담은 채널에서 진행하지 않으며, 내원 시 의료진과 직접 상담 부탁드립니다.

더 나은 진료 서비스를 위해 최선을 다하겠습니다. 감사합니다.
6648	또또	2026-05-24 11:04:11	렌쨩(송나영)	사진
6648	또또	2026-05-24 11:04:11	SD동물의료센터 서울점	채팅 운영시간 안내
6648	또또	2026-05-24 11:04:11	SD동물의료센터 서울점	✅ 본 채널에서는 진료 예약과 입원 환자 사진·안내를 받아보실 수 있습니다. (14:00~16:00, 1회)

📌 다만, 진료·증상 상담은 채널에서 진행하지 않으며, 내원 시 의료진과 직접 상담 부탁드립니다.

더 나은 진료 서비스를 위해 최선을 다하겠습니다. 감사합니다.
6648	또또	2026-05-24 11:05:46	SD동물의료센터 서울점	안녕하세요 보호자님,  주치의 선생님 출근하시면 확인 후 연락 드리도록 하겠습니다!
6648	또또	2026-05-24 11:11:13	렌쨩(송나영)	감사합니다!
6648	또또	2026-05-24 11:11:13	SD동물의료센터 서울점	채팅 운영시간 안내
6648	또또	2026-05-24 11:11:13	SD동물의료센터 서울점	✅ 본 채널에서는 진료 예약과 입원 환자 사진·안내를 받아보실 수 있습니다. (14:00~16:00, 1회)

📌 다만, 진료·증상 상담은 채널에서 진행하지 않으며, 내원 시 의료진과 직접 상담 부탁드립니다.

더 나은 진료 서비스를 위해 최선을 다하겠습니다. 감사합니다.
6648	또또	2026-06-10 15:37:09	렌쨩(송나영)	안녕하세요? 또또 6/21 진료 예약으로 알고 있는데 시간을 잊어서요! 몇시인지 확인 부탁드립니다!
6648	또또	2026-06-10 15:37:09	SD동물의료센터 서울점	채팅 운영시간 안내
6648	또또	2026-06-10 15:37:09	SD동물의료센터 서울점	✅ 본 채널에서는 진료 예약과 입원 환자 사진·안내를 받아보실 수 있습니다. (14:00~16:00, 1회)

📌 다만, 진료·증상 상담은 채널에서 진행하지 않으며, 내원 시 의료진과 직접 상담 부탁드립니다.

더 나은 진료 서비스를 위해 최선을 다하겠습니다. 감사합니다.
6648	또또	2026-06-10 15:47:20	SD동물의료센터 서울점	6/21 일 12:30 재진 예약입니다.이 때 금식하고 오는 것이 좋다고 하여 가능 시 금식시켜주시고, 아이가 너무 스트레스 받아할 경우 오전 11시 전까지만 먹이고 내원 부탁드립니다 :)
6648	또또	2026-06-10 15:47:58	렌쨩(송나영)	아이가 인슐린을 맞는데 금식시 인슐린은 어떻게 할까요? 그리고 몇시간 전부터 금식인지도 궁금합니다. 
6648	또또	2026-06-10 15:47:58	SD동물의료센터 서울점	채팅 운영시간 안내
6648	또또	2026-06-10 15:47:58	SD동물의료센터 서울점	✅ 본 채널에서는 진료 예약과 입원 환자 사진·안내를 받아보실 수 있습니다. (14:00~16:00, 1회)

📌 다만, 진료·증상 상담은 채널에서 진행하지 않으며, 내원 시 의료진과 직접 상담 부탁드립니다.

더 나은 진료 서비스를 위해 최선을 다하겠습니다. 감사합니다.
6648	또또	2026-06-10 15:49:59	SD동물의료센터 서울점	인슐린은 동일하게 투약하면 됩니다. 오전 10시부터 금식 시켜주시는 것이 좋으나 힘들어할 경우에는 11시부터 금식 부탁드립니다 :)
6648	또또	2026-06-10 15:50:34	렌쨩(송나영)	안내 감사합니다!!
6648	또또	2026-06-10 15:50:34	SD동물의료센터 서울점	채팅 운영시간 안내
6648	또또	2026-06-10 15:50:34	SD동물의료센터 서울점	✅ 본 채널에서는 진료 예약과 입원 환자 사진·안내를 받아보실 수 있습니다. (14:00~16:00, 1회)

📌 다만, 진료·증상 상담은 채널에서 진행하지 않으며, 내원 시 의료진과 직접 상담 부탁드립니다.

더 나은 진료 서비스를 위해 최선을 다하겠습니다. 감사합니다.
6648	또또	2026-06-25 20:37:34	SD동물의료센터 서울점	✅ 본 채널에서는 진료 예약과 입원 환자 사진·안내를 받아보실 수 있습니다. (14:00~16:00, 1회)

📌 다만, 진료·증상 상담은 채널에서 진행하지 않으며, 내원 시 의료진과 직접 상담 부탁드립니다.

더 나은 진료 서비스를 위해 최선을 다하겠습니다. 감사합니다.
6648	또또	2026-06-25 20:37:34	렌쨩(송나영)	사진
6648	또또	2026-06-25 20:37:34	SD동물의료센터 서울점	채팅 운영시간 안내
6648	또또	2026-06-25 20:37:35	렌쨩(송나영)	안녕하세요? 곽소연 과장님 요청이 있어 또또 변 사진 보내드립니다. 

귀가 후 변 상태입니다. 
6648	또또	2026-06-25 20:37:35	SD동물의료센터 서울점	채팅 운영시간 안내
6648	또또	2026-06-25 20:37:35	SD동물의료센터 서울점	✅ 본 채널에서는 진료 예약과 입원 환자 사진·안내를 받아보실 수 있습니다. (14:00~16:00, 1회)

📌 다만, 진료·증상 상담은 채널에서 진행하지 않으며, 내원 시 의료진과 직접 상담 부탁드립니다.

더 나은 진료 서비스를 위해 최선을 다하겠습니다. 감사합니다.
6648	또또	2026-06-25 20:47:57	SD동물의료센터 서울점	네 선생님께 전달 드리겠습니다 :)
6648	또또	2026-06-25 20:48:25	렌쨩(송나영)	감사합니다!!
6648	또또	2026-06-25 20:48:25	SD동물의료센터 서울점	채팅 운영시간 안내
6648	또또	2026-06-25 20:48:25	SD동물의료센터 서울점	✅ 본 채널에서는 진료 예약과 입원 환자 사진·안내를 받아보실 수 있습니다. (14:00~16:00, 1회)

📌 다만, 진료·증상 상담은 채널에서 진행하지 않으며, 내원 시 의료진과 직접 상담 부탁드립니다.

더 나은 진료 서비스를 위해 최선을 다하겠습니다. 감사합니다.
6648	또또	2026-06-26 06:26:47	렌쨩(송나영)	안녕하세요? 또또 어제 귀가 후 혈당 473 / 2.7칸 주사 했고 오늘 아침 혈당 361 /1.6칸 주사 했습니다. 아래 사진은 밤사이 변 상태 입니다. 
6648	또또	2026-06-26 06:26:47	SD동물의료센터 서울점	채팅 운영시간 안내
6648	또또	2026-06-26 06:26:47	SD동물의료센터 서울점	✅ 본 채널에서는 진료 예약과 입원 환자 사진·안내를 받아보실 수 있습니다. (14:00~16:00, 1회)

📌 다만, 진료·증상 상담은 채널에서 진행하지 않으며, 내원 시 의료진과 직접 상담 부탁드립니다.

더 나은 진료 서비스를 위해 최선을 다하겠습니다. 감사합니다.
6648	또또	2026-06-26 06:27:06	렌쨩(송나영)	사진
6648	또또	2026-06-26 06:27:06	SD동물의료센터 서울점	채팅 운영시간 안내
6648	또또	2026-06-26 06:27:06	SD동물의료센터 서울점	✅ 본 채널에서는 진료 예약과 입원 환자 사진·안내를 받아보실 수 있습니다. (14:00~16:00, 1회)

📌 다만, 진료·증상 상담은 채널에서 진행하지 않으며, 내원 시 의료진과 직접 상담 부탁드립니다.

더 나은 진료 서비스를 위해 최선을 다하겠습니다. 감사합니다.
6648	또또	2026-06-26 09:45:07	SD동물의료센터 서울점	네 선생님 전달드리겠습니다. 감사합니다 :)
6648	또또	2026-06-26 09:45:30	렌쨩(송나영)	감사합니다!
6648	또또	2026-06-26 09:45:30	SD동물의료센터 서울점	채팅 운영시간 안내
6648	또또	2026-06-26 09:45:30	SD동물의료센터 서울점	✅ 본 채널에서는 진료 예약과 입원 환자 사진·안내를 받아보실 수 있습니다. (14:00~16:00, 1회)

📌 다만, 진료·증상 상담은 채널에서 진행하지 않으며, 내원 시 의료진과 직접 상담 부탁드립니다.

더 나은 진료 서비스를 위해 최선을 다하겠습니다. 감사합니다.
6648	또또	2026-06-26 17:45:44	SD동물의료센터 서울점	✅ 본 채널에서는 진료 예약과 입원 환자 사진·안내를 받아보실 수 있습니다. (14:00~16:00, 1회)

📌 다만, 진료·증상 상담은 채널에서 진행하지 않으며, 내원 시 의료진과 직접 상담 부탁드립니다.

더 나은 진료 서비스를 위해 최선을 다하겠습니다. 감사합니다.
6648	또또	2026-06-26 17:45:44	렌쨩(송나영)	또또 오전 9:45 변입니다
6648	또또	2026-06-26 17:45:44	SD동물의료센터 서울점	채팅 운영시간 안내
6648	또또	2026-06-26 17:45:52	렌쨩(송나영)	사진
6648	또또	2026-06-26 17:45:52	SD동물의료센터 서울점	채팅 운영시간 안내
6648	또또	2026-06-26 17:45:52	SD동물의료센터 서울점	✅ 본 채널에서는 진료 예약과 입원 환자 사진·안내를 받아보실 수 있습니다. (14:00~16:00, 1회)

📌 다만, 진료·증상 상담은 채널에서 진행하지 않으며, 내원 시 의료진과 직접 상담 부탁드립니다.

더 나은 진료 서비스를 위해 최선을 다하겠습니다. 감사합니다.
6648	또또	2026-06-27 08:06:46	렌쨩(송나영)	안녕하세요? 밤사이 또또 변과 7:40에 체크한 혈당과 주사한 인슐린 입니다. (혈당:450 / 3칸 주사)
6648	또또	2026-06-27 08:06:46	SD동물의료센터 서울점	채팅 운영시간 안내
6648	또또	2026-06-27 08:06:46	SD동물의료센터 서울점	✅ 본 채널에서는 진료 예약과 입원 환자 사진·안내를 받아보실 수 있습니다. (14:00~16:00, 1회)

📌 다만, 진료·증상 상담은 채널에서 진행하지 않으며, 내원 시 의료진과 직접 상담 부탁드립니다.

더 나은 진료 서비스를 위해 최선을 다하겠습니다. 감사합니다.
6648	또또	2026-06-27 08:07:38	렌쨩(송나영)	사진
6648	또또	2026-06-27 08:07:38	SD동물의료센터 서울점	채팅 운영시간 안내
6648	또또	2026-06-27 08:07:38	SD동물의료센터 서울점	✅ 본 채널에서는 진료 예약과 입원 환자 사진·안내를 받아보실 수 있습니다. (14:00~16:00, 1회)

📌 다만, 진료·증상 상담은 채널에서 진행하지 않으며, 내원 시 의료진과 직접 상담 부탁드립니다.

더 나은 진료 서비스를 위해 최선을 다하겠습니다. 감사합니다.
6648	또또	2026-06-27 10:13:12	SD동물의료센터 서울점	안녕하세요 보호자님, 금일 주치의 선생님께서 휴진이셔서 내일 출근하시면 전달드리도록 하겠습니다 :) 감사합니다!
6648	또또	2026-06-27 10:13:38	렌쨩(송나영)	네! 감사합니다. 
6648	또또	2026-06-27 10:13:39	SD동물의료센터 서울점	채팅 운영시간 안내
6648	또또	2026-06-27 10:13:39	SD동물의료센터 서울점	✅ 본 채널에서는 진료 예약과 입원 환자 사진·안내를 받아보실 수 있습니다. (14:00~16:00, 1회)

📌 다만, 진료·증상 상담은 채널에서 진행하지 않으며, 내원 시 의료진과 직접 상담 부탁드립니다.

더 나은 진료 서비스를 위해 최선을 다하겠습니다. 감사합니다.
6648	또또	2026-06-27 13:55:41	렌쨩(송나영)	선생님 지금 가는 중인데 차가 막혀서 5~10분 가량 늦을 것 같습니다. 죄송합니다. 최대한 서두르겠습니다!
6648	또또	2026-06-27 13:55:41	SD동물의료센터 서울점	채팅 운영시간 안내
6648	또또	2026-06-27 13:55:41	SD동물의료센터 서울점	✅ 본 채널에서는 진료 예약과 입원 환자 사진·안내를 받아보실 수 있습니다. (14:00~16:00, 1회)

📌 다만, 진료·증상 상담은 채널에서 진행하지 않으며, 내원 시 의료진과 직접 상담 부탁드립니다.

더 나은 진료 서비스를 위해 최선을 다하겠습니다. 감사합니다.
6648	또또	2026-06-27 14:02:07	SD동물의료센터 서울점	네 보호자님 선생님께 전달드리겠습니다. 다음 예약으로 인한 대기가 발생할 수 있는 점 양해부탁드립나듀
6648	또또	2026-06-30 18:23:00	SD동물의료센터 서울점	✅ 본 채널에서는 진료 예약과 입원 환자 사진·안내를 받아보실 수 있습니다. (14:00~16:00, 1회)

📌 다만, 진료·증상 상담은 채널에서 진행하지 않으며, 내원 시 의료진과 직접 상담 부탁드립니다.

더 나은 진료 서비스를 위해 최선을 다하겠습니다. 감사합니다.
6648	또또	2026-06-30 18:23:00	렌쨩(송나영)	안녕하세요? 또또 변 사진 공유 드립니다. 
6648	또또	2026-06-30 18:23:00	SD동물의료센터 서울점	채팅 운영시간 안내
6648	또또	2026-06-30 18:23:17	렌쨩(송나영)	사진
6648	또또	2026-06-30 18:23:17	SD동물의료센터 서울점	채팅 운영시간 안내
6648	또또	2026-06-30 18:23:17	SD동물의료센터 서울점	✅ 본 채널에서는 진료 예약과 입원 환자 사진·안내를 받아보실 수 있습니다. (14:00~16:00, 1회)

📌 다만, 진료·증상 상담은 채널에서 진행하지 않으며, 내원 시 의료진과 직접 상담 부탁드립니다.

더 나은 진료 서비스를 위해 최선을 다하겠습니다. 감사합니다.
6648	또또	2026-06-30 18:23:22	렌쨩(송나영)	어제변입니다
6648	또또	2026-06-30 18:23:22	SD동물의료센터 서울점	채팅 운영시간 안내
6648	또또	2026-06-30 18:23:22	SD동물의료센터 서울점	✅ 본 채널에서는 진료 예약과 입원 환자 사진·안내를 받아보실 수 있습니다. (14:00~16:00, 1회)

📌 다만, 진료·증상 상담은 채널에서 진행하지 않으며, 내원 시 의료진과 직접 상담 부탁드립니다.

더 나은 진료 서비스를 위해 최선을 다하겠습니다. 감사합니다.
6648	또또	2026-06-30 18:23:34	렌쨩(송나영)	그리고 이건 오늘 변입니다. 
6648	또또	2026-06-30 18:23:34	SD동물의료센터 서울점	채팅 운영시간 안내
6648	또또	2026-06-30 18:23:34	SD동물의료센터 서울점	✅ 본 채널에서는 진료 예약과 입원 환자 사진·안내를 받아보실 수 있습니다. (14:00~16:00, 1회)

📌 다만, 진료·증상 상담은 채널에서 진행하지 않으며, 내원 시 의료진과 직접 상담 부탁드립니다.

더 나은 진료 서비스를 위해 최선을 다하겠습니다. 감사합니다.
6648	또또	2026-06-30 18:23:43	렌쨩(송나영)	사진
6648	또또	2026-06-30 18:23:43	SD동물의료센터 서울점	채팅 운영시간 안내
6648	또또	2026-06-30 18:23:43	SD동물의료센터 서울점	✅ 본 채널에서는 진료 예약과 입원 환자 사진·안내를 받아보실 수 있습니다. (14:00~16:00, 1회)

📌 다만, 진료·증상 상담은 채널에서 진행하지 않으며, 내원 시 의료진과 직접 상담 부탁드립니다.

더 나은 진료 서비스를 위해 최선을 다하겠습니다. 감사합니다.
6648	또또	2026-06-30 18:29:10	SD동물의료센터 서울점	안녕하세요 보호자님, 선생님께 전달드리겠습니다 :)
6648	또또	2026-06-30 18:45:42	렌쨩(송나영)	감사합니디!
6648	또또	2026-06-30 18:45:42	SD동물의료센터 서울점	채팅 운영시간 안내
6648	또또	2026-06-30 18:45:42	SD동물의료센터 서울점	✅ 본 채널에서는 진료 예약과 입원 환자 사진·안내를 받아보실 수 있습니다. (14:00~16:00, 1회)

📌 다만, 진료·증상 상담은 채널에서 진행하지 않으며, 내원 시 의료진과 직접 상담 부탁드립니다.

더 나은 진료 서비스를 위해 최선을 다하겠습니다. 감사합니다.
6648	또또	2026-07-01 08:23:51	렌쨩(송나영)	안녕하세요?
 또또 밤사이 변 사진과 혈당 주사 전, 후 사진 보내드립니다. 
또또 변이 너무 랜덤하지만 컨디션이 떨어지거나 하지 않고 식이 조절도 잘 따라오고 있어 지난 진료 때 제안하신대로 오늘 내원은 하지 않고 전화 상담으로 대체해도 좋을 것 같아요! 

진료 예약은 취소 부탁드립니다!
6648	또또	2026-07-01 08:23:51	SD동물의료센터 서울점	채팅 운영시간 안내
6648	또또	2026-07-01 08:23:51	SD동물의료센터 서울점	✅ 본 채널에서는 진료 예약과 입원 환자 사진·안내를 받아보실 수 있습니다. (14:00~16:00, 1회)

📌 다만, 진료·증상 상담은 채널에서 진행하지 않으며, 내원 시 의료진과 직접 상담 부탁드립니다.

더 나은 진료 서비스를 위해 최선을 다하겠습니다. 감사합니다.
6648	또또	2026-07-01 08:24:12	렌쨩(송나영)	사진
6648	또또	2026-07-01 08:24:12	SD동물의료센터 서울점	채팅 운영시간 안내
6648	또또	2026-07-01 08:24:12	SD동물의료센터 서울점	✅ 본 채널에서는 진료 예약과 입원 환자 사진·안내를 받아보실 수 있습니다. (14:00~16:00, 1회)

📌 다만, 진료·증상 상담은 채널에서 진행하지 않으며, 내원 시 의료진과 직접 상담 부탁드립니다.

더 나은 진료 서비스를 위해 최선을 다하겠습니다. 감사합니다.
6648	또또	2026-07-01 10:53:04	SD동물의료센터 서울점	네 보호자님 금일예약 취소 후 전화상담 선생님께 전달 드리겠습니다 감사합니다.
6648	또또	2026-07-01 10:54:19	렌쨩(송나영)	 오후 6-8시 사이에는 통화가 어려우니 참고 부탁드립니다. 오늘이 여의치 않으시면 내일 연락 주셔도 됩니다!! 감사합니다!!!
6648	또또	2026-07-01 10:54:19	SD동물의료센터 서울점	채팅 운영시간 안내
6648	또또	2026-07-01 10:54:19	SD동물의료센터 서울점	✅ 본 채널에서는 진료 예약과 입원 환자 사진·안내를 받아보실 수 있습니다. (14:00~16:00, 1회)

📌 다만, 진료·증상 상담은 채널에서 진행하지 않으며, 내원 시 의료진과 직접 상담 부탁드립니다.

더 나은 진료 서비스를 위해 최선을 다하겠습니다. 감사합니다.
6648	또또	2026-07-01 11:23:45	SD동물의료센터 서울점	네 선생님께 전달드리겠습니다.
6648	또또	2026-07-01 11:24:05	렌쨩(송나영)	 감사합니다! 좋은 하루 되세요!
6648	또또	2026-07-01 11:24:05	SD동물의료센터 서울점	채팅 운영시간 안내
6648	또또	2026-07-01 11:24:05	SD동물의료센터 서울점	✅ 본 채널에서는 진료 예약과 입원 환자 사진·안내를 받아보실 수 있습니다. (14:00~16:00, 1회)

📌 다만, 진료·증상 상담은 채널에서 진행하지 않으며, 내원 시 의료진과 직접 상담 부탁드립니다.

더 나은 진료 서비스를 위해 최선을 다하겠습니다. 감사합니다.
6648	또또	2026-07-13 19:39:48	SD동물의료센터 서울점	사진
6648	또또	2026-07-13 19:39:57	SD동물의료센터 서울점	안녕하세요 보호자님, 사료 이름 전달드립니다. 저알러지 또는 위장관 처방사료 시도해보시면 좋을 것 같습니다. 
1) 힐스 - i/d (샘플O)
2) 힐스 - gastrointestinal biome (샘플X)
3) 로얄캐닌 - gastrointestinal (샘플O)
4) 로얄캐닌 - gastrointestinal fiber (샘플X)
5) 로얄캐닌 - hypoallergenic (샘플O)
6) VOM - gastrointestinal fiber + hypo (샘플O)

사진에 있는 샘플ㅗ사료는 데스크에 보관해둘테니 편하실 때 찾아가시면 좋을 것 같습니다. 감사합니다:)
6648	또또	2026-07-13 19:40:41	렌쨩(송나영)	정말 감사합니다!! 주중으로 방문드리도록 하겠습니다!
6648	또또	2026-07-13 19:40:41	SD동물의료센터 서울점	채팅 운영시간 안내
6648	또또	2026-07-13 19:40:41	SD동물의료센터 서울점	✅ 본 채널에서는 진료 예약과 입원 환자 사진·안내를 받아보실 수 있습니다. (14:00~16:00, 1회)

📌 다만, 진료·증상 상담은 채널에서 진행하지 않으며, 내원 시 의료진과 직접 상담 부탁드립니다.

더 나은 진료 서비스를 위해 최선을 다하겠습니다. 감사합니다.
6648	또또	2026-07-13 19:40:57	SD동물의료센터 서울점	감사합니다:)
6648	또또	2026-07-16 09:03:47	렌쨩(송나영)	안녕하세요? 오전 중으로 사료 샘플 수령 차 방문하려고 하는데 그때 항 구토제로 처방 받아 가져갈 수 있을까요? 캡슐에 넣지 않고 가루약으로 10일치가 필요합니다!
6648	또또	2026-07-16 09:03:47	SD동물의료센터 서울점	채팅 운영시간 안내
6648	또또	2026-07-16 09:03:47	SD동물의료센터 서울점	✅ 본 채널에서는 진료 예약과 입원 환자 사진·안내를 받아보실 수 있습니다. (14:00~16:00, 1회)

📌 다만, 진료·증상 상담은 채널에서 진행하지 않으며, 내원 시 의료진과 직접 상담 부탁드립니다.

더 나은 진료 서비스를 위해 최선을 다하겠습니다. 감사합니다.
6648	또또	2026-07-16 09:59:35	SD동물의료센터 서울점	네 선생님께 전달드리겠습니다. :)
6648	또또	2026-07-16 09:59:56	렌쨩(송나영)	감사합니다!
6648	또또	2026-07-16 09:59:56	SD동물의료센터 서울점	채팅 운영시간 안내
6648	또또	2026-07-16 09:59:56	SD동물의료센터 서울점	✅ 본 채널에서는 진료 예약과 입원 환자 사진·안내를 받아보실 수 있습니다. (14:00~16:00, 1회)

📌 다만, 진료·증상 상담은 채널에서 진행하지 않으며, 내원 시 의료진과 직접 상담 부탁드립니다.

더 나은 진료 서비스를 위해 최선을 다하겠습니다. 감사합니다.
6648	또또	2026-07-20 10:41:08	렌쨩(송나영)	안녕하세요? 이번주 목요일 저녁 6시 곽소연 과장님 진료 예약 가능할까요? 그때 안된다면 토요일 오전 진료도 확인 부탁드립니다.
6648	또또	2026-07-20 10:41:08	SD동물의료센터 서울점	채팅 운영시간 안내
6648	또또	2026-07-20 10:41:08	SD동물의료센터 서울점	✅ 본 채널에서는 진료 예약과 입원 환자 사진·안내를 받아보실 수 있습니다. (14:00~16:00, 1회)

📌 다만, 진료·증상 상담은 채널에서 진행하지 않으며, 내원 시 의료진과 직접 상담 부탁드립니다.

더 나은 진료 서비스를 위해 최선을 다하겠습니다. 감사합니다.
6648	또또	2026-07-20 10:46:26	SD동물의료센터 서울점	유선안내 완료입니다.
감사합니다.
6648	또또	2026-07-20 10:46:40	렌쨩(송나영)	감사합니다!
6648	또또	2026-07-20 10:46:40	SD동물의료센터 서울점	채팅 운영시간 안내
6648	또또	2026-07-20 10:46:40	SD동물의료센터 서울점	✅ 본 채널에서는 진료 예약과 입원 환자 사진·안내를 받아보실 수 있습니다. (14:00~16:00, 1회)

📌 다만, 진료·증상 상담은 채널에서 진행하지 않으며, 내원 시 의료진과 직접 상담 부탁드립니다.

더 나은 진료 서비스를 위해 최선을 다하겠습니다. 감사합니다.
6648	또또	2026-07-28 14:00:26	SD동물의료센터 서울점	(광고)7월의 SD링크가 도착했어요.
6648	또또	2026-07-30 18:06:24	SD동물의료센터 서울점	사진
6648	또또	2026-07-30 18:06:44	렌쨩(송나영)	감사합니다!
6648	또또	2026-07-30 18:06:44	SD동물의료센터 서울점	채팅 운영시간 안내
6648	또또	2026-07-30 18:06:44	SD동물의료센터 서울점	✅ 본 채널에서는 진료 예약과 입원 환자 사진·안내를 받아보실 수 있습니다. (14:00~16:00, 1회)

📌 다만, 진료·증상 상담은 채널에서 진행하지 않으며, 내원 시 의료진과 직접 상담 부탁드립니다.

더 나은 진료 서비스를 위해 최선을 다하겠습니다. 감사합니다.
6648	또또	2026-08-05 11:19:31	렌쨩(송나영)	안녕하세요? 또또 처방받은 바쏘드 추가 처방 및 현 상태 관련하여 곽소연과장님 전화 상담이 필요한데 오늘 가능하실까요?
6648	또또	2026-08-05 11:19:31	SD동물의료센터 서울점	채팅 운영시간 안내
6648	또또	2026-08-05 11:19:31	SD동물의료센터 서울점	✅ 본 채널에서는 진료 예약과 입원 환자 사진·안내를 받아보실 수 있습니다. (14:00~16:00, 1회)

📌 다만, 진료·증상 상담은 채널에서 진행하지 않으며, 내원 시 의료진과 직접 상담 부탁드립니다.

더 나은 진료 서비스를 위해 최선을 다하겠습니다. 감사합니다.
6648	또또	2026-08-05 11:22:10	SD동물의료센터 서울점	네 보호자님 주치의선생님께 전화상담요청 전달드리겠습니다. 금일 예약된 진료 일정으로 인해 빠른 연락 어려울 수 있는 점 양해 부탁드립니다ㅠ
6648	또또	2026-08-05 11:22:50	렌쨩(송나영)	네! 감사합니다!
6648	또또	2026-08-05 11:22:50	SD동물의료센터 서울점	채팅 운영시간 안내
6648	또또	2026-08-05 11:22:50	SD동물의료센터 서울점	✅ 본 채널에서는 진료 예약과 입원 환자 사진·안내를 받아보실 수 있습니다. (14:00~16:00, 1회)

📌 다만, 진료·증상 상담은 채널에서 진행하지 않으며, 내원 시 의료진과 직접 상담 부탁드립니다.

더 나은 진료 서비스를 위해 최선을 다하겠습니다. 감사합니다.
6648	또또	2026-08-14 08:10:56	렌쨩(송나영)	안녕하세요? 또또 간밤에 혈당은 크게 개선되지 않았지만 배뇨 및 식이 개선이 되어 무리하게 오늘 진료 보지 않고 일요일 곽소연 과장님 진료로 변경 희망합니다. 가장 빠른 시간이 언제인지 알 수 있을까요? 
6648	또또	2026-08-14 08:10:56	SD동물의료센터 서울점	채팅 운영시간 안내
6648	또또	2026-08-14 08:10:56	SD동물의료센터 서울점	✅ 본 채널에서는 진료 예약과 입원 환자 사진·안내를 받아보실 수 있습니다. (14:00~16:00, 1회)

📌 다만, 진료·증상 상담은 채널에서 진행하지 않으며, 내원 시 의료진과 직접 상담 부탁드립니다.

더 나은 진료 서비스를 위해 최선을 다하겠습니다. 감사합니다.
6648	또또	2026-08-14 10:08:36	SD동물의료센터 서울점	알림톡/브랜드메시지는 관리자센터에서 확인할 수 없어요.
6648	또또	2026-08-14 10:13:23	SD동물의료센터 서울점	유선안내 완료입니다.
감사합니다.
6648	또또	2026-08-14 10:13:45	렌쨩(송나영)	감사합니다. 
6648	또또	2026-08-14 10:13:45	SD동물의료센터 서울점	채팅 운영시간 안내
6648	또또	2026-08-14 10:13:45	SD동물의료센터 서울점	✅ 본 채널에서는 진료 예약과 입원 환자 사진·안내를 받아보실 수 있습니다. (14:00~16:00, 1회)

📌 다만, 진료·증상 상담은 채널에서 진행하지 않으며, 내원 시 의료진과 직접 상담 부탁드립니다.

더 나은 진료 서비스를 위해 최선을 다하겠습니다. 감사합니다.
6648	또또	2026-08-14 13:37:51	SD동물의료센터 서울점	알림톡/브랜드메시지는 관리자센터에서 확인할 수 없어요.
6648	또또	2026-08-14 14:17:56	렌쨩(송나영)	선생님! 제가 회사라 대리인이 또또 데리고 가고 있습니다. 지난 열흘간 투약및 혈당 기록 파일로 보내드리니 참고 부탁드립니다.
6648	또또	2026-08-14 14:17:56	SD동물의료센터 서울점	채팅 운영시간 안내
6648	또또	2026-08-14 14:17:56	SD동물의료센터 서울점	✅ 본 채널에서는 진료 예약과 입원 환자 사진·안내를 받아보실 수 있습니다. (14:00~16:00, 1회)

📌 다만, 진료·증상 상담은 채널에서 진행하지 않으며, 내원 시 의료진과 직접 상담 부탁드립니다.

더 나은 진료 서비스를 위해 최선을 다하겠습니다. 감사합니다.
6648	또또	2026-08-14 14:18:00	렌쨩(송나영)	또또 일지.pdf
6648	또또	2026-08-14 14:18:00	SD동물의료센터 서울점	채팅 운영시간 안내
6648	또또	2026-08-14 14:18:00	SD동물의료센터 서울점	✅ 본 채널에서는 진료 예약과 입원 환자 사진·안내를 받아보실 수 있습니다. (14:00~16:00, 1회)

📌 다만, 진료·증상 상담은 채널에서 진행하지 않으며, 내원 시 의료진과 직접 상담 부탁드립니다.

더 나은 진료 서비스를 위해 최선을 다하겠습니다. 감사합니다.
6648	또또	2026-08-14 15:18:33	SD동물의료센터 서울점	알림톡/브랜드메시지는 관리자센터에서 확인할 수 없어요.
6648	또또	2026-08-14 19:04:32	SD동물의료센터 서울점	채팅 운영시간 안내
6648	또또	2026-08-14 19:04:32	SD동물의료센터 서울점	✅ 본 채널에서는 진료 예약과 입원 환자 사진·안내를 받아보실 수 있습니다. (14:00~16:00, 1회)

📌 다만, 진료·증상 상담은 채널에서 진행하지 않으며, 내원 시 의료진과 직접 상담 부탁드립니다.

더 나은 진료 서비스를 위해 최선을 다하겠습니다. 감사합니다.
6648	또또	2026-08-14 19:04:32	렌쨩(송나영)	송나영 840218-2917315 입니다. 
6648	또또	2026-08-14 19:11:29	SD동물의료센터 서울점	네 확인 감사합니다. :)
6648	또또	2026-08-14 19:40:10	SD동물의료센터 서울점	알림톡/브랜드메시지는 관리자센터에서 확인할 수 없어요.
6648	또또	2026-08-14 20:31:01	SD동물의료센터 서울점	알림톡/브랜드메시지는 관리자센터에서 확인할 수 없어요.
6648	또또	2026-08-14 20:53:31	SD동물의료센터 서울점	알림톡/브랜드메시지는 관리자센터에서 확인할 수 없어요.
6648	또또	2026-08-15 07:50:06	SD동물의료센터 서울점	알림톡/브랜드메시지는 관리자센터에서 확인할 수 없어요.
6648	또또	2026-08-15 07:53:16	SD동물의료센터 서울점	알림톡/브랜드메시지는 관리자센터에서 확인할 수 없어요.
6648	또또	2026-08-15 10:32:02	SD동물의료센터 서울점	알림톡/브랜드메시지는 관리자센터에서 확인할 수 없어요.
6648	또또	2026-08-15 10:32:25	렌쨩(송나영)	alice_ren@naver.com
6648	또또	2026-08-15 10:32:25	SD동물의료센터 서울점	채팅 운영시간 안내
6648	또또	2026-08-15 10:32:25	SD동물의료센터 서울점	✅ 본 채널에서는 진료 예약과 입원 환자 사진·안내를 받아보실 수 있습니다. (14:00~16:00, 1회)

📌 다만, 진료·증상 상담은 채널에서 진행하지 않으며, 내원 시 의료진과 직접 상담 부탁드립니다.

더 나은 진료 서비스를 위해 최선을 다하겠습니다. 감사합니다.
6648	또또	2026-08-15 10:32:41	렌쨩(송나영)	이쪽으로 자료 일괄 부탁드립니다. 
6648	또또	2026-08-15 10:32:41	SD동물의료센터 서울점	채팅 운영시간 안내
6648	또또	2026-08-15 10:32:41	SD동물의료센터 서울점	✅ 본 채널에서는 진료 예약과 입원 환자 사진·안내를 받아보실 수 있습니다. (14:00~16:00, 1회)

📌 다만, 진료·증상 상담은 채널에서 진행하지 않으며, 내원 시 의료진과 직접 상담 부탁드립니다.

더 나은 진료 서비스를 위해 최선을 다하겠습니다. 감사합니다.
6648	또또	2026-08-15 10:35:59	SD동물의료센터 서울점	네 보호자님.
주치의 선생님 확인 후 전송가능한 검사자료 해당 메일주소로 송부드리겠습니다.

아까 말씀드렸던 장례업체 링크 공유드립니다.
그동안 정말 고생 많으셨습니다..!

https://fourpaws.co.kr/?utm_source=brandsa&utm_medium=pc&utm_campaign=2607_brand_emotion&utm_content=homelink&utm_term=%ED%8F%AC%ED%8F%AC%EC%A6%88%EC%9E%A5%EB%A1%80%EC%8B%9D%EC%9E%A5&n_media=27758&n_query=%ED%8F%AC%ED%8F%AC%EC%A6%88%EC%9E%A5%EB%A1%80%EC%8B%9D%EC%9E%A5&n_rank=1&n_ad_group=grp-a001-04-000000069525398&n_ad=nad-a001-04-000000564446181&n_keyword_id=nkw-a001-04-000008347742847&n_keyword=%ED%8F%AC%ED%8F%AC%EC%A6%88%EC%9E%A5%EB%A1%80%EC%8B%9D%EC%9E%A5&n_campaign_type=4&n_contract=tct-a001-04-000000001329215&n_ad_group_type=5&NaPm=ct%3Dmstpeq38%7Cci%3DER8ec05599%2D9849%2D11f1%2Da98e%2D3ef43d3dbc8f%7Ctr%3Dbrnd%7Chk%3Dffa63bcf95325ce98a7c2e8e596948fe7c0e61e4%7Cnacn%3DbfynDoBlrRA5B
6648	또또	2026-08-15 10:50:46	렌쨩(송나영)	그동안 애써주셔서 정말 감사했습니다. 
6648	또또	2026-08-15 10:50:47	SD동물의료센터 서울점	채팅 운영시간 안내
6648	또또	2026-08-15 10:50:47	SD동물의료센터 서울점	✅ 본 채널에서는 진료 예약과 입원 환자 사진·안내를 받아보실 수 있습니다. (14:00~16:00, 1회)

📌 다만, 진료·증상 상담은 채널에서 진행하지 않으며, 내원 시 의료진과 직접 상담 부탁드립니다.

더 나은 진료 서비스를 위해 최선을 다하겠습니다. 감사합니다.
6648	또또	2026-08-15 11:48:19	SD동물의료센터 서울점	보호자님, 요청하신 메일주소로 말씀드린 검사자료 송부드렸습니다. 
감사합니다.
6933	카이	2024-10-07 15:44:38	조정민	안녕하세요. 재활관련해서 대면상담을 하고 싶은데 예약을 하고 가야하나요?
6933	카이	2024-10-07 15:46:55	SD동물의료센터 서울점	네 보호자님, 재활 선생님께서는 월,화,토 진료를 보시며, 예약 미리하고 내원해주셔야합니다. 예약도와드릴까요?
6933	카이	2024-10-07 15:47:21	조정민	혹시 내일도 예약 가능할까요?
6933	카이	2024-10-07 16:13:49	SD동물의료센터 서울점	네 보호자님, 내일의경우 오후시간대 예약이 가능하십니다. 언제쯤 내원이 가능하실까요?
6933	카이	2024-10-07 16:19:43	조정민	오후중에 가장 빠른시간으로 예약부탁드릴게요:)
6933	카이	2024-10-07 16:24:03	SD동물의료센터 서울점	네 보호자님 아이데리고 내원이시며, 상담만 요청하시는 거죠? 2시내원가능하실까요?
6933	카이	2024-10-07 16:24:37	SD동물의료센터 서울점	저희 병원 내원하신적은 있으실까요?
6933	카이	2024-10-07 16:28:17	조정민	초진입니다.
6933	카이	2024-10-07 16:28:34	조정민	아이와 함께 2시 내원 가능합니다.
6933	카이	2024-10-07 16:29:11	SD동물의료센터 서울점	네 보호자님 아이 간단한 정보(이름,품종,나이)와 보호자님 간단한 정보(성함,연락처) 부탁드립니다. :)
6933	카이	2024-10-07 16:30:47	조정민	카이,요크셔,13살(2011년생)
조정민 010.7725.7004
6933	카이	2024-10-07 16:31:07	SD동물의료센터 서울점	네, 보호자님 예약도와드렸습니다. 내일 오후2시 내원부탁드립니다. 감사합니다 :)
6933	카이	2024-10-07 16:31:29	조정민	네~내일 뵙겠습니다:)
6933	카이	2024-10-07 16:32:39	SD동물의료센터 서울점	네 감사합니다. 좋은 오후 되세요:)
6933	카이	2024-10-08 17:03:25	SD동물의료센터 서울점	카이
6933	카이	2024-10-08 18:28:45	조정민	안녕하세요:)
카이 오늘 재활치료 받은 영상은 언제쯤 받을 수 있나요?!
6933	카이	2024-10-08 19:59:10	SD동물의료센터 서울점	안녕하세요 보호자님
예약 진료와 응급 등 병원 상황으로 다소 늦어지고 있습니다.
조금만 시간 양해 부탁드리겠습니다. :)
6933	카이	2024-10-08 20:05:58	조정민	네~ 알겠습니다:)
6933	카이	2024-10-08 22:06:58	SD동물의료센터 서울점	동영상
6933	카이	2024-10-08 22:06:58	SD동물의료센터 서울점	사진
6933	카이	2024-10-08 22:06:59	SD동물의료센터 서울점	동영상
6933	카이	2024-10-08 22:06:59	SD동물의료센터 서울점	동영상
6933	카이	2024-10-08 22:07:01	SD동물의료센터 서울점	동영상
6933	카이	2024-10-08 22:07:01	SD동물의료센터 서울점	동영상
6933	카이	2024-10-08 22:07:03	SD동물의료센터 서울점	동영상
6933	카이	2024-10-08 22:07:04	SD동물의료센터 서울점	동영상
6933	카이	2024-10-08 22:07:11	SD동물의료센터 서울점	안녕하세요 보호자님 ~ 카이 오늘 재활 사진 및 영상 보내드려요 ~
6933	카이	2024-10-14 21:26:27	SD동물의료센터 서울점	사진
6933	카이	2024-10-14 21:26:29	SD동물의료센터 서울점	동영상
6933	카이	2024-10-14 21:26:29	SD동물의료센터 서울점	동영상
6933	카이	2024-10-14 21:26:29	SD동물의료센터 서울점	동영상
6933	카이	2024-10-14 21:26:32	SD동물의료센터 서울점	동영상
6933	카이	2024-10-14 21:26:32	SD동물의료센터 서울점	동영상
6933	카이	2024-10-14 21:26:33	SD동물의료센터 서울점	동영상
6933	카이	2024-10-14 21:26:35	SD동물의료센터 서울점	동영상
6933	카이	2024-10-14 21:26:36	SD동물의료센터 서울점	동영상
6933	카이	2024-10-14 21:26:37	SD동물의료센터 서울점	동영상
6933	카이	2024-10-14 21:26:38	SD동물의료센터 서울점	동영상
6933	카이	2024-10-14 21:26:40	SD동물의료센터 서울점	동영상
6933	카이	2024-10-14 21:26:46	SD동물의료센터 서울점	안녕하세요 카이 보호자님! 카이 금일 진행한 재활 사진이랑 영상 보내드릴게요 감사합니다!
6933	카이	2024-10-22 17:28:47	SD동물의료센터 서울점	사진
6933	카이	2024-10-22 17:28:48	SD동물의료센터 서울점	동영상
6933	카이	2024-10-22 17:28:49	SD동물의료센터 서울점	동영상
6933	카이	2024-10-22 17:28:52	SD동물의료센터 서울점	동영상
6933	카이	2024-10-22 17:28:52	SD동물의료센터 서울점	동영상
6933	카이	2024-10-22 17:29:01	SD동물의료센터 서울점	안녕하세요 카이 보호자님 카이 금일 진행한 재활 사진과 동영상 보내드리겠습니다 감사합니다
6933	카이	2024-10-22 17:33:19	조정민	안녕하세요~ 오늘 말씀하신 운동영상 이메일이 안와서 그러는데 min0317k@naver.com 으로 다시 보내주실 수 있을까요?!
6933	카이	2024-10-22 17:35:00	SD동물의료센터 서울점	안녕하세요 보호자님, 카이 금일 진행한 재활영상 말씀하시는 것일까요?
6933	카이	2024-10-22 17:37:33	조정민	재활 후 상담시 원장님께서 운동영상 이메일을 말씀하셨거든요~
6933	카이	2024-10-22 17:37:53	조정민	집에와서 확인하니 안들어와서 다른 메일로 요청드리는거에요:)
6933	카이	2024-10-22 17:47:25	SD동물의료센터 서울점	네 보호자님 원장님께 확인 후 재답변드리겠습니다 :)
6933	카이	2024-10-22 17:58:05	SD동물의료센터 서울점	보호자님, 운동영상은 1-2일정도 소요될 수있어 조금만 기다려주시길부탁드립니다. 감사합니다 :)
6933	카이	2024-10-22 17:59:14	조정민	네! 위에 메일주소로 부탁드릴게요~ 감사합니다🙇🏻‍♀️
6933	카이	2024-10-22 17:59:49	SD동물의료센터 서울점	네 감사합니다 :)
6933	카이	2024-10-25 08:12:56	조정민	안녕하세요! 운동영상이 1-2일 소요된다고 하셨는데 메일로 오질 않았어요..확인 부탁드립니다.
6933	카이	2024-10-25 08:12:56	SD동물의료센터 서울점	채팅 운영시간 안내
6933	카이	2024-10-25 08:12:56	SD동물의료센터 서울점	지금은 답변(채팅)이 가능한 시간이 아닙니다. 🌃
야간 중 채널 확인 및 전송이 불가능하오니 내용을 남겨주시면 채팅이 가능한 시간에 순차적으로 답변드리겠습니다.
아이들의 편한 휴식과 보다 더 안정된 회복을 위하여 집중하겠습니다.
감사합니다. 😊
6933	카이	2024-10-25 10:07:22	SD동물의료센터 서울점	안녕하세요 보호자님  :) 확인 후 답변 도와드리겠습니다
6933	카이	2024-10-25 10:12:03	SD동물의료센터 서울점	보호자님 선생님께서 확인 후 메일로 전송 도와드린다고 하셨습니다 감사합니다 :)
6933	카이	2024-10-25 10:13:09	조정민	네~ 감사합니다!
6933	카이	2024-10-25 10:23:59	SD동물의료센터 서울점	네 보호자님, 선생님께서 지금 메일로 전송드렸다고합니다. 확인부탁드립니다, 감사합니다 :)
6933	카이	2024-10-25 10:25:51	조정민	확인했습니다! 감사해요~
6933	카이	2024-10-25 10:27:26	SD동물의료센터 서울점	네 감사합니다 :)
6933	카이	2024-10-30 15:08:09	조정민	안녕하세요~ 어제 카이 재활영상이 안와서요~
확인부탁드려요☺️
6933	카이	2024-10-30 15:25:17	SD동물의료센터 서울점	안녕하세요 보호자님 :) 확인 후 전송도와드리겠습니다
6933	카이	2024-10-31 15:16:07	SD동물의료센터 서울점	사진
6933	카이	2024-10-31 15:16:11	SD동물의료센터 서울점	동영상
6933	카이	2024-10-31 15:16:14	SD동물의료센터 서울점	동영상
6933	카이	2024-10-31 15:16:16	SD동물의료센터 서울점	동영상
6933	카이	2024-10-31 15:16:16	SD동물의료센터 서울점	동영상
6933	카이	2024-10-31 15:16:17	SD동물의료센터 서울점	동영상
6933	카이	2024-10-31 15:16:19	SD동물의료센터 서울점	동영상
6933	카이	2024-10-31 15:16:20	SD동물의료센터 서울점	동영상
6933	카이	2024-10-31 15:16:20	SD동물의료센터 서울점	동영상
6933	카이	2024-10-31 15:16:23	SD동물의료센터 서울점	동영상
6933	카이	2024-10-31 15:16:23	SD동물의료센터 서울점	동영상
6933	카이	2024-10-31 15:16:26	SD동물의료센터 서울점	카이 영상 보내드려요~
6933	카이	2024-10-31 15:17:06	조정민	감사합니다☺️
6933	카이	2024-11-06 10:37:15	SD동물의료센터 서울점	사진
6933	카이	2024-11-06 10:37:16	SD동물의료센터 서울점	동영상
6933	카이	2024-11-06 10:37:17	SD동물의료센터 서울점	동영상
6933	카이	2024-11-06 10:37:17	SD동물의료센터 서울점	동영상
6933	카이	2024-11-06 10:37:19	SD동물의료센터 서울점	동영상
6933	카이	2024-11-06 10:37:20	SD동물의료센터 서울점	동영상
6933	카이	2024-11-06 10:37:20	SD동물의료센터 서울점	동영상
6933	카이	2024-11-06 10:37:23	SD동물의료센터 서울점	동영상
6933	카이	2024-11-06 10:37:40	SD동물의료센터 서울점	안녕하세요~카이 보호자님:) 5일 재활사진과 영상보내드립니다 늦어져서 죄송합니다
6933	카이	2024-11-06 10:37:57	조정민	감사합니다:)
6933	카이	2024-11-12 22:02:26	SD동물의료센터 서울점	사진
6933	카이	2024-11-12 22:02:29	SD동물의료센터 서울점	동영상
6933	카이	2024-11-12 22:02:29	SD동물의료센터 서울점	동영상
6933	카이	2024-11-12 22:02:30	SD동물의료센터 서울점	동영상
6933	카이	2024-11-12 22:02:32	SD동물의료센터 서울점	동영상
6933	카이	2024-11-12 22:02:33	SD동물의료센터 서울점	동영상
6933	카이	2024-11-12 22:02:39	SD동물의료센터 서울점	동영상
6933	카이	2024-11-12 22:02:41	SD동물의료센터 서울점	동영상
6933	카이	2024-11-12 22:02:41	SD동물의료센터 서울점	동영상
6933	카이	2024-11-12 22:02:44	SD동물의료센터 서울점	동영상
6933	카이	2024-11-12 22:02:44	SD동물의료센터 서울점	동영상
6933	카이	2024-11-12 22:03:15	SD동물의료센터 서울점	안녕하세요! 카이보호자님:) 12일 재활사진, 영상 보내드립니다!
6933	카이	2024-11-19 18:02:55	SD동물의료센터 서울점	안녕하세요 카이보호자님! 카이 오늘 재활 사진 보내드립니다 :)
6933	카이	2024-11-19 18:03:06	SD동물의료센터 서울점	동영상
6933	카이	2024-11-19 18:03:07	SD동물의료센터 서울점	동영상
6933	카이	2024-11-19 18:03:07	SD동물의료센터 서울점	동영상
6933	카이	2024-11-19 18:03:10	SD동물의료센터 서울점	동영상
6933	카이	2024-11-19 18:03:11	SD동물의료센터 서울점	동영상
6933	카이	2024-11-19 18:03:13	SD동물의료센터 서울점	동영상
6933	카이	2024-11-27 16:53:21	SD동물의료센터 서울점	사진
6933	카이	2024-11-27 16:53:24	SD동물의료센터 서울점	동영상
6933	카이	2024-11-27 16:53:24	SD동물의료센터 서울점	동영상
6933	카이	2024-11-27 16:53:26	SD동물의료센터 서울점	동영상
6933	카이	2024-11-27 16:53:29	SD동물의료센터 서울점	동영상
6933	카이	2024-11-27 16:53:29	SD동물의료센터 서울점	동영상
6933	카이	2024-11-27 16:53:30	SD동물의료센터 서울점	동영상
6933	카이	2024-11-27 16:53:31	SD동물의료센터 서울점	동영상
6933	카이	2024-11-27 16:53:33	SD동물의료센터 서울점	동영상
6933	카이	2024-11-27 16:53:35	SD동물의료센터 서울점	동영상
6933	카이	2024-11-27 16:53:36	SD동물의료센터 서울점	동영상
6933	카이	2024-11-27 16:53:36	SD동물의료센터 서울점	동영상
6933	카이	2024-11-27 16:53:45	SD동물의료센터 서울점	안녕하세요~ 카이 보호자님:)카이 26일 재활 사진과 영상 보내드립니다~
6933	카이	2024-12-07 21:28:38	SD동물의료센터 서울점	사진
6933	카이	2024-12-07 21:28:40	SD동물의료센터 서울점	동영상
6933	카이	2024-12-07 21:28:40	SD동물의료센터 서울점	동영상
6933	카이	2024-12-07 21:28:40	SD동물의료센터 서울점	동영상
6933	카이	2024-12-07 21:28:43	SD동물의료센터 서울점	동영상
6933	카이	2024-12-07 21:28:43	SD동물의료센터 서울점	동영상
6933	카이	2024-12-07 21:28:44	SD동물의료센터 서울점	동영상
6933	카이	2024-12-07 21:28:47	SD동물의료센터 서울점	동영상
6933	카이	2024-12-07 21:28:51	SD동물의료센터 서울점	안녕하세요~ 카이 오늘 재활 한 영상 보내드릴게요:)
6933	카이	2024-12-14 06:32:18	조정민	진료시간/영업시간
6933	카이	2024-12-14 06:32:18	SD동물의료센터 서울점(메뉴)	SD동물의료센터 서울점은
365일 24시간 연중무휴
아이들을 돌보고 있습니다.

◼︎ 주간진료 : 오전 10시~오후 10시
◼︎ 야간진료 : 오후 10시~오전 10시
◼︎ 회진시간 : 오후 1시~오후 2시

* 우리 병원은 진료예약 우선제로 예약환자를 우선으로 진료합니다. 
* 예약 없이 내원시, 대기시간이 발생할 수 있는 점 양해부탁드립니다.
* 회진시간에는 입원환자 인계업무로 인해 진료가 불가합니다. 

🚨 응급상황 발생 시, 본원 대표전화(02-2039-0303)로 연락주세요!
6933	카이	2024-12-14 06:35:03	조정민	안녕하세요. 오늘 12시 재활예약인 카이보호자입니다. 카이가 새벽에 설사를 해서 오늘 재활이 힘들 것 같아요....오늘 예약은 취소부탁드립니다.
6933	카이	2024-12-14 06:35:03	SD동물의료센터 서울점	채팅 운영시간 안내
6933	카이	2024-12-14 06:35:03	SD동물의료센터 서울점	지금은 답변(채팅)이 가능한 시간이 아닙니다. 🌃
야간 중 채널 확인 및 전송이 불가능하오니 내용을 남겨주시면 채팅이 가능한 시간에 순차적으로 답변드리겠습니다.
아이들의 편한 휴식과 보다 더 안정된 회복을 위하여 집중하겠습니다.
감사합니다. 😊
6933	카이	2024-12-14 09:52:09	SD동물의료센터 서울점	안녕하세요 보호자님, 금일건 취소 도와드렸습니다. 감사합니다 :)
6933	카이	2024-12-14 09:52:34	조정민	감사합니다. 다음주에 뵙겠습니다!
6933	카이	2024-12-14 09:53:48	SD동물의료센터 서울점	네 보호자님, 다음주에 뵙겠습니다 :) 오늘도 좋은하루 되세요 ^^
6933	카이	2024-12-21 19:13:34	SD동물의료센터 서울점	동영상
6933	카이	2024-12-21 19:13:36	SD동물의료센터 서울점	동영상
6933	카이	2024-12-21 19:13:37	SD동물의료센터 서울점	동영상
6933	카이	2024-12-21 19:13:39	SD동물의료센터 서울점	동영상
6933	카이	2024-12-21 19:13:40	SD동물의료센터 서울점	동영상
6933	카이	2024-12-21 19:13:42	SD동물의료센터 서울점	동영상
6933	카이	2024-12-21 19:13:42	SD동물의료센터 서울점	동영상
6933	카이	2024-12-21 19:13:43	SD동물의료센터 서울점	동영상
6933	카이	2024-12-21 19:13:47	SD동물의료센터 서울점	동영상
6933	카이	2024-12-21 19:13:48	SD동물의료센터 서울점	동영상
6933	카이	2024-12-21 19:13:51	SD동물의료센터 서울점	안녕하세요~ 카이 오늘 재활 한 영상 보내드릴게요:)
6933	카이	2024-12-28 16:13:01	SD동물의료센터 서울점	사진
6933	카이	2024-12-28 16:13:04	SD동물의료센터 서울점	동영상
6933	카이	2024-12-28 16:13:04	SD동물의료센터 서울점	동영상
6933	카이	2024-12-28 16:13:05	SD동물의료센터 서울점	동영상
6933	카이	2024-12-28 16:13:07	SD동물의료센터 서울점	동영상
6933	카이	2024-12-28 16:13:07	SD동물의료센터 서울점	동영상
6933	카이	2024-12-28 16:13:09	SD동물의료센터 서울점	동영상
6933	카이	2024-12-28 16:13:10	SD동물의료센터 서울점	동영상
6933	카이	2024-12-28 16:13:11	SD동물의료센터 서울점	동영상
6933	카이	2024-12-28 16:13:19	SD동물의료센터 서울점	안녕하세요~ 카이 금일 재활 한 영상 보내드릴게요:)
6933	카이	2024-12-28 16:22:52	조정민	감사합니다🙇🏻‍♀️ 담주에 뵙겠습니다☺️
6933	카이	2024-12-28 16:25:28	SD동물의료센터 서울점	안녕하세요 보호자님, 1/18 원장님께서 개인사정으로 19일날 진료로 대체하셔서 혹시 19일 내원가능하신 시간이 있으실까요?
6933	카이	2024-12-28 16:26:40	조정민	19일 가장 빠른시간이 12시일까요?! 
6933	카이	2024-12-28 16:27:30	SD동물의료센터 서울점	네 맞습니다... 허나 현재 12시에는 이미 예약이 있어 혹시 1시반이나 2시 내원가능하실까요?
6933	카이	2024-12-28 16:29:15	SD동물의료센터 서울점	네 보호자님, 19일 1시반으로 예약도와드렸습니다. 감사합니다 :)
6933	카이	2025-01-19 15:06:14	SD동물의료센터 서울점	안녕하세요. SD동물의료센터 입니다.

카이 재활 끝나서 연락 드렸으나, 연결이 안되어 카톡 남깁니다.

내원 부탁드립니다. :) 감사합니다 ^^
6933	카이	2025-01-19 15:09:44	조정민	지금 확인했어요~ 15분까지 내원할게요!
6933	카이	2025-01-19 15:10:25	SD동물의료센터 서울점	네 감사합니다 ~ ^^
6933	카이	2025-01-19 21:19:17	SD동물의료센터 서울점	동영상
6933	카이	2025-01-19 21:19:18	SD동물의료센터 서울점	동영상
6933	카이	2025-01-19 21:19:19	SD동물의료센터 서울점	동영상
6933	카이	2025-01-19 21:19:21	SD동물의료센터 서울점	동영상
6933	카이	2025-01-19 21:19:22	SD동물의료센터 서울점	동영상
6933	카이	2025-01-19 21:19:24	SD동물의료센터 서울점	동영상
6933	카이	2025-01-19 21:19:24	SD동물의료센터 서울점	동영상
6933	카이	2025-01-19 21:19:27	SD동물의료센터 서울점	동영상
6933	카이	2025-01-19 21:19:31	SD동물의료센터 서울점	동영상
6933	카이	2025-01-19 21:19:32	SD동물의료센터 서울점	안녕하세요 카이 보호자님 금일 진행한 재활 영상 보내드리겠습니다 감사합니다
6933	카이	2025-01-25 21:33:18	SD동물의료센터 서울점	사진
6933	카이	2025-01-25 21:33:21	SD동물의료센터 서울점	동영상
6933	카이	2025-01-25 21:33:21	SD동물의료센터 서울점	동영상
6933	카이	2025-01-25 21:33:21	SD동물의료센터 서울점	동영상
6933	카이	2025-01-25 21:33:23	SD동물의료센터 서울점	사진
6933	카이	2025-01-25 21:33:24	SD동물의료센터 서울점	동영상
6933	카이	2025-01-25 21:33:25	SD동물의료센터 서울점	동영상
6933	카이	2025-01-25 21:33:25	SD동물의료센터 서울점	동영상
6933	카이	2025-01-25 21:33:27	SD동물의료센터 서울점	동영상
6933	카이	2025-01-25 21:33:29	SD동물의료센터 서울점	동영상
6933	카이	2025-01-25 21:33:30	SD동물의료센터 서울점	동영상
6933	카이	2025-01-25 21:33:32	SD동물의료센터 서울점	안녕하세요~ 카이 오늘 재활영상 보내드릴게요:)
6933	카이	2025-01-25 21:34:35	SD동물의료센터 서울점	안녕하세요 
원장 이응호입니다. 
다음주 화요일에 진행 예정인 주사가 현재 입고가 어려울거 같습니다.
제가 구정인걸 깜박했습니다. 죄송합니다.
2주후에 주사 가능할거 같습니다. 
보호자분 2주 후 시간 되실 때 다시 한번 예약 해주시길 바랍니다.
불편을 드려 죄송합니다.
6933	카이	2025-01-25 21:37:43	조정민	아니에요~ 토요일에 운동갈 때 2주후로 예약할게요.
항상 감사드리고, 담주에 뵙겠습니다☺️
6933	카이	2025-01-25 21:38:21	SD동물의료센터 서울점	네 보호자님, 너른양해 감사합니다, 다음주에 뵙겠습니다 :)
6933	카이	2025-02-01 20:06:19	SD동물의료센터 서울점	동영상
6933	카이	2025-02-01 20:06:20	SD동물의료센터 서울점	동영상
6933	카이	2025-02-01 20:06:21	SD동물의료센터 서울점	사진
6933	카이	2025-02-01 20:06:21	SD동물의료센터 서울점	동영상
6933	카이	2025-02-01 20:06:23	SD동물의료센터 서울점	동영상
6933	카이	2025-02-01 20:06:23	SD동물의료센터 서울점	동영상
6933	카이	2025-02-01 20:06:25	SD동물의료센터 서울점	동영상
6933	카이	2025-02-01 20:06:25	SD동물의료센터 서울점	동영상
6933	카이	2025-02-01 20:06:28	SD동물의료센터 서울점	동영상
6933	카이	2025-02-01 20:06:29	SD동물의료센터 서울점	동영상
6933	카이	2025-02-01 20:06:29	SD동물의료센터 서울점	동영상
6933	카이	2025-02-01 20:06:31	SD동물의료센터 서울점	동영상
6933	카이	2025-02-01 20:06:32	SD동물의료센터 서울점	동영상
6933	카이	2025-02-01 20:06:35	SD동물의료센터 서울점	안녕하세요 카이 보호자님! 카이 금일 진행한 재활 사진이랑 영상 보내드릴게요 감사합니다!
6933	카이	2025-02-23 20:15:33	조정민	안녕하세요~ 어제 카이 재활영상이 안와서요~
확인 후 전송 부탁드립니다:)
6933	카이	2025-02-24 09:49:03	SD동물의료센터 서울점	안녕하세요 보호자님, 확인 후 곧 보내드리도록하겠습니다. 늦게 보내드려 죄송합니다. 감사합니다:)
6933	카이	2025-02-25 14:57:55	SD동물의료센터 서울점	동영상
6933	카이	2025-02-25 14:57:55	SD동물의료센터 서울점	동영상
6933	카이	2025-02-25 14:57:56	SD동물의료센터 서울점	동영상
6933	카이	2025-02-25 14:57:59	SD동물의료센터 서울점	동영상
6933	카이	2025-02-25 14:58:00	SD동물의료센터 서울점	동영상
6933	카이	2025-02-25 14:58:00	SD동물의료센터 서울점	동영상
6933	카이	2025-02-25 14:58:04	SD동물의료센터 서울점	동영상
6933	카이	2025-02-25 14:58:05	SD동물의료센터 서울점	동영상
6933	카이	2025-02-25 14:58:05	SD동물의료센터 서울점	동영상
6933	카이	2025-02-25 14:58:28	SD동물의료센터 서울점	안녕하세요 카이 보호자님! 카이 재활 영상 보내드릴게요~ 늦게 보내드려 죄송합니다ㅠ
6933	카이	2025-02-25 14:59:28	조정민	아니에요~ 감사합니다☺️
6933	카이	2025-02-28 17:11:46	SD동물의료센터 서울점	쿠폰이 지급되었습니다. 
2025년 05월 31일까지 사용해주세요.
6933	카이	2025-03-01 16:24:51	SD동물의료센터 서울점	동영상
6933	카이	2025-03-01 16:24:52	SD동물의료센터 서울점	동영상
6933	카이	2025-03-01 16:24:52	SD동물의료센터 서울점	동영상
6933	카이	2025-03-01 16:24:54	SD동물의료센터 서울점	동영상
6933	카이	2025-03-01 16:24:55	SD동물의료센터 서울점	동영상
6933	카이	2025-03-01 16:24:55	SD동물의료센터 서울점	동영상
6933	카이	2025-03-01 16:24:58	SD동물의료센터 서울점	동영상
6933	카이	2025-03-01 16:24:59	SD동물의료센터 서울점	동영상
6933	카이	2025-03-01 16:24:59	SD동물의료센터 서울점	동영상
6933	카이	2025-03-01 16:25:01	SD동물의료센터 서울점	동영상
6933	카이	2025-03-01 16:25:02	SD동물의료센터 서울점	동영상
6933	카이	2025-03-01 16:25:06	SD동물의료센터 서울점	안녕하세요~ 카이 오늘 재활 한 영상 보내드려요:)
6933	카이	2025-03-01 16:26:09	조정민	감사합니다😁
6933	카이	2025-03-01 16:26:24	SD동물의료센터 서울점	네 감사합니다 :)
6933	카이	2025-03-08 13:16:36	SD동물의료센터 서울점	안녕하세요 SD동물의료센터입니다.
건강검진 프로그램은 개, 고양이 모두 동일하며
베이직, 스탠다드, 프리미엄, 심장 특화 프로그램 총 네 가지로 구성되어 있습니다.

건강검진 프로그램 안내되어 있는 홈페이지 링크 첨부 드리오니 참고 부탁드립니다.
▶ https://sdamc.co.kr/HealthCarecenter

◎ 검사 전 10시간 금식, 2시간 금수 필요하며 검사 시간은 프로그램 별 상이하며 넉넉히 2~4시간 소요 안내드립니다.
(소요 시간은 병원 사정에 따라 상이할 수 있습니다.)

◎ 건강검진은 오전 10시 ~ 오후 4시 예약 가능합니다.

◎ 하기 비용 참고하시어 예약 필요시 일정 확인 후 채널 문의 부탁드립니다.
감사합니다! 😊


◎ 비용 안내

(체중 구간 ~10kg)
베이직 35만원
▶ 25% 할인 적용 후 262,500원
스탠다드 60만원
▶ 25% 할인 적용 후 450,000원
프리미엄 80만원
▶ 25% 할인 적용 후 600,000원
심장특화 50만원
▶ 25% 할인 적용 후 375,000원

(체중 구간 10~20kg)
베이직 40만원
▶ 25% 할인 적용 후 300,000원
스탠다드 65만원
▶ 25% 할인 적용 후 487,500원
프리미엄 85만원
▶ 25% 할인 적용 후 637,500원
심장특화 55만원
▶ 25% 할인 적용 후 412,500원

(체중 구간 20~30kg)
베이직 45만원
▶ 25% 할인 적용 후 337,500원
스탠다드 70만원
▶ 25% 할인 적용 후 525,000원
프리미엄 90만원
▶ 25% 할인 적용 후 675,000원
심장특화 60만원
▶ 25% 할인 적용 후 450,000원

(체중 구간 30kg~)
베이직 50만원
▶ 25% 할인 적용 후 375,000원
스탠다드 75만원
▶ 25% 할인 적용 후 562,500원
프리미엄 95만원
▶ 25% 할인 적용 후 712,500원
심장특화 65만원
▶ 25% 할인 적용 후 487,500원
6933	카이	2025-03-09 10:37:14	조정민	안녕하세요~ 어제 카이 재활영상이 안와서요~
확인 부탁드립니다:)
6933	카이	2025-03-09 13:48:54	SD동물의료센터 서울점	동영상
6933	카이	2025-03-09 13:48:54	SD동물의료센터 서울점	동영상
6933	카이	2025-03-09 13:48:56	SD동물의료센터 서울점	동영상
6933	카이	2025-03-09 13:48:56	SD동물의료센터 서울점	동영상
6933	카이	2025-03-09 13:48:56	SD동물의료센터 서울점	동영상
6933	카이	2025-03-09 13:49:00	SD동물의료센터 서울점	동영상
6933	카이	2025-03-09 13:49:00	SD동물의료센터 서울점	동영상
6933	카이	2025-03-09 13:49:01	SD동물의료센터 서울점	동영상
6933	카이	2025-03-09 13:49:12	SD동물의료센터 서울점	안녕하세요 카이 보호자님~ 어제 카이 재활영상 보내드립니다 :)
6933	카이	2025-03-09 13:49:58	조정민	감사합니다☺️
6933	카이	2025-03-14 15:54:48	조정민	안녕하세요! 문의가 있어서요~
카이 프리미엄 건강검진 예약했는데 소변검사안에 upc도 포함이 되어있을까요?
6933	카이	2025-03-14 16:01:45	SD동물의료센터 서울점	안녕하세요 보호자님, 건강검진에는 포함이 안되는 것으로 확인됩니다. 감사합니다 :)
6933	카이	2025-03-14 16:05:11	조정민	금액 추가하면 upc수치도 볼 수 있을까요?
6933	카이	2025-03-14 16:05:40	SD동물의료센터 서울점	네 보호자님, 가능하십니다 :)
6933	카이	2025-03-14 16:06:17	조정민	Upc 검사비용 알 수 있을까요?
6933	카이	2025-03-14 16:07:04	SD동물의료센터 서울점	네 보호자님, 44,000원입니다. :)
6933	카이	2025-03-14 16:08:49	조정민	감사합니다! 내일뵙겠습니다☺️
6933	카이	2025-03-14 16:09:13	SD동물의료센터 서울점	네 보호자님, 내일뵙겠습니다. 감사합니다 :)
6933	카이	2025-03-15 22:27:36	SD동물의료센터 서울점	동영상
6933	카이	2025-03-15 22:27:37	SD동물의료센터 서울점	동영상
6933	카이	2025-03-15 22:27:37	SD동물의료센터 서울점	동영상
6933	카이	2025-03-15 22:27:37	SD동물의료센터 서울점	안녕하세요 카이 보호자님!
카이 오늘 재활한거 영상 보내드릴게요 감사합니다!!
6933	카이	2025-03-15 22:27:38	SD동물의료센터 서울점	동영상
6933	카이	2025-03-15 22:27:41	SD동물의료센터 서울점	동영상
6933	카이	2025-03-15 22:27:41	SD동물의료센터 서울점	동영상
6933	카이	2025-03-15 22:27:41	SD동물의료센터 서울점	동영상
6933	카이	2025-03-15 22:27:45	SD동물의료센터 서울점	동영상
6933	카이	2025-03-15 22:27:45	SD동물의료센터 서울점	동영상
6933	카이	2025-03-22 22:14:46	SD동물의료센터 서울점	동영상
6933	카이	2025-03-22 22:14:46	SD동물의료센터 서울점	동영상
6933	카이	2025-03-22 22:14:47	SD동물의료센터 서울점	동영상
6933	카이	2025-03-22 22:14:49	SD동물의료센터 서울점	동영상
6933	카이	2025-03-22 22:14:49	SD동물의료센터 서울점	동영상
6933	카이	2025-03-22 22:14:52	SD동물의료센터 서울점	동영상
6933	카이	2025-03-22 22:14:53	SD동물의료센터 서울점	동영상
6933	카이	2025-03-22 22:14:55	SD동물의료센터 서울점	동영상
6933	카이	2025-03-22 22:14:55	SD동물의료센터 서울점	동영상
6933	카이	2025-03-22 22:15:05	SD동물의료센터 서울점	안녕하세요 카이 보호자님~ 금일 카이 재활 영상 보내드립니다, 감사합니다 :)
6933	카이	2025-03-29 21:56:00	SD동물의료센터 서울점	동영상
6933	카이	2025-03-29 21:56:00	SD동물의료센터 서울점	동영상
6933	카이	2025-03-29 21:56:00	SD동물의료센터 서울점	동영상
6933	카이	2025-03-29 21:56:02	SD동물의료센터 서울점	동영상
6933	카이	2025-03-29 21:56:03	SD동물의료센터 서울점	동영상
6933	카이	2025-03-29 21:56:06	SD동물의료센터 서울점	동영상
6933	카이	2025-03-29 21:56:06	SD동물의료센터 서울점	동영상
6933	카이	2025-03-29 21:56:06	SD동물의료센터 서울점	동영상
6933	카이	2025-03-29 21:56:09	SD동물의료센터 서울점	동영상
6933	카이	2025-03-29 21:56:09	SD동물의료센터 서울점	동영상
6933	카이	2025-03-29 21:56:19	SD동물의료센터 서울점	안녕하세요 카이 보호자님!! 금일 카이 재활 영상 보내드립니다 감사합니다 :)
6933	카이	2025-04-12 20:00:39	SD동물의료센터 서울점	동영상
6933	카이	2025-04-12 20:00:40	SD동물의료센터 서울점	동영상
6933	카이	2025-04-12 20:00:42	SD동물의료센터 서울점	동영상
6933	카이	2025-04-12 20:00:45	SD동물의료센터 서울점	동영상
6933	카이	2025-04-12 20:00:45	SD동물의료센터 서울점	동영상
6933	카이	2025-04-12 20:00:45	SD동물의료센터 서울점	동영상
6933	카이	2025-04-12 20:00:48	SD동물의료센터 서울점	동영상
6933	카이	2025-04-12 20:00:51	SD동물의료센터 서울점	동영상
6933	카이	2025-04-12 20:00:51	SD동물의료센터 서울점	동영상
6933	카이	2025-04-12 20:00:54	SD동물의료센터 서울점	안녕하세요 카이 보호자님~ 금일 카이 재활 영상 보내드립니다 :)
6933	카이	2025-04-13 21:36:24	SD동물의료센터 서울점	20250405_건강검진결과서_카이(조정민님).pdf
6933	카이	2025-04-13 21:36:29	SD동물의료센터 서울점	카이 보호자님 안녕하세요, SD동물의료센터입니다. 
4/5 진행한 카이 건강검진 결과서 전달 드립니다! 

추가 문의 사항 있으실 경우 병원으로 연락 부탁드립니다.
결과지 작성이 이전 상담에서 말씀 드린 기간보다 늦어져, 부득이하게 주말 저녁에 연락 드립니다. 
감사합니다 :)

SD동물의료센터 드림
6933	카이	2025-04-19 15:32:04	SD동물의료센터 서울점	동영상
6933	카이	2025-04-19 15:32:04	SD동물의료센터 서울점	동영상
6933	카이	2025-04-19 15:32:04	SD동물의료센터 서울점	동영상
6933	카이	2025-04-19 15:32:07	SD동물의료센터 서울점	동영상
6933	카이	2025-04-19 15:32:07	SD동물의료센터 서울점	동영상
6933	카이	2025-04-19 15:32:07	SD동물의료센터 서울점	동영상
6933	카이	2025-04-19 15:32:10	SD동물의료센터 서울점	동영상
6933	카이	2025-04-19 15:32:10	SD동물의료센터 서울점	동영상
6933	카이	2025-04-19 15:32:12	SD동물의료센터 서울점	안녕하세요 카이 보호자님~ 금일 카이 재활 영상 보내드립니다, 감사합니다 :)
6933	카이	2025-04-26 19:38:17	SD동물의료센터 서울점	동영상
6933	카이	2025-04-26 19:38:18	SD동물의료센터 서울점	동영상
6933	카이	2025-04-26 19:38:18	SD동물의료센터 서울점	동영상
6933	카이	2025-04-26 19:38:21	SD동물의료센터 서울점	동영상
6933	카이	2025-04-26 19:38:21	SD동물의료센터 서울점	동영상
6933	카이	2025-04-26 19:38:22	SD동물의료센터 서울점	동영상
6933	카이	2025-04-26 19:38:25	SD동물의료센터 서울점	동영상
6933	카이	2025-04-26 19:38:25	SD동물의료센터 서울점	동영상
6933	카이	2025-04-26 19:38:26	SD동물의료센터 서울점	동영상
6933	카이	2025-04-26 19:38:31	SD동물의료센터 서울점	안녕하세요 카이 보호자님!! 금일 카이 재활 영상 보내드립니다 감사합니다^^
6933	카이	2025-05-06 16:08:15	SD동물의료센터 서울점	동영상
6933	카이	2025-05-06 16:08:16	SD동물의료센터 서울점	동영상
6933	카이	2025-05-06 16:08:16	SD동물의료센터 서울점	동영상
6933	카이	2025-05-06 16:08:19	SD동물의료센터 서울점	동영상
6933	카이	2025-05-06 16:08:20	SD동물의료센터 서울점	동영상
6933	카이	2025-05-06 16:08:21	SD동물의료센터 서울점	동영상
6933	카이	2025-05-06 16:08:24	SD동물의료센터 서울점	안녕하세요 카이 보호자님~ 금일 카이 재활 영상 보내드립니다, 감사합니다 :)
6933	카이	2025-05-17 18:46:54	SD동물의료센터 서울점	동영상
6933	카이	2025-05-17 18:46:54	SD동물의료센터 서울점	동영상
6933	카이	2025-05-17 18:46:54	SD동물의료센터 서울점	동영상
6933	카이	2025-05-17 18:46:57	SD동물의료센터 서울점	동영상
6933	카이	2025-05-17 18:46:58	SD동물의료센터 서울점	동영상
6933	카이	2025-05-17 18:46:58	SD동물의료센터 서울점	동영상
6933	카이	2025-05-17 18:47:01	SD동물의료센터 서울점	동영상
6933	카이	2025-05-17 18:47:36	SD동물의료센터 서울점	안녕하세요 카이 보호자님! 금일 진행한 카이 재활영상 보내드립니다, 감사합니다 :)
6933	카이	2025-05-20 14:48:14	조정민	안녕하세요! 카이 재활 시간변경 문의 드리려구요~
혹시 31일 가장 빠른시간이 몇 시일까요?
6933	카이	2025-05-20 14:50:10	SD동물의료센터 서울점	네 보호자님, 4시 가능하십니다 :)
6933	카이	2025-05-20 14:50:36	SD동물의료센터 서울점	안녕하세요 보호자님, 인사도 못드리고 시간만 말씀드렸네요 ㅠㅠ 31일 오후4시 예약가능하세요 ㅎ
6933	카이	2025-05-20 14:50:44	조정민	아이구야..그럼 6월2일은요?
6933	카이	2025-05-20 15:07:59	SD동물의료센터 서울점	6/2 월요일 오후 3시 가능합니다!
6933	카이	2025-05-20 15:24:14	조정민	죄송해요..그냥 기존 시간으로 할게요..
시간들이 다 안맞네요ㅠㅠㅠ
6933	카이	2025-05-20 15:24:22	조정민	귀찮게 해드려 죄송해요😅
6933	카이	2025-05-20 15:26:03	SD동물의료센터 서울점	네 보호자님, 기존 예약건 유지해드리도록하겠습니다. 감사합니다 :)
6933	카이	2025-06-03 14:18:20	SD동물의료센터 서울점	동영상
6933	카이	2025-06-03 14:18:21	SD동물의료센터 서울점	동영상
6933	카이	2025-06-03 14:18:21	SD동물의료센터 서울점	동영상
6933	카이	2025-06-03 14:18:24	SD동물의료센터 서울점	동영상
6933	카이	2025-06-03 14:18:24	SD동물의료센터 서울점	동영상
6933	카이	2025-06-03 14:18:24	SD동물의료센터 서울점	동영상
6933	카이	2025-06-03 14:18:27	SD동물의료센터 서울점	동영상
6933	카이	2025-06-03 14:18:31	SD동물의료센터 서울점	안녕하세요 카이 보호자님! 금일 카이 재활 영상 보내드립니다 😊
6933	카이	2025-06-03 14:21:37	조정민	항상 감사드립니다🙇🏻‍♀️
6933	카이	2025-06-04 13:16:26	SD동물의료센터 서울점	안녕하세요 보호자님
다름 아니고 어제 레날 어드밴스드 2개 결제 후 21일에 받아가기로 하셨는데 결제 기록이 없어서 확인차 연락드렸어요
저도 어제 결제를 한 것 같은데 결제 내역이 없더라구요.. 🥲
번거로우시겠지만 확인 한 번 부탁드려도 될까요?
6933	카이	2025-06-04 13:23:35	조정민	어제 서울페이로 결제했어요!
6933	카이	2025-06-04 13:25:19	조정민	동생이 결제한거라 연락되면 바로 내역 보내드릴게요:)
6933	카이	2025-06-04 13:28:21	조정민	사진
6933	카이	2025-06-04 13:31:32	SD동물의료센터 서울점	아...................! 아이고 서울페이였군요
어제 예약하는데 정신 팔려서 새까맣게 까먹었나 봐요
아이고 번거롭게 해드려서 죄송합니다..
그리고 너무 감사합니다..! 😊😊😄
6933	카이	2025-06-04 13:32:26	조정민	아니에요~ 항상 감사합니다🙇🏻‍♀️
21일에 뵐게요😊
6933	카이	2025-06-04 13:32:47	SD동물의료센터 서울점	21일에 뵙겠습니다. 감사합니다. 😄
6933	카이	2025-06-05 09:55:10	조정민	안녕하세요! 혹시 내일 레날 결제한거 받을 수 있을까요?! 내일 상왕십리쪽 갈일이 있어서 혹시나 하고 여쭤봐요😊
6933	카이	2025-06-05 10:00:25	SD동물의료센터 서울점	네 보호자님 준비되어 있습니다 내일 몇시쯤 픽업예정이실까요?
6933	카이	2025-06-05 10:01:16	조정민	내일 오후6시쯤 될 것 같아요!
6933	카이	2025-06-05 10:03:10	SD동물의료센터 서울점	네 내일 6시에 뵙겠습니다~
6933	카이	2025-06-06 17:34:53	조정민	제가 오늘 레날 가질러 가기로 했는데 일이 생겨 못갈 듯 합니다. 21일 카이 재활때 갈게요~ 죄송합니다!
6933	카이	2025-06-06 17:39:30	SD동물의료센터 서울점	안녕하세요 보호자님, 미리 챙겨두어 편한날 픽업 부탁드립니다. 감사합니다 :)
6933	카이	2025-06-21 15:43:34	SD동물의료센터 서울점	동영상
6933	카이	2025-06-21 15:43:34	SD동물의료센터 서울점	동영상
6933	카이	2025-06-21 15:43:34	SD동물의료센터 서울점	동영상
6933	카이	2025-06-21 15:43:38	SD동물의료센터 서울점	동영상
6933	카이	2025-06-21 15:43:38	SD동물의료센터 서울점	동영상
6933	카이	2025-06-21 15:43:38	SD동물의료센터 서울점	동영상
6933	카이	2025-06-21 15:43:41	SD동물의료센터 서울점	동영상
6933	카이	2025-06-21 15:43:44	SD동물의료센터 서울점	동영상
6933	카이	2025-06-21 15:43:44	SD동물의료센터 서울점	동영상
6933	카이	2025-06-21 15:43:45	SD동물의료센터 서울점	동영상
6933	카이	2025-06-21 15:43:48	SD동물의료센터 서울점	안녕하세요 카이 보호자님! 금일 카이 재활 영상 보내드립니다, 감사합니다 😊
6933	카이	2025-06-21 15:46:44	조정민	재활 후 원장님이 카발레티한 영상도 보여주셨는데 혹시 그 영싱은 받을 수 없을까요?!
6933	카이	2025-06-21 15:48:14	SD동물의료센터 서울점	확인 후 답변 드리겠습니다!
6933	카이	2025-06-21 15:49:27	조정민	네!😁
6933	카이	2025-06-24 18:54:03	조정민	안녕하세요~ 토요일 문의드렸는데 답이 없으셔서요!
영상 받기 어려율까요?
6933	카이	2025-06-24 19:35:02	SD동물의료센터 서울점	동영상
6933	카이	2025-06-24 19:35:03	SD동물의료센터 서울점	네 보호자님 답변 늦어 죄송합니다... ㅠ  카이 카발레티 영상 보내드릴게요. 감사합니다.
6933	카이	2025-06-24 19:37:06	조정민	감사합니다😊
6933	카이	2025-07-05 18:42:56	SD동물의료센터 서울점	동영상
6933	카이	2025-07-05 18:42:56	SD동물의료센터 서울점	동영상
6933	카이	2025-07-05 18:42:57	SD동물의료센터 서울점	동영상
6933	카이	2025-07-05 18:42:59	SD동물의료센터 서울점	동영상
6933	카이	2025-07-05 18:43:00	SD동물의료센터 서울점	동영상
6933	카이	2025-07-05 18:43:00	SD동물의료센터 서울점	동영상
6933	카이	2025-07-05 18:43:03	SD동물의료센터 서울점	동영상
6933	카이	2025-07-05 18:43:06	SD동물의료센터 서울점	동영상
6933	카이	2025-07-05 18:43:07	SD동물의료센터 서울점	안녕하세요 카이 보호자님! 금일 카이 재활 영상 보내드립니다, 감사합니다 :)
6933	카이	2025-07-21 14:37:08	조정민	안녕하세요~ 19일 재활영상이 오지 않아서 연락드립니다. 확인 후 전송 부탁드립니다!
6933	카이	2025-07-21 14:40:51	SD동물의료센터 서울점	네,보호자님. 확인 후 전송드리겠습니다. 감사합니다.
6933	카이	2025-07-21 14:54:47	SD동물의료센터 서울점	동영상
6933	카이	2025-07-21 14:54:48	SD동물의료센터 서울점	동영상
6933	카이	2025-07-21 14:54:49	SD동물의료센터 서울점	동영상
6933	카이	2025-07-21 14:54:51	SD동물의료센터 서울점	동영상
6933	카이	2025-07-21 14:54:52	SD동물의료센터 서울점	동영상
6933	카이	2025-07-21 14:54:53	SD동물의료센터 서울점	안녕하세요 카이 보호자님! 19일에 진행되었던 카이 재활 영상 보내드립니다, 감사합니다 :)
6933	카이	2025-08-02 13:33:08	조정민	안녕하세요. 이응호 원장님께서 말씀하셔서 카이 초음파 사진 보내드립니다.
6933	카이	2025-08-02 13:33:34	조정민	사진
6933	카이	2025-08-02 21:37:03	SD동물의료센터 서울점	동영상
6933	카이	2025-08-02 21:37:04	SD동물의료센터 서울점	동영상
6933	카이	2025-08-02 21:37:06	SD동물의료센터 서울점	안녕하세요. 카이 보호자님~ 카이 재활 영상 보내드립니다.^^
6933	카이	2025-08-02 22:09:48	SD동물의료센터 서울점	동영상
6933	카이	2025-08-02 22:09:51	SD동물의료센터 서울점	동영상
6933	카이	2025-08-02 22:09:51	SD동물의료센터 서울점	동영상
6933	카이	2025-08-02 22:09:51	SD동물의료센터 서울점	동영상
6933	카이	2025-08-02 22:09:54	SD동물의료센터 서울점	동영상
6933	카이	2025-08-02 22:09:55	SD동물의료센터 서울점	동영상
6933	카이	2025-08-02 22:09:55	SD동물의료센터 서울점	동영상
6933	카이	2025-08-02 22:09:57	SD동물의료센터 서울점	동영상
6933	카이	2025-08-02 22:10:02	SD동물의료센터 서울점	카이 추가 영상 보내드립니다.^^
6933	카이	2025-08-18 09:46:05	조정민	안녕하세요~ 16일 영상이 안와서요:)
확인 부탁드립니다!
6933	카이	2025-08-18 10:20:06	SD동물의료센터 서울점	동영상
6933	카이	2025-08-18 10:20:07	SD동물의료센터 서울점	동영상
6933	카이	2025-08-18 10:20:08	SD동물의료센터 서울점	동영상
6933	카이	2025-08-18 10:20:09	SD동물의료센터 서울점	동영상
6933	카이	2025-08-18 10:20:10	SD동물의료센터 서울점	동영상
6933	카이	2025-08-18 10:20:11	SD동물의료센터 서울점	동영상
6933	카이	2025-08-18 10:20:12	SD동물의료센터 서울점	동영상
6933	카이	2025-08-18 10:20:14	SD동물의료센터 서울점	안녕하세요 카이 보호자님! 재활 영상이 늦어져서 죄송합니다. 16일에 진행되었던 카이 재활 영상 보내드립니다, 감사합니다 😊
6933	카이	2025-08-21 09:47:24	조정민	안녕하세요~ 카이보호자입니다.
문의드릴게 있어서요!
30일에 침+수중재활이 예약되어 있는데 이 시간동안 카이가 쉬를 싸거나 하는 시간을 주시나요?
6933	카이	2025-08-21 09:48:49	조정민	30일에 초음파를 위해 4시간정도 쉬를 참고 오라고 하셨는데 침+수중때 쉬 싸는 시간이 없다면 내과 진료시간을 재활 후로 옮길까 하구요..
6933	카이	2025-08-21 09:50:27	SD동물의료센터 서울점	안녕하세요 보호자님 선생님께 확인 후 답변드리겠습니다
6933	카이	2025-08-21 11:14:56	SD동물의료센터 서울점	수중재활 전 대부분의 아이가 오줌을 누어 재활 전 내과 진료를 보는 것이 좋다고 답변주셨습니다. 현재 카이의 예약은 11시 내과진료 후 12시 재활진료로 예약되어있습니다 감사합니다:)
6933	카이	2025-08-21 11:21:50	조정민	카이 혈압약에 대해 다니던 병원의 검사기록 및 처방내역을 요청하였더니 보호자에게 전달이 불가하고 병원 이메일로 보내준다고 하더라구요.
SD병원 이메일 주소를 알 수 있을까요?
6933	카이	2025-08-21 11:25:38	SD동물의료센터 서울점	네 보호자님 이쪽으로 전달 요청드립니다. sdamc01@naver.com
6933	카이	2025-08-21 12:45:58	조정민	다니던 병원에서 메일을 보내셨다고 하는데 확인 가능할까요?
30일 내과진료때 혈압약도 같이 처방받으려고 합니다!
(유수진 과장님께서 혈압약 처방을 위해서는 다니던 병원 처방내역이 있어야 한다고 하셔서 요청하였습니다)
6933	카이	2025-08-21 12:49:20	SD동물의료센터 서울점	네 보호자님 메일 확인 되어 선생님께 처방내역 전달드리겠습니다 감사합니다:)
6933	카이	2025-08-30 20:35:26	SD동물의료센터 서울점	사진
6933	카이	2025-08-30 20:35:28	SD동물의료센터 서울점	동영상
6933	카이	2025-08-30 20:35:29	SD동물의료센터 서울점	동영상
6933	카이	2025-08-30 20:35:30	SD동물의료센터 서울점	동영상
6933	카이	2025-08-30 20:35:32	SD동물의료센터 서울점	동영상
6933	카이	2025-08-30 20:35:33	SD동물의료센터 서울점	동영상
6933	카이	2025-08-30 20:35:34	SD동물의료센터 서울점	동영상
6933	카이	2025-08-30 20:35:35	SD동물의료센터 서울점	안녕하세요 카이 보호자님~ 금일 진행한 카이 재활 영상 보내드립니다, 감사합니다 😊
6933	카이	2025-09-04 10:22:06	조정민	안녕하세요! 
카이 약 용량이 잘못됐다고 지난 주 토요일에 연락을 받았는데 오늘 찾으러 가도 될까요?
6933	카이	2025-09-04 10:24:23	SD동물의료센터 서울점	네 보호자님 약 조제 되어있어 편하신 시간에 픽업 부탁드립니다 불편을 드려 다시 한번 죄송합니다ㅠ
6933	카이	2025-09-04 10:25:53	조정민	아닙니다~ 그럼 이따 뵐게요😊
6933	카이	2025-09-04 10:30:24	SD동물의료센터 서울점	감사합니다.^^
6933	카이	2025-09-13 18:44:18	SD동물의료센터 서울점	안녕하세요.  카이 보호자님 금일 재활 영상 보내드립니다. 감사합니다😊
6933	카이	2025-09-13 18:44:30	SD동물의료센터 서울점	사진
6933	카이	2025-09-13 18:44:32	SD동물의료센터 서울점	동영상
6933	카이	2025-09-13 18:44:32	SD동물의료센터 서울점	동영상
6933	카이	2025-09-13 18:44:33	SD동물의료센터 서울점	동영상
6933	카이	2025-09-13 18:44:34	SD동물의료센터 서울점	동영상
6933	카이	2025-09-13 18:44:35	SD동물의료센터 서울점	동영상
6933	카이	2025-09-13 18:44:36	SD동물의료센터 서울점	동영상
6933	카이	2025-09-13 18:44:37	SD동물의료센터 서울점	동영상
6933	카이	2025-09-13 18:44:39	SD동물의료센터 서울점	동영상
6933	카이	2025-09-13 18:44:39	SD동물의료센터 서울점	동영상
6933	카이	2025-09-25 19:44:39	조정민	안녕하세요~ 카이보호자입니다.
문의드릴게 있어서요~ 
혹시 이응호원장님 토요일만 진료하시는걸까요?
6933	카이	2025-09-25 19:54:14	SD동물의료센터 서울점	안녕하세요 보호자님, 이응호원장님께서 수요일 토요일 진료보십니다 :)
6933	카이	2025-09-25 19:56:25	조정민	9/27 예약을 10/1로 변경 가능할까요?
6933	카이	2025-09-25 19:56:38	조정민	9/27 내과 재활 모두 변경하려고 합니다!
6933	카이	2025-09-25 19:58:18	SD동물의료센터 서울점	네 보호자님, 그럼 11시반 내과진료 후 12시반 재활예약가능하실것으로 보이는데 괜찮으실까요?
6933	카이	2025-09-25 19:59:08	조정민	10/1은 2시이후부터 가능해서요..오후는 안될까요?
6933	카이	2025-09-25 20:01:44	SD동물의료센터 서울점	네 보호자님, 그럼 혹시 오후2시반 내원가능하실까요?
6933	카이	2025-09-25 20:02:17	조정민	네! 가능합니다!
6933	카이	2025-09-25 20:04:00	SD동물의료센터 서울점	네 보호자님, 그럼 2시반 내과진료 및 재활진료 예약도와드리겠습니다. 감사합니다 :)
6933	카이	2025-09-25 20:07:26	조정민	네! 감사합니다~
6933	카이	2025-10-01 18:00:07	조정민	안녕하세요. 카이보호자입니다.
지금 통화가 어려워서 톡으로 연락드립니다.
6933	카이	2025-10-01 18:00:07	SD동물의료센터 서울점	채팅 운영시간 안내
6933	카이	2025-10-01 18:00:07	SD동물의료센터 서울점	✅ 본 채널에서는 진료 예약과 입원 환자 사진·안내를 받아보실 수 있습니다.(14:00-16:00, 1회)

📌 다만, 진료·증상 상담은 채널에서 진행하지 않으며, 내원 시 의료진과 직접 상담 부탁드립니다.

더 나은 진료서비스를 위해 최선을 다하겠습니다. 감사합니다.
6933	카이	2025-10-01 18:02:34	조정민	약이 모자라 내과는 11/1 진료가 어려울 것 같습니다.
유수진과장님 휴무일을 알 수 있을까요?
6933	카이	2025-10-01 18:02:34	SD동물의료센터 서울점	채팅 운영시간 안내
6933	카이	2025-10-01 18:02:34	SD동물의료센터 서울점	✅ 본 채널에서는 진료 예약과 입원 환자 사진·안내를 받아보실 수 있습니다.(14:00-16:00, 1회)

📌 다만, 진료·증상 상담은 채널에서 진행하지 않으며, 내원 시 의료진과 직접 상담 부탁드립니다.

더 나은 진료서비스를 위해 최선을 다하겠습니다. 감사합니다.
6933	카이	2025-10-01 21:34:29	SD동물의료센터 서울점	인녕하세요 .카이보호자님 금일 카이 재활영상 보내드리겠습니다. 감사합니다 :)
6933	카이	2025-10-01 21:34:46	SD동물의료센터 서울점	사진
6933	카이	2025-10-01 21:34:49	SD동물의료센터 서울점	동영상
6933	카이	2025-10-01 21:34:49	SD동물의료센터 서울점	동영상
6933	카이	2025-10-01 21:34:49	SD동물의료센터 서울점	동영상
6933	카이	2025-10-01 21:34:52	SD동물의료센터 서울점	동영상
6933	카이	2025-10-01 21:34:52	SD동물의료센터 서울점	동영상
6933	카이	2025-10-01 21:34:54	SD동물의료센터 서울점	동영상
6933	카이	2025-10-01 21:34:55	SD동물의료센터 서울점	동영상
6933	카이	2025-10-18 21:55:45	SD동물의료센터 서울점	동영상
6933	카이	2025-10-18 21:55:45	SD동물의료센터 서울점	동영상
6933	카이	2025-10-18 21:55:47	SD동물의료센터 서울점	동영상
6933	카이	2025-10-18 21:55:48	SD동물의료센터 서울점	동영상
6933	카이	2025-10-18 21:55:48	SD동물의료센터 서울점	동영상
6933	카이	2025-10-18 21:55:50	SD동물의료센터 서울점	동영상
6933	카이	2025-10-18 21:55:52	SD동물의료센터 서울점	안녕하세요 카이 보호자님! 금일 카이 재활 영상 보내드립니다, 감사합니다 😊
6933	카이	2025-11-01 20:57:01	SD동물의료센터 서울점	안녕하세요 금일 카이 재활 영상 보내드리겠습니다 감사합니다:)
6933	카이	2025-11-01 20:57:23	SD동물의료센터 서울점	동영상
6933	카이	2025-11-01 20:57:24	SD동물의료센터 서울점	동영상
6933	카이	2025-11-01 20:57:26	SD동물의료센터 서울점	동영상
6933	카이	2025-11-01 20:57:27	SD동물의료센터 서울점	동영상
6933	카이	2025-11-01 20:57:28	SD동물의료센터 서울점	동영상
6933	카이	2025-11-01 20:57:29	SD동물의료센터 서울점	동영상
6933	카이	2025-11-01 20:57:30	SD동물의료센터 서울점	동영상
6933	카이	2025-11-15 15:40:59	SD동물의료센터 서울점	동영상
6933	카이	2025-11-15 15:40:59	SD동물의료센터 서울점	동영상
6933	카이	2025-11-15 15:41:00	SD동물의료센터 서울점	동영상
6933	카이	2025-11-15 15:41:03	SD동물의료센터 서울점	동영상
6933	카이	2025-11-15 15:41:04	SD동물의료센터 서울점	동영상
6933	카이	2025-11-15 15:41:04	SD동물의료센터 서울점	동영상
6933	카이	2025-11-15 15:41:06	SD동물의료센터 서울점	동영상
6933	카이	2025-11-15 15:41:07	SD동물의료센터 서울점	안녕하세요 카이 보호자님! 금일 진행한 카이 재활 영상 보내드립니다, 감사합니다 😊
6933	카이	2025-11-29 18:22:09	SD동물의료센터 서울점	동영상
6933	카이	2025-11-29 18:22:10	SD동물의료센터 서울점	동영상
6933	카이	2025-11-29 18:22:10	SD동물의료센터 서울점	동영상
6933	카이	2025-11-29 18:22:13	SD동물의료센터 서울점	동영상
6933	카이	2025-11-29 18:22:13	SD동물의료센터 서울점	동영상
6933	카이	2025-11-29 18:22:15	SD동물의료센터 서울점	카이 보호자님~ 안녕하세요! 카이 오늘 진행한 재활 영상 보내드립니다:) 감사합니다.
6933	카이	2025-11-30 10:45:13	조정민	안녕하세요~ 재활 후 이응호원장님과 진료보면서 볼위에서 운동하는 영상도 보여주셨는데 혹시 그 영상도 받을 수 있을까요?😊
6933	카이	2025-11-30 10:45:13	SD동물의료센터 서울점	채팅 운영시간 안내
6933	카이	2025-11-30 10:45:13	SD동물의료센터 서울점	✅ 본 채널에서는 진료 예약과 입원 환자 사진·안내를 받아보실 수 있습니다. (14:00~16:00, 1회)

📌 다만, 진료·증상 상담은 채널에서 진행하지 않으며, 내원 시 의료진과 직접 상담 부탁드립니다.

더 나은 진료 서비스를 위해 최선을 다하겠습니다. 감사합니다.
6933	카이	2025-11-30 10:54:53	SD동물의료센터 서울점	동영상
6933	카이	2025-11-30 10:55:28	SD동물의료센터 서울점	안녕하세요 보호자님 :) 카이 어제 진행한 재활 영상 추가로 보내드립니다. 감사합니다 :)
6933	카이	2025-11-30 10:55:37	조정민	감사합니다💗
6933	카이	2025-11-30 10:55:37	SD동물의료센터 서울점	채팅 운영시간 안내
6933	카이	2025-11-30 10:55:37	SD동물의료센터 서울점	✅ 본 채널에서는 진료 예약과 입원 환자 사진·안내를 받아보실 수 있습니다. (14:00~16:00, 1회)

📌 다만, 진료·증상 상담은 채널에서 진행하지 않으며, 내원 시 의료진과 직접 상담 부탁드립니다.

더 나은 진료 서비스를 위해 최선을 다하겠습니다. 감사합니다.
6933	카이	2025-12-27 22:07:51	SD동물의료센터 서울점	동영상
6933	카이	2025-12-27 22:07:51	SD동물의료센터 서울점	동영상
6933	카이	2025-12-27 22:07:54	SD동물의료센터 서울점	동영상
6933	카이	2025-12-27 22:07:57	SD동물의료센터 서울점	동영상
6933	카이	2025-12-27 22:08:05	SD동물의료센터 서울점	안녕하세요 카이 금일 진행한 재활 영상 보내드릴게요 감사합니다!
6933	카이	2026-01-13 15:53:24	SD동물의료센터 서울점	동영상
6933	카이	2026-01-13 15:53:24	SD동물의료센터 서울점	동영상
6933	카이	2026-01-13 15:53:24	SD동물의료센터 서울점	동영상
6933	카이	2026-01-13 15:53:27	SD동물의료센터 서울점	동영상
6933	카이	2026-01-13 15:53:28	SD동물의료센터 서울점	동영상
6933	카이	2026-01-13 15:53:29	SD동물의료센터 서울점	안녕하세요 카이 보호자님! 1월 10일에 진행된 카이 재활 영상 보내드립니다, 감사합니다 😊
6933	카이	2026-01-29 13:40:44	조정민	진료시간/영업시간
6933	카이	2026-01-29 13:40:44	SD동물의료센터 서울점(메뉴)	SD동물의료센터 서울점은
365일 24시간 연중무휴
아이들을 돌보고 있습니다.

◼︎ 주간진료 : 오전 10시~오후 10시
◼︎ 야간진료 : 오후 10시~오전 10시
◼︎ 회진시간 : 오후 1시~오후 2시

* 우리 병원은 진료예약 우선제로 예약환자를 우선으로 진료합니다. 
* 예약 없이 내원시, 대기시간이 발생할 수 있는 점 양해부탁드립니다.
* 회진시간에는 입원환자 인계업무로 인해 진료가 불가합니다. 

🚨 응급상황 발생 시, 본원 대표전화(02-2039-0303)로 연락주세요!
6933	카이	2026-01-29 13:41:19	조정민	안녕하세요~ 
카이 지난주 토요일에 재활한 영상이 안와서요~ 
확인부탁드립니다:)
6933	카이	2026-01-29 13:41:19	SD동물의료센터 서울점	채팅 운영시간 안내
6933	카이	2026-01-29 13:41:19	SD동물의료센터 서울점	✅ 본 채널에서는 진료 예약과 입원 환자 사진·안내를 받아보실 수 있습니다. (14:00~16:00, 1회)

📌 다만, 진료·증상 상담은 채널에서 진행하지 않으며, 내원 시 의료진과 직접 상담 부탁드립니다.

더 나은 진료 서비스를 위해 최선을 다하겠습니다. 감사합니다.
6933	카이	2026-01-29 13:44:31	SD동물의료센터 서울점	네 보호자님 확인 후 전송드리겠습니다
6933	카이	2026-01-29 18:26:09	SD동물의료센터 서울점	동영상
6933	카이	2026-01-29 18:26:09	SD동물의료센터 서울점	동영상
6933	카이	2026-01-29 18:26:09	SD동물의료센터 서울점	동영상
6933	카이	2026-01-29 18:26:13	SD동물의료센터 서울점	동영상
6933	카이	2026-01-29 18:26:16	SD동물의료센터 서울점	안녕하세요 보호자님 카이 24일 재활한 동영상 보내드리겠습니다 감사합니다
6933	카이	2026-02-14 15:26:52	조정민	안녕하세요~ 카이 보호자입니다:)
수요일 재활영상이 안와서요!
확인 부탁드립니다~
6933	카이	2026-02-14 15:26:52	SD동물의료센터 서울점	채팅 운영시간 안내
6933	카이	2026-02-14 15:26:52	SD동물의료센터 서울점	✅ 본 채널에서는 진료 예약과 입원 환자 사진·안내를 받아보실 수 있습니다. (14:00~16:00, 1회)

📌 다만, 진료·증상 상담은 채널에서 진행하지 않으며, 내원 시 의료진과 직접 상담 부탁드립니다.

더 나은 진료 서비스를 위해 최선을 다하겠습니다. 감사합니다.
6933	카이	2026-02-14 15:44:07	SD동물의료센터 서울점	보호자님. 안녕하세요. 확인해보고 전송드리겠습니다. 번거롭게 해드려 죄송합니다.
6933	카이	2026-02-14 18:39:07	SD동물의료센터 서울점	동영상
6933	카이	2026-02-14 18:39:09	SD동물의료센터 서울점	동영상
6933	카이	2026-02-14 18:39:10	SD동물의료센터 서울점	동영상
6933	카이	2026-02-14 18:39:11	SD동물의료센터 서울점	동영상
6933	카이	2026-02-14 18:39:13	SD동물의료센터 서울점	동영상
6933	카이	2026-02-14 18:39:14	SD동물의료센터 서울점	동영상
6933	카이	2026-02-14 18:39:15	SD동물의료센터 서울점	동영상
6933	카이	2026-02-14 18:39:16	SD동물의료센터 서울점	동영상
6933	카이	2026-02-14 18:39:17	SD동물의료센터 서울점	동영상
6933	카이	2026-02-14 18:39:19	SD동물의료센터 서울점	동영상
6933	카이	2026-02-14 18:39:20	SD동물의료센터 서울점	동영상
6933	카이	2026-02-14 18:39:22	SD동물의료센터 서울점	동영상
6933	카이	2026-02-14 18:39:53	SD동물의료센터 서울점	안녕하세요, 카이 보호자님!
11일에 진행했던 카이 재활 사진과 영상 보내드립니다. 감사합니다 :)
6933	카이	2026-02-26 18:04:04	SD동물의료센터 서울점	동영상
6933	카이	2026-02-26 18:04:05	SD동물의료센터 서울점	동영상
6933	카이	2026-02-26 18:04:05	SD동물의료센터 서울점	동영상
6933	카이	2026-02-26 18:04:09	SD동물의료센터 서울점	동영상
6933	카이	2026-02-26 18:04:09	SD동물의료센터 서울점	동영상
6933	카이	2026-02-26 18:04:09	SD동물의료센터 서울점	동영상
6933	카이	2026-02-26 18:04:13	SD동물의료센터 서울점	카이 보호자님~ 안녕하세요! 카이 오늘 재활 영상 보내드립니다. 감사합니다:)
6933	카이	2026-03-21 10:04:34	조정민	안녕하세요~ 카이보호자입니다.
오늘 2시반에 재활예약인데 카이가 기침이 심해요..
식도염으로 어제 저녁부터 약을 먹고 있고 어제보단 나아졌지만 계속 기침이 있는데 재활가도 될까요?
6933	카이	2026-03-21 10:04:34	SD동물의료센터 서울점	채팅 운영시간 안내
6933	카이	2026-03-21 10:04:34	SD동물의료센터 서울점	✅ 본 채널에서는 진료 예약과 입원 환자 사진·안내를 받아보실 수 있습니다. (14:00~16:00, 1회)

📌 다만, 진료·증상 상담은 채널에서 진행하지 않으며, 내원 시 의료진과 직접 상담 부탁드립니다.

더 나은 진료 서비스를 위해 최선을 다하겠습니다. 감사합니다.
6933	카이	2026-03-21 10:04:42	조정민	동영상
6933	카이	2026-03-21 10:04:42	SD동물의료센터 서울점	채팅 운영시간 안내
6933	카이	2026-03-21 10:04:42	SD동물의료센터 서울점	✅ 본 채널에서는 진료 예약과 입원 환자 사진·안내를 받아보실 수 있습니다. (14:00~16:00, 1회)

📌 다만, 진료·증상 상담은 채널에서 진행하지 않으며, 내원 시 의료진과 직접 상담 부탁드립니다.

더 나은 진료 서비스를 위해 최선을 다하겠습니다. 감사합니다.
6933	카이	2026-03-21 10:09:17	SD동물의료센터 서울점	안녕하세요 보호자님 주치의선생님께 전달 드리겠습니다 확인 후 연락드리겠습니다
6933	카이	2026-03-21 11:06:26	SD동물의료센터 서울점	보호자님 금일 재활예약은 취소해 드리겟습니다 내과진료는 괜찮으실까요?
6933	카이	2026-03-21 11:07:48	조정민	내과진료는 어제 근처병원에서 봐서 괜찮을 것 같아요!
혹시 재활 다음주 토요일 비는 시간이 있을까요?
6933	카이	2026-03-21 11:07:48	SD동물의료센터 서울점	채팅 운영시간 안내
6933	카이	2026-03-21 11:07:48	SD동물의료센터 서울점	✅ 본 채널에서는 진료 예약과 입원 환자 사진·안내를 받아보실 수 있습니다. (14:00~16:00, 1회)

📌 다만, 진료·증상 상담은 채널에서 진행하지 않으며, 내원 시 의료진과 직접 상담 부탁드립니다.

더 나은 진료 서비스를 위해 최선을 다하겠습니다. 감사합니다.
6933	카이	2026-03-21 11:09:14	SD동물의료센터 서울점	3.28(토) 14:30 가능합니다
6933	카이	2026-03-21 11:09:52	조정민	그럼 예약 부탁드릴게요~
갑작스럽게 취소하게 되어 죄송합니다ㅠㅠ
6933	카이	2026-03-21 11:09:52	SD동물의료센터 서울점	채팅 운영시간 안내
6933	카이	2026-03-21 11:09:52	SD동물의료센터 서울점	✅ 본 채널에서는 진료 예약과 입원 환자 사진·안내를 받아보실 수 있습니다. (14:00~16:00, 1회)

📌 다만, 진료·증상 상담은 채널에서 진행하지 않으며, 내원 시 의료진과 직접 상담 부탁드립니다.

더 나은 진료 서비스를 위해 최선을 다하겠습니다. 감사합니다.
6933	카이	2026-03-21 11:10:20	SD동물의료센터 서울점	아니에요 괜찮습니다 그러면 다음주 3/28(토) 14:30 재활예약 도와드리겠습니다 감사합니다:)
6933	카이	2026-03-28 17:11:24	SD동물의료센터 서울점	동영상
6933	카이	2026-03-28 17:11:25	SD동물의료센터 서울점	동영상
6933	카이	2026-03-28 17:11:25	SD동물의료센터 서울점	동영상
6933	카이	2026-03-28 17:11:28	SD동물의료센터 서울점	동영상
6933	카이	2026-03-28 17:11:28	SD동물의료센터 서울점	동영상
6933	카이	2026-03-28 17:11:29	SD동물의료센터 서울점	동영상
6933	카이	2026-03-28 17:11:42	SD동물의료센터 서울점	안녕하세요 카이 보호자님! 금일 진행된 카이 재활 영상 보내드립니다, 감사합니다 :)
6933	카이	2026-04-09 19:44:31	조정민	안녕하세요. 카이보호자입니다.
카이 내일 예약 모두 취소 부탁드리겠습니다.
도저히 갈 수 있는 여건이 안되서요ㅠㅠ
죄송합니다.
6933	카이	2026-04-09 19:44:31	SD동물의료센터 서울점	채팅 운영시간 안내
6933	카이	2026-04-09 19:44:31	SD동물의료센터 서울점	✅ 본 채널에서는 진료 예약과 입원 환자 사진·안내를 받아보실 수 있습니다. (14:00~16:00, 1회)

📌 다만, 진료·증상 상담은 채널에서 진행하지 않으며, 내원 시 의료진과 직접 상담 부탁드립니다.

더 나은 진료 서비스를 위해 최선을 다하겠습니다. 감사합니다.
6933	카이	2026-04-09 20:16:16	SD동물의료센터 서울점	안녕하세요 보호자님.
시간변경 말고 우선 다 취소처리 해 드릴까요?
시간 되실 때 다시 한번 연락주세요 :)
6933	카이	2026-04-09 20:16:32	SD동물의료센터 서울점	11일 토요일 예약도 못 오시는게 맞으실까요?
6933	카이	2026-04-09 20:18:22	조정민	11일 토요일은 갑니다!
금요일에 갈 수가 없어서요ㅠㅠ
6933	카이	2026-04-09 20:18:22	SD동물의료센터 서울점	채팅 운영시간 안내
6933	카이	2026-04-09 20:18:22	SD동물의료센터 서울점	✅ 본 채널에서는 진료 예약과 입원 환자 사진·안내를 받아보실 수 있습니다. (14:00~16:00, 1회)

📌 다만, 진료·증상 상담은 채널에서 진행하지 않으며, 내원 시 의료진과 직접 상담 부탁드립니다.

더 나은 진료 서비스를 위해 최선을 다하겠습니다. 감사합니다.
6933	카이	2026-04-09 20:25:36	SD동물의료센터 서울점	네 알겠습니다. :)
그럼 익일 예약만 취소 해드리겠습니다.
토요일날 뵙겠습니다.
6933	카이	2026-04-15 18:04:26	SD동물의료센터 서울점	동영상
6933	카이	2026-04-15 18:04:27	SD동물의료센터 서울점	동영상
6933	카이	2026-04-15 18:04:27	SD동물의료센터 서울점	동영상
6933	카이	2026-04-15 18:04:28	SD동물의료센터 서울점	동영상
6933	카이	2026-04-15 18:04:30	SD동물의료센터 서울점	동영상
6933	카이	2026-04-15 18:04:30	SD동물의료센터 서울점	동영상
6933	카이	2026-04-15 18:04:33	SD동물의료센터 서울점	동영상
6933	카이	2026-04-15 18:04:33	SD동물의료센터 서울점	동영상
6933	카이	2026-04-15 18:04:33	SD동물의료센터 서울점	동영상
6933	카이	2026-04-15 18:04:36	SD동물의료센터 서울점	동영상
6933	카이	2026-04-15 18:04:55	SD동물의료센터 서울점	안녕하세요 카이 보호자님! 금일 진행한 카이 재활 영상 보내드립니다, 감사합니다 :)
6933	카이	2026-04-20 14:03:45	SD동물의료센터 서울점	사진
6933	카이	2026-04-20 14:03:47	SD동물의료센터 서울점	동영상
6933	카이	2026-04-20 14:03:50	SD동물의료센터 서울점	안녕하세요:) 카이 보호자님! 카이는 현재 장 안에서 수액 맞으면서 휴식중이며 휴식중인 사진과 영상 보내드립니다. 감사합니다!
6933	카이	2026-04-20 14:04:44	조정민	어리광 엄청 심한 어르신이라 잘부탁드릴게요😭
6933	카이	2026-04-20 14:04:44	SD동물의료센터 서울점	채팅 운영시간 안내
6933	카이	2026-04-20 14:04:44	SD동물의료센터 서울점	✅ 본 채널에서는 진료 예약과 입원 환자 사진·안내를 받아보실 수 있습니다. (14:00~16:00, 1회)

📌 다만, 진료·증상 상담은 채널에서 진행하지 않으며, 내원 시 의료진과 직접 상담 부탁드립니다.

더 나은 진료 서비스를 위해 최선을 다하겠습니다. 감사합니다.
6933	카이	2026-04-21 10:07:54	SD동물의료센터 서울점	✅ 본 채널에서는 진료 예약과 입원 환자 사진·안내를 받아보실 수 있습니다. (14:00~16:00, 1회)

📌 다만, 진료·증상 상담은 채널에서 진행하지 않으며, 내원 시 의료진과 직접 상담 부탁드립니다.

더 나은 진료 서비스를 위해 최선을 다하겠습니다. 감사합니다.
6933	카이	2026-04-21 10:07:54	조정민	안녕하세요, 카이 보호자 입니다:)
혹시 카이 어제 저녁과 오늘 아침을 먹었을까요?
6933	카이	2026-04-21 10:07:54	SD동물의료센터 서울점	채팅 운영시간 안내
6933	카이	2026-04-21 13:50:48	SD동물의료센터 서울점	사진
6933	카이	2026-04-21 13:50:52	SD동물의료센터 서울점	동영상
6933	카이	2026-04-21 13:51:20	SD동물의료센터 서울점	안녕하세요 카이 보호자님! 카이는 오늘 아침 식이 스스로 잘 먹어주었으며 전날 식이 또한 잘 먹었습니다. 카이 소변도 보았으며 현재 입원장 안에서 수액 맞으면서 휴식 중이고 쉬고 있는 영상과 함께 사진 보내드리겠습니다! 감사합니다 :)
6933	카이	2026-04-22 15:51:32	SD동물의료센터 서울점	동영상
6933	카이	2026-04-22 15:52:49	SD동물의료센터 서울점	보호자님 안녕하세요. 카이 귀여운 영상 보내드립니다. 감사합니다.
6933	카이	2026-04-22 15:54:59	조정민	꾸벅꾸벅 조는 개르신ㅎㅎ
영상 보내주셔서 감사합니다😊
6933	카이	2026-04-22 15:54:59	SD동물의료센터 서울점	채팅 운영시간 안내
6933	카이	2026-04-22 15:54:59	SD동물의료센터 서울점	✅ 본 채널에서는 진료 예약과 입원 환자 사진·안내를 받아보실 수 있습니다. (14:00~16:00, 1회)

📌 다만, 진료·증상 상담은 채널에서 진행하지 않으며, 내원 시 의료진과 직접 상담 부탁드립니다.

더 나은 진료 서비스를 위해 최선을 다하겠습니다. 감사합니다.
6933	카이	2026-04-22 15:59:13	SD동물의료센터 서울점	어르신이지만 너무 귀엽습니다. ^^
6933	카이	2026-05-09 19:22:59	SD동물의료센터 서울점	동영상
6933	카이	2026-05-09 19:23:00	SD동물의료센터 서울점	동영상
6933	카이	2026-05-09 19:23:00	SD동물의료센터 서울점	동영상
6933	카이	2026-05-09 19:23:03	SD동물의료센터 서울점	동영상
6933	카이	2026-05-09 19:23:03	SD동물의료센터 서울점	동영상
6933	카이	2026-05-09 19:23:03	SD동물의료센터 서울점	동영상
6933	카이	2026-05-09 19:23:07	SD동물의료센터 서울점	동영상
6933	카이	2026-05-09 19:23:08	SD동물의료센터 서울점	카이 보호자님~ 안녕하세요! 카이 오늘 진행한 재활 사진과 영상 보내드립니다:) 감사합니다!
6933	카이	2026-05-23 18:40:38	조정민	사진
6933	카이	2026-05-23 18:40:39	SD동물의료센터 서울점	✅ 본 채널에서는 진료 예약과 입원 환자 사진·안내를 받아보실 수 있습니다. (14:00~16:00, 1회)

📌 다만, 진료·증상 상담은 채널에서 진행하지 않으며, 내원 시 의료진과 직접 상담 부탁드립니다.

더 나은 진료 서비스를 위해 최선을 다하겠습니다. 감사합니다.
6933	카이	2026-05-23 18:40:39	조정민	안녕하세요~ 유수진 과장님이 진료시에 요 사진 보내달라고 하셔서...보내드려요...
6933	카이	2026-05-23 18:40:39	SD동물의료센터 서울점	채팅 운영시간 안내
6933	카이	2026-05-23 18:40:39	SD동물의료센터 서울점	✅ 본 채널에서는 진료 예약과 입원 환자 사진·안내를 받아보실 수 있습니다. (14:00~16:00, 1회)

📌 다만, 진료·증상 상담은 채널에서 진행하지 않으며, 내원 시 의료진과 직접 상담 부탁드립니다.

더 나은 진료 서비스를 위해 최선을 다하겠습니다. 감사합니다.
6933	카이	2026-05-23 18:40:39	SD동물의료센터 서울점	채팅 운영시간 안내
6933	카이	2026-06-03 14:59:05	SD동물의료센터 서울점	동영상
6933	카이	2026-06-03 14:59:06	SD동물의료센터 서울점	동영상
6933	카이	2026-06-03 14:59:06	SD동물의료센터 서울점	동영상
6933	카이	2026-06-03 14:59:09	SD동물의료센터 서울점	동영상
6933	카이	2026-06-03 14:59:09	SD동물의료센터 서울점	동영상
6933	카이	2026-06-03 14:59:11	SD동물의료센터 서울점	동영상
6933	카이	2026-06-03 14:59:13	SD동물의료센터 서울점	안녕하세요 카이 보호자님! 어제 진행한 카이 재활영상 보내드립니다, 감사합니다 😊
6933	카이	2026-06-03 15:01:28	SD동물의료센터 서울점	사진
6933	카이	2026-06-03 15:01:29	SD동물의료센터 서울점	재활 사진도 추가로 보내드립니다, 감사합니다 :)
6933	카이	2026-06-20 21:34:53	SD동물의료센터 서울점	동영상
6933	카이	2026-06-20 21:34:54	SD동물의료센터 서울점	동영상
6933	카이	2026-06-20 21:34:54	SD동물의료센터 서울점	동영상
6933	카이	2026-06-20 21:34:57	SD동물의료센터 서울점	동영상
6933	카이	2026-06-20 21:34:58	SD동물의료센터 서울점	동영상
6933	카이	2026-06-20 21:35:00	SD동물의료센터 서울점	동영상
6933	카이	2026-06-20 21:35:00	SD동물의료센터 서울점	동영상
6933	카이	2026-06-20 21:35:03	SD동물의료센터 서울점	동영상
6933	카이	2026-06-20 21:35:03	SD동물의료센터 서울점	동영상
6933	카이	2026-06-20 21:35:06	SD동물의료센터 서울점	동영상
6933	카이	2026-06-20 21:35:07	SD동물의료센터 서울점	안녕하세요, 카이 보호자님! 금일 진행한 카이 재활 사진과 영상 보내드립니다 :)
6933	카이	2026-07-04 21:37:21	SD동물의료센터 서울점	사진
6933	카이	2026-07-04 21:37:23	SD동물의료센터 서울점	동영상
6933	카이	2026-07-04 21:37:25	SD동물의료센터 서울점	동영상
6933	카이	2026-07-04 21:37:26	SD동물의료센터 서울점	동영상
6933	카이	2026-07-04 21:37:36	SD동물의료센터 서울점	안녕하세요, 카이 보호자님! 금일 진행한 카이 재활 사진과 영상 보내드립니다 :)
6933	카이	2026-07-18 21:46:18	SD동물의료센터 서울점	사진
6933	카이	2026-07-18 21:46:21	SD동물의료센터 서울점	동영상
6933	카이	2026-07-18 21:46:21	SD동물의료센터 서울점	동영상
6933	카이	2026-07-18 21:46:24	SD동물의료센터 서울점	동영상
6933	카이	2026-07-18 21:46:24	SD동물의료센터 서울점	동영상
6933	카이	2026-07-18 21:46:24	SD동물의료센터 서울점	동영상
6933	카이	2026-07-18 21:46:27	SD동물의료센터 서울점	동영상
6933	카이	2026-07-18 21:46:32	SD동물의료센터 서울점	안녕하세요, 카이 보호자님! 금일 진행한 카이 재활 사진과 영상 보내드립니다. 감사합니다 :)
6933	카이	2026-07-28 14:00:26	SD동물의료센터 서울점	(광고)7월의 SD링크가 도착했어요.
6933	카이	2026-08-01 18:20:03	SD동물의료센터 서울점	사진
6933	카이	2026-08-01 18:20:09	SD동물의료센터 서울점	동영상
6990	또리	2026-07-27 12:32:25	SD동물의료센터 서울점	'SD동물의료센터 서울점' 채널을 추가해 주셔서 감사합니다.
앞으로 다양한 소식과 혜택/정보를 메시지로 받으실 수 있습니다.

채널 추가 일시(한국시간 기준): 2026년 07월 27일 12:32 
수신거부: 홈>채널 차단
6990	또리	2026-07-27 12:32:25	SD동물의료센터 서울점	'SD동물의료센터 서울점' 카카오톡채널을 추가해주셔서 감사합니다.
앞으로 우리병원의 다양한 소식과 혜택/정보를 채널 메세지로 받아보실 수 있습니다.

* 응급상황의 경우, 대표번호를 통해 전화상담 부탁드립니다.

📞 02-2039-0303
6990	또리	2026-07-27 12:33:17	갱이	또리
6990	또리	2026-07-27 12:33:17	SD동물의료센터 서울점	채팅 운영시간 안내
6990	또리	2026-07-27 12:33:17	SD동물의료센터 서울점	✅ 본 채널에서는 진료 예약과 입원 환자 사진·안내를 받아보실 수 있습니다. (14:00~16:00, 1회)

📌 다만, 진료·증상 상담은 채널에서 진행하지 않으며, 내원 시 의료진과 직접 상담 부탁드립니다.

더 나은 진료 서비스를 위해 최선을 다하겠습니다. 감사합니다.
6990	또리	2026-07-27 12:33:58	갱이	동영상
6990	또리	2026-07-27 12:33:58	SD동물의료센터 서울점	채팅 운영시간 안내
6990	또리	2026-07-27 12:33:58	SD동물의료센터 서울점	✅ 본 채널에서는 진료 예약과 입원 환자 사진·안내를 받아보실 수 있습니다. (14:00~16:00, 1회)

📌 다만, 진료·증상 상담은 채널에서 진행하지 않으며, 내원 시 의료진과 직접 상담 부탁드립니다.

더 나은 진료 서비스를 위해 최선을 다하겠습니다. 감사합니다.
6990	또리	2026-07-27 12:34:32	갱이	동영상
6990	또리	2026-07-27 12:34:32	SD동물의료센터 서울점	채팅 운영시간 안내
6990	또리	2026-07-27 12:34:32	SD동물의료센터 서울점	✅ 본 채널에서는 진료 예약과 입원 환자 사진·안내를 받아보실 수 있습니다. (14:00~16:00, 1회)

📌 다만, 진료·증상 상담은 채널에서 진행하지 않으며, 내원 시 의료진과 직접 상담 부탁드립니다.

더 나은 진료 서비스를 위해 최선을 다하겠습니다. 감사합니다.
6990	또리	2026-07-27 12:36:33	갱이	오시는길 안내
6990	또리	2026-07-27 12:36:33	SD동물의료센터 서울점(메뉴)	SD동물의료센터 서울점 
오시는 길 안내드립니다.

◼︎ 주소 
서울특별시 중구 왕십리로 407,
신당파인힐하나유보라 상가 2층

🚗 자동차 이용시, 신당파인힐하나유보라’ 상가 주차장을 이용해주세요. (무료주차 가능합니다.)

🚊 지하철 이용시, 2호선 상왕십리역 6번 출구와 신당역 3번 출구 사이에 위치하고 있습니다.

문의사항은 본원 대표전화(02-2039-0303)로 연락부탁드립니다.
6990	또리	2026-07-27 12:40:21	SD동물의료센터 서울점	조제되면 연락드리겠습니다.
감사합니다.
6990	또리	2026-07-28 14:00:27	SD동물의료센터 서울점	(광고)7월의 SD링크가 도착했어요.
6990	또리	2026-07-28 14:25:38	갱이	지혈제도 오늘 먹일거만 남았습니다 참고부탁드립니다!
6990	또리	2026-07-28 14:25:38	SD동물의료센터 서울점	채팅 운영시간 안내
6990	또리	2026-07-28 14:25:38	SD동물의료센터 서울점	✅ 본 채널에서는 진료 예약과 입원 환자 사진·안내를 받아보실 수 있습니다. (14:00~16:00, 1회)

📌 다만, 진료·증상 상담은 채널에서 진행하지 않으며, 내원 시 의료진과 직접 상담 부탁드립니다.

더 나은 진료 서비스를 위해 최선을 다하겠습니다. 감사합니다.
6990	또리	2026-07-28 20:32:03	SD동물의료센터 서울점	보호자님 선생님께서 7월 31일로 예약 잡아달라 하셔서 혹시 오후 12시 / 오후 2시반 ~ 5시반 중 내원 가능하신 시간 있으실까요?
6990	또리	2026-07-29 14:40:53	갱이	2시반으로 예약 잡아주세요!!
6990	또리	2026-07-29 14:40:53	SD동물의료센터 서울점	채팅 운영시간 안내
6990	또리	2026-07-29 14:40:53	SD동물의료센터 서울점	✅ 본 채널에서는 진료 예약과 입원 환자 사진·안내를 받아보실 수 있습니다. (14:00~16:00, 1회)

📌 다만, 진료·증상 상담은 채널에서 진행하지 않으며, 내원 시 의료진과 직접 상담 부탁드립니다.

더 나은 진료 서비스를 위해 최선을 다하겠습니다. 감사합니다.
6990	또리	2026-07-29 14:42:32	SD동물의료센터 서울점	네 보호자님 7/31 금 14:30에 뵙겠습니다 :)
6990	또리	2026-07-29 14:55:01	갱이	넵 알겠습니다!
6990	또리	2026-07-29 14:55:01	SD동물의료센터 서울점	채팅 운영시간 안내
6990	또리	2026-07-29 14:55:01	SD동물의료센터 서울점	✅ 본 채널에서는 진료 예약과 입원 환자 사진·안내를 받아보실 수 있습니다. (14:00~16:00, 1회)

📌 다만, 진료·증상 상담은 채널에서 진행하지 않으며, 내원 시 의료진과 직접 상담 부탁드립니다.

더 나은 진료 서비스를 위해 최선을 다하겠습니다. 감사합니다.
6990	또리	2026-08-07 13:15:47	갱이	또리 보호자 이선경입니다
마지막에 처방받은 약 3일치 받으려구요!
오늘 7시~7시30분에 방문 가능합니다.
6990	또리	2026-08-07 13:15:47	SD동물의료센터 서울점	채팅 운영시간 안내
6990	또리	2026-08-07 13:15:47	SD동물의료센터 서울점	✅ 본 채널에서는 진료 예약과 입원 환자 사진·안내를 받아보실 수 있습니다. (14:00~16:00, 1회)

📌 다만, 진료·증상 상담은 채널에서 진행하지 않으며, 내원 시 의료진과 직접 상담 부탁드립니다.

더 나은 진료 서비스를 위해 최선을 다하겠습니다. 감사합니다.
6990	또리	2026-08-07 13:17:47	SD동물의료센터 서울점	네 보호자님 아이 특이사항은 없었을까요?
6990	또리	2026-08-07 13:18:39	갱이	사진
6990	또리	2026-08-07 13:18:39	SD동물의료센터 서울점	채팅 운영시간 안내
6990	또리	2026-08-07 13:18:40	SD동물의료센터 서울점	✅ 본 채널에서는 진료 예약과 입원 환자 사진·안내를 받아보실 수 있습니다. (14:00~16:00, 1회)

📌 다만, 진료·증상 상담은 채널에서 진행하지 않으며, 내원 시 의료진과 직접 상담 부탁드립니다.

더 나은 진료 서비스를 위해 최선을 다하겠습니다. 감사합니다.
6990	또리	2026-08-07 13:18:49	갱이	오늘 아침에 혀가 많이 나오기 시작했어요
6990	또리	2026-08-07 13:18:49	SD동물의료센터 서울점	채팅 운영시간 안내
6990	또리	2026-08-07 13:18:49	SD동물의료센터 서울점	✅ 본 채널에서는 진료 예약과 입원 환자 사진·안내를 받아보실 수 있습니다. (14:00~16:00, 1회)

📌 다만, 진료·증상 상담은 채널에서 진행하지 않으며, 내원 시 의료진과 직접 상담 부탁드립니다.

더 나은 진료 서비스를 위해 최선을 다하겠습니다. 감사합니다.
6990	또리	2026-08-07 13:19:17	SD동물의료센터 서울점	✅ 본 채널에서는 진료 예약과 입원 환자 사진·안내를 받아보실 수 있습니다. (14:00~16:00, 1회)

📌 다만, 진료·증상 상담은 채널에서 진행하지 않으며, 내원 시 의료진과 직접 상담 부탁드립니다.

더 나은 진료 서비스를 위해 최선을 다하겠습니다. 감사합니다.
6990	또리	2026-08-07 13:19:17	갱이	그거말고는 약 먹이면 써클링 증상은 덜합니다..!
6990	또리	2026-08-07 13:19:17	SD동물의료센터 서울점	채팅 운영시간 안내
6990	또리	2026-08-07 13:19:56	SD동물의료센터 서울점	네 보호자님 아이 특이사항 주치의선생님께 전달드리겠습니다 :)
6990	또리	2026-08-07 13:20:40	갱이	동영상
6990	또리	2026-08-07 13:20:40	SD동물의료센터 서울점	채팅 운영시간 안내
6990	또리	2026-08-07 13:20:40	SD동물의료센터 서울점	✅ 본 채널에서는 진료 예약과 입원 환자 사진·안내를 받아보실 수 있습니다. (14:00~16:00, 1회)

📌 다만, 진료·증상 상담은 채널에서 진행하지 않으며, 내원 시 의료진과 직접 상담 부탁드립니다.

더 나은 진료 서비스를 위해 최선을 다하겠습니다. 감사합니다.
6990	또리	2026-08-07 13:20:45	갱이	넵 감사합니다.
6990	또리	2026-08-07 13:20:45	SD동물의료센터 서울점	채팅 운영시간 안내
6990	또리	2026-08-07 13:20:45	SD동물의료센터 서울점	✅ 본 채널에서는 진료 예약과 입원 환자 사진·안내를 받아보실 수 있습니다. (14:00~16:00, 1회)

📌 다만, 진료·증상 상담은 채널에서 진행하지 않으며, 내원 시 의료진과 직접 상담 부탁드립니다.

더 나은 진료 서비스를 위해 최선을 다하겠습니다. 감사합니다.
6990	또리	2026-08-07 15:00:01	갱이	약 제조전에
6990	또리	2026-08-07 15:00:01	SD동물의료센터 서울점	채팅 운영시간 안내
6990	또리	2026-08-07 15:00:01	SD동물의료센터 서울점	✅ 본 채널에서는 진료 예약과 입원 환자 사진·안내를 받아보실 수 있습니다. (14:00~16:00, 1회)

📌 다만, 진료·증상 상담은 채널에서 진행하지 않으며, 내원 시 의료진과 직접 상담 부탁드립니다.

더 나은 진료 서비스를 위해 최선을 다하겠습니다. 감사합니다.
6990	또리	2026-08-07 15:00:18	갱이	주치의 선생님이랑 통화가능할까요..
6990	또리	2026-08-07 15:00:18	SD동물의료센터 서울점	채팅 운영시간 안내
6990	또리	2026-08-07 15:00:18	SD동물의료센터 서울점	✅ 본 채널에서는 진료 예약과 입원 환자 사진·안내를 받아보실 수 있습니다. (14:00~16:00, 1회)

📌 다만, 진료·증상 상담은 채널에서 진행하지 않으며, 내원 시 의료진과 직접 상담 부탁드립니다.

더 나은 진료 서비스를 위해 최선을 다하겠습니다. 감사합니다.
6990	또리	2026-08-07 15:01:57	갱이	사진
6990	또리	2026-08-07 15:01:57	SD동물의료센터 서울점	채팅 운영시간 안내
6990	또리	2026-08-07 15:01:57	SD동물의료센터 서울점	✅ 본 채널에서는 진료 예약과 입원 환자 사진·안내를 받아보실 수 있습니다. (14:00~16:00, 1회)

📌 다만, 진료·증상 상담은 채널에서 진행하지 않으며, 내원 시 의료진과 직접 상담 부탁드립니다.

더 나은 진료 서비스를 위해 최선을 다하겠습니다. 감사합니다.
6990	또리	2026-08-07 15:02:16	갱이	사진보여주시고 통화부탁드립니다...
6990	또리	2026-08-07 15:02:16	SD동물의료센터 서울점	채팅 운영시간 안내
6990	또리	2026-08-07 15:02:16	SD동물의료센터 서울점	✅ 본 채널에서는 진료 예약과 입원 환자 사진·안내를 받아보실 수 있습니다. (14:00~16:00, 1회)

📌 다만, 진료·증상 상담은 채널에서 진행하지 않으며, 내원 시 의료진과 직접 상담 부탁드립니다.

더 나은 진료 서비스를 위해 최선을 다하겠습니다. 감사합니다.
6990	또리	2026-08-07 15:08:56	SD동물의료센터 서울점	네 보호자님 주치의선생님께 전화상담요청 전달드리겠습니다. 다만, 예약된 진료일정으로 인해 빠른 연락이 어려운 점 양해부탁드립니다ㅠ
6990	또리	2026-08-07 15:09:41	갱이	네 알겠습니다.
6990	또리	2026-08-07 15:09:41	SD동물의료센터 서울점	채팅 운영시간 안내
6990	또리	2026-08-07 15:09:41	SD동물의료센터 서울점	✅ 본 채널에서는 진료 예약과 입원 환자 사진·안내를 받아보실 수 있습니다. (14:00~16:00, 1회)

📌 다만, 진료·증상 상담은 채널에서 진행하지 않으며, 내원 시 의료진과 직접 상담 부탁드립니다.

더 나은 진료 서비스를 위해 최선을 다하겠습니다. 감사합니다.
6990	또리	2026-08-10 08:02:12	갱이	안녕하세요 또리 주치의 선생님 오늘 제일 빠른시간이 언제일까요...안락사결정으로 연락드립니다
6990	또리	2026-08-10 08:02:12	SD동물의료센터 서울점	채팅 운영시간 안내
6990	또리	2026-08-10 08:02:12	SD동물의료센터 서울점	✅ 본 채널에서는 진료 예약과 입원 환자 사진·안내를 받아보실 수 있습니다. (14:00~16:00, 1회)

📌 다만, 진료·증상 상담은 채널에서 진행하지 않으며, 내원 시 의료진과 직접 상담 부탁드립니다.

더 나은 진료 서비스를 위해 최선을 다하겠습니다. 감사합니다.
6990	또리	2026-08-10 08:27:23	갱이	오시는길 안내
6990	또리	2026-08-10 08:27:23	SD동물의료센터 서울점(메뉴)	SD동물의료센터 서울점 
오시는 길 안내드립니다.

◼︎ 주소 
서울특별시 중구 왕십리로 407,
신당파인힐하나유보라 상가 2층

🚗 자동차 이용시, 신당파인힐하나유보라’ 상가 주차장을 이용해주세요. (무료주차 가능합니다.)

🚊 지하철 이용시, 2호선 상왕십리역 6번 출구와 신당역 3번 출구 사이에 위치하고 있습니다.

문의사항은 본원 대표전화(02-2039-0303)로 연락부탁드립니다.
6990	또리	2026-08-10 09:05:41	SD동물의료센터 서울점	안녕하세요 또리보호자님
유수진과장님 앞으로 금일 오후12시 예약이 가장 빠르십니다.
이때로 예약 도와드릴까요?
6990	또리	2026-08-10 09:06:42	갱이	네 12시로 예약부탁드립니다.
6990	또리	2026-08-10 09:06:42	SD동물의료센터 서울점	채팅 운영시간 안내
6990	또리	2026-08-10 09:06:42	SD동물의료센터 서울점	✅ 본 채널에서는 진료 예약과 입원 환자 사진·안내를 받아보실 수 있습니다. (14:00~16:00, 1회)

📌 다만, 진료·증상 상담은 채널에서 진행하지 않으며, 내원 시 의료진과 직접 상담 부탁드립니다.

더 나은 진료 서비스를 위해 최선을 다하겠습니다. 감사합니다.
6990	또리	2026-08-10 09:07:19	SD동물의료센터 서울점	네 보호자님
금일 12:00 예약 도와드렸습니다.
감사합니다.
6990	또리	2026-08-10 09:07:21	갱이	시간은 얼마나 걸리나요...
6990	또리	2026-08-10 09:07:21	SD동물의료센터 서울점	채팅 운영시간 안내
6990	또리	2026-08-10 09:07:21	SD동물의료센터 서울점	✅ 본 채널에서는 진료 예약과 입원 환자 사진·안내를 받아보실 수 있습니다. (14:00~16:00, 1회)

📌 다만, 진료·증상 상담은 채널에서 진행하지 않으며, 내원 시 의료진과 직접 상담 부탁드립니다.

더 나은 진료 서비스를 위해 최선을 다하겠습니다. 감사합니다.
6990	또리	2026-08-10 09:07:32	SD동물의료센터 서울점	자세한 상담은 내원하시면 안내 도와드리겠습니다.
감사합니다.
6990	또리	2026-08-10 09:07:54	갱이	네 알겠습니다
6990	또리	2026-08-10 09:07:54	SD동물의료센터 서울점	채팅 운영시간 안내
7726	지방이	2025-03-07 15:12:24	로또&버디👨‍👩‍👧‍👦	유튜브 바로가기
7726	지방이	2025-03-07 15:12:24	SD동물의료센터 서울점(메뉴)	SD동물의료센터 유튜브 채널  🎥

유튜브에서는 우리 병원의 소식과 진료정보, 반려동물 질환에 대한 다양한 정보들을 다뤄 볼 예정입니다. 

❤️ 구독과 좋아요 부탁드려요 ❤️
7726	지방이	2025-03-07 15:12:59	로또&버디👨‍👩‍👧‍👦	지방이
7726	지방이	2025-03-07 15:13:04	SD동물의료센터 서울점	아래 기간 동안 응모가 가능합니다. 
2025년 02월 28일~2025년 05월 31일
7726	지방이	2025-03-07 15:13:10	SD동물의료센터 서울점	쿠폰이 지급되었습니다. 
2025년 05월 31일까지 사용해주세요.
7726	지방이	2025-03-21 20:58:16	로또&버디👨‍👩‍👧‍👦	사진
7726	지방이	2025-03-21 20:58:25	로또&버디👨‍👩‍👧‍👦	지방이네 입니다
7726	지방이	2025-03-21 21:40:29	SD동물의료센터 서울점	안녕하세요 지방이 보호자님, 오늘 드린 소독솜으로 5분간 지혈하고 그래도 피가 많이 날 경우 내원해 주세요.
7726	지방이	2025-03-21 21:40:41	SD동물의료센터 서울점	연고는 일단 보류해 보시고 넥칼라 꼭 씌워주세요.
7726	지방이	2025-03-21 21:40:53	로또&버디👨‍👩‍👧‍👦	피는 멋었어요 
7726	지방이	2025-03-21 21:40:59	로또&버디👨‍👩‍👧‍👦	넥카라 해놓았어뇨
7726	지방이	2025-03-21 22:09:36	SD동물의료센터 서울점	실밥이 터지거나 출혈이 지속 될 경우에는 재진일 이전 내원 해주시고, 지혈 된 상태로 유지될 경우 소독 잘 해주시면 됩니다. ^^
7726	지방이	2025-05-12 13:45:07	로또&버디👨‍👩‍👧‍👦	안녕하세요
7726	지방이	2025-05-12 13:45:14	로또&버디👨‍👩‍👧‍👦	지방이네인데요 
7726	지방이	2025-05-12 13:45:31	로또&버디👨‍👩‍👧‍👦	지방이 먹는 사료 정보좀 주세요
7726	지방이	2025-05-12 14:14:11	SD동물의료센터 서울점	https://healmedix.com/UK
7726	지방이	2025-05-12 14:14:21	SD동물의료센터 서울점	https://healmedix.com/HA
7726	지방이	2025-05-12 14:14:35	SD동물의료센터 서울점	안녕하세요 보호자님
오늘 두 가지 사료 구매해 가셨습니다. :)
7726	지방이	2025-06-19 18:06:32	로또&버디👨‍👩‍👧‍👦	안녕하세요 지방이네입니다 내일 12시 진료인데요 다음주 평일 변경 부탁드립니다
7726	지방이	2025-06-19 18:14:47	SD동물의료센터 서울점	안녕하세요 보호자님, 다음주 내원가능하신 요일이 언제실까요?
7726	지방이	2025-06-19 18:27:23	로또&버디👨‍👩‍👧‍👦	금요일같은시간이요
7726	지방이	2025-06-19 18:54:40	SD동물의료센터 서울점	다음주 금요일에는 선생님께서 12시에 이미 진료가 있으셔 혹시 11시반에도 내원가능하실까요?
7726	지방이	2025-06-19 20:02:25	로또&버디👨‍👩‍👧‍👦	넹넹
7726	지방이	2025-06-19 20:14:39	SD동물의료센터 서울점	네 보호자님, 변경도와드렸습니다. 감사합니다 :)
7726	지방이	2025-06-19 20:15:44	로또&버디👨‍👩‍👧‍👦	네감사합니다 수고하세요
7726	지방이	2025-10-31 17:58:13	로또&버디👨‍👩‍👧‍👦	안녕하세요 지방이진료예약 다시해야 해서요~예약 부탁드립니다 언제 가능할까요?
7726	지방이	2025-10-31 17:58:14	SD동물의료센터 서울점	채팅 운영시간 안내
7726	지방이	2025-10-31 17:58:14	SD동물의료센터 서울점	✅ 본 채널에서는 진료 예약과 입원 환자 사진·안내를 받아보실 수 있습니다. (14:00~16:00, 1회)

📌 다만, 진료·증상 상담은 채널에서 진행하지 않으며, 내원 시 의료진과 직접 상담 부탁드립니다.

더 나은 진료 서비스를 위해 최선을 다하겠습니다. 감사합니다.
7726	지방이	2025-10-31 18:26:53	SD동물의료센터 서울점	보호자님 지방이 피부관련 진료 필요하시면 수목금토 중 가능합니다. 현재 가장 빠른 날짜는 11/5(수) 10:30 이고 오후 진료도 가능합니다
7726	지방이	2025-11-02 11:59:19	로또&버디👨‍👩‍👧‍👦	수요일 오전진료 할께요
7726	지방이	2025-11-02 11:59:19	SD동물의료센터 서울점	채팅 운영시간 안내
7726	지방이	2025-11-02 11:59:19	SD동물의료센터 서울점	✅ 본 채널에서는 진료 예약과 입원 환자 사진·안내를 받아보실 수 있습니다. (14:00~16:00, 1회)

📌 다만, 진료·증상 상담은 채널에서 진행하지 않으며, 내원 시 의료진과 직접 상담 부탁드립니다.

더 나은 진료 서비스를 위해 최선을 다하겠습니다. 감사합니다.
7726	지방이	2025-11-02 12:09:12	SD동물의료센터 서울점	안녕하세요 보호자님 11/5 수 12:30 내원도 가능하실까요?
7726	지방이	2025-11-02 12:13:49	로또&버디👨‍👩‍👧‍👦	더빠른진료는 없나요?
7726	지방이	2025-11-02 12:13:49	SD동물의료센터 서울점	채팅 운영시간 안내
7726	지방이	2025-11-02 12:13:49	SD동물의료센터 서울점	✅ 본 채널에서는 진료 예약과 입원 환자 사진·안내를 받아보실 수 있습니다. (14:00~16:00, 1회)

📌 다만, 진료·증상 상담은 채널에서 진행하지 않으며, 내원 시 의료진과 직접 상담 부탁드립니다.

더 나은 진료 서비스를 위해 최선을 다하겠습니다. 감사합니다.
7726	지방이	2025-11-02 12:17:38	SD동물의료센터 서울점	네 보호자님 현재 12:30이 가장 빠른 진료 입니다ㅠ
7726	지방이	2025-11-02 19:18:19	로또&버디👨‍👩‍👧‍👦	수요일날갈께요
7726	지방이	2025-11-02 19:18:19	SD동물의료센터 서울점	채팅 운영시간 안내
7726	지방이	2025-11-02 19:18:19	SD동물의료센터 서울점	✅ 본 채널에서는 진료 예약과 입원 환자 사진·안내를 받아보실 수 있습니다. (14:00~16:00, 1회)

📌 다만, 진료·증상 상담은 채널에서 진행하지 않으며, 내원 시 의료진과 직접 상담 부탁드립니다.

더 나은 진료 서비스를 위해 최선을 다하겠습니다. 감사합니다.
7726	지방이	2025-11-02 21:35:13	SD동물의료센터 서울점	네 보호자님
11/5 수요일 12시30분 유지수 과장님 진료 예정입니다.
감사합니다. :)
7726	지방이	2026-04-13 16:46:54	로또&버디👨‍👩‍👧‍👦	안녕하세요
7726	지방이	2026-04-13 16:46:54	SD동물의료센터 서울점	채팅 운영시간 안내
7726	지방이	2026-04-13 16:46:54	SD동물의료센터 서울점	✅ 본 채널에서는 진료 예약과 입원 환자 사진·안내를 받아보실 수 있습니다. (14:00~16:00, 1회)

📌 다만, 진료·증상 상담은 채널에서 진행하지 않으며, 내원 시 의료진과 직접 상담 부탁드립니다.

더 나은 진료 서비스를 위해 최선을 다하겠습니다. 감사합니다.
7726	지방이	2026-04-13 16:47:08	SD동물의료센터 서울점	채팅 운영시간 안내
7726	지방이	2026-04-13 16:47:08	SD동물의료센터 서울점	✅ 본 채널에서는 진료 예약과 입원 환자 사진·안내를 받아보실 수 있습니다. (14:00~16:00, 1회)

📌 다만, 진료·증상 상담은 채널에서 진행하지 않으며, 내원 시 의료진과 직접 상담 부탁드립니다.

더 나은 진료 서비스를 위해 최선을 다하겠습니다. 감사합니다.
7726	지방이	2026-04-13 16:47:08	로또&버디👨‍👩‍👧‍👦	지방이 병원예약 부탁드립니다
7726	지방이	2026-07-15 16:58:43	로또&버디👨‍👩‍👧‍👦	안녕하세여
7726	지방이	2026-07-15 16:58:43	SD동물의료센터 서울점	채팅 운영시간 안내
7726	지방이	2026-07-15 16:58:43	SD동물의료센터 서울점	✅ 본 채널에서는 진료 예약과 입원 환자 사진·안내를 받아보실 수 있습니다. (14:00~16:00, 1회)

📌 다만, 진료·증상 상담은 채널에서 진행하지 않으며, 내원 시 의료진과 직접 상담 부탁드립니다.

더 나은 진료 서비스를 위해 최선을 다하겠습니다. 감사합니다.
7726	지방이	2026-07-15 17:07:46	SD동물의료센터 서울점	유선으로 문의 주셔서 7/23 목 14:30으로 예약 변경해드렸습니다. 감사합니다 :)
7726	지방이	2026-07-29 15:14:05	로또&버디👨‍👩‍👧‍👦	지방이
7726	지방이	2026-07-29 15:14:05	SD동물의료센터 서울점	채팅 운영시간 안내
7726	지방이	2026-07-29 15:14:05	SD동물의료센터 서울점	✅ 본 채널에서는 진료 예약과 입원 환자 사진·안내를 받아보실 수 있습니다. (14:00~16:00, 1회)

📌 다만, 진료·증상 상담은 채널에서 진행하지 않으며, 내원 시 의료진과 직접 상담 부탁드립니다.

더 나은 진료 서비스를 위해 최선을 다하겠습니다. 감사합니다.
7726	지방이	2026-08-05 20:40:44	로또&버디👨‍👩‍👧‍👦	지방이 검사
결과 보내주세요
7726	지방이	2026-08-05 20:40:44	SD동물의료센터 서울점	채팅 운영시간 안내
7726	지방이	2026-08-05 20:40:44	SD동물의료센터 서울점	✅ 본 채널에서는 진료 예약과 입원 환자 사진·안내를 받아보실 수 있습니다. (14:00~16:00, 1회)

📌 다만, 진료·증상 상담은 채널에서 진행하지 않으며, 내원 시 의료진과 직접 상담 부탁드립니다.

더 나은 진료 서비스를 위해 최선을 다하겠습니다. 감사합니다.
7726	지방이	2026-08-05 20:46:56	SD동물의료센터 서울점	안녕하세요 보호자님, 7월 29일 검사결과지 말씀하시는 걸까요? :)
7726	지방이	2026-08-05 20:47:17	로또&버디👨‍👩‍👧‍👦	아니요 피검사요
7726	지방이	2026-08-05 20:47:17	SD동물의료센터 서울점	채팅 운영시간 안내
7726	지방이	2026-08-05 20:47:17	SD동물의료센터 서울점	✅ 본 채널에서는 진료 예약과 입원 환자 사진·안내를 받아보실 수 있습니다. (14:00~16:00, 1회)

📌 다만, 진료·증상 상담은 채널에서 진행하지 않으며, 내원 시 의료진과 직접 상담 부탁드립니다.

더 나은 진료 서비스를 위해 최선을 다하겠습니다. 감사합니다.
7726	지방이	2026-08-05 20:47:44	로또&버디👨‍👩‍👧‍👦	광견병이랑 4가지 결과요
7726	지방이	2026-08-05 20:47:44	SD동물의료센터 서울점	채팅 운영시간 안내
7726	지방이	2026-08-05 20:47:44	SD동물의료센터 서울점	✅ 본 채널에서는 진료 예약과 입원 환자 사진·안내를 받아보실 수 있습니다. (14:00~16:00, 1회)

📌 다만, 진료·증상 상담은 채널에서 진행하지 않으며, 내원 시 의료진과 직접 상담 부탁드립니다.

더 나은 진료 서비스를 위해 최선을 다하겠습니다. 감사합니다.
7726	지방이	2026-08-05 20:54:43	SD동물의료센터 서울점	24시SD동물의료센터(서울중구)_지방이(최형재).pdf
8197	호박	2025-05-19 11:06:21	김수진	안녕하세요! 
일주일 전 호박이(코숏) 피부 질환으로 유지수 과장님께 진료 받았는데요, PCR 검사한 것이 있는데 결과가 나왔을까요? 
8197	호박	2025-05-19 11:11:14	SD동물의료센터 서울점	선생님께 확인후 답변드리겠습니다 :)
8197	호박	2025-05-19 11:17:53	김수진	네 감사합니다 ^^ 
8197	호박	2025-08-12 22:59:03	김수진	진료시간/영업시간
8197	호박	2025-08-12 22:59:03	SD동물의료센터 서울점(메뉴)	SD동물의료센터 서울점은
365일 24시간 연중무휴
아이들을 돌보고 있습니다.

◼︎ 주간진료 : 오전 10시~오후 10시
◼︎ 야간진료 : 오후 10시~오전 10시
◼︎ 회진시간 : 오후 1시~오후 2시

* 우리 병원은 진료예약 우선제로 예약환자를 우선으로 진료합니다. 
* 예약 없이 내원시, 대기시간이 발생할 수 있는 점 양해부탁드립니다.
* 회진시간에는 입원환자 인계업무로 인해 진료가 불가합니다. 

🚨 응급상황 발생 시, 본원 대표전화(02-2039-0303)로 연락주세요!
8197	호박	2025-08-13 10:48:14	김수진	안녕하세요, 
지난 5월 호박이(코숏) 피부 질환으로 유지수 과장님께 진료 및 처방 받은 기록이 있는데요. 

식이 알러지로 잠정적 진단을 하고 관리 중이였는데, 몇 주 전 사료를 바꾸면서 다시 상태가 안 좋아지기 시작하더니 지난 주부터 빠르게 악화되고 있습니다. 

유지수 과장님께 협진 의뢰를 주신 집 근처 병원 진료 시간이 제 업무 시간 내에 끝나는 지라.. 부득이하게 약만 처방받을 수 있을지 문의드려요. 

지난 진료 시 증상과 동일한 상태입니다. 
잘 보이진 않지만 최대한 찍어본 환부 사진도 같이 보내드려요.
8197	호박	2025-08-13 10:48:15	김수진	사진
8197	호박	2025-08-13 10:49:09	김수진	왼 앞발 상태가 가장 좋지 않습니다. 오른발에 비해 많이 붓고 진물이 심한 상태예요. 그리고 입 가 염증, 왼발 허벅지 안쪽입니더. 
8197	호박	2025-08-13 10:50:19	김수진	아이가 식욕이 확 줄어들 정도로 힘들어하고, 병원 가는 스트레스가 소변을 사방에 지릴 정도라 동일한 증상이면 우선 약이라도 처방받았으면 합니다. ㅠㅠ 확인 부탁드리겠습니다
8197	호박	2025-08-13 11:04:21	SD동물의료센터 서울점	네 보호자님 선생님께 사진과 내용 전달드리겠습니다. 선생님께서 오후 출근이셔서 내용 전달 후 내복약 조제에 대한 답변이 가능한 점 양해부탁드립니다 감사합니다:)
8197	호박	2025-08-13 11:08:23	김수진	네 확인해주시고 이후 진행 사항 알려주셔서 감사합니다! 그럼 회신 기다리겠습니다. ^^ 
8197	호박	2025-08-13 11:28:54	SD동물의료센터 서울점	아이 현재 몸무게가 어떻게 될까요? 내복약 처방 가능하다고 답변주셨습니다!
8197	호박	2025-08-13 11:31:10	김수진	현재 몸무게 지난 번 병원에서 측정한 이후로 동일합니다! +-0.1kg 정도여서요 
8197	호박	2025-08-13 11:31:58	김수진	3.84kg 입니다 
8197	호박	2025-08-13 11:32:33	김수진	그럼 오늘 제가 6시 퇴근 후 도착하면 7시가 좀 안 될 것 같은데, 그 시간에 저만 내원해도 괜찮을까요? 
8197	호박	2025-08-13 11:40:51	SD동물의료센터 서울점	네 보호자님 내복약 준비해두겠습니다 편하신 시간에 오셔서 픽업하시면 됩니다 감사합니다:)
8197	호박	2025-08-13 13:02:32	김수진	네 감사합니다!! 혹시 약은 일주일 치만 주시나요? 2주 이상 받을 수는 없을지요 ^^; 다음주에 제가 출장이 있어서 혹시라도 약이 모자를까봐 노파심에 여쭈어요. 번거롭게 자꾸 요청드려 죄송합니다 
8197	호박	2025-08-13 13:04:54	SD동물의료센터 서울점	선생님께서 단기로 조제 가능하다고 답변주셨는데 2주치 조제가 가능한지 확인 후 답변드리겠습니다!
8197	호박	2025-08-13 13:10:09	김수진	네 감사합니다!! 스테로이드성이라 장기 까지는 안 되는 거 알고 있습니다. ㅠㅠ 
8197	호박	2025-08-13 13:51:34	SD동물의료센터 서울점	보호자님 혹시 수정동물병원에서 스테로이드 외 다른 약물 처방받으신 적은 없으실까요?
8197	호박	2025-08-13 13:52:32	김수진	네, 스테로이드와 항생제 정도가 혼합된 캡슐 약을 처방받았습니다! 그 외에는 헥사메딘 소독솜 정도였어요 
8197	호박	2025-08-13 13:53:14	SD동물의료센터 서울점	스테로이드 지속 복용할 경우 문제가 될 가능성이 높기 때문에, 다른 면역억제제를 한 번 복용해보는 것이 어떨까요?
8197	호박	2025-08-13 13:53:31	SD동물의료센터 서울점	초반 1-2주는 스테로이드와 같이 복용하다가, 추후 스테로이드는 줄이고 면역억제제로만 유지하는 것이 일반적입니다.
8197	호박	2025-08-13 13:54:44	김수진	효과만 있다면 좋습니다! 다만 상태가 빠르게 악화되는 패턴이 있어서 초기 며칠이라도 스테로이드를쓰고, 나머지는 면역억제제로 유지하는 방식이 가능할까요? 
이제까지 스테로이드제는 지속적으로 복용시키진 않았고, 지난 세 달 동안 총 투약 일수는 3주 정도 되어요. (1주씩 띄엄띄엄 상태를 보고 투약했습니다) 
8197	호박	2025-08-13 13:55:09	김수진	아, 이미 두ㅣ에 말씀해주셨군요! 네 초반 1-2주 스테로이드, 이후 면역억제제로 유지하는 걸로 갈게요. 
8197	호박	2025-08-13 14:15:52	SD동물의료센터 서울점	면역억제제는 효과가 있기까지 4주 이상 소요되기 때문에 초반부에는 스테로이드 병용 투약이 필요합니다.
8197	호박	2025-08-13 14:17:52	김수진	아하, 네 알겠습니다 짜주시는대로 할게요! 
8197	호박	2025-08-13 15:42:42	SD동물의료센터 서울점	네 약 준비해드리겠습니다:)
8197	호박	2025-08-30 10:52:58	SD동물의료센터 서울점	사진
8197	호박	2025-08-30 10:53:05	SD동물의료센터 서울점	계좌번호 안내드립니다.
입금 후 현금영수증 발급 여부 말씀 부탁드립니다. :)

부산은행 SD동물의료센터
101-2077-5266-02
금액 : 120,400원
8197	호박	2025-08-30 10:54:32	김수진	방금 김수진 이름으로 입금해드렸습니다!
8197	호박	2025-08-30 10:55:39	SD동물의료센터 서울점	네 보호자님, 감사합니다. 현금영수증 필요하실까요?
8197	호박	2025-08-30 10:55:49	김수진	아뇨 괜찮습니다~! ㅎㅎ
8197	호박	2025-08-30 10:56:19	SD동물의료센터 서울점	네 보호자님, 퀵은 방금 기사님 호출진행하였으며, 픽업시 말씀드리겠습니다 :) 18,000원 비용발생예정입니다 :)
8197	호박	2025-08-30 10:57:22	김수진	네! 호박이 케어 잘 할 수 있게 먼저 신경써주시고 챙겨주셔서 감사합니다 😊
8197	호박	2025-08-30 10:58:01	SD동물의료센터 서울점	네 보호자님, 선생님께 감사인사 전달드리겠습니다. ^^ 소중한 말씀 감사합니다!
8197	호박	2025-08-30 11:13:30	SD동물의료센터 서울점	보호자님, 조금 전 기사님께서 약 픽업해가셨습니다. 감사합니다 :)
8197	호박	2025-08-30 11:14:38	김수진	네 감사합니다!!! 
8197	호박	2025-08-30 12:29:38	김수진	방금 호박이 약 잘 받았는데요~! 
선생님께서 스테로이드를 1일 1회로 조정해서 점점 복용 텀을 넓혀보자고 하셨는데 1일 2회로 적혀있어서 여쭈어요 😅
8197	호박	2025-08-30 12:31:07	SD동물의료센터 서울점	네 보호자님, 주치의선생님께 확인 후 답변드리겠습니다. :)
8197	호박	2025-08-30 12:38:41	SD동물의료센터 서울점	보호자님 선생님께서 상담 드린대로 1일 1회로 먹이시면 되고, 안좋으면 최대 2회로 먹일 수 있어서 그렇게 표기해주신거라고 합니다. 감사합니다 :)
8197	호박	2025-08-30 12:40:46	김수진	아하 이해했습니다 확인 감사드려요~! 
8197	호박	2025-08-30 12:50:30	김수진	앗 번거롭게 질문 또 드려서 죄송해요 ㅠㅠ 
면역억제제 용량이 25mg에서 50mg으로 늘었는데 그대로 하루 한 알 주면 되는 거죠?!
8197	호박	2025-08-30 13:26:18	김수진	사진
8197	호박	2025-08-30 13:27:09	김수진	사진
8197	호박	2025-08-30 13:27:20	김수진	날짜는 8월 28일로 되어있어요~!
8197	호박	2025-09-13 14:24:22	김수진	안녕하세요, 선생님! 
유지수 과장님께 진료 받고 있는 호박이 보호자입니다.

지난 번 보내주신 면역 억제제 및 스테로이드 별다른 부작용 없이 매일 1개씩 먹이고 있고(스테로이드 증량까진 필요없었습니다)
3주차 복용에 접어들었습니다. 

다만 이번주 부터 환절기 영향인지 (맑은)콧물 재채기를 조금씩 하더니 이틀 전부터 갑자기 정도가 심해져서 한쪽 코에서만 콧물 눈물이 계속 나오고, 입가에 궤양까지 생긴 상태입니다. 
입가 궤양은 전혀 아파보이진 않고, 입 안은 정상, 입술 라인을 따라 딱쟁이가 지는 형태입니다. 

아직 식욕과 배변 모두 이상은 없습니다. 다만 코가 막히고 재채기가 나는 증상이 심해지다보니 활동성이 많이 떨어졌어요. 

기존 약 외에 플루맥스, 고양이용 프로폴리스 제제 등 면역 증강 영양제를 추가하고 있는데도 아직 차도가 없습니다. ㅠㅠ 이미 스테로이드와 면역 억제제 복용 중인데 항생제 등의 추가 처방이 필요한 걸까요?
8197	호박	2025-09-13 14:25:02	SD동물의료센터 서울점	보호자님. 과장님꼐 내용 전달 드리고 답변드리겠습니다.
8197	호박	2025-09-13 14:25:15	김수진	사진
8197	호박	2025-09-13 14:25:45	김수진	네 사진도 같이 드립니다. 눈 잘 못뜨는 쪽이 눈물이랑 콧물나는 쪽이에요. ㅠㅠ 
아, 그리고 피부 알러지쪽 병변들은 안정적입니다
8197	호박	2025-09-13 16:58:59	김수진	혹시 오늘 내로 확인해봐주실 수 있는 걸까요? 
제대로 방문해서 진료 접수한 게 아닌데다가 주말 진료 많으실거라 번거롭게 해드려서 정말 죄송합니다..
애가 이동 스트레스를 극도로 많이 받아서 최대한 먼저 여쭙다보니 그렇게 되었어요. 면역 억제제를 먹고 있다보니 감기(?) 증상이 혹시라도 더 심해질까봐서 걱정이 되네요. ㅠㅠ
8197	호박	2025-09-13 17:03:07	SD동물의료센터 서울점	네 보호자님 선생님께 내용 전달드렸으나 금일 진료 일정이 꽉 차있어 빠른 답변이 어렵습니다ㅠ 최대한 빨리 답변드릴 수 있도록 다시 전달드리겠습니다!
8197	호박	2025-09-13 17:03:36	김수진	네 감사합니다!!! 
8197	호박	2025-09-13 17:18:00	SD동물의료센터 서울점	해당 증상이 허피스일 수 있어서 가능하시면 금일 내원하셔서 검사 받아보시는 것이 좋을 것 같다고 답변주셨습니다
8197	호박	2025-09-13 17:18:26	SD동물의료센터 서울점	7시반이나 8시 반에 내원 가능하실까요?
8197	호박	2025-09-13 17:18:53	김수진	아 그렇군요.. 네 알겠습니다 7시 반까지 가볼게요 
8197	호박	2025-09-13 17:19:40	SD동물의료센터 서울점	네 이따 뵙겠습니다 감사합니다:)
8197	호박	2025-09-13 17:19:53	김수진	네 감사합니다!
8197	호박	2025-09-14 12:55:21	김수진	안녕하세요 선생님 어제 호박이 진료 보고 왔는데요,
채혈하고 묶어주신 발이 아침에 너무 많이 부어있는데 피가 안 통해서 그럴 수 있는 걸까요? 거의 두배는 되어보여요;;; 놀라서 지금 붕대 다 풀어준 상태입니다
8197	호박	2025-09-14 12:55:26	김수진	사진
8197	호박	2025-09-14 12:55:35	김수진	사진
8197	호박	2025-09-14 13:00:09	SD동물의료센터 서울점	안녕하세요 보호자님 지혈테이프때문에 혈액순환이 되지 않아 부은 것 같습니다. 혈액순환 되도록 조물조물 마사지 해주시고 특이사항 있으실 경우 말씀부탁드립니다!
8197	호박	2025-09-14 13:03:02	김수진	아 네 알겠습니다 ㅜㅜ 
8197	호박	2025-09-20 19:37:08	김수진	안녕하세요, 유지수 과장님께 7시 30분에 호박이 예약 되어있는데요 ㅠㅠ 제가 디스크가 터져서 도저히 이동이 어려울 거 같아 연락 드려요… 혹시 사진으로나마 먼저 호박이 상태를 좀 봐주실 수 있을까요 ㅠㅠ 가보려고 노력했는데 애를 이동장에 넣는 것 부터가 안 되네요 ㅠㅠ  
8197	호박	2025-09-20 19:39:26	김수진	1. 재채기 빈도는 2/3가량으로 아주 많이 줄었고
2. 항생제 영향인지 오늘부터 설사를 봤습니다
3. 입가 궤양도 화요일쯤 피크였는데, 이제 많이 나아지고 있어요. 아직은 딱쟁이가 많습니다.
4. 눈 궤양쪽도 차도는 있지만 호전이 더딘 것 같아요..

8197	호박	2025-09-20 19:39:42	김수진	사진
8197	호박	2025-09-20 19:40:58	김수진	그 외에 활력이나 식욕은 거의 대부분 돌아왔습니다. 체중이 이미 지난번 진료 당시 200g가량 줄었던 터라 염려가 되어 식욕촉진제를 아직 매일 먹이고는 있어요. 
8197	호박	2025-09-20 22:05:59	SD동물의료센터 서울점	보호자님 우선 사진상으로 명확히 평가는 어려우나 눈 상태는 여전히 좋지 않아 재검 및 훨씬 더 집중적인 안약 처치가 필요한 상황으로 보입니다. 내복약은 동일하게 일주주일간 추가 투약 필요하며, 눈 관련해서는 최대한 빠른 시일내에 본원 혹은 근처 병원이라도 내원하시는 것 꼭  권장드립니다.
8197	호박	2025-09-20 22:07:46	김수진	아.. 항생제도 동일하게 일주일을 더 복용해야하는군요 설사가 심한데 어쩔 수 없겠죠? 
그럼 약이라도 혹시 보내주실 수 있을까요? 눈은 곧 내원할 수 있도록 할게요 ㅠㅠ
8197	호박	2025-09-20 22:07:46	SD동물의료센터 서울점	채팅 운영시간 안내
8197	호박	2025-09-20 22:07:46	SD동물의료센터 서울점	지금은 답변(채팅)이 가능한 시간이 아닙니다. 🌃
야간 중 채널 확인 및 전송이 불가능하오니 내용을 남겨주시면 채팅이 가능한 시간에 순차적으로 답변드리겠습니다.
아이들의 편한 휴식과 보다 더 안정된 회복을 위하여 집중하겠습니다.
감사합니다. 😊
8197	호박	2025-09-20 22:15:04	SD동물의료센터 서울점	네 보호자님 안약은 혹시 더 필요하실까요? 항생안약은 안연고로 대체하여 처방드리겠습니다.
8197	호박	2025-09-20 22:15:24	김수진	네 안연고로 부탁드릴게요!
8197	호박	2025-09-20 22:15:24	SD동물의료센터 서울점	채팅 운영시간 안내
8197	호박	2025-09-20 22:15:24	SD동물의료센터 서울점	지금은 답변(채팅)이 가능한 시간이 아닙니다. 🌃
야간 중 채널 확인 및 전송이 불가능하오니 내용을 남겨주시면 채팅이 가능한 시간에 순차적으로 답변드리겠습니다.
아이들의 편한 휴식과 보다 더 안정된 회복을 위하여 집중하겠습니다.
감사합니다. 😊
8197	호박	2025-09-20 22:15:24	SD동물의료센터 서울점	설사가 심한 경우 먹일 수 있는 보조제도 추가 처방드리겠습니다.
8197	호박	2025-09-20 22:15:43	SD동물의료센터 서울점	채팅 운영시간 안내
8197	호박	2025-09-20 22:15:43	SD동물의료센터 서울점	지금은 답변(채팅)이 가능한 시간이 아닙니다. 🌃
야간 중 채널 확인 및 전송이 불가능하오니 내용을 남겨주시면 채팅이 가능한 시간에 순차적으로 답변드리겠습니다.
아이들의 편한 휴식과 보다 더 안정된 회복을 위하여 집중하겠습니다.
감사합니다. 😊
8197	호박	2025-09-20 22:15:43	김수진	네네 감사합니다.. 식욕 촉진제도 동일하게 처방 부탁드려요
8197	호박	2025-09-20 22:16:55	SD동물의료센터 서울점	네 알겠습니다!
8197	호박	2025-09-21 09:40:33	SD동물의료센터 서울점	안녕하세요 보호자님 내복약은 언제 픽업하시는 걸까요?
8197	호박	2025-09-21 14:59:46	김수진	앗 답장이 너무 늦어 죄송합니다. 저도 정신이 혼미해져가지고..ㅠㅠ혹시 퀵으로 부탁드려도 될까요.. 
8197	호박	2025-09-21 15:00:08	김수진	제가 아직 움직이질 못하고 있어서요..
8197	호박	2025-09-21 15:04:05	SD동물의료센터 서울점	네 보호자님 약은 조제되어있어 보호자님께서 퀵 불러주시면 전달 가능합니다!
8197	호박	2025-09-21 15:04:27	김수진	네네 그럼 제가 바로 퀵 신청할게요! 
8197	호박	2025-09-21 15:04:31	김수진	감사합니다 ㅠㅠ
8197	호박	2025-09-21 15:05:23	SD동물의료센터 서울점	네 약 비용은 계좌이체나 온라인 결제 가능합니다. 청구서 전달드립니다:)
8197	호박	2025-09-21 15:05:28	SD동물의료센터 서울점	사진
8197	호박	2025-09-21 15:07:10	SD동물의료센터 서울점	계좌번호 안내드립니다.
입금 후 현금영수증 발급 여부 말씀 부탁드립니다. :)

부산은행 SD동물의료센터
101-2077-5266-02
금액 : 140,800원
8197	호박	2025-09-21 15:14:08	김수진	방금 이체해드렸습니다! 
현금영수증 처리 안 해주셔도 되어요~
기사님도 20분 내로 도착 예정이세요
8197	호박	2025-09-21 15:15:23	SD동물의료센터 서울점	네 보호자님 퀵 기사님 수령 시 전달드리겠습니다!
8197	호박	2025-09-21 15:15:45	김수진	네 감사합니다 
8197	호박	2025-09-21 15:16:10	SD동물의료센터 서울점	퀵 기사님 약 수령하셨습니다 감사합니다:)
8197	호박	2025-09-30 20:15:13	김수진	안녕하세요..! 
유지수 과장님께 진료받는 호박이 보호자 입니다.
다름이 아니라 호박이 항바이러스제 항생제 모두 2주 복용 완료하고 각막염과 콧물 증상 모두 약간의 훌쩍임 남은 거 외엔 모두 나아지고 기력도 다 올라왔는데요, 
퇴근해서 보니 얼굴에 피부염이 조금씩 올라오고 있어서.. 먹이던 스테로이드와 면역억제제 바로 다시 먹여도 될지 여쭈려고 연락 드립니다 ㅠㅠ 내일 과장님이 안 계신 걸로 알고 있어서요 
8197	호박	2025-09-30 20:16:30	SD동물의료센터 서울점	안녕하세요 보호자님
내일 유지수과장님 출근합니다!
진료 예약 필요하신가요?
8197	호박	2025-09-30 20:22:54	김수진	이미 약이 남아있어서 큐만 주시면 될 거 같은데.. 필요하면 약 추가 처방 받으려고 했어요 진료가 꼭 필요하시다고 하면 하고요! 
8197	호박	2025-09-30 20:34:43	SD동물의료센터 서울점	네 그럼 내용 전달드리고 전화 상담 메모 남겨두겠습니다.
진료가 많아서 연락이 늦어지거나 못 드릴수도 있어서 미리 양해 말씀드립니다.
감사합니다. :)
8197	호박	2025-09-30 20:59:21	김수진	네네 이렇게 편의 봐주시는게 그저 감사한 것인데요, 양해는 제가 구해야죠! ㅎㅎ 감사합니다
8197	호박	2025-09-30 21:10:18	SD동물의료센터 서울점	아이고 너무 감사합니다.. :)
8197	호박	2025-10-01 14:41:23	SD동물의료센터 서울점	사진
8197	호박	2025-10-01 14:41:25	SD동물의료센터 서울점	안녕하세요 보호자님 내복약 조제완료되어 청구서 전달드립니다.
8197	호박	2025-10-01 14:41:35	SD동물의료센터 서울점	계좌번호 안내드립니다. :)

◎ 은행명 : 부산은행
◎ 예금주 : SD동물의료센터
◎ 계좌번호 : 101-2077-5266-02
◈ 비용 : 221,400원

입금하시고 현금영수증 발행 여부 연락 부탁드립니다.
감사합니다. :)
8197	호박	2025-10-01 14:46:20	김수진	방금 입금해드렸습니다! 
제 휴대폰번호 010-8108-2226으로 발급해주시면 되세요~! 
8197	호박	2025-10-01 14:46:20	SD동물의료센터 서울점	채팅 운영시간 안내
8197	호박	2025-10-01 14:46:20	SD동물의료센터 서울점	✅ 본 채널에서는 진료 예약과 입원 환자 사진·안내를 받아보실 수 있습니다.(14:00-16:00, 1회)

📌 다만, 진료·증상 상담은 채널에서 진행하지 않으며, 내원 시 의료진과 직접 상담 부탁드립니다.

더 나은 진료서비스를 위해 최선을 다하겠습니다. 감사합니다.
8197	호박	2025-10-01 14:47:10	김수진	제가 저녁 7시 이후로 퀵 신청 후 다시 연락드릴게요! 
8197	호박	2025-10-01 14:47:11	SD동물의료센터 서울점	채팅 운영시간 안내
8197	호박	2025-10-01 14:47:11	SD동물의료센터 서울점	✅ 본 채널에서는 진료 예약과 입원 환자 사진·안내를 받아보실 수 있습니다.(14:00-16:00, 1회)

📌 다만, 진료·증상 상담은 채널에서 진행하지 않으며, 내원 시 의료진과 직접 상담 부탁드립니다.

더 나은 진료서비스를 위해 최선을 다하겠습니다. 감사합니다.
8197	호박	2025-10-01 14:48:25	SD동물의료센터 서울점	현금영수증 발행하였습니다. 저녁에 퀵 부르신 후 연락 부탁드립니다!
8197	호박	2025-10-01 20:51:27	김수진	사진
8197	호박	2025-10-01 20:51:27	SD동물의료센터 서울점	채팅 운영시간 안내
8197	호박	2025-10-01 20:51:27	SD동물의료센터 서울점	✅ 본 채널에서는 진료 예약과 입원 환자 사진·안내를 받아보실 수 있습니다.(14:00-16:00, 1회)

📌 다만, 진료·증상 상담은 채널에서 진행하지 않으며, 내원 시 의료진과 직접 상담 부탁드립니다.

더 나은 진료서비스를 위해 최선을 다하겠습니다. 감사합니다.
8197	호박	2025-10-01 20:51:34	김수진	퀵 접수해드렸습니다!
8197	호박	2025-10-01 20:51:34	SD동물의료센터 서울점	채팅 운영시간 안내
8197	호박	2025-10-01 20:51:34	SD동물의료센터 서울점	✅ 본 채널에서는 진료 예약과 입원 환자 사진·안내를 받아보실 수 있습니다.(14:00-16:00, 1회)

📌 다만, 진료·증상 상담은 채널에서 진행하지 않으며, 내원 시 의료진과 직접 상담 부탁드립니다.

더 나은 진료서비스를 위해 최선을 다하겠습니다. 감사합니다.
8197	호박	2025-10-01 21:01:10	SD동물의료센터 서울점	네, 준비해서 전달하겠습니다. 감사합니다.
8197	호박	2026-07-15 15:12:33	SD동물의료센터 서울점(메뉴)	SD동물의료센터 서울점 진료 예약을 위해 아래 내용을 채팅에 남겨주세요.

◼︎ 보호자님 성함 / 연락처
◼︎ 반려동물 이름 / 간단한 증상

* 예약에 필요한 간단한 상담이 진행될 수 있습니다.
* 증상과 관련된 자세한 상담은 진료의 부분으로 예약 후 내원시 수의사 선생님과 상담 가능합니다. 
* 채널 상담은 병원 업무와 동시에 진행되어 원내 상황에 따라 빠른 응대가 어려울 수 있습니다. 

문의사항은 본원 대표전화(02-2039-0303)로 연락부탁드립니다.
8197	호박	2026-07-15 15:12:33	김수진	진료예약
8197	호박	2026-07-15 15:15:26	김수진	김수진/ 010-8108-2226
호박이/ 피부관련 하여 유지수 과장님께 진료 받고 있습니다. 3개월 전 빌리루빈 수치가 너무 높아서 동네 병원에서 혈액검사 및 피하수액 처치를 하면서 정상화되었지만 간 담낭 췌장 십이지장 쪽 초음파와 분변 검사를 진행했으면 합니다(혈변을 보고 있는 거 같아서요. 미리 집에서 채취해 가겠습니다)
8197	호박	2026-07-15 15:15:26	SD동물의료센터 서울점	채팅 운영시간 안내
8197	호박	2026-07-15 15:15:26	SD동물의료센터 서울점	✅ 본 채널에서는 진료 예약과 입원 환자 사진·안내를 받아보실 수 있습니다. (14:00~16:00, 1회)

📌 다만, 진료·증상 상담은 채널에서 진행하지 않으며, 내원 시 의료진과 직접 상담 부탁드립니다.

더 나은 진료 서비스를 위해 최선을 다하겠습니다. 감사합니다.
8197	호박	2026-07-15 16:01:52	SD동물의료센터 서울점	안녕하세요 보호자님 유지수과장님은 본원에서 퇴사하셔서 다른선생님께 진료 가능합니다. 혹시 언제 내원 가능하실까요?
8197	호박	2026-07-15 16:03:35	김수진	아.. 그런가요? 피부과 전문 선생님이셔서 유지수 과장님께 뵈었던건데, 고양이 피부쪽 특화이신 선생님이 계실까요? 
8197	호박	2026-07-15 16:03:35	SD동물의료센터 서울점	채팅 운영시간 안내
8197	호박	2026-07-15 16:03:35	SD동물의료센터 서울점	✅ 본 채널에서는 진료 예약과 입원 환자 사진·안내를 받아보실 수 있습니다. (14:00~16:00, 1회)

📌 다만, 진료·증상 상담은 채널에서 진행하지 않으며, 내원 시 의료진과 직접 상담 부탁드립니다.

더 나은 진료 서비스를 위해 최선을 다하겠습니다. 감사합니다.
8197	호박	2026-07-15 16:11:13	SD동물의료센터 서울점	고양이는 모든 선생님께서 다 가능하시며, 아이의 증상관련하여 내과진료 연결해드릴 수 있습니다.
8197	호박	2026-07-15 16:12:47	김수진	초음파나 분변 검사 등 시간도 중요할 거 같아서, 그럼 금주 토요일 오후에 예약 가능할까요? 
8197	호박	2026-07-15 16:12:47	SD동물의료센터 서울점	채팅 운영시간 안내
8197	호박	2026-07-15 16:12:47	SD동물의료센터 서울점	✅ 본 채널에서는 진료 예약과 입원 환자 사진·안내를 받아보실 수 있습니다. (14:00~16:00, 1회)

📌 다만, 진료·증상 상담은 채널에서 진행하지 않으며, 내원 시 의료진과 직접 상담 부탁드립니다.

더 나은 진료 서비스를 위해 최선을 다하겠습니다. 감사합니다.
8197	호박	2026-07-15 16:14:24	SD동물의료센터 서울점	네 7/18 토 15시 내원 가능하실까요?
8197	호박	2026-07-15 16:18:09	김수진	네 가능합니다! 
8197	호박	2026-07-15 16:18:09	SD동물의료센터 서울점	채팅 운영시간 안내
8197	호박	2026-07-15 16:18:09	SD동물의료센터 서울점	✅ 본 채널에서는 진료 예약과 입원 환자 사진·안내를 받아보실 수 있습니다. (14:00~16:00, 1회)

📌 다만, 진료·증상 상담은 채널에서 진행하지 않으며, 내원 시 의료진과 직접 상담 부탁드립니다.

더 나은 진료 서비스를 위해 최선을 다하겠습니다. 감사합니다.
8197	호박	2026-07-15 16:18:39	김수진	그떄 뵐게요! 분변은 따로 위생봉투에 넣어가면 될까요? 아이스팩으로 온도 낮게 유지할 수 있게 해서요 
8197	호박	2026-07-15 16:18:40	SD동물의료센터 서울점	채팅 운영시간 안내
8197	호박	2026-07-15 16:18:40	SD동물의료센터 서울점	✅ 본 채널에서는 진료 예약과 입원 환자 사진·안내를 받아보실 수 있습니다. (14:00~16:00, 1회)

📌 다만, 진료·증상 상담은 채널에서 진행하지 않으며, 내원 시 의료진과 직접 상담 부탁드립니다.

더 나은 진료 서비스를 위해 최선을 다하겠습니다. 감사합니다.
8197	호박	2026-07-15 16:25:16	SD동물의료센터 서울점	위생봉투에 넣어서 냉장보관 후 가지고 오시는게 좋다고 하셨습니다. 
아이스팩같은경우는 온도가 너무 낮아져서 추천하지 않습니다.
8197	호박	2026-07-15 16:28:44	김수진	아 네 알겠습니다! 
8197	호박	2026-07-15 16:28:44	SD동물의료센터 서울점	채팅 운영시간 안내
8197	호박	2026-07-15 16:28:44	SD동물의료센터 서울점	✅ 본 채널에서는 진료 예약과 입원 환자 사진·안내를 받아보실 수 있습니다. (14:00~16:00, 1회)

📌 다만, 진료·증상 상담은 채널에서 진행하지 않으며, 내원 시 의료진과 직접 상담 부탁드립니다.

더 나은 진료 서비스를 위해 최선을 다하겠습니다. 감사합니다.
8197	호박	2026-07-21 18:26:35	SD동물의료센터 서울점	사진
8197	호박	2026-07-21 18:26:37	SD동물의료센터 서울점	계좌번호 안내드립니다.
입금 후 현금영수증 발급 여부 말씀 부탁드립니다. :)

신한은행, 김규창 (24시 SD동물의료센터 성동)
110-536-002647
금액 : 55,800원
8197	호박	2026-07-21 18:45:47	김수진	감사합니다 김수진 이름으로 입금해드렸습니다! 
제 휴대폰번호(010 8108 2226)로 현금영수증 발행해주시면 되어요 
8197	호박	2026-07-21 18:45:47	SD동물의료센터 서울점	채팅 운영시간 안내
8197	호박	2026-07-21 18:45:47	SD동물의료센터 서울점	✅ 본 채널에서는 진료 예약과 입원 환자 사진·안내를 받아보실 수 있습니다. (14:00~16:00, 1회)

📌 다만, 진료·증상 상담은 채널에서 진행하지 않으며, 내원 시 의료진과 직접 상담 부탁드립니다.

더 나은 진료 서비스를 위해 최선을 다하겠습니다. 감사합니다.
8197	호박	2026-07-21 18:45:55	김수진	퀵은 바로 방문 예약하겠습니다! 
8197	호박	2026-07-21 18:45:55	SD동물의료센터 서울점	채팅 운영시간 안내
8197	호박	2026-07-21 18:45:55	SD동물의료센터 서울점	✅ 본 채널에서는 진료 예약과 입원 환자 사진·안내를 받아보실 수 있습니다. (14:00~16:00, 1회)

📌 다만, 진료·증상 상담은 채널에서 진행하지 않으며, 내원 시 의료진과 직접 상담 부탁드립니다.

더 나은 진료 서비스를 위해 최선을 다하겠습니다. 감사합니다.
8197	호박	2026-07-21 18:52:45	SD동물의료센터 서울점	네 보호자님, 현금영수증 발급도와드렸습니다. 감사합니다 :)
8197	호박	2026-07-21 18:53:48	김수진	늘 빠르게 성심껏 조치해 주셔서 정말 감사합니다 😊
8197	호박	2026-07-21 18:53:48	SD동물의료센터 서울점	채팅 운영시간 안내
8197	호박	2026-07-21 18:53:48	SD동물의료센터 서울점	✅ 본 채널에서는 진료 예약과 입원 환자 사진·안내를 받아보실 수 있습니다. (14:00~16:00, 1회)

📌 다만, 진료·증상 상담은 채널에서 진행하지 않으며, 내원 시 의료진과 직접 상담 부탁드립니다.

더 나은 진료 서비스를 위해 최선을 다하겠습니다. 감사합니다.
8197	호박	2026-07-25 20:35:07	김수진	안녕하세요 오늘 4시에 진료 본 호박이 보호자 김수진입니다
오늘 혈액검사하고 묶어주신 붕대가 너무 타이트해서 그런지 발이 1.5배 이상 부어있고 이건 놀라서 풀어줬는데요, 발에서 피가 계속 나고 있는 걸 몰랐다가 지금 봤어요
8197	호박	2026-07-25 20:35:07	SD동물의료센터 서울점	채팅 운영시간 안내
8197	호박	2026-07-25 20:35:07	SD동물의료센터 서울점	✅ 본 채널에서는 진료 예약과 입원 환자 사진·안내를 받아보실 수 있습니다. (14:00~16:00, 1회)

📌 다만, 진료·증상 상담은 채널에서 진행하지 않으며, 내원 시 의료진과 직접 상담 부탁드립니다.

더 나은 진료 서비스를 위해 최선을 다하겠습니다. 감사합니다.
8197	호박	2026-07-25 20:35:35	SD동물의료센터 서울점	✅ 본 채널에서는 진료 예약과 입원 환자 사진·안내를 받아보실 수 있습니다. (14:00~16:00, 1회)

📌 다만, 진료·증상 상담은 채널에서 진행하지 않으며, 내원 시 의료진과 직접 상담 부탁드립니다.

더 나은 진료 서비스를 위해 최선을 다하겠습니다. 감사합니다.
8197	호박	2026-07-25 20:35:35	김수진	사진
8197	호박	2026-07-25 20:35:35	SD동물의료센터 서울점	채팅 운영시간 안내
8197	호박	2026-07-25 20:36:05	김수진	오늘 호박이 진료 때 드레싱을 따로 했었을까요? 거기서 문제가 생긴건지..
8197	호박	2026-07-25 20:36:05	SD동물의료센터 서울점	채팅 운영시간 안내
8197	호박	2026-07-25 20:36:05	SD동물의료센터 서울점	✅ 본 채널에서는 진료 예약과 입원 환자 사진·안내를 받아보실 수 있습니다. (14:00~16:00, 1회)

📌 다만, 진료·증상 상담은 채널에서 진행하지 않으며, 내원 시 의료진과 직접 상담 부탁드립니다.

더 나은 진료 서비스를 위해 최선을 다하겠습니다. 감사합니다.
8197	호박	2026-07-25 20:51:08	김수진	사진
8197	호박	2026-07-25 20:51:08	SD동물의료센터 서울점	채팅 운영시간 안내
8197	호박	2026-07-25 20:51:08	SD동물의료센터 서울점	✅ 본 채널에서는 진료 예약과 입원 환자 사진·안내를 받아보실 수 있습니다. (14:00~16:00, 1회)

📌 다만, 진료·증상 상담은 채널에서 진행하지 않으며, 내원 시 의료진과 직접 상담 부탁드립니다.

더 나은 진료 서비스를 위해 최선을 다하겠습니다. 감사합니다.
8197	호박	2026-07-25 20:52:53	김수진	현재는 붕대 풀고 알콜 소독 후에 탈지면으로 피 닦아준 상태예요
8197	호박	2026-07-25 20:52:53	SD동물의료센터 서울점	채팅 운영시간 안내
8197	호박	2026-07-25 20:52:53	SD동물의료센터 서울점	✅ 본 채널에서는 진료 예약과 입원 환자 사진·안내를 받아보실 수 있습니다. (14:00~16:00, 1회)

📌 다만, 진료·증상 상담은 채널에서 진행하지 않으며, 내원 시 의료진과 직접 상담 부탁드립니다.

더 나은 진료 서비스를 위해 최선을 다하겠습니다. 감사합니다.
8197	호박	2026-07-28 14:00:26	SD동물의료센터 서울점	(광고)7월의 SD링크가 도착했어요.
8197	호박	2026-08-02 18:49:45	김수진	안녕하세요, 어제 호박이 진료 본 김수진 보호자입니다(연락처 끝자리 2226)
호박이가 기력이 급속도로 안 좋아지고 아예 먹질 않고 있는데요.. 물도 안 먹고, 피하 수액을 맞았는데도 어제 소변 1회 외에는 아직 화장실도 아예 안 가고 있습니다.  어제 혈액검사 수치도 너무 좋았던 터라 뭐가 문젠지 모르겠는데 응급으로 방문해야할지 확인 좀 부탁드립니다..
8197	호박	2026-08-02 18:49:45	SD동물의료센터 서울점	채팅 운영시간 안내
8197	호박	2026-08-02 18:49:45	SD동물의료센터 서울점	✅ 본 채널에서는 진료 예약과 입원 환자 사진·안내를 받아보실 수 있습니다. (14:00~16:00, 1회)

📌 다만, 진료·증상 상담은 채널에서 진행하지 않으며, 내원 시 의료진과 직접 상담 부탁드립니다.

더 나은 진료 서비스를 위해 최선을 다하겠습니다. 감사합니다.
8197	호박	2026-08-02 18:49:53	김수진	사진
8197	호박	2026-08-02 18:49:53	SD동물의료센터 서울점	채팅 운영시간 안내
8197	호박	2026-08-02 18:49:53	SD동물의료센터 서울점	✅ 본 채널에서는 진료 예약과 입원 환자 사진·안내를 받아보실 수 있습니다. (14:00~16:00, 1회)

📌 다만, 진료·증상 상담은 채널에서 진행하지 않으며, 내원 시 의료진과 직접 상담 부탁드립니다.

더 나은 진료 서비스를 위해 최선을 다하겠습니다. 감사합니다.
8197	호박	2026-08-02 18:50:02	김수진	온종일 침대에서 아예 나오지 않고 이렇게 누워만 있어요
8197	호박	2026-08-02 18:50:02	SD동물의료센터 서울점	채팅 운영시간 안내
8197	호박	2026-08-02 18:50:02	SD동물의료센터 서울점	✅ 본 채널에서는 진료 예약과 입원 환자 사진·안내를 받아보실 수 있습니다. (14:00~16:00, 1회)

📌 다만, 진료·증상 상담은 채널에서 진행하지 않으며, 내원 시 의료진과 직접 상담 부탁드립니다.

더 나은 진료 서비스를 위해 최선을 다하겠습니다. 감사합니다.
8316	멍수	2025-07-16 20:22:12	이린	사진
8316	멍수	2025-07-16 20:22:41	이린	멍수 보호자입니다!
손만 가볍게 대도 많이 아파합니다.
8316	멍수	2025-07-18 14:55:13	이린	사진
8316	멍수	2025-07-18 14:55:19	이린	목은 전보다 나아진 거 같구요
8316	멍수	2025-07-18 14:55:31	이린	사진
8316	멍수	2025-07-18 14:55:42	이린	뒷발로 긁는 배 피부쪽이요~
8316	멍수	2025-07-18 14:55:43	이린	멍수입니다
8316	멍수	2025-07-18 14:59:40	SD동물의료센터 서울점	네 선생님께 전달드리겠습니다. 답변오는대로 전달드리겠습니다 :)
8316	멍수	2025-07-18 15:03:52	이린	감사합니다~
8316	멍수	2025-07-18 17:34:12	SD동물의료센터 서울점	보호자님, 선생님 답변 전달드립니다 :)

내원하지않으셔도되며 긁으면 옷같은거 입혀주시고, 소독도 계속 목부위 포함해서 하루 2-3번 부탁드립니다. 

감사합니다 :)
8316	멍수	2025-07-18 17:34:30	이린	네 감사합니다!
8316	멍수	2026-04-18 10:45:31	SD동물의료센터 서울점	멍수 접종내역.pdf
8316	멍수	2026-04-18 10:45:49	SD동물의료센터 서울점	안녕하세요 보호자님 요청하신 접종내역 보내드립니다 감사합니다
8316	멍수	2026-04-18 10:46:13	이린	감사합니다
8316	멍수	2026-04-18 10:46:13	SD동물의료센터 서울점	채팅 운영시간 안내
8316	멍수	2026-04-18 10:46:13	SD동물의료센터 서울점	✅ 본 채널에서는 진료 예약과 입원 환자 사진·안내를 받아보실 수 있습니다. (14:00~16:00, 1회)

📌 다만, 진료·증상 상담은 채널에서 진행하지 않으며, 내원 시 의료진과 직접 상담 부탁드립니다.

더 나은 진료 서비스를 위해 최선을 다하겠습니다. 감사합니다.
8316	멍수	2026-07-28 14:00:26	SD동물의료센터 서울점	(광고)7월의 SD링크가 도착했어요.
8316	멍수	2026-07-28 15:16:02	SD동물의료센터 서울점	멍수(이린) 세부내역서.pdf
8316	멍수	2026-07-28 15:16:18	SD동물의료센터 서울점	안녕하세요 보호자님, 요청하신 세부내역서 송부드립니다. 
감사합니다 :)
8316	멍수	2026-08-16 19:34:46	SD동물의료센터 서울점	알림톡/브랜드메시지는 관리자센터에서 확인할 수 없어요.
8316	멍수	2026-08-16 21:02:50	SD동물의료센터 서울점	알림톡/브랜드메시지는 관리자센터에서 확인할 수 없어요.
8316	멍수	2026-08-17 13:17:43	SD동물의료센터 서울점	알림톡/브랜드메시지는 관리자센터에서 확인할 수 없어요.
8316	멍수	2026-08-17 16:06:33	이린	안녕하세요
멍수 방금 병원 갔다 도착했는데
또 집에서 바로 토해서요
토하는 걸로 다녀온 건데 
또 토하는데 의사 선생님이 또 토하면 오시라 했거든요.
8316	멍수	2026-08-17 16:06:33	SD동물의료센터 서울점	채팅 운영시간 안내
8316	멍수	2026-08-17 16:06:33	SD동물의료센터 서울점	✅ 본 채널에서는 진료 예약과 입원 환자 사진·안내를 받아보실 수 있습니다. (14:00~16:00, 1회)

📌 다만, 진료·증상 상담은 채널에서 진행하지 않으며, 내원 시 의료진과 직접 상담 부탁드립니다.

더 나은 진료 서비스를 위해 최선을 다하겠습니다. 감사합니다.
8316	멍수	2026-08-17 16:06:49	이린	사진
8316	멍수	2026-08-17 16:06:49	SD동물의료센터 서울점	채팅 운영시간 안내
8316	멍수	2026-08-17 16:06:49	SD동물의료센터 서울점	✅ 본 채널에서는 진료 예약과 입원 환자 사진·안내를 받아보실 수 있습니다. (14:00~16:00, 1회)

📌 다만, 진료·증상 상담은 채널에서 진행하지 않으며, 내원 시 의료진과 직접 상담 부탁드립니다.

더 나은 진료 서비스를 위해 최선을 다하겠습니다. 감사합니다.
8316	멍수	2026-08-17 16:06:56	이린	혹시 몰라 방금 토 사진 첨부드립니다.
8316	멍수	2026-08-17 16:06:56	SD동물의료센터 서울점	채팅 운영시간 안내
8316	멍수	2026-08-17 16:06:56	SD동물의료센터 서울점	✅ 본 채널에서는 진료 예약과 입원 환자 사진·안내를 받아보실 수 있습니다. (14:00~16:00, 1회)

📌 다만, 진료·증상 상담은 채널에서 진행하지 않으며, 내원 시 의료진과 직접 상담 부탁드립니다.

더 나은 진료 서비스를 위해 최선을 다하겠습니다. 감사합니다.
8405	토리	2025-07-31 12:00:50	ㄱ.올인원엔터 함주희	고양이 베이직 검사비용 문의드립니다
8405	토리	2025-07-31 12:01:40	SD동물의료센터 서울점	안녕하세요
SD동물의료센터 서울점입니다.

▶ https://sdamc.co.kr/HealthCarecenter

건강검진 프로그램 안내되어 있는 본원 홈페이지 링크 보내드립니다. :)

베이직, 스탠다드, 프리미엄 그리고 심장 특화 프로그램으로 이루어져 있습니다.
[(10kg 미만 기준) 베이직 35만원, 스탠다드 60만원, 프리미엄 80만원]

충분히 살펴보시고 예약 필요시 전화나 카카오톡 채널로 문의 부탁드립니다.

감사합니다. :)
8405	토리	2025-11-09 13:23:56	ㄱ.올인원엔터 함주희	진료예약
8405	토리	2025-11-09 13:23:56	SD동물의료센터 서울점(메뉴)	SD동물의료센터 서울점 진료 예약을 위해 아래 내용을 채팅에 남겨주세요.

◼︎ 보호자님 성함 / 연락처
◼︎ 반려동물 이름 / 간단한 증상

* 예약에 필요한 간단한 상담이 진행될 수 있습니다.
* 증상과 관련된 자세한 상담은 진료의 부분으로 예약 후 내원시 수의사 선생님과 상담 가능합니다. 
* 채널 상담은 병원 업무와 동시에 진행되어 원내 상황에 따라 빠른 응대가 어려울 수 있습니다. 

문의사항은 본원 대표전화(02-2039-0303)로 연락부탁드립니다.
8405	토리	2025-11-09 13:24:20	ㄱ.올인원엔터 함주희	함주희/01094060213
토리/초록색 똥, 초록색 토
8405	토리	2025-11-09 13:24:20	SD동물의료센터 서울점	채팅 운영시간 안내
8405	토리	2025-11-09 13:24:20	SD동물의료센터 서울점	✅ 본 채널에서는 진료 예약과 입원 환자 사진·안내를 받아보실 수 있습니다. (14:00~16:00, 1회)

📌 다만, 진료·증상 상담은 채널에서 진행하지 않으며, 내원 시 의료진과 직접 상담 부탁드립니다.

더 나은 진료 서비스를 위해 최선을 다하겠습니다. 감사합니다.
8405	토리	2025-11-09 14:15:56	SD동물의료센터 서울점	안녕하세요 보호자님 내원 가능한 날짜 있으실까요?
8405	토리	2025-11-09 14:20:39	ㄱ.올인원엔터 함주희	오늘 가도될까요?
8405	토리	2025-11-09 14:20:39	SD동물의료센터 서울점	채팅 운영시간 안내
8405	토리	2025-11-09 14:20:39	SD동물의료센터 서울점	✅ 본 채널에서는 진료 예약과 입원 환자 사진·안내를 받아보실 수 있습니다. (14:00~16:00, 1회)

📌 다만, 진료·증상 상담은 채널에서 진행하지 않으며, 내원 시 의료진과 직접 상담 부탁드립니다.

더 나은 진료 서비스를 위해 최선을 다하겠습니다. 감사합니다.
8405	토리	2025-11-09 14:28:29	SD동물의료센터 서울점	금일은 주치의선생님께서 휴진이셔서 다른선생님께 진료 가능합니다. 5:30 내원 가능하실까요?
8405	토리	2025-11-09 14:32:35	ㄱ.올인원엔터 함주희	네 그때갈게요
8405	토리	2025-11-09 14:32:35	SD동물의료센터 서울점	채팅 운영시간 안내
8405	토리	2025-11-09 14:32:35	SD동물의료센터 서울점	✅ 본 채널에서는 진료 예약과 입원 환자 사진·안내를 받아보실 수 있습니다. (14:00~16:00, 1회)

📌 다만, 진료·증상 상담은 채널에서 진행하지 않으며, 내원 시 의료진과 직접 상담 부탁드립니다.

더 나은 진료 서비스를 위해 최선을 다하겠습니다. 감사합니다.
8405	토리	2025-11-09 14:34:40	SD동물의료센터 서울점	네 보호자님 금일 5:30에 뵙겠습니다 감사합니다:)
8405	토리	2026-07-06 18:37:52	ㄱ.올인원엔터 함주희	진료예약
8405	토리	2026-07-06 18:37:52	SD동물의료센터 서울점(메뉴)	SD동물의료센터 서울점 진료 예약을 위해 아래 내용을 채팅에 남겨주세요.

◼︎ 보호자님 성함 / 연락처
◼︎ 반려동물 이름 / 간단한 증상

* 예약에 필요한 간단한 상담이 진행될 수 있습니다.
* 증상과 관련된 자세한 상담은 진료의 부분으로 예약 후 내원시 수의사 선생님과 상담 가능합니다. 
* 채널 상담은 병원 업무와 동시에 진행되어 원내 상황에 따라 빠른 응대가 어려울 수 있습니다. 

문의사항은 본원 대표전화(02-2039-0303)로 연락부탁드립니다.
8405	토리	2026-07-06 18:37:55	ㄱ.올인원엔터 함주희	건강검진 안내
8405	토리	2026-07-06 18:37:55	SD동물의료센터 서울점(메뉴)	건강한 견생, 묘생을 위해 주기적인 건강검진은 필수입니다. 
SD동물의료센터에서는 아이에게 꼭 필요한 최소 항목으로 건강검진을 진행하고 있습니다. 
아이의 나이와 현 상태에 따라 검진이 가능한 베이직 프로그램부터 프리미엄까지 세세하게 항목을 분류하여 검진을 진행합니다.

자세한 내용은 아래 버튼을 통해 확인하실 수 있습니다.

8405	토리	2026-07-06 18:40:38	SD동물의료센터 서울점	✅ 본 채널에서는 진료 예약과 입원 환자 사진·안내를 받아보실 수 있습니다. (14:00~16:00, 1회)

📌 다만, 진료·증상 상담은 채널에서 진행하지 않으며, 내원 시 의료진과 직접 상담 부탁드립니다.

더 나은 진료 서비스를 위해 최선을 다하겠습니다. 감사합니다.
8405	토리	2026-07-06 18:40:38	ㄱ.올인원엔터 함주희	안녕하세요.
2세 토리 건강검진 예약하고싶은데요

https://link.coupang.com/a/faafn9eF2G?abTestInfo=100412_group_A 

이 모래 쓰는데 약간의 건강의심이 떴는데, 어떤 건강검진 코스를 하는게 좋을지해서요.

작년7월에 타 병원에서 건감검진한적 있는데 신장에 미네랄수치(?)가 살짝 높은편(?)이라는 말을 해주시면서 음수량 늘리는데 신경쓰라고 하셨었어요
8405	토리	2026-07-06 18:40:38	SD동물의료센터 서울점	채팅 운영시간 안내
8405	토리	2026-07-06 18:43:56	SD동물의료센터 서울점	안녕하세요
SD동물의료센터 서울점입니다.

▶ https://sdamc.co.kr/HealthCarecenter

건강검진 프로그램 안내되어 있는 본원 홈페이지 링크 보내드립니다. :)

베이직, 스탠다드, 프리미엄 그리고 심장 특화 프로그램으로 이루어져 있습니다.
[(10kg 미만 기준) 베이직 40만원, 스탠다드 70만원, 프리미엄 90만원]

충분히 살펴보시고 예약 필요시 전화나 카카오톡 채널로 문의 부탁드립니다.

감사합니다. :)
8405	토리	2026-07-06 19:00:55	SD동물의료센터 서울점	유선안내 완료입니다.
감사합니다.
8405	토리	2026-07-26 07:03:47	ㄱ.올인원엔터 함주희	안녕하세요 
저희 지난번에 건강검진한거 수치가 높았던게 뭐뭐인지 알 수 있을까요?

함토리 2세 먼치킨 01094060213입니다
8405	토리	2026-07-26 07:03:47	SD동물의료센터 서울점	채팅 운영시간 안내
8405	토리	2026-07-26 07:03:47	SD동물의료센터 서울점	✅ 본 채널에서는 진료 예약과 입원 환자 사진·안내를 받아보실 수 있습니다. (14:00~16:00, 1회)

📌 다만, 진료·증상 상담은 채널에서 진행하지 않으며, 내원 시 의료진과 직접 상담 부탁드립니다.

더 나은 진료 서비스를 위해 최선을 다하겠습니다. 감사합니다.
8405	토리	2026-07-26 12:00:45	SD동물의료센터 서울점	안녕하세요 토리보호자님
문의주신 내용 관련하여 연락드렸습니다.
통화 가능하실 때 연락 부탁드리겠습니다.
감사합니다.
8405	토리	2026-07-26 12:30:14	SD동물의료센터 서울점	20260707_건강검진결과서_토리(함주희님).pdf
8405	토리	2026-07-26 12:30:40	SD동물의료센터 서울점	토리보호자님, 건강검진 결과지 확인해보니 마침 작성 완료되었다고 하셔서 보내드렸습니다 :)
8405	토리	2026-07-26 12:32:12	ㄱ.올인원엔터 함주희	감사합니다
8405	토리	2026-07-26 12:32:12	SD동물의료센터 서울점	채팅 운영시간 안내
8405	토리	2026-07-26 12:32:12	SD동물의료센터 서울점	✅ 본 채널에서는 진료 예약과 입원 환자 사진·안내를 받아보실 수 있습니다. (14:00~16:00, 1회)

📌 다만, 진료·증상 상담은 채널에서 진행하지 않으며, 내원 시 의료진과 직접 상담 부탁드립니다.

더 나은 진료 서비스를 위해 최선을 다하겠습니다. 감사합니다.
8405	토리	2026-07-28 14:00:26	SD동물의료센터 서울점	(광고)7월의 SD링크가 도착했어요.
8405	토리	2026-08-07 09:39:40	ㄱ.올인원엔터 함주희	안녕하세요 
0213 토리맘 인데요
건사료 원래 먹던거먹고
습식캔+습식파우치 같이주는데 설사는아닌데 똥이 질어져서 똥싸고나믄 똥꼬에 잔여물이 남아서 요즘 닦아주고있는데 병원을가야될까요?
8405	토리	2026-08-07 09:39:40	SD동물의료센터 서울점	채팅 운영시간 안내
8405	토리	2026-08-07 09:39:40	SD동물의료센터 서울점	✅ 본 채널에서는 진료 예약과 입원 환자 사진·안내를 받아보실 수 있습니다. (14:00~16:00, 1회)

📌 다만, 진료·증상 상담은 채널에서 진행하지 않으며, 내원 시 의료진과 직접 상담 부탁드립니다.

더 나은 진료 서비스를 위해 최선을 다하겠습니다. 감사합니다.
8405	토리	2026-08-07 09:59:56	SD동물의료센터 서울점	안녕하세요, 담당선생님 전달드리겠습니다. :)
8405	토리	2026-08-07 13:59:27	SD동물의료센터 서울점	안녕하세요 보호자님
식이 변경이 있으면서 식이반응성 변화로 변 양상이 달라질 수 있으나, 다른 요인들에 대한 평가 없이 심각도를 평가하긴 어려울 것으로 보입니다. 
보호자분이 보시기에 활력, 식욕 양호하고 그 외 특이사항 없을 시에는 우선 지켜봐주시고, 설사로 심화될 경우 혹은 다른 증상이 함께 나타나는 경우 진료를 권해드립니다. 
감사합니다.
8405	토리	2026-08-07 14:03:38	ㄱ.올인원엔터 함주희	답변감사드립니다. 
8405	토리	2026-08-07 14:03:38	SD동물의료센터 서울점	채팅 운영시간 안내
8409	초코	2025-03-14 18:18:25	김경미	뽀 보호자입니디
8409	초코	2025-03-14 22:43:09	김경미	낼 2시 데리러 가기로 예약했는데요
되도록 빨리 데려오고 싶습니다
몇시에 가면 될지 연락 부탁드립니다 
8409	초코	2025-03-14 22:43:09	SD동물의료센터 서울점	채팅 운영시간 안내
8409	초코	2025-03-14 22:43:09	SD동물의료센터 서울점	지금은 답변(채팅)이 가능한 시간이 아닙니다. 🌃
야간 중 채널 확인 및 전송이 불가능하오니 내용을 남겨주시면 채팅이 가능한 시간에 순차적으로 답변드리겠습니다.
아이들의 편한 휴식과 보다 더 안정된 회복을 위하여 집중하겠습니다.
감사합니다. 😊
8409	초코	2025-03-15 09:34:54	SD동물의료센터 서울점	안녕하세요. SD동물의료센터 입니다.

주치의 선생님이 오후에 출근하여, 아이 상태 관련 다시 한 번 확인하고 가장 빠르게 상담 가능한 시간 일정이 현재 예약되어 있는 오후 2시 일정으로 확인됩니다.

혹시 2시 내원이 어려우신걸까요~?
8409	초코	2025-03-15 09:39:40	김경미	담당의께서 오후 출근이시군요
어쩔 수 없네요
8409	초코	2025-03-15 09:40:02	김경미	연락 감사드립니다 
8409	초코	2025-03-15 09:40:59	SD동물의료센터 서울점	네 보호자님 :) 확인해주셔서 감사합니다. 

금일 오후 2시 상담 예약 일정은 유지 해놓겠습니다. 

혹시라도 추가 문의사항 혹은 일정 변경 필요하실경우, 연락 남겨주세요.

감사합니다 ^^
8409	초코	2025-03-15 15:07:09	SD동물의료센터 서울점	사진
8409	초코	2025-03-15 15:07:14	SD동물의료센터 서울점	안녕하세요 뽀 보호자님! 뽀 방금 면회하고 가신 뒤 입원장 안에서 수액 처치 받으며 안정 취하는 중 입니다. 지속적으로 바이탈 지켜보는 중 입니다. 식이는 주사기로 유동식 사료 급여 중 입니다. 뽀 사진 보내드릴게요:)
8409	초코	2025-03-15 15:07:16	SD동물의료센터 서울점	동영상
8409	초코	2025-03-15 18:03:34	김경미	7시쯤 아이 면회가겠습니다 
8409	초코	2025-03-15 18:18:18	SD동물의료센터 서울점	네 보호자님 :)
8409	초코	2025-03-16 08:39:00	김경미	밤새 뽀 어땠는지 알 수 있을까요?
배농 후 좀 괜찮은지도 궁금합니다
12시까지 기다리려니 애가 타네요
8409	초코	2025-03-16 08:39:00	SD동물의료센터 서울점	채팅 운영시간 안내
8409	초코	2025-03-16 08:39:00	SD동물의료센터 서울점	지금은 답변(채팅)이 가능한 시간이 아닙니다. 🌃
야간 중 채널 확인 및 전송이 불가능하오니 내용을 남겨주시면 채팅이 가능한 시간에 순차적으로 답변드리겠습니다.
아이들의 편한 휴식과 보다 더 안정된 회복을 위하여 집중하겠습니다.
감사합니다. 😊
8409	초코	2026-06-11 08:51:45	김경미	초코
8409	초코	2026-06-11 08:51:45	SD동물의료센터 서울점	채팅 운영시간 안내
8409	초코	2026-06-11 08:51:45	SD동물의료센터 서울점	✅ 본 채널에서는 진료 예약과 입원 환자 사진·안내를 받아보실 수 있습니다. (14:00~16:00, 1회)

📌 다만, 진료·증상 상담은 채널에서 진행하지 않으며, 내원 시 의료진과 직접 상담 부탁드립니다.

더 나은 진료 서비스를 위해 최선을 다하겠습니다. 감사합니다.
8409	초코	2026-06-13 19:47:49	김경미	안녕하세요~

어제 CT 찍은 고양이 초코 보호자에요
초코가 오늘 보니 목소리가 잘 안나오는데
괜찮은걸까요?
8409	초코	2026-06-13 19:47:49	SD동물의료센터 서울점	채팅 운영시간 안내
8409	초코	2026-06-13 19:47:49	SD동물의료센터 서울점	✅ 본 채널에서는 진료 예약과 입원 환자 사진·안내를 받아보실 수 있습니다. (14:00~16:00, 1회)

📌 다만, 진료·증상 상담은 채널에서 진행하지 않으며, 내원 시 의료진과 직접 상담 부탁드립니다.

더 나은 진료 서비스를 위해 최선을 다하겠습니다. 감사합니다.
8409	초코	2026-06-16 18:57:55	김경미	고양이 초코 보호자입니다

초코 관장해주셨던 여자선생님과 통화 원한다고 메모 남겼는데 진료하시느라 바쁘신지 연락이 없네요

다름이 아니고
초코가 지난주 목욜 관장 후 아직도 변을 못보고 있습니다
7/6 수술예정이고요
수술 전까지 변을 못보는 상황이 될 것 같은데 
계속 마취해서 관장을 해도 되는건지요?
지지난주 금욜, 지난주 목욜.금욜
마취했었습니다

담당선생님께 제 카톡 전달해주시고 통화원한다고 얘기해주세요
8409	초코	2026-06-16 18:57:55	SD동물의료센터 서울점	채팅 운영시간 안내
8409	초코	2026-06-16 18:57:55	SD동물의료센터 서울점	✅ 본 채널에서는 진료 예약과 입원 환자 사진·안내를 받아보실 수 있습니다. (14:00~16:00, 1회)

📌 다만, 진료·증상 상담은 채널에서 진행하지 않으며, 내원 시 의료진과 직접 상담 부탁드립니다.

더 나은 진료 서비스를 위해 최선을 다하겠습니다. 감사합니다.
8409	초코	2026-06-16 19:02:01	SD동물의료센터 서울점	네 보호자님 주치의선생님께서 전화상담 요청하신 내용 알고 계시나 금일 예약된 진료가 30분 단위로 꽉 차있어 빠른 연결이 어려웠던 것 같습니다. 다시 한번 연락드릴 수 있도록 전달드리겠습니다. 죄송합니다
8409	초코	2026-07-04 13:42:26	김경미	안녕하세요~

낼 초코 진료가 몇시인가요?
8409	초코	2026-07-04 13:42:26	SD동물의료센터 서울점	채팅 운영시간 안내
8409	초코	2026-07-04 13:42:26	SD동물의료센터 서울점	✅ 본 채널에서는 진료 예약과 입원 환자 사진·안내를 받아보실 수 있습니다. (14:00~16:00, 1회)

📌 다만, 진료·증상 상담은 채널에서 진행하지 않으며, 내원 시 의료진과 직접 상담 부탁드립니다.

더 나은 진료 서비스를 위해 최선을 다하겠습니다. 감사합니다.
8409	초코	2026-07-04 13:47:44	SD동물의료센터 서울점	7/6 월 14:30 진료예약 입니다.
8409	초코	2026-07-04 13:48:01	김경미	감사합니다 
8409	초코	2026-07-04 13:48:01	SD동물의료센터 서울점	채팅 운영시간 안내
8409	초코	2026-07-04 13:48:01	SD동물의료센터 서울점	✅ 본 채널에서는 진료 예약과 입원 환자 사진·안내를 받아보실 수 있습니다. (14:00~16:00, 1회)

📌 다만, 진료·증상 상담은 채널에서 진행하지 않으며, 내원 시 의료진과 직접 상담 부탁드립니다.

더 나은 진료 서비스를 위해 최선을 다하겠습니다. 감사합니다.
8409	초코	2026-07-06 15:00:03	김경미	초코
8409	초코	2026-07-06 15:00:03	SD동물의료센터 서울점	채팅 운영시간 안내
8409	초코	2026-07-06 15:00:03	SD동물의료센터 서울점	✅ 본 채널에서는 진료 예약과 입원 환자 사진·안내를 받아보실 수 있습니다. (14:00~16:00, 1회)

📌 다만, 진료·증상 상담은 채널에서 진행하지 않으며, 내원 시 의료진과 직접 상담 부탁드립니다.

더 나은 진료 서비스를 위해 최선을 다하겠습니다. 감사합니다.
8409	초코	2026-07-06 15:00:09	SD동물의료센터 서울점	안녕하세요 보호자님

입원 및 면회 관련 안내사항 보내드립니다.
이용에 불편함 없으시도록 참고 부탁드립니다. :)

▶ https://blog.naver.com/sdamc00/223842908205


◎ 우리 병원은 아픈 반려동물의 빠른 회복을 최우선으로 최선의 진료를 시행합니다. ◎

""예상치 못한 응급 상황이나 피치 못할 중환자 관리로 인해 대기 시간이 길어질 수 있는 점""
미리 양해 말씀드리며 너그럽게 양해 부탁드립니다.

보호자분의 따뜻한 배려 늘 감사합니다. :)
8409	초코	2026-07-06 19:39:32	김경미	초코 수술 아직 안끝났나요?
8409	초코	2026-07-06 19:39:32	SD동물의료센터 서울점	채팅 운영시간 안내
8409	초코	2026-07-06 19:39:32	SD동물의료센터 서울점	✅ 본 채널에서는 진료 예약과 입원 환자 사진·안내를 받아보실 수 있습니다. (14:00~16:00, 1회)

📌 다만, 진료·증상 상담은 채널에서 진행하지 않으며, 내원 시 의료진과 직접 상담 부탁드립니다.

더 나은 진료 서비스를 위해 최선을 다하겠습니다. 감사합니다.
8409	초코	2026-07-06 20:05:35	SD동물의료센터 서울점	유선으로 안내드렸습니다. 아이 마취 회복되고 난 후 사진 전달드리겠습니다:)
8409	초코	2026-07-06 21:13:50	SD동물의료센터 서울점	사진
8409	초코	2026-07-06 21:13:51	SD동물의료센터 서울점	안녕하세요 초코 보호자님! 초코 수술 마치고 현재 입원장에서 수액 및 산소 처치 받으며 회복 중에 있습니다. 걱정 되실 것 같아 초코 사진 함께 보내드려요 ^^ 감사합니다.
8409	초코	2026-07-07 14:58:12	SD동물의료센터 서울점	사진
8409	초코	2026-07-07 14:58:16	SD동물의료센터 서울점	동영상
8409	초코	2026-07-07 14:58:16	SD동물의료센터 서울점	동영상
8409	초코	2026-07-07 14:58:19	SD동물의료센터 서울점	안녕하세요 초코 보호자님~ 초코는 오늘 오전 식이 거의다 먹었고 소변도 잘보았습니다. 현재는 입원장에서 수액을 맞으며 휴식을 취하고 있습니다. 사진 및 영상 보내드려요 :)
8409	초코	2026-07-07 15:11:45	김경미	감사합니다 
8409	초코	2026-07-07 15:11:45	SD동물의료센터 서울점	채팅 운영시간 안내
8409	초코	2026-07-07 15:11:45	SD동물의료센터 서울점	✅ 본 채널에서는 진료 예약과 입원 환자 사진·안내를 받아보실 수 있습니다. (14:00~16:00, 1회)

📌 다만, 진료·증상 상담은 채널에서 진행하지 않으며, 내원 시 의료진과 직접 상담 부탁드립니다.

더 나은 진료 서비스를 위해 최선을 다하겠습니다. 감사합니다.
8409	초코	2026-07-07 15:13:13	김경미	감사합니다 
8409	초코	2026-07-07 15:13:13	SD동물의료센터 서울점	채팅 운영시간 안내
8409	초코	2026-07-07 15:13:13	SD동물의료센터 서울점	✅ 본 채널에서는 진료 예약과 입원 환자 사진·안내를 받아보실 수 있습니다. (14:00~16:00, 1회)

📌 다만, 진료·증상 상담은 채널에서 진행하지 않으며, 내원 시 의료진과 직접 상담 부탁드립니다.

더 나은 진료 서비스를 위해 최선을 다하겠습니다. 감사합니다.
8409	초코	2026-07-08 14:30:56	SD동물의료센터 서울점	사진
8409	초코	2026-07-08 14:31:01	SD동물의료센터 서울점	동영상
8409	초코	2026-07-08 14:31:16	SD동물의료센터 서울점	안녕하세요 초코 보호자님~ 초코는 오늘 오전 식이 소량 먹었고 대변과 소변 모두 잘보았습니다. 현재는 입원장에서 수액을 맞으며 휴식을 취하고 있습니다. 사진 및 영상 보내드려요 :)
8409	초코	2026-07-08 17:03:11	김경미	감사합니다 
8409	초코	2026-07-08 17:03:11	SD동물의료센터 서울점	채팅 운영시간 안내
8409	초코	2026-07-08 17:03:11	SD동물의료센터 서울점	✅ 본 채널에서는 진료 예약과 입원 환자 사진·안내를 받아보실 수 있습니다. (14:00~16:00, 1회)

📌 다만, 진료·증상 상담은 채널에서 진행하지 않으며, 내원 시 의료진과 직접 상담 부탁드립니다.

더 나은 진료 서비스를 위해 최선을 다하겠습니다. 감사합니다.
8409	초코	2026-07-09 14:57:27	SD동물의료센터 서울점	사진
8409	초코	2026-07-09 14:57:31	SD동물의료센터 서울점	동영상
8409	초코	2026-07-09 14:57:35	SD동물의료센터 서울점	안녕하세요 초코 보호자님~ 초코는 오늘 오전 식이 절반정도 먹었고 소변도 잘보았습니다. 현재는 입원장에서 수액을 맞으며 휴식을 취하고 있습니다. 사진 및 영상 보내드려요 :)
8409	초코	2026-07-09 14:58:32	김경미	감사합니다 
8409	초코	2026-07-09 14:58:33	SD동물의료센터 서울점	채팅 운영시간 안내
8409	초코	2026-07-09 14:58:33	SD동물의료센터 서울점	✅ 본 채널에서는 진료 예약과 입원 환자 사진·안내를 받아보실 수 있습니다. (14:00~16:00, 1회)

📌 다만, 진료·증상 상담은 채널에서 진행하지 않으며, 내원 시 의료진과 직접 상담 부탁드립니다.

더 나은 진료 서비스를 위해 최선을 다하겠습니다. 감사합니다.
8409	초코	2026-07-11 15:13:55	김경미	초코가 어제 퇴원후부터 구석에서 잠만 자고 거의 먹지도 않네요  
넥카라때문인가 싶어서  제가 있을때는 풀어주거든요
어제, 오늘 숟가락으로 떠서 아주 조금만 먹었네요
괜찮은건지 걱정되어 카톡 보냅니다
8409	초코	2026-07-11 15:13:55	SD동물의료센터 서울점	채팅 운영시간 안내
8409	초코	2026-07-11 15:13:55	SD동물의료센터 서울점	✅ 본 채널에서는 진료 예약과 입원 환자 사진·안내를 받아보실 수 있습니다. (14:00~16:00, 1회)

📌 다만, 진료·증상 상담은 채널에서 진행하지 않으며, 내원 시 의료진과 직접 상담 부탁드립니다.

더 나은 진료 서비스를 위해 최선을 다하겠습니다. 감사합니다.
8409	초코	2026-07-11 16:07:33	김경미	오늘 수술하신 선생님 휴진이라고 들었습니다 
낼 출근하시면 아이 상황 전달 부탁드려요 
계속 쳐져있네요
8409	초코	2026-07-11 16:07:33	SD동물의료센터 서울점	채팅 운영시간 안내
8409	초코	2026-07-11 16:07:33	SD동물의료센터 서울점	✅ 본 채널에서는 진료 예약과 입원 환자 사진·안내를 받아보실 수 있습니다. (14:00~16:00, 1회)

📌 다만, 진료·증상 상담은 채널에서 진행하지 않으며, 내원 시 의료진과 직접 상담 부탁드립니다.

더 나은 진료 서비스를 위해 최선을 다하겠습니다. 감사합니다.
8409	초코	2026-07-11 16:15:26	SD동물의료센터 서울점	안녕하세요 보호자님 내일 주치의선생님 출근하시면 아이 상태 전달, 전화상담하시도록 전달드리겠습니다 감사합니다 :)
8409	초코	2026-07-12 11:52:44	SD동물의료센터 서울점	채팅 운영시간 안내
8409	초코	2026-07-12 11:52:44	SD동물의료센터 서울점	✅ 본 채널에서는 진료 예약과 입원 환자 사진·안내를 받아보실 수 있습니다. (14:00~16:00, 1회)

📌 다만, 진료·증상 상담은 채널에서 진행하지 않으며, 내원 시 의료진과 직접 상담 부탁드립니다.

더 나은 진료 서비스를 위해 최선을 다하겠습니다. 감사합니다.
8409	초코	2026-07-12 11:52:44	김경미	지난주 목욜 아이 면회 때 밥 먹이라고 주셔서 먹였는데 거의 안먹더군요
입원기간에도 잘 안먹었을걸로 추정됩니다
ㅠ ㅠ
어젠 입 벌리고 강제로 조금 먹였어요

제가 성당에 있어야해서 선생님이 전화하셔도 못받을 것 같아요

선생님 통화 가능한 시간(저녁) 남겨주심 제가 전화할께요
아님 문자나 카톡으로 아이 어째야할지 남겨주셔도 괜찮습니다
감사합니다 
8409	초코	2026-07-12 12:39:43	SD동물의료센터 서울점	네 해당내용 선생님께 추가로 전달 드리도록 하겠습니다.
8409	초코	2026-07-12 13:40:59	SD동물의료센터 서울점	퇴원 전날 오전까지는 소화기 처방 습식 사료 어느정도 먹어주었는데, 퇴원하는 날 오전에는 먹지 않았습니다. 물도 마시지 않는다거나 기력이 점점 없어진다고 느끼신다면 내원하시는 것을 권장드립니다.
8409	초코	2026-07-16 07:35:56	김경미	안녕하세요~
고양이 초코 보호자입니다
초코가 지난주 금욜 퇴원후 변(대변)을 전혀 못보고 있어요
이번주 월욜 너무 안먹는 문제로 내원해서 필요한 검사 받고 이상없슴 확인했을때 주치의께서 변 잘보는지 체크하라고 하셨거든요
낼 실밥 풀러가는 날인데 오늘 가도 될까요?
관장 필요성때문에요
오후 3시 이후면 좋겠습니다

주치의께 제 카톡내용 전달 부탁드립니다 
8409	초코	2026-07-16 07:35:56	SD동물의료센터 서울점	채팅 운영시간 안내
8409	초코	2026-07-16 07:35:56	SD동물의료센터 서울점	✅ 본 채널에서는 진료 예약과 입원 환자 사진·안내를 받아보실 수 있습니다. (14:00~16:00, 1회)

📌 다만, 진료·증상 상담은 채널에서 진행하지 않으며, 내원 시 의료진과 직접 상담 부탁드립니다.

더 나은 진료 서비스를 위해 최선을 다하겠습니다. 감사합니다.
8409	초코	2026-07-16 08:48:08	김경미	답은 카톡으로 남겨주세요
8409	초코	2026-07-16 08:48:08	SD동물의료센터 서울점	채팅 운영시간 안내
8409	초코	2026-07-16 08:48:08	SD동물의료센터 서울점	✅ 본 채널에서는 진료 예약과 입원 환자 사진·안내를 받아보실 수 있습니다. (14:00~16:00, 1회)

📌 다만, 진료·증상 상담은 채널에서 진행하지 않으며, 내원 시 의료진과 직접 상담 부탁드립니다.

더 나은 진료 서비스를 위해 최선을 다하겠습니다. 감사합니다.
8409	초코	2026-07-16 10:01:49	SD동물의료센터 서울점	네 담당선생님께 전달드리겠습니다. ^^
8409	초코	2026-07-16 10:15:49	SD동물의료센터 서울점	가능하다고 하십니다. 3시 이후로 가능한 시간은 5시 30분인데 그때로 해드릴까요?
8409	초코	2026-07-16 10:55:45	김경미	네~
5시 30분에 가겠습니다 
감사합니다 
8409	초코	2026-07-16 10:55:45	SD동물의료센터 서울점	채팅 운영시간 안내
8409	초코	2026-07-16 10:55:45	SD동물의료센터 서울점	✅ 본 채널에서는 진료 예약과 입원 환자 사진·안내를 받아보실 수 있습니다. (14:00~16:00, 1회)

📌 다만, 진료·증상 상담은 채널에서 진행하지 않으며, 내원 시 의료진과 직접 상담 부탁드립니다.

더 나은 진료 서비스를 위해 최선을 다하겠습니다. 감사합니다.
8409	초코	2026-07-16 10:57:51	SD동물의료센터 서울점	보호자님 18시도 내원가능하실까요?
8409	초코	2026-07-16 15:34:40	김경미	네~
8409	초코	2026-07-16 15:34:40	SD동물의료센터 서울점	채팅 운영시간 안내
8409	초코	2026-07-16 15:34:40	SD동물의료센터 서울점	✅ 본 채널에서는 진료 예약과 입원 환자 사진·안내를 받아보실 수 있습니다. (14:00~16:00, 1회)

📌 다만, 진료·증상 상담은 채널에서 진행하지 않으며, 내원 시 의료진과 직접 상담 부탁드립니다.

더 나은 진료 서비스를 위해 최선을 다하겠습니다. 감사합니다.
8409	초코	2026-07-16 15:38:01	SD동물의료센터 서울점	네 보호자님 금일 18시 진료예약 도와드렸습니다 감사합니다.
8409	초코	2026-07-16 20:00:49	김경미	담 진료
8월 12일이나 13일 오후가 좋습니다 
8409	초코	2026-07-16 20:00:49	SD동물의료센터 서울점	채팅 운영시간 안내
8409	초코	2026-07-16 20:00:49	SD동물의료센터 서울점	✅ 본 채널에서는 진료 예약과 입원 환자 사진·안내를 받아보실 수 있습니다. (14:00~16:00, 1회)

📌 다만, 진료·증상 상담은 채널에서 진행하지 않으며, 내원 시 의료진과 직접 상담 부탁드립니다.

더 나은 진료 서비스를 위해 최선을 다하겠습니다. 감사합니다.
8409	초코	2026-07-16 20:12:36	SD동물의료센터 서울점	오후 12시 내원도 가능하신가요?
8409	초코	2026-07-16 20:24:30	SD동물의료센터 서울점	아니시면 내원 가능한 시간대 말씀해주세요^^
8409	초코	2026-07-16 20:26:00	김경미	2시 이후 가능합니다 
8409	초코	2026-07-16 20:26:00	SD동물의료센터 서울점	채팅 운영시간 안내
8409	초코	2026-07-16 20:26:00	SD동물의료센터 서울점	✅ 본 채널에서는 진료 예약과 입원 환자 사진·안내를 받아보실 수 있습니다. (14:00~16:00, 1회)

📌 다만, 진료·증상 상담은 채널에서 진행하지 않으며, 내원 시 의료진과 직접 상담 부탁드립니다.

더 나은 진료 서비스를 위해 최선을 다하겠습니다. 감사합니다.
8409	초코	2026-07-16 20:31:25	SD동물의료센터 서울점	그러시면 8월 13일 목요일 오후 15시 내원 가능하실까요?
8409	초코	2026-07-16 23:33:19	김경미	네~
8409	초코	2026-07-16 23:33:19	SD동물의료센터 서울점	채팅 운영시간 안내
8409	초코	2026-07-16 23:33:19	SD동물의료센터 서울점	✅ 본 채널에서는 진료 예약과 입원 환자 사진·안내를 받아보실 수 있습니다. (14:00~16:00, 1회)

📌 다만, 진료·증상 상담은 채널에서 진행하지 않으며, 내원 시 의료진과 직접 상담 부탁드립니다.

더 나은 진료 서비스를 위해 최선을 다하겠습니다. 감사합니다.
8409	초코	2026-07-20 23:45:22	김경미	안녕하세요 

고양이 초코 보호자입니다 
초코가 계속 변을 못보고 있어요
낼 담당선생님 출근하시나요?
관장하러 가야할 것 같아서요
제가 오후에 시간이 가능합니다
화장실을 엄청 들락거리는데 막상 변은 전혀 안나오네요
듀라칸은 계속 먹이고 있어요
8409	초코	2026-07-20 23:45:22	SD동물의료센터 서울점	채팅 운영시간 안내
8409	초코	2026-07-20 23:45:22	SD동물의료센터 서울점	✅ 본 채널에서는 진료 예약과 입원 환자 사진·안내를 받아보실 수 있습니다. (14:00~16:00, 1회)

📌 다만, 진료·증상 상담은 채널에서 진행하지 않으며, 내원 시 의료진과 직접 상담 부탁드립니다.

더 나은 진료 서비스를 위해 최선을 다하겠습니다. 감사합니다.
8409	초코	2026-07-21 09:47:39	SD동물의료센터 서울점	오늘 봐주시던 외과 김규창원장님은 휴진이십니다.  관장은 다른선생님들께 예약 도와드릴 수 있습니다 ^^
8409	초코	2026-07-21 09:48:09	김경미	내일은 출근하시나요?
8409	초코	2026-07-21 09:48:09	SD동물의료센터 서울점	채팅 운영시간 안내
8409	초코	2026-07-21 09:48:09	SD동물의료센터 서울점	✅ 본 채널에서는 진료 예약과 입원 환자 사진·안내를 받아보실 수 있습니다. (14:00~16:00, 1회)

📌 다만, 진료·증상 상담은 채널에서 진행하지 않으며, 내원 시 의료진과 직접 상담 부탁드립니다.

더 나은 진료 서비스를 위해 최선을 다하겠습니다. 감사합니다.
8409	초코	2026-07-21 09:49:34	SD동물의료센터 서울점	네 내일은 출근하십니다. 변을 안보고있다면 오늘 다른선생님께라도 보시는걸 추천드립니다.. ㅠㅠ
8409	초코	2026-07-21 09:59:19	김경미	이따 다시 연락드릴께요
8409	초코	2026-07-21 09:59:19	SD동물의료센터 서울점	채팅 운영시간 안내
8409	초코	2026-07-21 09:59:19	SD동물의료센터 서울점	✅ 본 채널에서는 진료 예약과 입원 환자 사진·안내를 받아보실 수 있습니다. (14:00~16:00, 1회)

📌 다만, 진료·증상 상담은 채널에서 진행하지 않으며, 내원 시 의료진과 직접 상담 부탁드립니다.

더 나은 진료 서비스를 위해 최선을 다하겠습니다. 감사합니다.
8409	초코	2026-07-21 11:01:14	김경미	굳이 주치의 만나고픈 이유는...

목욜 진료 때에도 관장을 했고
쌤이 비용을 저렴하게 해주셨었거든요
보통 관장하면 20~30만원대로 나옵니다
많이 부담스러워요
변으로 인한 수술을 했는데 또 관장을 해야는 상황이라 쌤이 생각해주신 것 같아요
다른 쌤이 지난번 비용으로 관장해주실 수 있을까요? ㅠ ㅠ
죄송합니다 
8409	초코	2026-07-21 11:01:14	SD동물의료센터 서울점	채팅 운영시간 안내
8409	초코	2026-07-21 11:01:14	SD동물의료센터 서울점	✅ 본 채널에서는 진료 예약과 입원 환자 사진·안내를 받아보실 수 있습니다. (14:00~16:00, 1회)

📌 다만, 진료·증상 상담은 채널에서 진행하지 않으며, 내원 시 의료진과 직접 상담 부탁드립니다.

더 나은 진료 서비스를 위해 최선을 다하겠습니다. 감사합니다.
8409	초코	2026-07-21 11:18:13	SD동물의료센터 서울점	비용적인 부분은 원장님께 확인이 필요한 부분이라 금일 내원 시 할인을 해드릴 수 있다 확답드릴 수 없습니다ㅠ
하지만, 아이가 16일 이후에 변을 못 보고 있는 상황이니 빠른 내원하시는 것을 권장드립니다ㅠㅠ
8409	초코	2026-07-21 11:37:22	김경미	2시쯤 가도 될까요?
8409	초코	2026-07-21 11:37:22	SD동물의료센터 서울점	채팅 운영시간 안내
8409	초코	2026-07-21 11:37:22	SD동물의료센터 서울점	✅ 본 채널에서는 진료 예약과 입원 환자 사진·안내를 받아보실 수 있습니다. (14:00~16:00, 1회)

📌 다만, 진료·증상 상담은 채널에서 진행하지 않으며, 내원 시 의료진과 직접 상담 부탁드립니다.

더 나은 진료 서비스를 위해 최선을 다하겠습니다. 감사합니다.
8409	초코	2026-07-21 11:42:53	SD동물의료센터 서울점	14:30 내원가능하실까요?
8409	초코	2026-07-21 11:45:30	김경미	네~
8409	초코	2026-07-21 11:45:30	SD동물의료센터 서울점	채팅 운영시간 안내
8409	초코	2026-07-21 11:45:30	SD동물의료센터 서울점	✅ 본 채널에서는 진료 예약과 입원 환자 사진·안내를 받아보실 수 있습니다. (14:00~16:00, 1회)

📌 다만, 진료·증상 상담은 채널에서 진행하지 않으며, 내원 시 의료진과 직접 상담 부탁드립니다.

더 나은 진료 서비스를 위해 최선을 다하겠습니다. 감사합니다.
8409	초코	2026-07-21 11:46:20	SD동물의료센터 서울점	네 이따 뵙겠습니다 :)
8409	초코	2026-07-23 21:04:34	김경미	초코 수술해주셨던 선생님 진료 요일이 어찌되나요?

그리고 아까 전화주셨는데 제가 못받아서 다시 전화주시기로 했는데요
아직 진료중이신가요?
8409	초코	2026-07-23 21:04:34	SD동물의료센터 서울점	채팅 운영시간 안내
8409	초코	2026-07-23 21:04:34	SD동물의료센터 서울점	✅ 본 채널에서는 진료 예약과 입원 환자 사진·안내를 받아보실 수 있습니다. (14:00~16:00, 1회)

📌 다만, 진료·증상 상담은 채널에서 진행하지 않으며, 내원 시 의료진과 직접 상담 부탁드립니다.

더 나은 진료 서비스를 위해 최선을 다하겠습니다. 감사합니다.
8409	초코	2026-07-23 21:17:19	SD동물의료센터 서울점	매주 화/토 휴진일이시고 나머지 요일은 진료 하십니다.

추가로 통화는 되셨다고 전달 받았는데 연락 못 받아보신 걸까요?\
8409	초코	2026-07-23 21:23:31	SD동물의료센터 서울점	채팅 운영시간 안내
8409	초코	2026-07-23 21:23:31	SD동물의료센터 서울점	✅ 본 채널에서는 진료 예약과 입원 환자 사진·안내를 받아보실 수 있습니다. (14:00~16:00, 1회)

📌 다만, 진료·증상 상담은 채널에서 진행하지 않으며, 내원 시 의료진과 직접 상담 부탁드립니다.

더 나은 진료 서비스를 위해 최선을 다하겠습니다. 감사합니다.
8409	초코	2026-07-23 21:23:31	김경미	통화 못했습니다
8409	초코	2026-07-24 08:48:37	김경미	초코는 화욜 관장이후 여전히 변을 못보고 있습니다
일욜 저녁 늦게 주치의 진료 예약 부탁드립니다 🙏 
8409	초코	2026-07-24 08:48:37	SD동물의료센터 서울점	채팅 운영시간 안내
8409	초코	2026-07-24 08:48:37	SD동물의료센터 서울점	✅ 본 채널에서는 진료 예약과 입원 환자 사진·안내를 받아보실 수 있습니다. (14:00~16:00, 1회)

📌 다만, 진료·증상 상담은 채널에서 진행하지 않으며, 내원 시 의료진과 직접 상담 부탁드립니다.

더 나은 진료 서비스를 위해 최선을 다하겠습니다. 감사합니다.
8409	초코	2026-07-24 10:04:15	SD동물의료센터 서울점	안녕하세요 보호자님 7월 26일 일요일, 오후 6시 30분으로 예약도와드렸습니다. :)

요 시간이 가장 늦은시간이고, 혹시 변동 필요하시면 연락주세요!
8409	초코	2026-07-24 11:02:13	김경미	감사합니다 
8409	초코	2026-07-24 11:02:13	SD동물의료센터 서울점	채팅 운영시간 안내
8409	초코	2026-07-24 11:02:13	SD동물의료센터 서울점	✅ 본 채널에서는 진료 예약과 입원 환자 사진·안내를 받아보실 수 있습니다. (14:00~16:00, 1회)

📌 다만, 진료·증상 상담은 채널에서 진행하지 않으며, 내원 시 의료진과 직접 상담 부탁드립니다.

더 나은 진료 서비스를 위해 최선을 다하겠습니다. 감사합니다.
8409	초코	2026-07-30 20:35:59	김경미	안녕하세요 

고양이 초코 보호자입니다 
낼 오후 6시 진료 보고싶은데
담당선생님 시간 가능하실까요?
8409	초코	2026-07-30 20:35:59	SD동물의료센터 서울점	채팅 운영시간 안내
8409	초코	2026-07-30 20:35:59	SD동물의료센터 서울점	✅ 본 채널에서는 진료 예약과 입원 환자 사진·안내를 받아보실 수 있습니다. (14:00~16:00, 1회)

📌 다만, 진료·증상 상담은 채널에서 진행하지 않으며, 내원 시 의료진과 직접 상담 부탁드립니다.

더 나은 진료 서비스를 위해 최선을 다하겠습니다. 감사합니다.
8409	초코	2026-07-30 20:38:58	SD동물의료센터 서울점	안녕하세요 보호자님.
익일 예약은 어떤진료로 내원 희망하시는 걸까요~?
8409	초코	2026-07-30 20:59:46	김경미	일욜 진료이후 여전히 변을 못보고 있습니다
관장도 해야하고 재수술 문제로 다시 한번 상담하고 싶어서요
8409	초코	2026-07-30 20:59:46	SD동물의료센터 서울점	채팅 운영시간 안내
8409	초코	2026-07-30 20:59:46	SD동물의료센터 서울점	✅ 본 채널에서는 진료 예약과 입원 환자 사진·안내를 받아보실 수 있습니다. (14:00~16:00, 1회)

📌 다만, 진료·증상 상담은 채널에서 진행하지 않으며, 내원 시 의료진과 직접 상담 부탁드립니다.

더 나은 진료 서비스를 위해 최선을 다하겠습니다. 감사합니다.
8409	초코	2026-07-30 21:00:25	SD동물의료센터 서울점	익일 18시30분 내원도 가능하실까요?
8409	초코	2026-07-30 21:01:53	김경미	네~
18시 30분에 가겠습니다 
8409	초코	2026-07-30 21:01:53	SD동물의료센터 서울점	채팅 운영시간 안내
8409	초코	2026-07-30 21:01:53	SD동물의료센터 서울점	✅ 본 채널에서는 진료 예약과 입원 환자 사진·안내를 받아보실 수 있습니다. (14:00~16:00, 1회)

📌 다만, 진료·증상 상담은 채널에서 진행하지 않으며, 내원 시 의료진과 직접 상담 부탁드립니다.

더 나은 진료 서비스를 위해 최선을 다하겠습니다. 감사합니다.
8409	초코	2026-07-30 21:03:06	SD동물의료센터 서울점	네 그럼 내일 해당시간에 뵙겠습니다.
감사합니다. :)
8409	초코	2026-08-03 13:07:23	SD동물의료센터 서울점	면회 시간 안내 드립니다.

12:00 ~ 12:50 / 17:30 ~ 19:00

1일 2회 (최대 10분 제한)
- 장소 : 원내 처치실 (입원실)

전화 문의 후 내원 
- 예약 및 전화 접수 불가하며 원내 접수 순으로 진행하고 있으며 병원 상황에 따라 대기 생길 수 있는 점 미리 양해 말씀드립니다.

감사합니다. :)
8409	초코	2026-08-03 13:07:27	SD동물의료센터 서울점	안녕하세요 보호자님

입원 및 면회 관련 안내사항 보내드립니다.
이용에 불편함 없으시도록 참고 부탁드립니다. :)

▶ https://blog.naver.com/sdamc00/223842908205


◎ 우리 병원은 아픈 반려동물의 빠른 회복을 최우선으로 최선의 진료를 시행합니다. ◎

""예상치 못한 응급 상황이나 피치 못할 중환자 관리로 인해 대기 시간이 길어질 수 있는 점""
미리 양해 말씀드리며 너그럽게 양해 부탁드립니다.

보호자분의 따뜻한 배려 늘 감사합니다. :)
8409	초코	2026-08-03 13:59:41	SD동물의료센터 서울점	사진
8409	초코	2026-08-03 13:59:44	SD동물의료센터 서울점	동영상
8409	초코	2026-08-03 13:59:45	SD동물의료센터 서울점	안녕하세요 초코 보호자님~ 초코는 내원이후 현재 입원장에서 수액을 맞으며 휴식을 취하고 있습니다. 사진 및 영상 보내드려요 :)
8409	초코	2026-08-03 21:22:35	김경미	다리에 붕대 빼줘도 될까요?
8409	초코	2026-08-03 21:22:35	SD동물의료센터 서울점	채팅 운영시간 안내
8409	초코	2026-08-03 21:22:35	SD동물의료센터 서울점	✅ 본 채널에서는 진료 예약과 입원 환자 사진·안내를 받아보실 수 있습니다. (14:00~16:00, 1회)

📌 다만, 진료·증상 상담은 채널에서 진행하지 않으며, 내원 시 의료진과 직접 상담 부탁드립니다.

더 나은 진료 서비스를 위해 최선을 다하겠습니다. 감사합니다.
8409	초코	2026-08-03 21:28:05	SD동물의료센터 서울점	네 보호자님, 아이 수액 맞았던 곳 지혈해놓은곳이라 풀어주시면 됩니다!
8409	초코	2026-08-04 14:12:01	김경미	안녕하세요 

초코는 아직 수술안했나요?
8409	초코	2026-08-04 14:12:01	SD동물의료센터 서울점	채팅 운영시간 안내
8409	초코	2026-08-04 14:12:01	SD동물의료센터 서울점	✅ 본 채널에서는 진료 예약과 입원 환자 사진·안내를 받아보실 수 있습니다. (14:00~16:00, 1회)

📌 다만, 진료·증상 상담은 채널에서 진행하지 않으며, 내원 시 의료진과 직접 상담 부탁드립니다.

더 나은 진료 서비스를 위해 최선을 다하겠습니다. 감사합니다.
8409	초코	2026-08-04 14:29:34	SD동물의료센터 서울점	안녕하세요 보호자님, 아직 수술 전으로 확인됩니다 :) 수술 시작하면 연락 드리도록 하겠습니다 !
8409	초코	2026-08-04 14:30:08	김경미	아~
네~~
8409	초코	2026-08-04 14:30:08	SD동물의료센터 서울점	채팅 운영시간 안내
8409	초코	2026-08-04 14:30:08	SD동물의료센터 서울점	✅ 본 채널에서는 진료 예약과 입원 환자 사진·안내를 받아보실 수 있습니다. (14:00~16:00, 1회)

📌 다만, 진료·증상 상담은 채널에서 진행하지 않으며, 내원 시 의료진과 직접 상담 부탁드립니다.

더 나은 진료 서비스를 위해 최선을 다하겠습니다. 감사합니다.
8409	초코	2026-08-04 15:03:50	SD동물의료센터 서울점	초코 보호자님, 초코 수술들어간다고 전화 드렸으나 부재중으로 카톡 남깁니다.
수술 끝나면 다시 연락 드리도록 하겠습니다. 감사합니다 :)
8409	초코	2026-08-04 17:04:33	SD동물의료센터 서울점	✅ 본 채널에서는 진료 예약과 입원 환자 사진·안내를 받아보실 수 있습니다. (14:00~16:00, 1회)

📌 다만, 진료·증상 상담은 채널에서 진행하지 않으며, 내원 시 의료진과 직접 상담 부탁드립니다.

더 나은 진료 서비스를 위해 최선을 다하겠습니다. 감사합니다.
8409	초코	2026-08-04 17:04:33	김경미	알겠습니다 
8409	초코	2026-08-04 17:04:33	SD동물의료센터 서울점	채팅 운영시간 안내
8409	초코	2026-08-04 18:14:59	SD동물의료센터 서울점	사진
8409	초코	2026-08-04 18:15:05	SD동물의료센터 서울점	안녕하세요 초코 보호자님! 초코는 현재 수술 마치고 입원장 안에서 산소 처치를 받으며 마취 회복 중에 있습니다. 사진 함께 보내드려요! 감사합니다 :)
8409	초코	2026-08-05 11:31:46	김경미	안녕하세요

초코 면회가려는데 면회시간 외엔 면회가 안되나요?
면회 시간을 못맞출 것 같아서요
8409	초코	2026-08-05 11:31:46	SD동물의료센터 서울점	채팅 운영시간 안내
8409	초코	2026-08-05 11:31:46	SD동물의료센터 서울점	✅ 본 채널에서는 진료 예약과 입원 환자 사진·안내를 받아보실 수 있습니다. (14:00~16:00, 1회)

📌 다만, 진료·증상 상담은 채널에서 진행하지 않으며, 내원 시 의료진과 직접 상담 부탁드립니다.

더 나은 진료 서비스를 위해 최선을 다하겠습니다. 감사합니다.
8409	초코	2026-08-05 11:41:56	SD동물의료센터 서울점	면회시간 외에는 진료 환자로 인한 처치실 혼잡 또는 응급상황이 있을 수 있어 면회가 제한되고 있습니다
8409	초코	2026-08-05 12:08:06	김경미	알겠습니다 
면회시간에 맞춰서 가도록 하겠습니다 
8409	초코	2026-08-05 12:08:06	SD동물의료센터 서울점	채팅 운영시간 안내
8409	초코	2026-08-05 12:08:06	SD동물의료센터 서울점	✅ 본 채널에서는 진료 예약과 입원 환자 사진·안내를 받아보실 수 있습니다. (14:00~16:00, 1회)

📌 다만, 진료·증상 상담은 채널에서 진행하지 않으며, 내원 시 의료진과 직접 상담 부탁드립니다.

더 나은 진료 서비스를 위해 최선을 다하겠습니다. 감사합니다.
8409	초코	2026-08-05 13:35:55	SD동물의료센터 서울점	사진
8409	초코	2026-08-05 13:35:59	SD동물의료센터 서울점	동영상
8409	초코	2026-08-05 13:36:00	SD동물의료센터 서울점	동영상
8409	초코	2026-08-05 13:36:03	SD동물의료센터 서울점	안녕하세요 초코 보호자님~ 초코는 오늘 오전 식이 잘먹었고 소변도 잘보았습니다. 현재는 입원장에서 수액을 맞으며 휴식을 취하고 있습니다. 사진 및 영상 보내드려요 :)
8409	초코	2026-08-05 13:56:32	김경미	감사합니다 
8409	초코	2026-08-05 13:56:32	SD동물의료센터 서울점	채팅 운영시간 안내
8409	초코	2026-08-05 13:56:32	SD동물의료센터 서울점	✅ 본 채널에서는 진료 예약과 입원 환자 사진·안내를 받아보실 수 있습니다. (14:00~16:00, 1회)

📌 다만, 진료·증상 상담은 채널에서 진행하지 않으며, 내원 시 의료진과 직접 상담 부탁드립니다.

더 나은 진료 서비스를 위해 최선을 다하겠습니다. 감사합니다.
8409	초코	2026-08-06 14:55:15	SD동물의료센터 서울점	사진
8409	초코	2026-08-06 14:55:20	SD동물의료센터 서울점	동영상
8409	초코	2026-08-06 14:55:22	SD동물의료센터 서울점	안녕하세요 초코 보호자님~ 초코는 오늘 오전 식이 절반정도 먹었고 소변도 잘보았습니다. 현재는 입원장에서 수액을 맞으며 휴식을 취하고 있습니다. 사진 및 영상 보내드려요 :)
8409	초코	2026-08-06 15:00:05	김경미	감사합니다 
8409	초코	2026-08-06 15:00:05	SD동물의료센터 서울점	채팅 운영시간 안내
8409	초코	2026-08-06 15:00:05	SD동물의료센터 서울점	✅ 본 채널에서는 진료 예약과 입원 환자 사진·안내를 받아보실 수 있습니다. (14:00~16:00, 1회)

📌 다만, 진료·증상 상담은 채널에서 진행하지 않으며, 내원 시 의료진과 직접 상담 부탁드립니다.

더 나은 진료 서비스를 위해 최선을 다하겠습니다. 감사합니다.
8409	초코	2026-08-12 08:51:33	김경미	안녕하세요~

고양이 초코 보호자입니다 
오늘 오후 진료 신청합니다
토욜 이후 변을 못보네요 ㅜ ㅜ
8409	초코	2026-08-12 08:51:33	SD동물의료센터 서울점	채팅 운영시간 안내
8409	초코	2026-08-12 08:51:33	SD동물의료센터 서울점	✅ 본 채널에서는 진료 예약과 입원 환자 사진·안내를 받아보실 수 있습니다. (14:00~16:00, 1회)

📌 다만, 진료·증상 상담은 채널에서 진행하지 않으며, 내원 시 의료진과 직접 상담 부탁드립니다.

더 나은 진료 서비스를 위해 최선을 다하겠습니다. 감사합니다.
8409	초코	2026-08-12 11:39:19	SD동물의료센터 서울점	안녕하세요 보호자님 금일 김규창원장님 진료는 어렵습니다ㅠㅠ 
이전에 봐주시던 이나래과장님 가능하십니다. 예약도와드릴까요?
8409	초코	2026-08-12 11:52:22	김경미	네
8409	초코	2026-08-12 11:52:22	SD동물의료센터 서울점	채팅 운영시간 안내
8409	초코	2026-08-12 11:52:22	SD동물의료센터 서울점	✅ 본 채널에서는 진료 예약과 입원 환자 사진·안내를 받아보실 수 있습니다. (14:00~16:00, 1회)

📌 다만, 진료·증상 상담은 채널에서 진행하지 않으며, 내원 시 의료진과 직접 상담 부탁드립니다.

더 나은 진료 서비스를 위해 최선을 다하겠습니다. 감사합니다.
8409	초코	2026-08-12 11:52:51	김경미	4시 쯤이면 좋겠습니다
8409	초코	2026-08-12 11:52:52	SD동물의료센터 서울점	채팅 운영시간 안내
8409	초코	2026-08-12 11:52:52	SD동물의료센터 서울점	✅ 본 채널에서는 진료 예약과 입원 환자 사진·안내를 받아보실 수 있습니다. (14:00~16:00, 1회)

📌 다만, 진료·증상 상담은 채널에서 진행하지 않으며, 내원 시 의료진과 직접 상담 부탁드립니다.

더 나은 진료 서비스를 위해 최선을 다하겠습니다. 감사합니다.
8409	초코	2026-08-12 12:16:19	SD동물의료센터 서울점	17:30 제일빠른시간 가능하세요ㅠㅠ
8409	초코	2026-08-12 12:28:23	김경미	그 시간에 가겠습니다 
8409	초코	2026-08-12 12:28:23	SD동물의료센터 서울점	채팅 운영시간 안내
8409	초코	2026-08-12 12:28:23	SD동물의료센터 서울점	✅ 본 채널에서는 진료 예약과 입원 환자 사진·안내를 받아보실 수 있습니다. (14:00~16:00, 1회)

📌 다만, 진료·증상 상담은 채널에서 진행하지 않으며, 내원 시 의료진과 직접 상담 부탁드립니다.

더 나은 진료 서비스를 위해 최선을 다하겠습니다. 감사합니다.
8409	초코	2026-08-12 12:34:49	SD동물의료센터 서울점	네 보호자님 금일 17:30 이나래과장님 앞으로 예약 도와드리겠습니다. 감사합니다.
8409	초코	2026-08-12 17:41:52	김경미	동영상
8409	초코	2026-08-12 17:41:52	SD동물의료센터 서울점	채팅 운영시간 안내
8428	문레오	2026-04-30 12:45:32	MOON	문레오
8428	문레오	2026-04-30 12:45:32	SD동물의료센터 서울점	채팅 운영시간 안내
8428	문레오	2026-04-30 12:45:32	SD동물의료센터 서울점	✅ 본 채널에서는 진료 예약과 입원 환자 사진·안내를 받아보실 수 있습니다. (14:00~16:00, 1회)

📌 다만, 진료·증상 상담은 채널에서 진행하지 않으며, 내원 시 의료진과 직접 상담 부탁드립니다.

더 나은 진료 서비스를 위해 최선을 다하겠습니다. 감사합니다.
8428	문레오	2026-04-30 12:45:44	SD동물의료센터 서울점	안녕하세요 보호자님

입원 및 면회 관련 안내사항 보내드립니다.
이용에 불편함 없으시도록 참고 부탁드립니다. :)

▶ https://blog.naver.com/sdamc00/223842908205


◎ 우리 병원은 아픈 반려동물의 빠른 회복을 최우선으로 최선의 진료를 시행합니다. ◎

""예상치 못한 응급 상황이나 피치 못할 중환자 관리로 인해 대기 시간이 길어질 수 있는 점""
미리 양해 말씀드리며 너그럽게 양해 부탁드립니다.

보호자분의 따뜻한 배려 늘 감사합니다. :)
8428	문레오	2026-04-30 13:46:32	SD동물의료센터 서울점	사진
8428	문레오	2026-04-30 13:46:35	SD동물의료센터 서울점	동영상
8428	문레오	2026-04-30 13:46:47	SD동물의료센터 서울점	문레오 보호자님 안녕하세요~^^ 문레오는 현재 입원장에서 수액맞으면서 휴식중이며, 뇨줄을 통해서 소변 나오는지 확인중입니다. 문레오 사진이랑 영상 같이 보내드릴게요. 감사합니다😊
8428	문레오	2026-05-01 13:50:17	SD동물의료센터 서울점	사진
8428	문레오	2026-05-01 13:50:20	SD동물의료센터 서울점	동영상
8428	문레오	2026-05-01 13:50:35	SD동물의료센터 서울점	안녕하세요, 문레오 보호자님! 문레오는 오늘 아침식이 안먹어서 밥그릇 유지하면서 이후에 먹는지 확인중입니다. 그리고 소변은 뇨줄을 통해서 배출중입니다. 현재 입원장에서 수액 맞으면서 휴식중이며, 사진이랑 영상 같이 보내드릴게요. 감사합니다 :)
8428	문레오	2026-05-01 14:02:13	MOON	신경써주셔서 감사드립니다..!
8428	문레오	2026-05-01 14:02:13	SD동물의료센터 서울점	채팅 운영시간 안내
8428	문레오	2026-05-01 14:02:13	SD동물의료센터 서울점	✅ 본 채널에서는 진료 예약과 입원 환자 사진·안내를 받아보실 수 있습니다. (14:00~16:00, 1회)

📌 다만, 진료·증상 상담은 채널에서 진행하지 않으며, 내원 시 의료진과 직접 상담 부탁드립니다.

더 나은 진료 서비스를 위해 최선을 다하겠습니다. 감사합니다.
8428	문레오	2026-05-02 14:23:02	SD동물의료센터 서울점	사진
8428	문레오	2026-05-02 14:23:07	SD동물의료센터 서울점	동영상
8428	문레오	2026-05-02 14:23:13	SD동물의료센터 서울점	안녕하세요, 문레오 보호자님! 
레오 오늘 식이 주사기를 통한 유동식으로 먹어주었고, 소변은 뇨카줄을 통해 나오고 있습니다.
현재는 장 안에서 수액을 맞으며 쉬고 있는 레오 사진과 영상 보내드립니다 :)
8428	문레오	2026-05-03 13:48:33	SD동물의료센터 서울점	사진
8428	문레오	2026-05-03 13:48:37	SD동물의료센터 서울점	동영상
8428	문레오	2026-05-03 13:48:40	SD동물의료센터 서울점	안녕하세요 레오 보호자님! 레오는 금일 준비한 아침밥을 주사기로 급여하였고, 소변은 뇨카테터를 통해 보고있으며 대변은 잘 보았습니다. 현재는 입원장에서 수액처치를 받으며 안정을 취하는 중입니다. 레오 사진이랑 영상 보내드릴게요 감사합니다!
8428	문레오	2026-05-03 15:19:13	MOON	감사합니다
8428	문레오	2026-05-03 15:19:13	SD동물의료센터 서울점	채팅 운영시간 안내
8428	문레오	2026-05-03 15:19:13	SD동물의료센터 서울점	✅ 본 채널에서는 진료 예약과 입원 환자 사진·안내를 받아보실 수 있습니다. (14:00~16:00, 1회)

📌 다만, 진료·증상 상담은 채널에서 진행하지 않으며, 내원 시 의료진과 직접 상담 부탁드립니다.

더 나은 진료 서비스를 위해 최선을 다하겠습니다. 감사합니다.
8428	문레오	2026-05-04 14:25:42	SD동물의료센터 서울점	사진
8428	문레오	2026-05-04 14:25:45	SD동물의료센터 서울점	동영상
8428	문레오	2026-05-04 14:25:47	SD동물의료센터 서울점	안녕하세요 문레오 보호자님~ 문레오 오늘 아침식이는 주사기로 유동식을 급여 하였고 소변줄을 통하여 소변도 잘 보고있습니다. 현재는 장안에서 수액을 맞으며 휴식을 취하고 있습니다. 사진 및 영상 보내드려요 :)
8428	문레오	2026-05-05 14:22:05	SD동물의료센터 서울점	사진
8428	문레오	2026-05-05 14:22:09	SD동물의료센터 서울점	동영상
8428	문레오	2026-05-05 14:22:12	SD동물의료센터 서울점	안녕하세요 레오 보호자님! 금일 레오는 주사기를 통해 유동식 잘 먹어주었고 소변줄을 통해 소변도 잘 나오는 중입니다. 현재는 입원장에서 수액처치를 받으며 휴식 중에 있습니다. 쉬고있는 레오 사진과 영상 보내드립니다, 감사합니다 😊
8428	문레오	2026-05-06 14:23:56	SD동물의료센터 서울점	사진
8428	문레오	2026-05-06 14:24:00	SD동물의료센터 서울점	동영상
8428	문레오	2026-05-06 14:24:07	SD동물의료센터 서울점	안녕하세요 문레오 보호자님~ 레오 오늘 아침식이는 주사기를 통하여 유동식을 급여 하였고 소변은 뇨줄을 통하여 잘보고있습니다. 현재는 장안에서 수액을 맞으며 휴식을 취하고 있습니다. 사진 및 영상 보내드려요 :)
8428	문레오	2026-05-07 14:27:28	SD동물의료센터 서울점	사진
8428	문레오	2026-05-07 14:27:31	SD동물의료센터 서울점	동영상
8428	문레오	2026-05-07 14:27:33	SD동물의료센터 서울점	안녕하세요 문레오 보호자님~ 레오 오늘 아침식이는 주사기를 통하여 유동식을 급여 하였고 소변줄을 통하여 소변도 잘보고있습니다. 현재는 장안에서 수액을 맞으며 휴식을 취하고 있습니다. 사진 및 영상 보내드려요 :)
8428	문레오	2026-05-08 13:00:02	SD동물의료센터 서울점	사진
8428	문레오	2026-05-08 13:00:19	SD동물의료센터 서울점	안녕하세요, 보호자님. 오늘 혈액검사 결과지 보내드립니다.
8428	문레오	2026-05-08 13:00:37	SD동물의료센터 서울점	Creatinine 유의적인 개선 보이고 있어 현 처치 유지할 예정입니다. 감사합니다.
8428	문레오	2026-05-08 13:24:23	MOON	네 혹시 세시반쯤 면회가도 괜찮을까요?
8428	문레오	2026-05-08 13:24:24	SD동물의료센터 서울점	채팅 운영시간 안내
8428	문레오	2026-05-08 13:24:24	SD동물의료센터 서울점	✅ 본 채널에서는 진료 예약과 입원 환자 사진·안내를 받아보실 수 있습니다. (14:00~16:00, 1회)

📌 다만, 진료·증상 상담은 채널에서 진행하지 않으며, 내원 시 의료진과 직접 상담 부탁드립니다.

더 나은 진료 서비스를 위해 최선을 다하겠습니다. 감사합니다.
8428	문레오	2026-05-08 13:30:22	SD동물의료센터 서울점	네 보호자님.
주치의선생님께 확인해드렸고 면회만 오시는건 가능합니다 :)
8428	문레오	2026-05-08 13:58:29	MOON	네 감사합니다
8428	문레오	2026-05-08 13:58:29	SD동물의료센터 서울점	채팅 운영시간 안내
8428	문레오	2026-05-08 13:58:29	SD동물의료센터 서울점	✅ 본 채널에서는 진료 예약과 입원 환자 사진·안내를 받아보실 수 있습니다. (14:00~16:00, 1회)

📌 다만, 진료·증상 상담은 채널에서 진행하지 않으며, 내원 시 의료진과 직접 상담 부탁드립니다.

더 나은 진료 서비스를 위해 최선을 다하겠습니다. 감사합니다.
8428	문레오	2026-05-08 14:59:44	SD동물의료센터 서울점	사진
8428	문레오	2026-05-08 14:59:47	SD동물의료센터 서울점	동영상
8428	문레오	2026-05-08 14:59:49	SD동물의료센터 서울점	안녕하세요 문레오 보호자님~ 문레오 오늘 아침식이는 주사기를 통하여 유동식을 급여하였고 소변줄을 통하여 소변도 잘보았습니다. 현재는 장안에서 수액을 맞으며 휴식을 취하고 있습니다. 사진 및 영상 보내드립니다 :)
8428	문레오	2026-05-09 13:50:01	SD동물의료센터 서울점	사진
8428	문레오	2026-05-09 13:50:04	SD동물의료센터 서울점	동영상
8428	문레오	2026-05-09 13:50:11	SD동물의료센터 서울점	안녕하세요 문레오 보호자님! 문레오는 오늘 아침 식이 콧줄을 통해 유동식 급여하였으며 소변은 뇨줄을 통해 배출 중에 있고 대변도 잘 보았습니다. 입원장에서 수액 맞으며 휴식 중인 사진과 함께 영상 보내드리겠습니다! 감사합니다 :)
8428	문레오	2026-05-10 14:05:42	SD동물의료센터 서울점	사진
8428	문레오	2026-05-10 14:05:44	SD동물의료센터 서울점	동영상
8428	문레오	2026-05-10 14:05:51	SD동물의료센터 서울점	문레오 보호자님 안녕하세요~ 문레오는 오늘 아침식이는 콧줄을 통해서 유동식 급여하였고, 소변은 뇨줄을 통해서 배출중입니다. 현재 입원장에서 수액 맞으면서 휴식중이며, 문레오 사진과 영상 같이 보내드려요. 감사합니다😊
8428	문레오	2026-05-11 13:57:50	SD동물의료센터 서울점	사진
8428	문레오	2026-05-11 13:57:55	SD동물의료센터 서울점	동영상
8428	문레오	2026-05-11 13:57:58	SD동물의료센터 서울점	안녕하세요 문레오 보호자님~ 레오느 오늘 아침식이는 콧줄을 통하여 유동식을 급여 하였고 소변은 뇨줄을 통해서 잘보고있습니다. 현재는 장안에서 수액을 맞으며 휴식을 취하고 있습니다. 사진 및 영상 보내드려요 :)
8428	문레오	2026-05-11 14:46:33	MOON	레오 오늘 전체적인 수치 볼수있을까요
아까보았는데 잊어먹어서요..
8428	문레오	2026-05-11 14:46:33	SD동물의료센터 서울점	채팅 운영시간 안내
8428	문레오	2026-05-11 14:46:33	SD동물의료센터 서울점	✅ 본 채널에서는 진료 예약과 입원 환자 사진·안내를 받아보실 수 있습니다. (14:00~16:00, 1회)

📌 다만, 진료·증상 상담은 채널에서 진행하지 않으며, 내원 시 의료진과 직접 상담 부탁드립니다.

더 나은 진료 서비스를 위해 최선을 다하겠습니다. 감사합니다.
8428	문레오	2026-05-11 14:49:07	SD동물의료센터 서울점	7386_문창도_8428_문레오_20260511.pdf
8428	문레오	2026-05-11 14:49:46	SD동물의료센터 서울점	네 보호자님, 혈액검사자료 보내드렸습니다 :)
8428	문레오	2026-05-11 15:05:48	MOON	감사합니다
8428	문레오	2026-05-11 15:05:48	SD동물의료센터 서울점	채팅 운영시간 안내
8428	문레오	2026-05-11 15:05:48	SD동물의료센터 서울점	✅ 본 채널에서는 진료 예약과 입원 환자 사진·안내를 받아보실 수 있습니다. (14:00~16:00, 1회)

📌 다만, 진료·증상 상담은 채널에서 진행하지 않으며, 내원 시 의료진과 직접 상담 부탁드립니다.

더 나은 진료 서비스를 위해 최선을 다하겠습니다. 감사합니다.
8428	문레오	2026-05-12 13:45:45	SD동물의료센터 서울점	사진
8428	문레오	2026-05-12 13:45:52	SD동물의료센터 서울점	동영상
8428	문레오	2026-05-12 13:45:54	SD동물의료센터 서울점	안녕하세요 문레오 보호자님~ 레오 오늘 아침 식이는 주사기를통하여 유동식을 급여 하였고 소변은 소변줄을 통하여 잘보고있습니다. 사진 및 영상 보내드려요:)
8428	문레오	2026-05-13 13:53:01	SD동물의료센터 서울점	사진
8428	문레오	2026-05-13 13:53:05	SD동물의료센터 서울점	동영상
8428	문레오	2026-05-13 13:53:09	SD동물의료센터 서울점	안녕하세요 문레오 보호자님~ 레오 오늘 아침 식이는 주사기를 통하여 유동식을 급여 하였습니다. 소변은 소변줄을 통하여 잘보고있습니다. 현재는 장안에서 수액을 맞으며 휴식을 취하고 있습니다. 사진 및 영상 보내드려요 :)
8428	문레오	2026-05-14 13:44:46	SD동물의료센터 서울점	사진
8428	문레오	2026-05-14 13:44:53	SD동물의료센터 서울점	동영상
8428	문레오	2026-05-14 13:44:54	SD동물의료센터 서울점	동영상
8428	문레오	2026-05-14 13:45:01	SD동물의료센터 서울점	안녕하세요 문레오 보호자님~ 레오는 오늘 아침식이 주사기를 통하여 유동식을 급여 하였고 소변은 스스로 잘 보았습니다. 현재는 장안에서 수액을 맞으며 휴식을 취하고 있습니다. 사진 및 영상 보내드려요 :)
8428	문레오	2026-05-15 13:52:53	SD동물의료센터 서울점	사진
8428	문레오	2026-05-15 13:53:00	SD동물의료센터 서울점	동영상
8428	문레오	2026-05-15 13:53:01	SD동물의료센터 서울점	안녕하세요 문레오 보호자님~ 레오는 오늘 아침식이를 주사기를 통하여 급여하였고 소변은 스스로 잘보았습니다. 현재는 수액을 맞으며 휴식을 취하고 있습니다. 사진 및 영상 보내드려요 :)
8428	문레오	2026-05-16 13:30:16	SD동물의료센터 서울점	사진
8428	문레오	2026-05-16 13:30:19	SD동물의료센터 서울점	동영상
8428	문레오	2026-05-16 13:30:24	SD동물의료센터 서울점	안녕하세요 문레오 보호자님! 레오는 오늘 아침 식이 콧줄을 통해 유동식 급여하였으며 소변도 스스로 잘 보았습니다. 입원장에서 수액 맞으며 휴식 중인 영상과 함께 사진 보내드리겠습니다! 감사합니다 :)
8428	문레오	2026-05-16 17:27:18	SD동물의료센터 서울점	문레오(문창도) 세부내역서.pdf
8428	문레오	2026-05-16 17:27:58	SD동물의료센터 서울점	안녕하세요 보호자님, 아버님 요청으로 4월 30일부터  오셨을때 세부내역 영수증 첨부드립니다. 감사합니다 :)
8428	문레오	2026-05-16 19:50:19	MOON	안녕하세요 저 레오 보호자입니다
다름이 아니라 오늘 처방받은 사료는 저지방사료인데 레오는 신장이 안좋아서 입원힌거여서요 혹시 편하실때 유지수과장님께 확인좀 부틱드릴수있을까요? 급힌건 아닙니다..
8428	문레오	2026-05-16 19:50:19	SD동물의료센터 서울점	채팅 운영시간 안내
8428	문레오	2026-05-16 19:50:19	SD동물의료센터 서울점	✅ 본 채널에서는 진료 예약과 입원 환자 사진·안내를 받아보실 수 있습니다. (14:00~16:00, 1회)

📌 다만, 진료·증상 상담은 채널에서 진행하지 않으며, 내원 시 의료진과 직접 상담 부탁드립니다.

더 나은 진료 서비스를 위해 최선을 다하겠습니다. 감사합니다.
8428	문레오	2026-05-20 20:06:25	SD동물의료센터 서울점	https://www.youtube.com/results?search_query=%ED%94%BC%ED%95%98%EC%88%98%EC%95%A1
8428	문레오	2026-05-20 20:06:45	SD동물의료센터 서울점	강아지 피하수액 하는 법 참고하시도록 링크 보내드립니다:)
8428	문레오	2026-05-20 20:08:30	SD동물의료센터 서울점	핵심 내용은 모든 영상이 동일하며, 바늘이 피부 밑으로 잘 들어가게끔 해주시면 됩니다. 우선 일주일간 근처 병원에서 받으시고, 만약 직접 해주실 수 있다면 다음 내원 시 방법 안내드리겠습니다:)
8428	문레오	2026-05-21 13:32:18	MOON	안녕하세요
8428	문레오	2026-05-21 13:32:18	SD동물의료센터 서울점	채팅 운영시간 안내
8428	문레오	2026-05-21 13:32:18	SD동물의료센터 서울점	✅ 본 채널에서는 진료 예약과 입원 환자 사진·안내를 받아보실 수 있습니다. (14:00~16:00, 1회)

📌 다만, 진료·증상 상담은 채널에서 진행하지 않으며, 내원 시 의료진과 직접 상담 부탁드립니다.

더 나은 진료 서비스를 위해 최선을 다하겠습니다. 감사합니다.
8428	문레오	2026-05-21 13:33:17	MOON	저 오늘 세시이후에 레오방문해서 어제보내주신 내용 직접 한번만 보여주시면서 병원에서 맞아도될까요?
8428	문레오	2026-05-21 13:33:17	SD동물의료센터 서울점	채팅 운영시간 안내
8428	문레오	2026-05-21 13:33:17	SD동물의료센터 서울점	✅ 본 채널에서는 진료 예약과 입원 환자 사진·안내를 받아보실 수 있습니다. (14:00~16:00, 1회)

📌 다만, 진료·증상 상담은 채널에서 진행하지 않으며, 내원 시 의료진과 직접 상담 부탁드립니다.

더 나은 진료 서비스를 위해 최선을 다하겠습니다. 감사합니다.
8428	문레오	2026-05-21 13:51:05	SD동물의료센터 서울점	안녕하세요 보호자님.
당일 오후 15시30분 혹은 16시 가능하신데 언제로 예약 도와드릴까요?
8428	문레오	2026-05-21 13:52:28	MOON	3:30분으로 부탁드리겠습니다
감사합니다
8428	문레오	2026-05-21 13:52:28	SD동물의료센터 서울점	채팅 운영시간 안내
8428	문레오	2026-05-21 13:52:28	SD동물의료센터 서울점	✅ 본 채널에서는 진료 예약과 입원 환자 사진·안내를 받아보실 수 있습니다. (14:00~16:00, 1회)

📌 다만, 진료·증상 상담은 채널에서 진행하지 않으며, 내원 시 의료진과 직접 상담 부탁드립니다.

더 나은 진료 서비스를 위해 최선을 다하겠습니다. 감사합니다.
8428	문레오	2026-05-21 14:00:55	SD동물의료센터 서울점	네 그럼 잠시 후 뵙겠습니다. :)
8428	문레오	2026-06-03 21:24:45	SD동물의료센터 서울점	보호자님, 안녕하세요. 피하수액은 0.9N/S로 해주시면 됩니다!
8428	문레오	2026-06-17 16:18:57	SD동물의료센터 서울점	안녕하세요 보호자님

입원 및 면회 관련 안내사항 보내드립니다.
이용에 불편함 없으시도록 참고 부탁드립니다. :)

▶ https://blog.naver.com/sdamc00/223842908205


◎ 우리 병원은 아픈 반려동물의 빠른 회복을 최우선으로 최선의 진료를 시행합니다. ◎

""예상치 못한 응급 상황이나 피치 못할 중환자 관리로 인해 대기 시간이 길어질 수 있는 점""
미리 양해 말씀드리며 너그럽게 양해 부탁드립니다.

보호자분의 따뜻한 배려 늘 감사합니다. :)
8428	문레오	2026-06-18 14:18:02	SD동물의료센터 서울점	사진
8428	문레오	2026-06-18 14:18:06	SD동물의료센터 서울점	동영상
8428	문레오	2026-06-18 14:18:14	SD동물의료센터 서울점	안녕하세요 문레오 보호자님~ 레오 오늘 오전 식이는 주사기를  통하여 유동식을 급여 하였고 소변도 잘보았습니다. 현재는 입원장에서 수액을 맞으며 휴식을 취하고 있습니다. 사진 및 영상 보내드려요 :)
8428	문레오	2026-06-19 14:08:48	SD동물의료센터 서울점	사진
8428	문레오	2026-06-19 14:08:52	SD동물의료센터 서울점	동영상
8428	문레오	2026-06-19 14:08:56	SD동물의료센터 서울점	안녕하세요 문레오 보호자님~ 레오 오늘 오전 식이는 주사기를 통하여 유동식을 급여 하였고 소변도 잘보았습니다. 현재는 입원장에서 수액을 맞으며 휴식을 취하고 있습니다. 사진 및 영상 보내드려요 :)
8428	문레오	2026-06-20 13:54:38	SD동물의료센터 서울점	사진
8428	문레오	2026-06-20 13:54:41	SD동물의료센터 서울점	동영상
8428	문레오	2026-06-20 13:54:45	SD동물의료센터 서울점	안녕하세요 문레오 보호자님! 문레오 오늘 아침 식이 주사기를 통해 유동식 급여하였으며 소변도 잘 보았습니다. 입원장 안에서 수액 맞으며 휴식 중인 영상과 함께 사진 보내드려요! 감사합니다 :)
8428	문레오	2026-07-01 14:00:58	MOON	안녕하세요
8428	문레오	2026-07-01 14:00:59	SD동물의료센터 서울점	채팅 운영시간 안내
8428	문레오	2026-07-01 14:00:59	SD동물의료센터 서울점	✅ 본 채널에서는 진료 예약과 입원 환자 사진·안내를 받아보실 수 있습니다. (14:00~16:00, 1회)

📌 다만, 진료·증상 상담은 채널에서 진행하지 않으며, 내원 시 의료진과 직접 상담 부탁드립니다.

더 나은 진료 서비스를 위해 최선을 다하겠습니다. 감사합니다.
8428	문레오	2026-07-01 14:01:17	MOON	오늘 문레오 몇시예약인지요
8428	문레오	2026-07-01 14:01:17	SD동물의료센터 서울점	채팅 운영시간 안내
8428	문레오	2026-07-01 14:01:17	SD동물의료센터 서울점	✅ 본 채널에서는 진료 예약과 입원 환자 사진·안내를 받아보실 수 있습니다. (14:00~16:00, 1회)

📌 다만, 진료·증상 상담은 채널에서 진행하지 않으며, 내원 시 의료진과 직접 상담 부탁드립니다.

더 나은 진료 서비스를 위해 최선을 다하겠습니다. 감사합니다.
8428	문레오	2026-07-01 14:03:10	SD동물의료센터 서울점	안녕하세요 보호자님.
레오 오늘 15시30분 예약되어 있습니다. :)
8428	문레오	2026-07-01 16:42:53	SD동물의료센터 서울점	7386_문창도_8428_문레오_20260701.pdf
8428	문레오	2026-07-01 16:43:12	SD동물의료센터 서울점	문레오 내원 기간 중 혈액검사자료 송부드립니다
8428	문레오	2026-07-23 13:13:13	MOON	안녕하세요
8428	문레오	2026-07-23 13:13:14	SD동물의료센터 서울점	채팅 운영시간 안내
8428	문레오	2026-07-23 13:13:14	SD동물의료센터 서울점	✅ 본 채널에서는 진료 예약과 입원 환자 사진·안내를 받아보실 수 있습니다. (14:00~16:00, 1회)

📌 다만, 진료·증상 상담은 채널에서 진행하지 않으며, 내원 시 의료진과 직접 상담 부탁드립니다.

더 나은 진료 서비스를 위해 최선을 다하겠습니다. 감사합니다.
8428	문레오	2026-07-23 13:13:24	MOON	문레오 보호자입니다
8428	문레오	2026-07-23 13:13:24	SD동물의료센터 서울점	채팅 운영시간 안내
8428	문레오	2026-07-23 13:13:24	SD동물의료센터 서울점	✅ 본 채널에서는 진료 예약과 입원 환자 사진·안내를 받아보실 수 있습니다. (14:00~16:00, 1회)

📌 다만, 진료·증상 상담은 채널에서 진행하지 않으며, 내원 시 의료진과 직접 상담 부탁드립니다.

더 나은 진료 서비스를 위해 최선을 다하겠습니다. 감사합니다.
8428	문레오	2026-07-23 13:13:35	MOON	사진
8428	문레오	2026-07-23 13:13:36	SD동물의료센터 서울점	채팅 운영시간 안내
8428	문레오	2026-07-23 13:13:36	SD동물의료센터 서울점	✅ 본 채널에서는 진료 예약과 입원 환자 사진·안내를 받아보실 수 있습니다. (14:00~16:00, 1회)

📌 다만, 진료·증상 상담은 채널에서 진행하지 않으며, 내원 시 의료진과 직접 상담 부탁드립니다.

더 나은 진료 서비스를 위해 최선을 다하겠습니다. 감사합니다.
8428	문레오	2026-07-23 13:14:08	MOON	레오 혹시 이거 먹여도 괜찮은지 선생님께 여쭤봐주실수 있으실까요??
8428	문레오	2026-07-23 13:14:08	SD동물의료센터 서울점	채팅 운영시간 안내
8428	문레오	2026-07-23 13:14:08	SD동물의료센터 서울점	✅ 본 채널에서는 진료 예약과 입원 환자 사진·안내를 받아보실 수 있습니다. (14:00~16:00, 1회)

📌 다만, 진료·증상 상담은 채널에서 진행하지 않으며, 내원 시 의료진과 직접 상담 부탁드립니다.

더 나은 진료 서비스를 위해 최선을 다하겠습니다. 감사합니다.
8428	문레오	2026-07-23 13:24:56	SD동물의료센터 서울점	안녕하세요 보호자님 선생님께서 소량정도는 먹어도 된다고 하셨습니다:)
8428	문레오	2026-07-23 13:26:17	MOON	네 감사합니다
8428	문레오	2026-07-23 13:26:17	SD동물의료센터 서울점	채팅 운영시간 안내
8428	문레오	2026-07-23 13:26:17	SD동물의료센터 서울점	✅ 본 채널에서는 진료 예약과 입원 환자 사진·안내를 받아보실 수 있습니다. (14:00~16:00, 1회)

📌 다만, 진료·증상 상담은 채널에서 진행하지 않으며, 내원 시 의료진과 직접 상담 부탁드립니다.

더 나은 진료 서비스를 위해 최선을 다하겠습니다. 감사합니다.
8428	문레오	2026-07-28 14:00:27	SD동물의료센터 서울점	(광고)7월의 SD링크가 도착했어요.
8428	문레오	2026-07-29 11:32:15	MOON	안녕하세요
8428	문레오	2026-07-29 11:32:15	SD동물의료센터 서울점	채팅 운영시간 안내
8428	문레오	2026-07-29 11:32:15	SD동물의료센터 서울점	✅ 본 채널에서는 진료 예약과 입원 환자 사진·안내를 받아보실 수 있습니다. (14:00~16:00, 1회)

📌 다만, 진료·증상 상담은 채널에서 진행하지 않으며, 내원 시 의료진과 직접 상담 부탁드립니다.

더 나은 진료 서비스를 위해 최선을 다하겠습니다. 감사합니다.
8428	문레오	2026-07-29 11:32:22	MOON	문레오 보호자 입니당
8428	문레오	2026-07-29 11:32:22	SD동물의료센터 서울점	채팅 운영시간 안내
8428	문레오	2026-07-29 11:32:22	SD동물의료센터 서울점	✅ 본 채널에서는 진료 예약과 입원 환자 사진·안내를 받아보실 수 있습니다. (14:00~16:00, 1회)

📌 다만, 진료·증상 상담은 채널에서 진행하지 않으며, 내원 시 의료진과 직접 상담 부탁드립니다.

더 나은 진료 서비스를 위해 최선을 다하겠습니다. 감사합니다.
8428	문레오	2026-07-29 11:32:48	MOON	사진
8428	문레오	2026-07-29 11:32:48	SD동물의료센터 서울점	채팅 운영시간 안내
8428	문레오	2026-07-29 11:32:48	SD동물의료센터 서울점	✅ 본 채널에서는 진료 예약과 입원 환자 사진·안내를 받아보실 수 있습니다. (14:00~16:00, 1회)

📌 다만, 진료·증상 상담은 채널에서 진행하지 않으며, 내원 시 의료진과 직접 상담 부탁드립니다.

더 나은 진료 서비스를 위해 최선을 다하겠습니다. 감사합니다.
8428	문레오	2026-07-29 11:33:50	SD동물의료센터 서울점	채팅 운영시간 안내
8428	문레오	2026-07-29 11:33:50	SD동물의료센터 서울점	✅ 본 채널에서는 진료 예약과 입원 환자 사진·안내를 받아보실 수 있습니다. (14:00~16:00, 1회)

📌 다만, 진료·증상 상담은 채널에서 진행하지 않으며, 내원 시 의료진과 직접 상담 부탁드립니다.

더 나은 진료 서비스를 위해 최선을 다하겠습니다. 감사합니다.
8428	문레오	2026-07-29 11:33:50	MOON	레오 혹시 여기 사료 다 먹여도 되는지
선생님께 여쭤봐주실수 있으실까요?
8428	문레오	2026-07-29 18:13:01	SD동물의료센터 서울점	안녕하세요 보호자님. 우선 보내주신 사료 중에서는 YS VET제품 둘 다는 추천드리고 ultra 500+까지는 제한적으로 시도해 볼 수는 있습니다. 다만, diabetic은 단백질이 높아 추천드리진 않습니다. RH/C, All allergen, Ultra 500+ 순으로 추천 드립니다.
8428	문레오	2026-07-29 19:11:42	MOON	네 김사합니다!
8428	문레오	2026-07-29 19:11:42	SD동물의료센터 서울점	채팅 운영시간 안내
8428	문레오	2026-07-29 19:11:42	SD동물의료센터 서울점	✅ 본 채널에서는 진료 예약과 입원 환자 사진·안내를 받아보실 수 있습니다. (14:00~16:00, 1회)

📌 다만, 진료·증상 상담은 채널에서 진행하지 않으며, 내원 시 의료진과 직접 상담 부탁드립니다.

더 나은 진료 서비스를 위해 최선을 다하겠습니다. 감사합니다.
8428	문레오	2026-08-10 15:13:15	MOON	안녕하세요 레오 마지막으로 갔을때
자료한번만 첨부 부탁 드립니다
8428	문레오	2026-08-10 15:13:15	SD동물의료센터 서울점	채팅 운영시간 안내
8428	문레오	2026-08-10 15:13:15	SD동물의료센터 서울점	✅ 본 채널에서는 진료 예약과 입원 환자 사진·안내를 받아보실 수 있습니다. (14:00~16:00, 1회)

📌 다만, 진료·증상 상담은 채널에서 진행하지 않으며, 내원 시 의료진과 직접 상담 부탁드립니다.

더 나은 진료 서비스를 위해 최선을 다하겠습니다. 감사합니다.
8428	문레오	2026-08-10 15:41:32	SD동물의료센터 서울점	안녕하세요 레오보호자님
8/4(화) 검사자료 송부 요청하시는걸까요?
8428	문레오	2026-08-10 15:42:57	MOON	네 맞습니다
8428	문레오	2026-08-10 15:42:57	SD동물의료센터 서울점	채팅 운영시간 안내
8428	문레오	2026-08-10 15:42:57	SD동물의료센터 서울점	✅ 본 채널에서는 진료 예약과 입원 환자 사진·안내를 받아보실 수 있습니다. (14:00~16:00, 1회)

📌 다만, 진료·증상 상담은 채널에서 진행하지 않으며, 내원 시 의료진과 직접 상담 부탁드립니다.

더 나은 진료 서비스를 위해 최선을 다하겠습니다. 감사합니다.
8428	문레오	2026-08-10 15:54:03	SD동물의료센터 서울점	7386_문창도_8428_문레오_20260810.pdf
8428	문레오	2026-08-10 15:54:14	SD동물의료센터 서울점	8/4(화) 혈액검사 자료 송부드립니다.
감사합니다.
8428	문레오	2026-08-11 09:07:34	MOON	안녕하세요
문레오 보호자입니다
8428	문레오	2026-08-11 09:07:34	SD동물의료센터 서울점	채팅 운영시간 안내
8428	문레오	2026-08-11 09:07:34	SD동물의료센터 서울점	✅ 본 채널에서는 진료 예약과 입원 환자 사진·안내를 받아보실 수 있습니다. (14:00~16:00, 1회)

📌 다만, 진료·증상 상담은 채널에서 진행하지 않으며, 내원 시 의료진과 직접 상담 부탁드립니다.

더 나은 진료 서비스를 위해 최선을 다하겠습니다. 감사합니다.
8428	문레오	2026-08-11 09:08:05	MOON	레오가 어제 수액을 맞왔는데
토를 해서요 혹시 과다수액을 맞을 경우에도
토를 할수가 있나요?
8428	문레오	2026-08-11 09:08:05	SD동물의료센터 서울점	채팅 운영시간 안내
8528	찌니	2025-07-01 21:09:25	혜은	찌니 입니다
8528	찌니	2025-07-01 21:29:18	SD동물의료센터 서울점	안녕하세요 보호자님

입원 및 면회 관련 안내사항 보내드립니다.
이용에 불편함 없으시도록 참고 부탁드립니다. :)

▶ https://blog.naver.com/sdamc00/223842908205


◎ 우리 병원은 아픈 반려동물의 빠른 회복을 최우선으로 최선의 진료를 시행합니다. ◎

""예상치 못한 응급 상황이나 피치 못할 중환자 관리로 인해 대기 시간이 길어질 수 있는 점""
미리 양해 말씀드리며 너그럽게 양해 부탁드립니다.

보호자분의 따뜻한 배려 늘 감사합니다. :)
8528	찌니	2026-01-13 17:21:11	혜은	사진
8528	찌니	2026-01-13 17:21:11	SD동물의료센터 서울점	채팅 운영시간 안내
8528	찌니	2026-01-13 17:21:11	SD동물의료센터 서울점	✅ 본 채널에서는 진료 예약과 입원 환자 사진·안내를 받아보실 수 있습니다. (14:00~16:00, 1회)

📌 다만, 진료·증상 상담은 채널에서 진행하지 않으며, 내원 시 의료진과 직접 상담 부탁드립니다.

더 나은 진료 서비스를 위해 최선을 다하겠습니다. 감사합니다.
8528	찌니	2026-01-13 17:21:18	혜은	찌니 입니다
8528	찌니	2026-01-13 17:21:18	SD동물의료센터 서울점	채팅 운영시간 안내
8528	찌니	2026-01-13 17:21:18	SD동물의료센터 서울점	✅ 본 채널에서는 진료 예약과 입원 환자 사진·안내를 받아보실 수 있습니다. (14:00~16:00, 1회)

📌 다만, 진료·증상 상담은 채널에서 진행하지 않으며, 내원 시 의료진과 직접 상담 부탁드립니다.

더 나은 진료 서비스를 위해 최선을 다하겠습니다. 감사합니다.
8528	찌니	2026-01-13 17:26:38	SD동물의료센터 서울점	보호자님. 사진 선생님께 확인 요청드렸습니다. 확인 후 연락드리겠습니다.
8528	찌니	2026-06-21 00:48:41	혜은	문의드려도 될까요? 
8528	찌니	2026-06-21 00:48:41	SD동물의료센터 서울점	채팅 운영시간 안내
8528	찌니	2026-06-21 00:48:41	SD동물의료센터 서울점	✅ 본 채널에서는 진료 예약과 입원 환자 사진·안내를 받아보실 수 있습니다. (14:00~16:00, 1회)

📌 다만, 진료·증상 상담은 채널에서 진행하지 않으며, 내원 시 의료진과 직접 상담 부탁드립니다.

더 나은 진료 서비스를 위해 최선을 다하겠습니다. 감사합니다.
8528	찌니	2026-06-21 09:45:36	SD동물의료센터 서울점	안녕하세요 보호자님.
어떤일로 문의주셨을까요~?
8528	찌니	2026-06-21 13:47:47	혜은	찌니 최근에 건강검진하면서 추천해주신 사료가있었는데 리스트가 기억이 안나서 혹시 어떤 사료들 급여추천하셨는지 알수있을까요??
8528	찌니	2026-06-21 13:47:47	SD동물의료센터 서울점	채팅 운영시간 안내
8528	찌니	2026-06-21 13:47:47	SD동물의료센터 서울점	✅ 본 채널에서는 진료 예약과 입원 환자 사진·안내를 받아보실 수 있습니다. (14:00~16:00, 1회)

📌 다만, 진료·증상 상담은 채널에서 진행하지 않으며, 내원 시 의료진과 직접 상담 부탁드립니다.

더 나은 진료 서비스를 위해 최선을 다하겠습니다. 감사합니다.
8528	찌니	2026-06-21 14:44:54	SD동물의료센터 서울점	사진
8528	찌니	2026-06-21 14:45:13	SD동물의료센터 서울점	네 보호자님, 문의주신 제품 로얄캐닌 가스트로 인테스티널 하이드롤라이즈드 프로틴 입니다.
8528	찌니	2026-06-21 15:41:37	혜은	로캐 하이포 기호성이 너무안좋아서 혹시 다음 대체제품 몇가지 알수있나요ㅠㅠㅠ 그때 알려주셨는데 기억이 안나서요ㅠㅠㅠ
8528	찌니	2026-06-21 15:41:37	SD동물의료센터 서울점	채팅 운영시간 안내
8528	찌니	2026-06-21 15:41:37	SD동물의료센터 서울점	✅ 본 채널에서는 진료 예약과 입원 환자 사진·안내를 받아보실 수 있습니다. (14:00~16:00, 1회)

📌 다만, 진료·증상 상담은 채널에서 진행하지 않으며, 내원 시 의료진과 직접 상담 부탁드립니다.

더 나은 진료 서비스를 위해 최선을 다하겠습니다. 감사합니다.
8528	찌니	2026-06-21 17:57:17	SD동물의료센터 서울점	금일 주치의선생님 휴진일이셔서,  내일 확인 후 연락 드리겠습니다.
오후출근 및 예약진료로 연락이 늦어질 수 있는 점 양해부탁드리겠습니다. 
감사합니다.
8528	찌니	2026-06-22 00:27:30	혜은	네 감사합니다!
8528	찌니	2026-06-22 00:27:30	SD동물의료센터 서울점	채팅 운영시간 안내
8528	찌니	2026-06-22 00:27:30	SD동물의료센터 서울점	✅ 본 채널에서는 진료 예약과 입원 환자 사진·안내를 받아보실 수 있습니다. (14:00~16:00, 1회)

📌 다만, 진료·증상 상담은 채널에서 진행하지 않으며, 내원 시 의료진과 직접 상담 부탁드립니다.

더 나은 진료 서비스를 위해 최선을 다하겠습니다. 감사합니다.
8528	찌니	2026-06-29 16:07:10	혜은	찌니보호자입니다
8528	찌니	2026-06-29 16:07:10	SD동물의료센터 서울점	채팅 운영시간 안내
8528	찌니	2026-06-29 16:07:10	SD동물의료센터 서울점	✅ 본 채널에서는 진료 예약과 입원 환자 사진·안내를 받아보실 수 있습니다. (14:00~16:00, 1회)

📌 다만, 진료·증상 상담은 채널에서 진행하지 않으며, 내원 시 의료진과 직접 상담 부탁드립니다.

더 나은 진료 서비스를 위해 최선을 다하겠습니다. 감사합니다.
8528	찌니	2026-06-29 16:07:16	SD동물의료센터 서울점	20260613_건강검진결과서_찌니(조혜은님).pdf
8528	찌니	2026-06-29 16:07:48	SD동물의료센터 서울점	안녕하세요 찌니보호자님
건강검진 결과서 송부드립니다.
감사합니다.
8528	찌니	2026-07-23 23:43:40	혜은	진료예약
8528	찌니	2026-07-23 23:43:40	SD동물의료센터 서울점(메뉴)	SD동물의료센터 서울점 진료 예약을 위해 아래 내용을 채팅에 남겨주세요.

◼︎ 보호자님 성함 / 연락처
◼︎ 반려동물 이름 / 간단한 증상

* 예약에 필요한 간단한 상담이 진행될 수 있습니다.
* 증상과 관련된 자세한 상담은 진료의 부분으로 예약 후 내원시 수의사 선생님과 상담 가능합니다. 
* 채널 상담은 병원 업무와 동시에 진행되어 원내 상황에 따라 빠른 응대가 어려울 수 있습니다. 

문의사항은 본원 대표전화(02-2039-0303)로 연락부탁드립니다.
8528	찌니	2026-07-23 23:43:51	혜은	조혜은/01045302030
찌니/재진 
8528	찌니	2026-07-23 23:43:51	SD동물의료센터 서울점	채팅 운영시간 안내
8528	찌니	2026-07-23 23:43:51	SD동물의료센터 서울점	✅ 본 채널에서는 진료 예약과 입원 환자 사진·안내를 받아보실 수 있습니다. (14:00~16:00, 1회)

📌 다만, 진료·증상 상담은 채널에서 진행하지 않으며, 내원 시 의료진과 직접 상담 부탁드립니다.

더 나은 진료 서비스를 위해 최선을 다하겠습니다. 감사합니다.
8528	찌니	2026-07-24 10:05:17	SD동물의료센터 서울점	안녕하세요 보호자님 언제로 예약 도와드릴까요?
8528	찌니	2026-07-24 10:09:02	혜은	이번주 일요일도 가능할까요?
8528	찌니	2026-07-24 10:09:02	SD동물의료센터 서울점	채팅 운영시간 안내
8528	찌니	2026-07-24 10:09:03	SD동물의료센터 서울점	✅ 본 채널에서는 진료 예약과 입원 환자 사진·안내를 받아보실 수 있습니다. (14:00~16:00, 1회)

📌 다만, 진료·증상 상담은 채널에서 진행하지 않으며, 내원 시 의료진과 직접 상담 부탁드립니다.

더 나은 진료 서비스를 위해 최선을 다하겠습니다. 감사합니다.
8528	찌니	2026-07-24 10:10:42	SD동물의료센터 서울점	네 보호자님 이번주 일요일 오후 5:30, 7:00 가능합니다 어떻게 도와드릴까요 ? :)
8528	찌니	2026-07-24 10:10:56	혜은	5시반 부탁드려요!
8528	찌니	2026-07-24 10:10:56	SD동물의료센터 서울점	채팅 운영시간 안내
8528	찌니	2026-07-24 10:10:56	SD동물의료센터 서울점	✅ 본 채널에서는 진료 예약과 입원 환자 사진·안내를 받아보실 수 있습니다. (14:00~16:00, 1회)

📌 다만, 진료·증상 상담은 채널에서 진행하지 않으며, 내원 시 의료진과 직접 상담 부탁드립니다.

더 나은 진료 서비스를 위해 최선을 다하겠습니다. 감사합니다.
8528	찌니	2026-07-24 10:11:12	혜은	앞서 진료 봐주신 선생님께 가능한걸까요?
8528	찌니	2026-07-24 10:11:12	SD동물의료센터 서울점	채팅 운영시간 안내
8528	찌니	2026-07-24 10:11:12	SD동물의료센터 서울점	✅ 본 채널에서는 진료 예약과 입원 환자 사진·안내를 받아보실 수 있습니다. (14:00~16:00, 1회)

📌 다만, 진료·증상 상담은 채널에서 진행하지 않으며, 내원 시 의료진과 직접 상담 부탁드립니다.

더 나은 진료 서비스를 위해 최선을 다하겠습니다. 감사합니다.
8528	찌니	2026-07-24 10:11:35	SD동물의료센터 서울점	네, 가장 최근 봐주신 유수진 내과과장님께 예약되었구, 간단한 증상 말씀해주시면 전달드려놓겠습니다! :)
8528	찌니	2026-07-24 10:13:37	혜은	우선 처음 처방해주신 사료 계속 먹이고 있는데 약간의 무른변이 섞이는게 잡히지는 않아서 진료한번 보고 어떻게할지 정하는게 더 좋을듯해서요ㅠㅠ..!
8528	찌니	2026-07-24 10:13:37	SD동물의료센터 서울점	채팅 운영시간 안내
8528	찌니	2026-07-24 10:13:37	SD동물의료센터 서울점	✅ 본 채널에서는 진료 예약과 입원 환자 사진·안내를 받아보실 수 있습니다. (14:00~16:00, 1회)

📌 다만, 진료·증상 상담은 채널에서 진행하지 않으며, 내원 시 의료진과 직접 상담 부탁드립니다.

더 나은 진료 서비스를 위해 최선을 다하겠습니다. 감사합니다.
8528	찌니	2026-07-24 10:13:55	SD동물의료센터 서울점	앗 보호자님, 제가 일요일이 아니라 월요일 스케쥴을 보고있었네요 죄송합니다. ㅠ0ㅠ

일요일은 담당 선생님 휴진이십니다. ㅠㅠ
8528	찌니	2026-07-24 10:14:22	혜은	아하 아니면 혹시 오늘 진료 가능할까요? 오후 7시이후..
8528	찌니	2026-07-24 10:14:22	SD동물의료센터 서울점	채팅 운영시간 안내
8528	찌니	2026-07-24 10:14:22	SD동물의료센터 서울점	✅ 본 채널에서는 진료 예약과 입원 환자 사진·안내를 받아보실 수 있습니다. (14:00~16:00, 1회)

📌 다만, 진료·증상 상담은 채널에서 진행하지 않으며, 내원 시 의료진과 직접 상담 부탁드립니다.

더 나은 진료 서비스를 위해 최선을 다하겠습니다. 감사합니다.
8528	찌니	2026-07-24 10:14:49	SD동물의료센터 서울점	오늘 담당선생님 예약가능한 마지막진료는 5시입니다..ㅠㅠ
8528	찌니	2026-07-24 10:15:09	혜은	잠시만요..!
8528	찌니	2026-07-24 10:15:09	SD동물의료센터 서울점	채팅 운영시간 안내
8528	찌니	2026-07-24 10:15:09	SD동물의료센터 서울점	✅ 본 채널에서는 진료 예약과 입원 환자 사진·안내를 받아보실 수 있습니다. (14:00~16:00, 1회)

📌 다만, 진료·증상 상담은 채널에서 진행하지 않으며, 내원 시 의료진과 직접 상담 부탁드립니다.

더 나은 진료 서비스를 위해 최선을 다하겠습니다. 감사합니다.
8528	찌니	2026-07-24 10:32:14	혜은	혹시 오늘 1시~5시 사이 가능한시간대가 있나요? 찌니 검사하려면 금식금수 필요할까요?
8528	찌니	2026-07-24 10:32:14	SD동물의료센터 서울점	채팅 운영시간 안내
8528	찌니	2026-07-24 10:32:14	SD동물의료센터 서울점	✅ 본 채널에서는 진료 예약과 입원 환자 사진·안내를 받아보실 수 있습니다. (14:00~16:00, 1회)

📌 다만, 진료·증상 상담은 채널에서 진행하지 않으며, 내원 시 의료진과 직접 상담 부탁드립니다.

더 나은 진료 서비스를 위해 최선을 다하겠습니다. 감사합니다.
8528	찌니	2026-07-24 10:37:06	SD동물의료센터 서울점	네! 2:30, 3:30, 5:00 가능합니다 :)

복부초음파 검사가 진행될경우 , 위장관내에 물이랑 밥이 너무 많으면 판독에 문제가 생길 수 있어 최대한 안먹고오는걸 추천드립니다! :-)

정확히 어떤검사가 진행될지는 와서 선생님이랑 이야기해보셔야할거같아서, 가능하면 6시간정도 금식 2시간 금수하고 오는게 어떤 검사 상황에도 대비할 수 있을것같아요.
8528	찌니	2026-07-24 10:40:23	혜은	네 알겠습니다 5시에 예약 부탁드려요..!
8528	찌니	2026-07-24 10:40:23	SD동물의료센터 서울점	채팅 운영시간 안내
8528	찌니	2026-07-24 10:40:23	SD동물의료센터 서울점	✅ 본 채널에서는 진료 예약과 입원 환자 사진·안내를 받아보실 수 있습니다. (14:00~16:00, 1회)

📌 다만, 진료·증상 상담은 채널에서 진행하지 않으며, 내원 시 의료진과 직접 상담 부탁드립니다.

더 나은 진료 서비스를 위해 최선을 다하겠습니다. 감사합니다.
8528	찌니	2026-07-24 10:44:19	SD동물의료센터 서울점	네 보호자님 금일 5시로 예약도와드렸습니다 :)
8528	찌니	2026-07-24 10:44:33	혜은	감사합니다!
8528	찌니	2026-07-24 10:44:34	SD동물의료센터 서울점	채팅 운영시간 안내
8528	찌니	2026-07-24 10:44:34	SD동물의료센터 서울점	✅ 본 채널에서는 진료 예약과 입원 환자 사진·안내를 받아보실 수 있습니다. (14:00~16:00, 1회)

📌 다만, 진료·증상 상담은 채널에서 진행하지 않으며, 내원 시 의료진과 직접 상담 부탁드립니다.

더 나은 진료 서비스를 위해 최선을 다하겠습니다. 감사합니다.
8528	찌니	2026-07-27 14:06:59	혜은	사진
8528	찌니	2026-07-27 14:06:59	SD동물의료센터 서울점	채팅 운영시간 안내
8528	찌니	2026-07-27 14:07:00	SD동물의료센터 서울점	✅ 본 채널에서는 진료 예약과 입원 환자 사진·안내를 받아보실 수 있습니다. (14:00~16:00, 1회)

📌 다만, 진료·증상 상담은 채널에서 진행하지 않으며, 내원 시 의료진과 직접 상담 부탁드립니다.

더 나은 진료 서비스를 위해 최선을 다하겠습니다. 감사합니다.
8528	찌니	2026-07-27 18:18:54	SD동물의료센터 서울점	24시SD동물의료센터(서울중구)_찌니(조혜은).pdf
8528	찌니	2026-07-27 18:19:21	SD동물의료센터 서울점	안녕하세요 보호자님, 외부검사결과지 송부드립니다. 감사합니다 :)
8528	찌니	2026-07-28 04:17:57	혜은	사진
8528	찌니	2026-07-28 04:17:57	SD동물의료센터 서울점	채팅 운영시간 안내
8528	찌니	2026-07-28 04:17:57	SD동물의료센터 서울점	✅ 본 채널에서는 진료 예약과 입원 환자 사진·안내를 받아보실 수 있습니다. (14:00~16:00, 1회)

📌 다만, 진료·증상 상담은 채널에서 진행하지 않으며, 내원 시 의료진과 직접 상담 부탁드립니다.

더 나은 진료 서비스를 위해 최선을 다하겠습니다. 감사합니다.
8528	찌니	2026-07-28 04:19:03	SD동물의료센터 서울점	채팅 운영시간 안내
8528	찌니	2026-07-28 04:19:03	SD동물의료센터 서울점	✅ 본 채널에서는 진료 예약과 입원 환자 사진·안내를 받아보실 수 있습니다. (14:00~16:00, 1회)

📌 다만, 진료·증상 상담은 채널에서 진행하지 않으며, 내원 시 의료진과 직접 상담 부탁드립니다.

더 나은 진료 서비스를 위해 최선을 다하겠습니다. 감사합니다.
8528	찌니	2026-07-28 04:19:03	혜은	찌니가 좀전에 새벽 3시 45분경 싼 변 상태인데 다시 설사끼가 비치는듯해서요.. 혹시 몰라 따로 봉투에 담아두긴 했습니다ㅠ..ㅠ 
8528	찌니	2026-07-28 04:23:27	혜은	추가적으로 같이 사는 고양이가 아침에는 정상변 새벽에는 완전히 물설사를 하는중인데.. 같은 검사를 하려면 정상변과 물설사 둘다 체취해야 할까요? 설사는 좀전에 체취하니 모래가 많이 담기는데 괜찮나요?
8528	찌니	2026-07-28 04:23:27	SD동물의료센터 서울점	채팅 운영시간 안내
8528	찌니	2026-07-28 04:23:27	SD동물의료센터 서울점	✅ 본 채널에서는 진료 예약과 입원 환자 사진·안내를 받아보실 수 있습니다. (14:00~16:00, 1회)

📌 다만, 진료·증상 상담은 채널에서 진행하지 않으며, 내원 시 의료진과 직접 상담 부탁드립니다.

더 나은 진료 서비스를 위해 최선을 다하겠습니다. 감사합니다.
8528	찌니	2026-07-28 10:23:04	SD동물의료센터 서울점	안녕하세요 보호자님 찌니와 동거묘 변 모두 봉투에 넣어거나, 밀폐가 되도록 담아주시고 냉장보관해주세요. 설사형태의 변으로 챙겨주세요
8528	찌니	2026-07-28 11:25:02	혜은	넵.. 유산균은 어떻게 급여하면 될까요ㅠ
8528	찌니	2026-07-28 11:25:02	SD동물의료센터 서울점	채팅 운영시간 안내
8528	찌니	2026-07-28 11:25:02	SD동물의료센터 서울점	✅ 본 채널에서는 진료 예약과 입원 환자 사진·안내를 받아보실 수 있습니다. (14:00~16:00, 1회)

📌 다만, 진료·증상 상담은 채널에서 진행하지 않으며, 내원 시 의료진과 직접 상담 부탁드립니다.

더 나은 진료 서비스를 위해 최선을 다하겠습니다. 감사합니다.
8528	찌니	2026-07-28 11:44:23	SD동물의료센터 서울점	프로콜린과 신바이오틱 유산균 모두 찌니에게 급여해주시고, 찌니는 최근 PCR 검사 상 큰 이상이 없어서 추가 검사는 필요 없다고 하셨습니다.  7/31 금 찌니 사료 상담이 필요할 것 같다고 하시는데 내원 가능하실까요?
8528	찌니	2026-07-28 11:45:13	SD동물의료센터 서울점	동거묘는 본원에 내원하신 적이 없어 진료가 필요할 것 같다고 하셨으며, 설사의 감염성 원인 감별을 위해 PCR 검사를 해볼 수 있고, 혈액검사, 초음파 등의 종합적인 평가가 필요하다고 하셨습니다
8528	찌니	2026-07-28 11:47:59	혜은	보관중인 변은 그러면 언제 가져가면 될까요? 31일 1시에 심장 진료 예약이 있어 같은날 동거묘가 함께 내원은 힘들듯하고 저만 가도된다면 마지막 시간대에 내원가능합니다!
8528	찌니	2026-07-28 11:47:59	SD동물의료센터 서울점	채팅 운영시간 안내
8528	찌니	2026-07-28 11:47:59	SD동물의료센터 서울점	✅ 본 채널에서는 진료 예약과 입원 환자 사진·안내를 받아보실 수 있습니다. (14:00~16:00, 1회)

📌 다만, 진료·증상 상담은 채널에서 진행하지 않으며, 내원 시 의료진과 직접 상담 부탁드립니다.

더 나은 진료 서비스를 위해 최선을 다하겠습니다. 감사합니다.
8528	찌니	2026-07-28 11:55:50	SD동물의료센터 서울점	7/31 금 타병원에 심장 진료 예약 되어 있으시다는 말씀 맞으실까요?
8528	찌니	2026-07-28 13:43:17	혜은	넵 ㅜ
8528	찌니	2026-07-28 13:43:17	SD동물의료센터 서울점	채팅 운영시간 안내
8528	찌니	2026-07-28 13:43:17	SD동물의료센터 서울점	✅ 본 채널에서는 진료 예약과 입원 환자 사진·안내를 받아보실 수 있습니다. (14:00~16:00, 1회)

📌 다만, 진료·증상 상담은 채널에서 진행하지 않으며, 내원 시 의료진과 직접 상담 부탁드립니다.

더 나은 진료 서비스를 위해 최선을 다하겠습니다. 감사합니다.
8528	찌니	2026-07-28 14:52:34	SD동물의료센터 서울점	7/31 금 18시에 찌니만 사료 상담하러 내원하시는 것으로 예약 도와드릴까요?
8528	찌니	2026-07-28 16:03:44	SD동물의료센터 서울점	7/31 금 18시로 예약도와드렸으며, 내원 전까지 아이 변사진 촬영말씀해주셨습니다
8528	찌니	2026-07-28 16:39:38	혜은	네 알겠습니다!
8528	찌니	2026-07-28 16:39:38	SD동물의료센터 서울점	채팅 운영시간 안내
8528	찌니	2026-07-28 16:39:38	SD동물의료센터 서울점	✅ 본 채널에서는 진료 예약과 입원 환자 사진·안내를 받아보실 수 있습니다. (14:00~16:00, 1회)

📌 다만, 진료·증상 상담은 채널에서 진행하지 않으며, 내원 시 의료진과 직접 상담 부탁드립니다.

더 나은 진료 서비스를 위해 최선을 다하겠습니다. 감사합니다.
8528	찌니	2026-07-28 18:57:05	혜은	혹시 아조딜 구매가능할까요..?
8528	찌니	2026-07-28 18:57:05	SD동물의료센터 서울점	채팅 운영시간 안내
8528	찌니	2026-07-28 18:57:05	SD동물의료센터 서울점	✅ 본 채널에서는 진료 예약과 입원 환자 사진·안내를 받아보실 수 있습니다. (14:00~16:00, 1회)

📌 다만, 진료·증상 상담은 채널에서 진행하지 않으며, 내원 시 의료진과 직접 상담 부탁드립니다.

더 나은 진료 서비스를 위해 최선을 다하겠습니다. 감사합니다.
8528	찌니	2026-07-28 19:00:24	SD동물의료센터 서울점	안녕하세요 보호자님, 아조딜은 저희쪽에서 판매를 하지 않고 있습니다 ㅠㅠ
8528	찌니	2026-07-28 19:00:44	혜은	네감사합니다ㅠㅠ
8528	찌니	2026-07-28 19:00:44	SD동물의료센터 서울점	채팅 운영시간 안내
8528	찌니	2026-07-28 19:00:44	SD동물의료센터 서울점	✅ 본 채널에서는 진료 예약과 입원 환자 사진·안내를 받아보실 수 있습니다. (14:00~16:00, 1회)

📌 다만, 진료·증상 상담은 채널에서 진행하지 않으며, 내원 시 의료진과 직접 상담 부탁드립니다.

더 나은 진료 서비스를 위해 최선을 다하겠습니다. 감사합니다.
8528	찌니	2026-07-31 12:56:05	혜은	사진
8528	찌니	2026-07-31 12:56:05	SD동물의료센터 서울점	채팅 운영시간 안내
8528	찌니	2026-07-31 12:56:05	SD동물의료센터 서울점	✅ 본 채널에서는 진료 예약과 입원 환자 사진·안내를 받아보실 수 있습니다. (14:00~16:00, 1회)

📌 다만, 진료·증상 상담은 채널에서 진행하지 않으며, 내원 시 의료진과 직접 상담 부탁드립니다.

더 나은 진료 서비스를 위해 최선을 다하겠습니다. 감사합니다.
8528	찌니	2026-08-03 09:27:09	혜은	사진
8528	찌니	2026-08-03 09:27:09	SD동물의료센터 서울점	채팅 운영시간 안내
8528	찌니	2026-08-03 09:27:09	SD동물의료센터 서울점	✅ 본 채널에서는 진료 예약과 입원 환자 사진·안내를 받아보실 수 있습니다. (14:00~16:00, 1회)

📌 다만, 진료·증상 상담은 채널에서 진행하지 않으며, 내원 시 의료진과 직접 상담 부탁드립니다.

더 나은 진료 서비스를 위해 최선을 다하겠습니다. 감사합니다.
8528	찌니	2026-08-03 11:34:53	SD동물의료센터 서울점	안녕하세요 찌니보호자님
주치의선생님께 전달 드리겠습니다.
감사합니다.
8528	찌니	2026-08-03 20:18:55	SD동물의료센터 서울점	안녕하세요 SD동물의료센터입니다.
자료 보내주실 이메일 주소 안내드립니다

sdamc01@naver.com

자료 전송 시 아이 이름, 보호자님 성함 기재 부탁드립니다.
감사합니다 :)
8528	찌니	2026-08-03 20:19:15	SD동물의료센터 서울점	✅ 본 채널에서는 진료 예약과 입원 환자 사진·안내를 받아보실 수 있습니다. (14:00~16:00, 1회)

📌 다만, 진료·증상 상담은 채널에서 진행하지 않으며, 내원 시 의료진과 직접 상담 부탁드립니다.

더 나은 진료 서비스를 위해 최선을 다하겠습니다. 감사합니다.
8528	찌니	2026-08-03 20:19:15	혜은	Chart_Data-2.PDF
8528	찌니	2026-08-03 20:19:15	SD동물의료센터 서울점	채팅 운영시간 안내
8528	찌니	2026-08-04 10:49:02	혜은	약을 주고나서 다시 68회까지 올라갔다가 자고일어나니 32회로 떨어진 상태 + 아침시간에 원래 물마시고싶어하는데 오늘도 물마시고 싶어해서 주사기로 한방울씩 입에 대주니 핥아서 마심.

어제 휴식중 호흡양상 동영상 첨부

+ 강급에 대한 스트레스로 콧줄을 하고싶은데 오늘 방문하고 콧줄을 하는게 가능한지..아니면 하루정도 쉬고 내일하는게 스트레스케어에 도움이되는지 궁금합니다 . 밥을 그럼 그동안 못먹이는데 이부분도 괜찮을지도.. 추가적으로 로얄캐닌레날 리퀴드 구매가능한가요? 가능하다면 금액은 어떻게될까요?
8528	찌니	2026-08-04 10:49:02	SD동물의료센터 서울점	채팅 운영시간 안내
8528	찌니	2026-08-04 10:49:02	SD동물의료센터 서울점	✅ 본 채널에서는 진료 예약과 입원 환자 사진·안내를 받아보실 수 있습니다. (14:00~16:00, 1회)

📌 다만, 진료·증상 상담은 채널에서 진행하지 않으며, 내원 시 의료진과 직접 상담 부탁드립니다.

더 나은 진료 서비스를 위해 최선을 다하겠습니다. 감사합니다.
8528	찌니	2026-08-04 10:49:24	혜은	동영상
8528	찌니	2026-08-04 10:49:24	SD동물의료센터 서울점	채팅 운영시간 안내
8528	찌니	2026-08-04 10:49:24	SD동물의료센터 서울점	✅ 본 채널에서는 진료 예약과 입원 환자 사진·안내를 받아보실 수 있습니다. (14:00~16:00, 1회)

📌 다만, 진료·증상 상담은 채널에서 진행하지 않으며, 내원 시 의료진과 직접 상담 부탁드립니다.

더 나은 진료 서비스를 위해 최선을 다하겠습니다. 감사합니다.
8528	찌니	2026-08-04 11:16:40	SD동물의료센터 서울점	콧줄을 잡을 때 스트레스는 무조건 발생하나, 강급으로 인한 스트레스보다는 일시적일 것입니다. 밥과 물을 먹지 못하는 것이 아이에게 좋지 않아 오후에 아이의 호흡과 컨디션이 괜찮다면 내원하셔서 비위관을 잡은 것이 좋을 것 같습니다

로얄캐닌 레날 리퀴드 구매 가능하시며, 200ml에 18,400원 입니다.
8528	찌니	2026-08-04 11:30:01	혜은	오늘 오후 가능한 시간대가 있을까요? 4시 이후면 좋습니다
8528	찌니	2026-08-04 11:30:01	SD동물의료센터 서울점	채팅 운영시간 안내
8528	찌니	2026-08-04 11:30:01	SD동물의료센터 서울점	✅ 본 채널에서는 진료 예약과 입원 환자 사진·안내를 받아보실 수 있습니다. (14:00~16:00, 1회)

📌 다만, 진료·증상 상담은 채널에서 진행하지 않으며, 내원 시 의료진과 직접 상담 부탁드립니다.

더 나은 진료 서비스를 위해 최선을 다하겠습니다. 감사합니다.
8528	찌니	2026-08-04 11:30:39	SD동물의료센터 서울점	네 금일 16시 진료 가능합니다
8528	찌니	2026-08-04 11:31:08	혜은	4시에 방문하도록 하겠습니다 금식금수 필요할까요?
8528	찌니	2026-08-04 11:31:08	SD동물의료센터 서울점	채팅 운영시간 안내
8528	찌니	2026-08-04 11:31:08	SD동물의료센터 서울점	✅ 본 채널에서는 진료 예약과 입원 환자 사진·안내를 받아보실 수 있습니다. (14:00~16:00, 1회)

📌 다만, 진료·증상 상담은 채널에서 진행하지 않으며, 내원 시 의료진과 직접 상담 부탁드립니다.

더 나은 진료 서비스를 위해 최선을 다하겠습니다. 감사합니다.
8528	찌니	2026-08-04 12:04:31	SD동물의료센터 서울점	금식, 금수 없이 내원해도 괜찮다고 하셨습니다. 이따 뵙겠습니다 :)
8528	찌니	2026-08-04 12:13:11	혜은	네 알겠습니다!
8528	찌니	2026-08-04 12:13:11	SD동물의료센터 서울점	채팅 운영시간 안내
8528	찌니	2026-08-04 12:13:11	SD동물의료센터 서울점	✅ 본 채널에서는 진료 예약과 입원 환자 사진·안내를 받아보실 수 있습니다. (14:00~16:00, 1회)

📌 다만, 진료·증상 상담은 채널에서 진행하지 않으며, 내원 시 의료진과 직접 상담 부탁드립니다.

더 나은 진료 서비스를 위해 최선을 다하겠습니다. 감사합니다.
8528	찌니	2026-08-10 13:22:12	SD동물의료센터 서울점	채팅 운영시간 안내
8528	찌니	2026-08-10 13:22:12	SD동물의료센터 서울점	✅ 본 채널에서는 진료 예약과 입원 환자 사진·안내를 받아보실 수 있습니다. (14:00~16:00, 1회)

📌 다만, 진료·증상 상담은 채널에서 진행하지 않으며, 내원 시 의료진과 직접 상담 부탁드립니다.

더 나은 진료 서비스를 위해 최선을 다하겠습니다. 감사합니다.
8528	찌니	2026-08-10 13:22:12	혜은	사진
8528	찌니	2026-08-10 13:22:19	혜은	두가지 종류가 있는데 둘다 괜찮을까요?
8528	찌니	2026-08-10 13:22:19	SD동물의료센터 서울점	채팅 운영시간 안내
8528	찌니	2026-08-10 13:22:19	SD동물의료센터 서울점	✅ 본 채널에서는 진료 예약과 입원 환자 사진·안내를 받아보실 수 있습니다. (14:00~16:00, 1회)

📌 다만, 진료·증상 상담은 채널에서 진행하지 않으며, 내원 시 의료진과 직접 상담 부탁드립니다.

더 나은 진료 서비스를 위해 최선을 다하겠습니다. 감사합니다.
8528	찌니	2026-08-10 14:54:42	혜은	사진
8528	찌니	2026-08-10 14:54:42	SD동물의료센터 서울점	채팅 운영시간 안내
8528	찌니	2026-08-10 14:54:42	SD동물의료센터 서울점	✅ 본 채널에서는 진료 예약과 입원 환자 사진·안내를 받아보실 수 있습니다. (14:00~16:00, 1회)

📌 다만, 진료·증상 상담은 채널에서 진행하지 않으며, 내원 시 의료진과 직접 상담 부탁드립니다.

더 나은 진료 서비스를 위해 최선을 다하겠습니다. 감사합니다.
8528	찌니	2026-08-10 14:55:08	혜은	유 콧줄있는데에 약간 피가 나는데 괜찮은걸까요? 숨소리나 콧물은 괜찮아요
8528	찌니	2026-08-10 14:55:09	SD동물의료센터 서울점	채팅 운영시간 안내
8528	찌니	2026-08-10 14:55:09	SD동물의료센터 서울점	✅ 본 채널에서는 진료 예약과 입원 환자 사진·안내를 받아보실 수 있습니다. (14:00~16:00, 1회)

📌 다만, 진료·증상 상담은 채널에서 진행하지 않으며, 내원 시 의료진과 직접 상담 부탁드립니다.

더 나은 진료 서비스를 위해 최선을 다하겠습니다. 감사합니다.
8528	찌니	2026-08-10 16:59:44	SD동물의료센터 서울점	안녕하세요 보호자님
문의주신 내용 주치의선생님께 확인 후 연락드리겠습니다.
8528	찌니	2026-08-15 22:16:59	혜은	동영상
8528	찌니	2026-08-15 22:16:59	SD동물의료센터 서울점	채팅 운영시간 안내
8528	찌니	2026-08-15 22:16:59	SD동물의료센터 서울점	✅ 본 채널에서는 진료 예약과 입원 환자 사진·안내를 받아보실 수 있습니다. (14:00~16:00, 1회)

📌 다만, 진료·증상 상담은 채널에서 진행하지 않으며, 내원 시 의료진과 직접 상담 부탁드립니다.

더 나은 진료 서비스를 위해 최선을 다하겠습니다. 감사합니다.
8528	찌니	2026-08-15 22:20:07	혜은	찌니 어제밤에 안구진탕 같은게 순간적으로 아주잠깐 왔었는데 바로 괜찮아졌다가 오늘 낮에 자다가 갑자기 깨서 또 안구진탕인지 비틀거리면서 쇼파에서 내려가더니 또 바로 괜찮아지고 지금은 갑자기 아무것도 먹은게 없는데 이런식으로 혀를 낼름거리는걸 1분이내로 하다가 멈췄다가 이런식이고 입이 찜찜한가 해서 주사기로 물을 살짝줬는데도 10분정도 쉬었다가 다시 증상 발견되어 동영상 찍어 문의드려요. 
요즘 영양제에 양치에 스트레스가 과다한듯해서 그것 때문이면 당분간 아무것도 안하고 조금 쉬는건 어떨까요..? 지난번 안구진탕때 이미 검사를해서 또 마취하고 검사시키기는 좀 겁이나서.. ㅠ 
8528	찌니	2026-08-15 22:20:07	SD동물의료센터 서울점	채팅 운영시간 안내
8528	찌니	2026-08-15 22:20:07	SD동물의료센터 서울점	✅ 본 채널에서는 진료 예약과 입원 환자 사진·안내를 받아보실 수 있습니다. (14:00~16:00, 1회)

📌 다만, 진료·증상 상담은 채널에서 진행하지 않으며, 내원 시 의료진과 직접 상담 부탁드립니다.

더 나은 진료 서비스를 위해 최선을 다하겠습니다. 감사합니다.
8528	찌니	2026-08-15 23:06:57	혜은	동영상
8528	찌니	2026-08-15 23:06:57	SD동물의료센터 서울점	채팅 운영시간 안내
8695	리코	2025-07-25 18:14:48	김현기	안녕하세요 리코보호자입니다
8695	리코	2025-07-26 10:09:20	김현기	안녕하세요, 리코 보호자인데요
8695	리코	2025-07-26 10:10:27	김현기	리코 수술전에 면회 가고 싶은데 
8695	리코	2025-07-26 10:11:02	김현기	면회 시간외에 수술 30분 전에도 볼 수 있을까요??
8695	리코	2025-07-26 10:11:15	김현기	아무래도 맘이 계속 쓰여서요
8695	리코	2025-07-26 10:15:30	SD동물의료센터 서울점	안녕하세요. 보호자님. 담당 선생님께 확인 후 답변드리겠습니다. 감사합니다.
8695	리코	2025-07-26 10:18:30	김현기	네 감사합니다!
8695	리코	2025-07-26 11:26:37	SD동물의료센터 서울점	안녕하세요.보호자님. 2시~2시반 사이에 오시면 면회 도와드리겠습니다. 감사합니다
8695	리코	2025-07-26 11:49:07	김현기	네 알겠습니다 감사합니다!
8695	리코	2025-07-26 17:39:03	SD동물의료센터 서울점	안녕하세요 리코보호자님! 리코는 방금 수술 잘 마치고 현재는 입원장에서 수액과 산소처치를 받으며 마취 회복 중에 있습니다 :) 리코의 사진 보내드릴게요!
8695	리코	2025-07-26 17:39:07	SD동물의료센터 서울점	사진
8695	리코	2025-07-26 17:44:21	김현기	아이고 눈이 많이 풀려있네요 ㅎㅎ 리코도 선생님들도 고생하셨네요 ㅠ 사진 공유해주셔서 감사합니다! 
8695	리코	2025-07-27 08:43:52	김현기	안녕하세요! 오늘 리코 오후 면회 진행하고 싶습니다. 다섯시 반타임에요! 
8695	리코	2025-07-27 08:43:52	SD동물의료센터 서울점	채팅 운영시간 안내
8695	리코	2025-07-27 08:43:52	SD동물의료센터 서울점	지금은 답변(채팅)이 가능한 시간이 아닙니다. 🌃
야간 중 채널 확인 및 전송이 불가능하오니 내용을 남겨주시면 채팅이 가능한 시간에 순차적으로 답변드리겠습니다.
아이들의 편한 휴식과 보다 더 안정된 회복을 위하여 집중하겠습니다.
감사합니다. 😊
8695	리코	2025-07-27 08:52:00	SD동물의료센터 서울점	안녕하세요. 보호자님! 리코 5:30 면회 접수해드렸습니다. 감사합니다.
8695	리코	2025-07-27 09:13:48	김현기	네 감사합니다!
8695	리코	2025-07-27 09:13:55	SD동물의료센터 서울점	SD동물의료센터 서울점 채널을 추가하시면 광고와 마케팅 메시지를 카카오톡으로 받아 볼 수 있습니다.
8695	리코	2025-07-27 14:49:06	SD동물의료센터 서울점	사진
8695	리코	2025-07-27 14:49:09	SD동물의료센터 서울점	동영상
8695	리코	2025-07-27 14:49:10	SD동물의료센터 서울점	안녕하세요 리코보호자님:) 리코 오늘 아침 잘 먹지않아서  입맛에 맞는음식으로 식이테스트중입니다.오늘 소변 잘 봐주었으며 현재 입원장에서 쉬고있는사진과 영상 보내드립니다.
8695	리코	2025-07-27 14:51:50	김현기	에고 잘먹어야 빨리 나을텐데요 ㅠ 네 공유 감사합니다, 이따 오후 면회때도 볼게요!
8695	리코	2025-07-27 15:01:47	SD동물의료센터 서울점	네,감사합니다.^^
8695	리코	2025-07-28 14:39:44	김현기	안녕하세요, 리코 지금 어떤지 궁금해서 카톡 드려요!
리코 밥은 좀 먹었을까요? 
8695	리코	2025-07-28 14:45:51	SD동물의료센터 서울점	보호자님. 선생님 확인 후 답변 드리겠습니다. 감사합니다.
8695	리코	2025-07-28 14:52:42	김현기	네네, 감사합니다.
8695	리코	2025-07-28 14:53:21	SD동물의료센터 서울점	안녕하세요 보호자님, 리코 금일 빈혈수치는 양호하나 밥을 먹어주지 않아 세시 식욕테스트 진행해 보려 합니다. 식욕테스트 시에 자발식욕 없을 시 강제급이 및 식욕촉진제 처방 하려 합니다. 내일도 빈혈수치 괜찮으면 퇴원 고려해 볼 수 있으며, 집에서 오히려 식욕이 좋아질 수 있어 오늘 모니터링 후 내일 다시 연락드리겠습니다. 감사합니다:)
8695	리코	2025-07-28 14:55:56	김현기	아, 네네 ㅠ 그럼 오늘 저녁 퇴원은 어렵고 내일정도 퇴원할 수 있다고 생각하면 될까요?
8695	리코	2025-07-28 15:07:55	SD동물의료센터 서울점	넵 내일상태까지 확인하고 퇴원하는게 좋을 것 같습니다!
8695	리코	2025-07-28 15:12:11	SD동물의료센터 서울점	사진
8695	리코	2025-07-28 15:12:14	SD동물의료센터 서울점	동영상
8695	리코	2025-07-28 15:12:16	SD동물의료센터 서울점	리코는 소변 잘 봐주었으며, 현재는 수액 처치를 받으며 입원장에서 휴식을 취하고 있습니다 쉬고 있는 리코 사진과 영상을 보내드립니다 감사합니다
8695	리코	2025-07-28 15:13:06	김현기	네 알겠습니다. 리코 밥 먹게 되면 한 번 알려주세요! 어제부터 아무것도 안먹고 있다고하니 걱정이 되네요
8695	리코	2025-07-28 15:23:06	SD동물의료센터 서울점	네 보호자님, 밥먹으면 답변드리겠습니다. 감사합니다 :)
8695	리코	2025-07-28 15:24:05	김현기	네 감사합니다!
8695	리코	2025-07-28 16:28:53	SD동물의료센터 서울점	보호자님 리코는 식욕테스트 상 잘 먹어주지 않아 강제급이 진행하였습니다. 저녁도 강제급이 진행해야 할 듯 하며 식욕촉진제 들어가고 있습니다. 내일 상태 확인 후 연락드리도록 하겠습니다!
8695	리코	2025-07-28 17:03:10	김현기	네 알겠습니다, 공유해주셔서 감사합니다!!
8695	리코	2025-07-29 13:43:01	SD동물의료센터 서울점	사진
8695	리코	2025-07-29 13:43:04	SD동물의료센터 서울점	동영상
8695	리코	2025-07-29 13:43:08	SD동물의료센터 서울점	안녕하세요 리코 보호자님 ! 금일 리코 식이는 주사기로 급여 하였고 소변은 잘 보았습니다 애기 현재는 수액맞으면서 휴식 중 입니다 애기 사진 및 영상 보내드릴게요 ^^!
8695	리코	2025-07-29 13:44:15	김현기	네 감사합니다! 리코 금일 퇴원 여부도 확인부탁드릴게요!
8695	리코	2025-07-29 14:58:07	김현기	리코 금일 퇴원할 수 있는거 맞나요??
8695	리코	2025-07-29 18:01:29	김현기	저 리코 면회 좀 더 땡기고 싶습니다. 7시 정도 도착이에요
8695	리코	2025-07-30 13:51:07	SD동물의료센터 서울점	사진
8695	리코	2025-07-30 13:51:10	SD동물의료센터 서울점	동영상
8695	리코	2025-07-30 13:52:24	SD동물의료센터 서울점	안녕하세요 리코 보호자님, 오늘 리코는 비위관통해서 식이 급여한 상태구요 소변도 잘보고 장안에서 수액맞으며 휴식중에 있습니다. 감사합니다~
8695	리코	2025-07-31 12:22:23	SD동물의료센터 서울점	사진
8695	리코	2025-07-31 12:22:24	SD동물의료센터 서울점	안녕하세요 보호자님, 금일 리코 혈액검사 전달드립니다. 빈혈수치(PCV) 28.3 -> 26으로 소폭 감소했지만 큰 차이 없이 유지 중이며 백혈구수치(NEU) 21.42 -> 30.26으로 확인됩니다. 수술부위와 혈압, 체온, 활력 등 다른 바이탈 잘 유지되고 있어 오늘 저녁 처치까지 다 받은 후 어제 안내 드린대로 퇴원하여 통원 치료로 진행해봐도 될 것 같습니다. 주사 및 급여와 같은 저녁 처치가 6시 진행 예정으로 6시 30분에 퇴원 상담 위해 내원 가능하신지 답변 주시면 감사하겠습니다:)
8695	리코	2025-07-31 12:23:56	김현기	네 6시 30분에 내원하겠습니다!
8695	리코	2025-07-31 12:30:36	SD동물의료센터 서울점	네, 감사합니다!!
8695	리코	2025-07-31 14:02:08	SD동물의료센터 서울점	사진
8695	리코	2025-07-31 14:02:11	SD동물의료센터 서울점	동영상
8695	리코	2025-07-31 14:03:18	SD동물의료센터 서울점	안녕하세요 리코보호자님:) 리코 주사기로 유동식 잘먹었구요~ 소변도 잘보고~ 수액맞으며 쉬고있는모습 사진과 영상 보내드립니다 감사합니다
8695	리코	2025-08-03 09:47:45	SD동물의료센터 서울점	안녕하세요 보호자님 리코 외부검사 결과 전달드립니다. 
비장과 제거된 피부종괴 네곳 모두 비만세포종으로 확인되어 항암치료 관련하여 상담예약 잡아드리려고 합니다.
8695	리코	2025-08-03 09:47:48	SD동물의료센터 서울점	사진
8695	리코	2025-08-03 09:47:55	SD동물의료센터 서울점	혹시 금일 2시 반 내원가능하실까요?
8695	리코	2025-08-03 10:04:14	김현기	아 결과가 빨리 나왔군요. 금일은 어렵고 혹시 내일 오후 4시 30-40분 내원도 가능할까요?
8695	리코	2025-08-03 10:04:24	김현기	리코랑 같이 내원 필요할까요?
8695	리코	2025-08-03 10:12:33	SD동물의료센터 서울점	내일 4시 반 내원가능합니다. 아이와 같이 내원하셔야하는지는 확인 후 답변드리겠습니다. 감사합니다:)
8695	리코	2025-08-03 12:05:38	SD동물의료센터 서울점	내일 수술 부위 실밥제거 함께 진행 예정으로 아이도 함께 오셔야 한다고 답변주셨습니다 감사합니다:)
8695	리코	2025-08-03 12:10:29	김현기	아 그러면 혹시 화요일 오전에도 가능할까요??
8695	리코	2025-08-03 12:11:53	SD동물의료센터 서울점	항암치료 담당하시는 선생님께서 12시 출근이셔서 제일 빠른 진료는 12시 반 가능합니다
8695	리코	2025-08-03 12:12:44	김현기	네 그럼 화요일에 12시 반 내원하겠습니다
8695	리코	2025-08-03 12:15:33	SD동물의료센터 서울점	네 8/5 화 12시 반에 뵙겠습니다 감사합니다:)
8695	리코	2025-08-05 12:30:55	김현기	안녕하세요 ㅜ 늦어져서 연락드립미다. 12시 46분 도착 예정입니다
8695	리코	2025-08-05 12:32:43	SD동물의료센터 서울점	안녕하세요 보호자님 1시~1시 반에는 입원중인 아이들 회진으로  진료가 어려워 최대한 빠른 내원 부탁드립니다 감사합니다:)\
8695	리코	2025-08-05 12:33:28	김현기	네네 알겠습니다!
8695	리코	2025-08-05 14:18:35	김현기	https://file.notion.so/f/f/e81f3305-41b6-408e-a081-306f3d8caed8/ccbb18f5-c0cc-47a8-8623-1239b1e8abae/%EC%95%84%EC%9D%B8%EC%8A%A4%EB%8F%99%EB%AC%BC%EB%B3%91%EC%9B%90(%EB%8F%99%EB%8C%80%EB%AC%B8)_%EB%A6%AC%EC%BD%94.pdf?table=block&id=241f92b6-399c-8038-bc68-e8a5372526bc&spaceId=e81f3305-41b6-408e-a081-306f3d8caed8&expirationTimestamp=1754395200000&signature=eIC8w0K0JulyifmsDCKAvvCu1GdAaaVBfZlzN51HkEA&downloadName=%EC%95%84%EC%9D%B8%EC%8A%A4%EB%8F%99%EB%AC%BC%EB%B3%91%EC%9B%90%28%EB%8F%99%EB%8C%80%EB%AC%B8%29_%EB%A6%AC%EC%BD%94.pdf
8695	리코	2025-08-05 14:36:34	SD동물의료센터 서울점	선생님께 자료 전달드리겠습니다!
8695	리코	2025-08-05 14:41:31	김현기	https://north-sign-8e6.notion.site/241f92b6399c80f896cac3732fb1405b?source=copy_link
8695	리코	2025-08-05 14:41:44	김현기	네 링크 재전달 드릴게요 아까거가 깨지는거 같아서요
8695	리코	2025-08-05 15:06:18	SD동물의료센터 서울점	보호자님 자료 용량 관계로 이메일로 보내드려야 될 것 같아서 자료 받아보실 이메일 주소 말씀 부탁드립니다!
8695	리코	2025-08-05 15:14:34	김현기	Khk9202@gmail.com으로 부탁드립니다
8695	리코	2025-08-05 15:14:49	김현기	아이 다리에 지혈대 풀어줘도 될까요?
8695	리코	2025-08-05 15:16:36	SD동물의료센터 서울점	네 보호자님, 지금 풀어주시고 지혈대한 다리 마사지하듯 조물조물 풀어주시길 부탁드립니다. 감사합니다 :)
8695	리코	2025-08-05 15:18:55	SD동물의료센터 서울점	보호자님 죄송하게도 아까 진단서 발급 비용이 포함되지 않아서 44,000원 결제할 수 있는 온라인 링크 보내드리고 결제 부탁드려도 될까요?
번거롭게 해드려서 죄송합니다!
8695	리코	2025-08-05 15:22:39	김현기	네네 보내주세요
8695	리코	2025-08-05 15:30:39	SD동물의료센터 서울점	https://m.hansolpay.com/px12v
8695	리코	2025-08-05 15:30:52	SD동물의료센터 서울점	네 보호자님, 결제링크 전달드립니다. 결제 후 말씀부탁드립니다. 감사합니다 :)
8695	리코	2025-08-05 15:32:09	김현기	결제 완료했습니다
8695	리코	2025-08-05 15:32:54	SD동물의료센터 서울점	네 보호자님, 감사합니다 :) 진단서 발급완료되는대로 전달드리겠습니다 ^^
8695	리코	2025-08-05 22:06:05	SD동물의료센터 서울점	사진
8695	리코	2025-08-05 22:06:07	SD동물의료센터 서울점	보호자님 늦은 시간에 죄송해요
진단서 작성 완료 되어 바로 보내드립니다.
감사합니다. :)
8695	리코	2025-08-11 17:34:28	김현기	안녕하세요, 리코가 8월 9일만해도 70g 잘 먹었는데 어제랑 오늘 오전까지 지켜봤을 때, 대부분 자고 있고 식사량이 40g 정도로 줄은거 같은데 괜찮을지 문의드립니다.
8695	리코	2025-08-11 17:34:58	김현기	츄르를 줬을 때는 바로 쫓아오면서 잘 먹는데 밥을 스스로 잘 안먹는거 같은 느낌이 들어서요
8695	리코	2025-08-11 17:35:10	김현기	오늘 저녁에 항암약도 먹여야하는데 걱정되서 문의드립니다.
8695	리코	2025-08-11 17:38:18	SD동물의료센터 서울점	보호자님, 선생님께 내용 전달드렸고 확인 후 답변드리겠습니다.
8695	리코	2025-08-11 17:38:24	김현기	네네 감사합니다
8695	리코	2025-08-11 17:39:40	김현기	아네 그리고 참고로 ANF를 어제 40g 정도로 너무 안먹어서 혹시 사료가 맘에 안드나 싶어서 오늘 오전에는 하이포로 바꿔줬더니 허겁지겁 12g 정도는 먹었는데 출근하면서 펫캠으로 지켜본 결과 2시에 식사한 이후로는 계속 자고 있는거 같네요
8695	리코	2025-08-11 17:40:04	김현기	참고로 제가 출퇴근 시간때문에 저녁 8시 기준으로 24시간을 체크하고 있다는 내용도 전달해주시면 감사하겠습니다.
8695	리코	2025-08-11 17:40:55	SD동물의료센터 서울점	네, 우선 오늘 약은 먹이지 마시고 2일동안 식욕 돌아오는지 확인 부탁드립니다. 수요일에 주치의 선생님이 연락드릴 예정입니다.
8695	리코	2025-08-11 17:41:56	김현기	네 알겠습니다. 일단 오늘 약은 먹이지 않겠습니다. 확인 감사합니다.
8695	리코	2025-08-13 10:46:28	김현기	안녕하세요
8695	리코	2025-08-13 10:46:41	김현기	사진
8695	리코	2025-08-13 10:47:03	김현기	제가 7월 25일자 청구서를 분실한거 같은데.. 혹시 출력 및 사진 전달이 가능할까요?
8695	리코	2025-08-13 10:47:13	김현기	사진
8695	리코	2025-08-13 10:47:22	김현기	이런게 필요합니다. 보험 청구때문에요!
8695	리코	2025-08-13 10:52:21	SD동물의료센터 서울점	리코(김현기) 7월 25일.pdf
8695	리코	2025-08-13 10:52:35	SD동물의료센터 서울점	보호자님 내역서 보내드렸습니다. 감사합니다
8695	리코	2025-08-13 10:53:45	김현기	네 감사합니다!
8695	리코	2025-08-13 16:30:43	김현기	동영상
8695	리코	2025-08-13 16:31:03	김현기	선생님께 영상 전달 부탁드립니다!
8695	리코	2025-08-13 16:31:59	SD동물의료센터 서울점	네 보호자님 선생님께 영상 전달드리겠습니다!
8695	리코	2025-08-22 16:12:46	김현기	안녕하세요, 내일 리코 진료 예약되어있는걸로 기억하는데 맞을까요?
8695	리코	2025-08-22 16:14:07	SD동물의료센터 서울점	네~ :) 내일 오전 10시 예약되어있습니다~!
8695	리코	2025-08-22 16:52:06	김현기	네 확인 감사합니다
8695	리코	2025-08-30 14:30:50	김현기	안녕하세요, 유수진과장님께 월요일에 6시 이후에 약 받아갈수 있게 처방해주실 수 있는지 여쭤봐주실 수 있을까요?  항암제는 1알, 간보호제는 2알 남아 있습니다.
8695	리코	2025-08-30 14:31:12	김현기	그리고 다음주에 리코 재진 있는데 진정제 처방도 리마인드 부탁드릴게요
8695	리코	2025-08-30 14:40:37	SD동물의료센터 서울점	보호자님. 선생님께 전달드리겠습니다.  다음주 재진 일정 전까지 먹을 약으로 준비해드리면 될까요?
8695	리코	2025-08-30 14:47:43	김현기	네네 항암제는 월요일꺼는 있으니 수, 금 꺼로 조제 해주시면 되지 않을까 싶습니다
8695	리코	2025-08-30 14:52:01	SD동물의료센터 서울점	네,  선생님께 전달드리고 약은 9/1(월) 6시 이후 픽업오시는 걸로 알겠습니다. 감사합니다.
8695	리코	2025-08-30 14:52:31	김현기	네 처방날짜도 동일하게 부탁드린다고 전달해주세요
8695	리코	2025-08-30 15:06:57	SD동물의료센터 서울점	약물 처방 청구 날짜를 9/1로 하면 되는 걸까요/
8695	리코	2025-08-30 15:06:58	SD동물의료센터 서울점	?
8695	리코	2025-08-30 15:31:09	김현기	네네 맞습니다
8695	리코	2025-08-30 15:41:11	SD동물의료센터 서울점	네 보호자님, 그렇게 준비 도와드리겠습니다. 감사합니다 :)
8695	리코	2025-09-06 15:28:21	김현기	안녕하세요, 혹시 병원에 힐스 캣 z/d 사료도 팔고 있나요? 오늘 과장님이 소분해서 주신거 되게 잘 먹네요
8695	리코	2025-09-06 15:32:52	SD동물의료센터 서울점	네 보호자님 Z/D 사료 판매하고 있습니다!
8695	리코	2025-09-06 15:34:18	김현기	아 네네 알겠습니다. 내일 병원 방문할때 구매할게요 감사합니다!
8695	리코	2025-09-06 15:34:53	SD동물의료센터 서울점	네 Z/D 사료 1포 빼두겠습니다!
8695	리코	2025-09-06 15:41:03	김현기	네 감사합니다!
8695	리코	2025-09-06 16:22:56	김현기	혹시 유수진 과장님께 지위픽 에어드라이 양고기하고  힐스z/d 중에 어떤게 지금 아이 건강상태랑 체중 고려했을때 더 나을지 여쭤봐주실 수 있을까요? 방금전 지위픽 단독 급여해봤는데 꽤 잘 먹기도 해서요
8695	리코	2025-09-06 16:24:21	SD동물의료센터 서울점	네 보호자님 선생님께 확인 후 답변드리겠습니다!
8695	리코	2025-09-06 16:29:00	SD동물의료센터 서울점	둘다 기호성이 좋다면 리코에게는 힐스 Z/D 급여하시는 것이 좋다고 하셨습니다!
8695	리코	2025-09-06 16:30:24	김현기	네 알겠습니다! 감사합니다!
8695	리코	2025-09-14 11:23:44	김현기	안녕하세요! 리코 약 내일 여섯시 이후로 픽업할 수 있게 준비해주실 수 있을까요?
8695	리코	2025-09-14 11:25:09	SD동물의료센터 서울점	네 보호자님 몇일 치 조제해두면 될까요? 아이 특이사항은 없는 지 확인 부탁드립니다:)
8695	리코	2025-09-14 11:26:39	김현기	일주일치 부탁드립니다.
8695	리코	2025-09-14 11:28:05	김현기	음 특이사항은 금요일 항암제 복용하고서 토요일 오전에 걸을때 좀 힘이 없어보이고 계속 잠만 자고 그랬는데
8695	리코	2025-09-14 11:28:40	김현기	저녁때 되니까 다시 조금 괜찮아져보이고 그런 상황입니다
8695	리코	2025-09-14 11:29:36	SD동물의료센터 서울점	네 보호자님 선생님께 특이사항과 함께 조제요청드리겠습니다 감사합니다:)
8695	리코	2025-09-14 11:35:27	김현기	네 그리고 아이 z/d로 바꾸고 식사량은 50g 정도 먹고 아침 저녁 합쳐서 습식캔 한 개정도 먹고 있습니다
8695	리코	2025-09-14 11:38:42	SD동물의료센터 서울점	네 보호자님 아이 컨디션 잘 살펴봐주시고 내일뵙겠습니다:)
8695	리코	2025-09-21 16:33:34	김현기	안녕하세요, 리코 항암제, 간보조제 내일 오후 5시 반에 픽업할 수 있게 준비해주실 수 있을까요?
8695	리코	2025-09-21 16:33:58	김현기	차주에는 리코 내원도 있어서 진정제도 같이 처방해주시면 감사하겠습니다
8695	리코	2025-09-21 16:38:55	SD동물의료센터 서울점	안녕하세요 보호자님 내복약 평소처럼 3일치 지어드리면 될까요?
8695	리코	2025-09-21 16:39:43	김현기	네네 일주일치 부탁드립니다
8695	리코	2025-09-21 16:40:18	김현기	토요일까지 먹을수 있는 양으로 준비해달라고 요청주시면 될 것 같습니다
8695	리코	2025-09-21 16:40:36	SD동물의료센터 서울점	네 선생님께 7일치 요청드리겠습니다 내일 뵙겠습니다:)
8695	리코	2025-09-22 09:56:17	김현기	한가지 아이 특이사항이 있어서 문의드립니다. 처방해주신 보조제 외에 영양제로 사메탑을 하루 2알 (아침,저녁. 복용방법따름) 먹이고 있는데 지난주 토요일(13일)부터 구토 횟수가 조금씩 늘고 있고 구토 안에 녹다 만 사메탑 조각들이 보입니다.
8695	리코	2025-09-22 09:57:10	김현기	사메탑 복용 횟수를 줄이는게 나을지 (하루 1회) 아니면 아예 복용을 중단하고 다른 영양제로 먹이는게 나을지 선생님께 문의해주실 수 있을까요?
8695	리코	2025-09-22 10:03:50	SD동물의료센터 서울점	네, 리코보호자님 :)
담당 선생님은 오후에 출근하셔서 오시면 답변요청 드려놓겠습니다.
8695	리코	2025-09-22 10:04:11	김현기	네 감사합니다!
8695	리코	2025-09-27 17:40:35	김현기	안녕하세요, 리코 간 보호제(사데닌)은 2알 남아있는데 나머지는 예정대로 다 먹여도 되는지 선생님께 여쭤봐주실 수 있을까요?
8695	리코	2025-09-27 17:53:15	SD동물의료센터 서울점	네 확인 후 답변드리겠습니다:)
8695	리코	2025-09-27 18:03:52	SD동물의료센터 서울점	네 보호자님 사데닌은 예정대로 먹여주시되, 사메탑 약만 중단이라고 말씀해주셨습니다
8695	리코	2025-09-27 18:11:29	김현기	네 알겠습니다. 감사합니다
8695	리코	2025-10-01 19:43:11	김현기	안녕하세요, 리코 오늘 토했네요 ㅠ 사진 공유드립니다.
8695	리코	2025-10-01 19:43:11	SD동물의료센터 서울점	채팅 운영시간 안내
8695	리코	2025-10-01 19:43:11	SD동물의료센터 서울점	✅ 본 채널에서는 진료 예약과 입원 환자 사진·안내를 받아보실 수 있습니다.(14:00-16:00, 1회)

📌 다만, 진료·증상 상담은 채널에서 진행하지 않으며, 내원 시 의료진과 직접 상담 부탁드립니다.

더 나은 진료서비스를 위해 최선을 다하겠습니다. 감사합니다.
8695	리코	2025-10-01 19:43:52	김현기	사진
8695	리코	2025-10-01 19:43:52	SD동물의료센터 서울점	채팅 운영시간 안내
8695	리코	2025-10-01 19:43:52	SD동물의료센터 서울점	✅ 본 채널에서는 진료 예약과 입원 환자 사진·안내를 받아보실 수 있습니다.(14:00-16:00, 1회)

📌 다만, 진료·증상 상담은 채널에서 진행하지 않으며, 내원 시 의료진과 직접 상담 부탁드립니다.

더 나은 진료서비스를 위해 최선을 다하겠습니다. 감사합니다.
8695	리코	2025-10-01 19:43:59	김현기	오시는길 안내
8695	리코	2025-10-01 19:44:00	SD동물의료센터 서울점(메뉴)	SD동물의료센터 서울점 
오시는 길 안내드립니다.

◼︎ 주소 
서울특별시 중구 왕십리로 407,
신당파인힐하나유보라 상가 2층

🚗 자동차 이용시, 신당파인힐하나유보라’ 상가 주차장을 이용해주세요. (무료주차 가능합니다.)

🚊 지하철 이용시, 2호선 상왕십리역 6번 출구와 신당역 3번 출구 사이에 위치하고 있습니다.

문의사항은 본원 대표전화(02-2039-0303)로 연락부탁드립니다.
8695	리코	2025-10-01 19:44:48	김현기	알약으로 추정되는 두 가지 흰색 물체 (오늘 아침, 어제 저녁 먹인 간 보조제가 아닐까 싶네요)
8695	리코	2025-10-01 19:44:48	SD동물의료센터 서울점	채팅 운영시간 안내
8695	리코	2025-10-01 19:44:48	SD동물의료센터 서울점	✅ 본 채널에서는 진료 예약과 입원 환자 사진·안내를 받아보실 수 있습니다.(14:00-16:00, 1회)

📌 다만, 진료·증상 상담은 채널에서 진행하지 않으며, 내원 시 의료진과 직접 상담 부탁드립니다.

더 나은 진료서비스를 위해 최선을 다하겠습니다. 감사합니다.
8695	리코	2025-10-01 19:44:59	김현기	그리고 헤어볼이랑 약간의 사료들이 있네요
8695	리코	2025-10-01 19:44:59	SD동물의료센터 서울점	채팅 운영시간 안내
8695	리코	2025-10-01 19:44:59	SD동물의료센터 서울점	✅ 본 채널에서는 진료 예약과 입원 환자 사진·안내를 받아보실 수 있습니다.(14:00-16:00, 1회)

📌 다만, 진료·증상 상담은 채널에서 진행하지 않으며, 내원 시 의료진과 직접 상담 부탁드립니다.

더 나은 진료서비스를 위해 최선을 다하겠습니다. 감사합니다.
8695	리코	2025-10-01 19:45:18	김현기	어떻게 하면 좋을지 알려주시면 감사하겠습니다
8695	리코	2025-10-01 19:45:18	SD동물의료센터 서울점	채팅 운영시간 안내
8695	리코	2025-10-01 19:45:18	SD동물의료센터 서울점	✅ 본 채널에서는 진료 예약과 입원 환자 사진·안내를 받아보실 수 있습니다.(14:00-16:00, 1회)

📌 다만, 진료·증상 상담은 채널에서 진행하지 않으며, 내원 시 의료진과 직접 상담 부탁드립니다.

더 나은 진료서비스를 위해 최선을 다하겠습니다. 감사합니다.
8695	리코	2025-10-02 01:06:55	김현기	우선 리코 오늘 항암도 완료했고 밥도 잘 먹고 화장실도 가고 잘 놀고 컨디션에는 이상 없어보입니다.
8695	리코	2025-10-02 01:06:55	SD동물의료센터 서울점	채팅 운영시간 안내
8695	리코	2025-10-02 01:06:55	SD동물의료센터 서울점	✅ 본 채널에서는 진료 예약과 입원 환자 사진·안내를 받아보실 수 있습니다.(14:00-16:00, 1회)

📌 다만, 진료·증상 상담은 채널에서 진행하지 않으며, 내원 시 의료진과 직접 상담 부탁드립니다.

더 나은 진료서비스를 위해 최선을 다하겠습니다. 감사합니다.
8695	리코	2025-10-02 01:07:34	김현기	일단 추가로 처방해주신 간 보호제 캡슐은 저녁에 먹이지 않았습니다.
8695	리코	2025-10-02 01:07:34	SD동물의료센터 서울점	채팅 운영시간 안내
8695	리코	2025-10-02 01:07:34	SD동물의료센터 서울점	✅ 본 채널에서는 진료 예약과 입원 환자 사진·안내를 받아보실 수 있습니다.(14:00-16:00, 1회)

📌 다만, 진료·증상 상담은 채널에서 진행하지 않으며, 내원 시 의료진과 직접 상담 부탁드립니다.

더 나은 진료서비스를 위해 최선을 다하겠습니다. 감사합니다.
8695	리코	2025-10-02 01:08:00	김현기	캡슐이 문제인지.. 간 보호제가 문제인지 이유를 잘 모르겠네요
8695	리코	2025-10-02 01:08:00	SD동물의료센터 서울점	채팅 운영시간 안내
8695	리코	2025-10-02 01:08:00	SD동물의료센터 서울점	✅ 본 채널에서는 진료 예약과 입원 환자 사진·안내를 받아보실 수 있습니다.(14:00-16:00, 1회)

📌 다만, 진료·증상 상담은 채널에서 진행하지 않으며, 내원 시 의료진과 직접 상담 부탁드립니다.

더 나은 진료서비스를 위해 최선을 다하겠습니다. 감사합니다.
8695	리코	2025-10-02 01:08:45	김현기	또 한 가지 의심가는 것 중 하나는 약 복용 직후 보상차원에서 주는 간식에 문제가 있나 싶기도 한데 잘 모르겠네요
8695	리코	2025-10-02 01:08:45	SD동물의료센터 서울점	채팅 운영시간 안내
8695	리코	2025-10-02 01:08:46	SD동물의료센터 서울점	✅ 본 채널에서는 진료 예약과 입원 환자 사진·안내를 받아보실 수 있습니다.(14:00-16:00, 1회)

📌 다만, 진료·증상 상담은 채널에서 진행하지 않으며, 내원 시 의료진과 직접 상담 부탁드립니다.

더 나은 진료서비스를 위해 최선을 다하겠습니다. 감사합니다.
8695	리코	2025-10-02 01:08:58	김현기	사진
8695	리코	2025-10-02 01:08:58	SD동물의료센터 서울점	채팅 운영시간 안내
8695	리코	2025-10-02 01:08:58	SD동물의료센터 서울점	✅ 본 채널에서는 진료 예약과 입원 환자 사진·안내를 받아보실 수 있습니다.(14:00-16:00, 1회)

📌 다만, 진료·증상 상담은 채널에서 진행하지 않으며, 내원 시 의료진과 직접 상담 부탁드립니다.

더 나은 진료서비스를 위해 최선을 다하겠습니다. 감사합니다.
8695	리코	2025-10-02 01:09:14	SD동물의료센터 서울점	✅ 본 채널에서는 진료 예약과 입원 환자 사진·안내를 받아보실 수 있습니다.(14:00-16:00, 1회)

📌 다만, 진료·증상 상담은 채널에서 진행하지 않으며, 내원 시 의료진과 직접 상담 부탁드립니다.

더 나은 진료서비스를 위해 최선을 다하겠습니다. 감사합니다.
8695	리코	2025-10-02 01:09:14	김현기	사진
8695	리코	2025-10-02 01:09:14	SD동물의료센터 서울점	채팅 운영시간 안내
8695	리코	2025-10-02 01:11:11	김현기	얘는 근데 매번 준게 아니고 간헐적으로 줬던 거라 우선은 얘도 먹이지 않고있습니다. 단순 헤어볼 토인가 싶기도 하네요. 아무튼 내일 전체 내용 확인해주시고 연락부탁드립니다.
8695	리코	2025-10-02 01:11:11	SD동물의료센터 서울점	채팅 운영시간 안내
8695	리코	2025-10-02 01:11:11	SD동물의료센터 서울점	✅ 본 채널에서는 진료 예약과 입원 환자 사진·안내를 받아보실 수 있습니다.(14:00-16:00, 1회)

📌 다만, 진료·증상 상담은 채널에서 진행하지 않으며, 내원 시 의료진과 직접 상담 부탁드립니다.

더 나은 진료서비스를 위해 최선을 다하겠습니다. 감사합니다.
8695	리코	2025-10-02 14:00:10	김현기	안녕하세요, 혹시 제가 어제 밤에 보낸 내용 선생님께 전달됐을까요?
8695	리코	2025-10-02 14:00:10	SD동물의료센터 서울점	채팅 운영시간 안내
8695	리코	2025-10-02 14:00:10	SD동물의료센터 서울점	✅ 본 채널에서는 진료 예약과 입원 환자 사진·안내를 받아보실 수 있습니다.(14:00-16:00, 1회)

📌 다만, 진료·증상 상담은 채널에서 진행하지 않으며, 내원 시 의료진과 직접 상담 부탁드립니다.

더 나은 진료서비스를 위해 최선을 다하겠습니다. 감사합니다.
8695	리코	2025-10-02 14:34:57	SD동물의료센터 서울점	네 보호자님 주치의선생님 금일 휴진이셔서 빠른 답변이 어렵습니다. 내일 출근하시면 연락 드릴 수 있도록 전달드리겠습니다 감사합니다:)
8695	리코	2025-10-02 15:31:40	김현기	네 알겠습니다, 감사합니다
8695	리코	2025-10-02 15:31:40	SD동물의료센터 서울점	채팅 운영시간 안내
8695	리코	2025-10-02 15:31:40	SD동물의료센터 서울점	✅ 본 채널에서는 진료 예약과 입원 환자 사진·안내를 받아보실 수 있습니다.(14:00-16:00, 1회)

📌 다만, 진료·증상 상담은 채널에서 진행하지 않으며, 내원 시 의료진과 직접 상담 부탁드립니다.

더 나은 진료서비스를 위해 최선을 다하겠습니다. 감사합니다.
8695	리코	2025-10-04 09:31:26	김현기	안녕하세요, 리코 오늘 오전에 알약토해서 간보조제는 복용 중단하겠습니다. 
8695	리코	2025-10-04 09:31:26	SD동물의료센터 서울점	채팅 운영시간 안내
8695	리코	2025-10-04 09:31:26	SD동물의료센터 서울점	✅ 본 채널에서는 진료 예약과 입원 환자 사진·안내를 받아보실 수 있습니다.(14:00-16:00, 1회)

📌 다만, 진료·증상 상담은 채널에서 진행하지 않으며, 내원 시 의료진과 직접 상담 부탁드립니다.

더 나은 진료서비스를 위해 최선을 다하겠습니다. 감사합니다.
8695	리코	2025-10-04 09:31:37	김현기	사진도 첨부드립니다.
8695	리코	2025-10-04 09:31:37	SD동물의료센터 서울점	채팅 운영시간 안내
8695	리코	2025-10-04 09:31:37	SD동물의료센터 서울점	✅ 본 채널에서는 진료 예약과 입원 환자 사진·안내를 받아보실 수 있습니다.(14:00-16:00, 1회)

📌 다만, 진료·증상 상담은 채널에서 진행하지 않으며, 내원 시 의료진과 직접 상담 부탁드립니다.

더 나은 진료서비스를 위해 최선을 다하겠습니다. 감사합니다.
8695	리코	2025-10-04 09:31:46	김현기	사진
8695	리코	2025-10-04 09:31:47	SD동물의료센터 서울점	채팅 운영시간 안내
8695	리코	2025-10-04 09:31:47	SD동물의료센터 서울점	✅ 본 채널에서는 진료 예약과 입원 환자 사진·안내를 받아보실 수 있습니다.(14:00-16:00, 1회)

📌 다만, 진료·증상 상담은 채널에서 진행하지 않으며, 내원 시 의료진과 직접 상담 부탁드립니다.

더 나은 진료서비스를 위해 최선을 다하겠습니다. 감사합니다.
8695	리코	2025-10-04 09:32:28	김현기	항암제는 소화가 되고 간보호제 알약들만 소화가 안된건지는 육안으로 구분은 안되네요 ㅠ
8695	리코	2025-10-04 09:32:28	SD동물의료센터 서울점	채팅 운영시간 안내
8695	리코	2025-10-04 09:32:28	SD동물의료센터 서울점	✅ 본 채널에서는 진료 예약과 입원 환자 사진·안내를 받아보실 수 있습니다.(14:00-16:00, 1회)

📌 다만, 진료·증상 상담은 채널에서 진행하지 않으며, 내원 시 의료진과 직접 상담 부탁드립니다.

더 나은 진료서비스를 위해 최선을 다하겠습니다. 감사합니다.
8695	리코	2025-10-04 09:33:04	김현기	그리고 약 픽업은 월요일이 추석이라 내일 점심 이후로 가겠습니다
8695	리코	2025-10-04 09:33:04	SD동물의료센터 서울점	채팅 운영시간 안내
8695	리코	2025-10-04 09:33:04	SD동물의료센터 서울점	✅ 본 채널에서는 진료 예약과 입원 환자 사진·안내를 받아보실 수 있습니다.(14:00-16:00, 1회)

📌 다만, 진료·증상 상담은 채널에서 진행하지 않으며, 내원 시 의료진과 직접 상담 부탁드립니다.

더 나은 진료서비스를 위해 최선을 다하겠습니다. 감사합니다.
8695	리코	2025-10-05 11:49:49	김현기	안녕하세요, 약 픽업 오늘 가능한가요?
8695	리코	2025-10-05 11:49:49	SD동물의료센터 서울점	채팅 운영시간 안내
8695	리코	2025-10-05 11:49:49	SD동물의료센터 서울점	✅ 본 채널에서는 진료 예약과 입원 환자 사진·안내를 받아보실 수 있습니다.(14:00-16:00, 1회)

📌 다만, 진료·증상 상담은 채널에서 진행하지 않으며, 내원 시 의료진과 직접 상담 부탁드립니다.

더 나은 진료서비스를 위해 최선을 다하겠습니다. 감사합니다.
8695	리코	2025-10-05 11:53:17	SD동물의료센터 서울점	네 보호자님 약 준비되어있어 편하신 시간에 내원 부탁드립니다:)
8695	리코	2025-10-05 12:20:33	김현기	네 알겠습니다, 아마 저녁 쯤에 내원할 것 같습니다. 감사합니다!
8695	리코	2025-10-05 12:20:33	SD동물의료센터 서울점	채팅 운영시간 안내
8695	리코	2025-10-05 12:20:33	SD동물의료센터 서울점	✅ 본 채널에서는 진료 예약과 입원 환자 사진·안내를 받아보실 수 있습니다.(14:00-16:00, 1회)

📌 다만, 진료·증상 상담은 채널에서 진행하지 않으며, 내원 시 의료진과 직접 상담 부탁드립니다.

더 나은 진료서비스를 위해 최선을 다하겠습니다. 감사합니다.
8695	리코	2025-11-29 18:34:20	SD동물의료센터 서울점	안녕하세요 보호자님
내복약 조제 완료 되어 편하실 때 방문 부탁드립니다.
8695	리코	2025-11-29 18:34:46	김현기	네 내일 방문 하겠습니다, 감사합니다!
8695	리코	2025-11-29 18:34:47	SD동물의료센터 서울점	채팅 운영시간 안내
8695	리코	2025-11-29 18:34:47	SD동물의료센터 서울점	✅ 본 채널에서는 진료 예약과 입원 환자 사진·안내를 받아보실 수 있습니다. (14:00~16:00, 1회)

📌 다만, 진료·증상 상담은 채널에서 진행하지 않으며, 내원 시 의료진과 직접 상담 부탁드립니다.

더 나은 진료 서비스를 위해 최선을 다하겠습니다. 감사합니다.
8695	리코	2025-12-14 15:51:41	김현기	안녕하세요, 리코 약 준비됐을까요?
8695	리코	2025-12-14 15:51:41	SD동물의료센터 서울점	채팅 운영시간 안내
8695	리코	2025-12-14 15:51:41	SD동물의료센터 서울점	✅ 본 채널에서는 진료 예약과 입원 환자 사진·안내를 받아보실 수 있습니다. (14:00~16:00, 1회)

📌 다만, 진료·증상 상담은 채널에서 진행하지 않으며, 내원 시 의료진과 직접 상담 부탁드립니다.

더 나은 진료 서비스를 위해 최선을 다하겠습니다. 감사합니다.
8695	리코	2025-12-14 16:00:05	SD동물의료센터 서울점	안녕하세요 보호자님
마침 짓는 중이라 조제 후 다시 말씀드리겠습니다!
8695	리코	2025-12-14 16:08:56	김현기	네 감사합니다, 완료되면 알려주세요
8695	리코	2025-12-14 16:08:56	SD동물의료센터 서울점	채팅 운영시간 안내
8695	리코	2025-12-14 16:08:56	SD동물의료센터 서울점	✅ 본 채널에서는 진료 예약과 입원 환자 사진·안내를 받아보실 수 있습니다. (14:00~16:00, 1회)

📌 다만, 진료·증상 상담은 채널에서 진행하지 않으며, 내원 시 의료진과 직접 상담 부탁드립니다.

더 나은 진료 서비스를 위해 최선을 다하겠습니다. 감사합니다.
8695	리코	2025-12-14 16:35:12	SD동물의료센터 서울점	네 보호자님, 약 방금 조제되어 편하실때 약 픽업 와주시면 감사하겠습니다 :)
8695	리코	2025-12-14 16:56:31	김현기	네 감사합니다!
8695	리코	2025-12-14 16:56:31	SD동물의료센터 서울점	채팅 운영시간 안내
8695	리코	2025-12-14 16:56:31	SD동물의료센터 서울점	✅ 본 채널에서는 진료 예약과 입원 환자 사진·안내를 받아보실 수 있습니다. (14:00~16:00, 1회)

📌 다만, 진료·증상 상담은 채널에서 진행하지 않으며, 내원 시 의료진과 직접 상담 부탁드립니다.

더 나은 진료 서비스를 위해 최선을 다하겠습니다. 감사합니다.
8695	리코	2025-12-21 18:18:48	김현기	안녕하세요, 리코 약 준비 되어있나요??
8695	리코	2025-12-21 18:18:48	SD동물의료센터 서울점	채팅 운영시간 안내
8695	리코	2025-12-21 18:18:48	SD동물의료센터 서울점	✅ 본 채널에서는 진료 예약과 입원 환자 사진·안내를 받아보실 수 있습니다. (14:00~16:00, 1회)

📌 다만, 진료·증상 상담은 채널에서 진행하지 않으며, 내원 시 의료진과 직접 상담 부탁드립니다.

더 나은 진료 서비스를 위해 최선을 다하겠습니다. 감사합니다.
8695	리코	2025-12-21 18:22:34	SD동물의료센터 서울점	안녕하세요 보호자님 리코 약 준비되어있습니다. 편하신 시간에 내원 부탁드립니다:)
8695	리코	2025-12-29 11:34:32	김현기	안녕하세요, 리코 약 준비 되어있을까요?
8695	리코	2025-12-29 11:34:32	SD동물의료센터 서울점	채팅 운영시간 안내
8695	리코	2025-12-29 11:34:32	SD동물의료센터 서울점	✅ 본 채널에서는 진료 예약과 입원 환자 사진·안내를 받아보실 수 있습니다. (14:00~16:00, 1회)

📌 다만, 진료·증상 상담은 채널에서 진행하지 않으며, 내원 시 의료진과 직접 상담 부탁드립니다.

더 나은 진료 서비스를 위해 최선을 다하겠습니다. 감사합니다.
8695	리코	2025-12-29 11:35:21	김현기	항암제랑 스테로이드 캡슐조제로 되어있는지도 확인 부탁드립니다.
8695	리코	2025-12-29 11:35:21	SD동물의료센터 서울점	채팅 운영시간 안내
8695	리코	2025-12-29 11:35:21	SD동물의료센터 서울점	✅ 본 채널에서는 진료 예약과 입원 환자 사진·안내를 받아보실 수 있습니다. (14:00~16:00, 1회)

📌 다만, 진료·증상 상담은 채널에서 진행하지 않으며, 내원 시 의료진과 직접 상담 부탁드립니다.

더 나은 진료 서비스를 위해 최선을 다하겠습니다. 감사합니다.
8695	리코	2025-12-29 13:16:55	SD동물의료센터 서울점	안녕하세요 보호자님 내복약 캡슐로 조제 완료 되어있습니다 감사합니다:)
8695	리코	2025-12-29 13:23:32	SD동물의료센터 서울점	채팅 운영시간 안내
8695	리코	2025-12-29 13:23:32	SD동물의료센터 서울점	✅ 본 채널에서는 진료 예약과 입원 환자 사진·안내를 받아보실 수 있습니다. (14:00~16:00, 1회)

📌 다만, 진료·증상 상담은 채널에서 진행하지 않으며, 내원 시 의료진과 직접 상담 부탁드립니다.

더 나은 진료 서비스를 위해 최선을 다하겠습니다. 감사합니다.
8695	리코	2025-12-29 13:23:32	김현기	네 조금이따 픽업가겠습니다 감사합니다
8695	리코	2025-12-29 17:10:27	김현기	리코 재진날짜 선생님께 확인 후에 알려주시면 감사하겠습니다
8695	리코	2025-12-29 17:10:27	SD동물의료센터 서울점	채팅 운영시간 안내
8695	리코	2025-12-29 17:10:27	SD동물의료센터 서울점	✅ 본 채널에서는 진료 예약과 입원 환자 사진·안내를 받아보실 수 있습니다. (14:00~16:00, 1회)

📌 다만, 진료·증상 상담은 채널에서 진행하지 않으며, 내원 시 의료진과 직접 상담 부탁드립니다.

더 나은 진료 서비스를 위해 최선을 다하겠습니다. 감사합니다.
8695	리코	2026-01-02 18:00:23	김현기	항암제 3, 스테로이드 1, 진정제 1 
캡슐로 조제 부탁드립니다
8695	리코	2026-01-02 18:00:23	SD동물의료센터 서울점	채팅 운영시간 안내
8695	리코	2026-01-02 18:00:23	SD동물의료센터 서울점	✅ 본 채널에서는 진료 예약과 입원 환자 사진·안내를 받아보실 수 있습니다. (14:00~16:00, 1회)

📌 다만, 진료·증상 상담은 채널에서 진행하지 않으며, 내원 시 의료진과 직접 상담 부탁드립니다.

더 나은 진료 서비스를 위해 최선을 다하겠습니다. 감사합니다.
8695	리코	2026-01-03 10:09:24	SD동물의료센터 서울점	보호자님 ~ 오늘 약 몇시쯤 찾으러 오실까요? :)
8695	리코	2026-01-03 10:11:11	김현기	음 제가 어제 일요일 픽업하겠다고 말씀드렸어요
8695	리코	2026-01-03 10:11:11	SD동물의료센터 서울점	채팅 운영시간 안내
8695	리코	2026-01-03 10:11:11	SD동물의료센터 서울점	✅ 본 채널에서는 진료 예약과 입원 환자 사진·안내를 받아보실 수 있습니다. (14:00~16:00, 1회)

📌 다만, 진료·증상 상담은 채널에서 진행하지 않으며, 내원 시 의료진과 직접 상담 부탁드립니다.

더 나은 진료 서비스를 위해 최선을 다하겠습니다. 감사합니다.
8695	리코	2026-01-03 10:28:46	SD동물의료센터 서울점	네 보호자님, 일요일까지 준비해드리도록 하겠습니다. 감사합니다 :)
8695	리코	2026-01-10 18:24:24	김현기	안녕하세요, 리코 사데닌 2알 여분이 있어서
8695	리코	2026-01-10 18:24:25	SD동물의료센터 서울점	채팅 운영시간 안내
8695	리코	2026-01-10 18:24:25	SD동물의료센터 서울점	✅ 본 채널에서는 진료 예약과 입원 환자 사진·안내를 받아보실 수 있습니다. (14:00~16:00, 1회)

📌 다만, 진료·증상 상담은 채널에서 진행하지 않으며, 내원 시 의료진과 직접 상담 부탁드립니다.

더 나은 진료 서비스를 위해 최선을 다하겠습니다. 감사합니다.
8695	리코	2026-01-10 18:24:40	김현기	사데닌은 처방안해주셔도 될 것 같습니다
8695	리코	2026-01-10 18:24:40	SD동물의료센터 서울점	채팅 운영시간 안내
8695	리코	2026-01-10 18:24:40	SD동물의료센터 서울점	✅ 본 채널에서는 진료 예약과 입원 환자 사진·안내를 받아보실 수 있습니다. (14:00~16:00, 1회)

📌 다만, 진료·증상 상담은 채널에서 진행하지 않으며, 내원 시 의료진과 직접 상담 부탁드립니다.

더 나은 진료 서비스를 위해 최선을 다하겠습니다. 감사합니다.
8695	리코	2026-01-10 18:49:50	SD동물의료센터 서울점	네. 확인했습니다. 감사합니다.
8695	리코	2026-01-24 17:48:58	김현기	안녕하세요! 혹시 리코 약 오늘 준비 되어있을까요?
8695	리코	2026-01-24 17:48:58	SD동물의료센터 서울점	채팅 운영시간 안내
8695	리코	2026-01-24 17:48:58	SD동물의료센터 서울점	✅ 본 채널에서는 진료 예약과 입원 환자 사진·안내를 받아보실 수 있습니다. (14:00~16:00, 1회)

📌 다만, 진료·증상 상담은 채널에서 진행하지 않으며, 내원 시 의료진과 직접 상담 부탁드립니다.

더 나은 진료 서비스를 위해 최선을 다하겠습니다. 감사합니다.
8695	리코	2026-01-24 17:49:10	김현기	아주 늦게라도 갈 수도 있을거 같아서요
8695	리코	2026-01-24 17:49:10	SD동물의료센터 서울점	채팅 운영시간 안내
8695	리코	2026-01-24 17:49:10	SD동물의료센터 서울점	✅ 본 채널에서는 진료 예약과 입원 환자 사진·안내를 받아보실 수 있습니다. (14:00~16:00, 1회)

📌 다만, 진료·증상 상담은 채널에서 진행하지 않으며, 내원 시 의료진과 직접 상담 부탁드립니다.

더 나은 진료 서비스를 위해 최선을 다하겠습니다. 감사합니다.
8695	리코	2026-01-24 17:50:46	SD동물의료센터 서울점	네 보호자님 약 준비되어있어 편하신 시간에 내원 부탁드립니다 :)
8695	리코	2026-01-24 17:51:02	김현기	네 확인 감사합니다
8695	리코	2026-01-24 17:51:02	SD동물의료센터 서울점	채팅 운영시간 안내
8695	리코	2026-01-24 17:51:02	SD동물의료센터 서울점	✅ 본 채널에서는 진료 예약과 입원 환자 사진·안내를 받아보실 수 있습니다. (14:00~16:00, 1회)

📌 다만, 진료·증상 상담은 채널에서 진행하지 않으며, 내원 시 의료진과 직접 상담 부탁드립니다.

더 나은 진료 서비스를 위해 최선을 다하겠습니다. 감사합니다.
8695	리코	2026-01-31 00:33:45	김현기	안녕하세요 리코 보호자인데요. 수요일부터 오늘까지 항암 2회 진행하면서 리코가 두 번 다 토했습니다.

항상 습식을 먹이면서 목구멍으로 알약을 넣어줬었는데 지난번 내원이후로 젠토닐도 같이 약먹을때 먹였었고 한동안 잘 먹는거 같더니 이번주에 이러네요 (토색깔은 샛노란색에 사료가  섞여있었습니다)

내일 약 받을 겸 내원하려고 하는데 어떻게 약물 치료 진행할지 유선 상담 또는 상담 가능할지 문의 남겨둡니다.
8695	리코	2026-01-31 00:33:45	SD동물의료센터 서울점	채팅 운영시간 안내
8695	리코	2026-01-31 00:33:45	SD동물의료센터 서울점	✅ 본 채널에서는 진료 예약과 입원 환자 사진·안내를 받아보실 수 있습니다. (14:00~16:00, 1회)

📌 다만, 진료·증상 상담은 채널에서 진행하지 않으며, 내원 시 의료진과 직접 상담 부탁드립니다.

더 나은 진료 서비스를 위해 최선을 다하겠습니다. 감사합니다.
8695	리코	2026-01-31 09:57:51	SD동물의료센터 서울점	보호자님, 오늘은 선생님 진료일이라 내원 또는 유선 상담 가능하고. 내일은 휴진일이라 약 픽업만 가능합니다. 오늘 오셔서 상담할 수 있으시면 예약 도와드리겠습니다. 내원 힘드시면 전화로 연락 드릴 수 있습니다
8695	리코	2026-01-31 10:03:20	김현기	내원하겠습니다! 
8695	리코	2026-01-31 10:03:20	SD동물의료센터 서울점	채팅 운영시간 안내
8695	리코	2026-01-31 10:03:20	SD동물의료센터 서울점	✅ 본 채널에서는 진료 예약과 입원 환자 사진·안내를 받아보실 수 있습니다. (14:00~16:00, 1회)

📌 다만, 진료·증상 상담은 채널에서 진행하지 않으며, 내원 시 의료진과 직접 상담 부탁드립니다.

더 나은 진료 서비스를 위해 최선을 다하겠습니다. 감사합니다.
8695	리코	2026-01-31 10:03:25	김현기	한시정도에 가능할까요?
8695	리코	2026-01-31 10:03:26	SD동물의료센터 서울점	채팅 운영시간 안내
8695	리코	2026-01-31 10:03:26	SD동물의료센터 서울점	✅ 본 채널에서는 진료 예약과 입원 환자 사진·안내를 받아보실 수 있습니다. (14:00~16:00, 1회)

📌 다만, 진료·증상 상담은 채널에서 진행하지 않으며, 내원 시 의료진과 직접 상담 부탁드립니다.

더 나은 진료 서비스를 위해 최선을 다하겠습니다. 감사합니다.
8695	리코	2026-01-31 10:08:02	SD동물의료센터 서울점	보호자님 15:30 내원 가능하실까요?
8695	리코	2026-01-31 10:09:29	김현기	세시 반 밖에 안될까요??
8695	리코	2026-01-31 10:09:29	SD동물의료센터 서울점	채팅 운영시간 안내
8695	리코	2026-01-31 10:09:29	SD동물의료센터 서울점	✅ 본 채널에서는 진료 예약과 입원 환자 사진·안내를 받아보실 수 있습니다. (14:00~16:00, 1회)

📌 다만, 진료·증상 상담은 채널에서 진행하지 않으며, 내원 시 의료진과 직접 상담 부탁드립니다.

더 나은 진료 서비스를 위해 최선을 다하겠습니다. 감사합니다.
8695	리코	2026-01-31 10:10:34	SD동물의료센터 서울점	네 제일 빠른시간이 15:30 입니다
8695	리코	2026-01-31 10:12:54	김현기	아니면 약 픽업은 한시로 하고 유선상담으로 진행 가능할까요?
8695	리코	2026-01-31 10:12:54	SD동물의료센터 서울점	채팅 운영시간 안내
8695	리코	2026-01-31 10:12:54	SD동물의료센터 서울점	✅ 본 채널에서는 진료 예약과 입원 환자 사진·안내를 받아보실 수 있습니다. (14:00~16:00, 1회)

📌 다만, 진료·증상 상담은 채널에서 진행하지 않으며, 내원 시 의료진과 직접 상담 부탁드립니다.

더 나은 진료 서비스를 위해 최선을 다하겠습니다. 감사합니다.
8695	리코	2026-01-31 10:19:55	SD동물의료센터 서울점	네, 오늘 선생님이 전화드리고 내일 약 픽업 1시에 하시는 걸로 전달드리겠습니다. 감사합니다.
8695	리코	2026-01-31 10:20:47	김현기	아니요 약 픽업 오늘 한시로 하겠습니다
8695	리코	2026-01-31 10:20:47	SD동물의료센터 서울점	채팅 운영시간 안내
8695	리코	2026-01-31 10:20:47	SD동물의료센터 서울점	✅ 본 채널에서는 진료 예약과 입원 환자 사진·안내를 받아보실 수 있습니다. (14:00~16:00, 1회)

📌 다만, 진료·증상 상담은 채널에서 진행하지 않으며, 내원 시 의료진과 직접 상담 부탁드립니다.

더 나은 진료 서비스를 위해 최선을 다하겠습니다. 감사합니다.
8695	리코	2026-01-31 10:27:09	SD동물의료센터 서울점	그럼 선생님 전화상담, 약 픽업 오늘로 전달드리겠습니다
8695	리코	2026-01-31 10:29:40	김현기	네 감사합니다
8695	리코	2026-01-31 10:29:40	SD동물의료센터 서울점	채팅 운영시간 안내
8695	리코	2026-01-31 10:29:40	SD동물의료센터 서울점	✅ 본 채널에서는 진료 예약과 입원 환자 사진·안내를 받아보실 수 있습니다. (14:00~16:00, 1회)

📌 다만, 진료·증상 상담은 채널에서 진행하지 않으며, 내원 시 의료진과 직접 상담 부탁드립니다.

더 나은 진료 서비스를 위해 최선을 다하겠습니다. 감사합니다.
8695	리코	2026-02-01 21:19:35	김현기	안녕하세요, 항구토제 처방 이후 주말간 젠토닐만 복용했는데 금일 저녁에 리코가 또 토했습니다. 토 안에는 젠토닐이 그대로 있었구요. 젠토닐 복용 중단이 필요할지 상담이 필요할것 같습니다. 내일 선생님께 내용 전달해주시고 연락부탁드립니다.
8695	리코	2026-02-01 21:19:35	SD동물의료센터 서울점	채팅 운영시간 안내
8695	리코	2026-02-01 21:19:35	SD동물의료센터 서울점	✅ 본 채널에서는 진료 예약과 입원 환자 사진·안내를 받아보실 수 있습니다. (14:00~16:00, 1회)

📌 다만, 진료·증상 상담은 채널에서 진행하지 않으며, 내원 시 의료진과 직접 상담 부탁드립니다.

더 나은 진료 서비스를 위해 최선을 다하겠습니다. 감사합니다.
8695	리코	2026-02-02 10:05:06	SD동물의료센터 서울점	네 보호자님 주치의선생님께 전달드리겠습니다 금일 예약된 진료로 인해 빠른 연락이 어려울 수 있는 점 양해부탁드립니다 :)
8695	리코	2026-02-02 10:44:15	김현기	네네 저녁 8시 정도에 항암 예정이라 그 전까지는 연락주시면 좋을것 같습니다
8695	리코	2026-02-02 10:44:15	SD동물의료센터 서울점	채팅 운영시간 안내
8695	리코	2026-02-02 10:44:15	SD동물의료센터 서울점	✅ 본 채널에서는 진료 예약과 입원 환자 사진·안내를 받아보실 수 있습니다. (14:00~16:00, 1회)

📌 다만, 진료·증상 상담은 채널에서 진행하지 않으며, 내원 시 의료진과 직접 상담 부탁드립니다.

더 나은 진료 서비스를 위해 최선을 다하겠습니다. 감사합니다.
8695	리코	2026-02-07 13:19:40	김현기	안녕하세요, 오늘 리코 항구토제 없이 처방해주셔도 될 것 같은데 선생님께 문의드리고 알려주세요
8695	리코	2026-02-07 13:19:40	SD동물의료센터 서울점	채팅 운영시간 안내
8695	리코	2026-02-07 13:19:40	SD동물의료센터 서울점	✅ 본 채널에서는 진료 예약과 입원 환자 사진·안내를 받아보실 수 있습니다. (14:00~16:00, 1회)

📌 다만, 진료·증상 상담은 채널에서 진행하지 않으며, 내원 시 의료진과 직접 상담 부탁드립니다.

더 나은 진료 서비스를 위해 최선을 다하겠습니다. 감사합니다.
8695	리코	2026-02-07 13:19:59	김현기	약은 오늘 저녁 늦게 픽업하러 갈 것 같습니다
8695	리코	2026-02-07 13:19:59	SD동물의료센터 서울점	채팅 운영시간 안내
8695	리코	2026-02-07 13:19:59	SD동물의료센터 서울점	✅ 본 채널에서는 진료 예약과 입원 환자 사진·안내를 받아보실 수 있습니다. (14:00~16:00, 1회)

📌 다만, 진료·증상 상담은 채널에서 진행하지 않으며, 내원 시 의료진과 직접 상담 부탁드립니다.

더 나은 진료 서비스를 위해 최선을 다하겠습니다. 감사합니다.
8695	리코	2026-02-07 13:58:20	SD동물의료센터 서울점	안녕하세요 보호자님, 선생님께 내용 전달드리겠습니다 :)
8695	리코	2026-02-13 11:10:51	김현기	안녕하세요! 혹시 리코 약 오늘 픽업가능하게 준비해주실수 있나요?
8695	리코	2026-02-13 11:10:51	SD동물의료센터 서울점	채팅 운영시간 안내
8695	리코	2026-02-13 11:10:51	SD동물의료센터 서울점	✅ 본 채널에서는 진료 예약과 입원 환자 사진·안내를 받아보실 수 있습니다. (14:00~16:00, 1회)

📌 다만, 진료·증상 상담은 채널에서 진행하지 않으며, 내원 시 의료진과 직접 상담 부탁드립니다.

더 나은 진료 서비스를 위해 최선을 다하겠습니다. 감사합니다.
8695	리코	2026-02-13 11:11:03	김현기	퇴근하면서 챙겨가려고 합니다
8695	리코	2026-02-13 11:11:03	SD동물의료센터 서울점	채팅 운영시간 안내
8695	리코	2026-02-13 11:11:03	SD동물의료센터 서울점	✅ 본 채널에서는 진료 예약과 입원 환자 사진·안내를 받아보실 수 있습니다. (14:00~16:00, 1회)

📌 다만, 진료·증상 상담은 채널에서 진행하지 않으며, 내원 시 의료진과 직접 상담 부탁드립니다.

더 나은 진료 서비스를 위해 최선을 다하겠습니다. 감사합니다.
8695	리코	2026-02-13 11:20:44	SD동물의료센터 서울점	안녕하세요 보호자님 주치의선생님 금일 오후 출근이셔서 확인후 답변드리겠습니다
8695	리코	2026-02-13 12:26:56	SD동물의료센터 서울점	보호자님. 리코 약 금일 저녁 픽업 가능합니다. 전달사항 따로 없으시면 기존대로 약 조제하면 될까요?
8695	리코	2026-02-13 13:24:28	SD동물의료센터 서울점	✅ 본 채널에서는 진료 예약과 입원 환자 사진·안내를 받아보실 수 있습니다. (14:00~16:00, 1회)

📌 다만, 진료·증상 상담은 채널에서 진행하지 않으며, 내원 시 의료진과 직접 상담 부탁드립니다.

더 나은 진료 서비스를 위해 최선을 다하겠습니다. 감사합니다.
8695	리코	2026-02-13 13:24:28	김현기	네 없었는데 한 번 확인만 해주세요
8695	리코	2026-02-13 13:24:28	SD동물의료센터 서울점	채팅 운영시간 안내
8695	리코	2026-03-14 18:20:15	SD동물의료센터 서울점	안녕하세요 보호자님, 리코 약 나와있어서 연락 드립니다. 편하실때 구매하러 오시면 됩니다. 감사합니다.
8695	리코	2026-03-14 18:23:53	김현기	내 조금 이따 픽업하러 가겠습니다
8695	리코	2026-03-14 18:23:53	SD동물의료센터 서울점	채팅 운영시간 안내
8695	리코	2026-03-14 18:23:53	SD동물의료센터 서울점	✅ 본 채널에서는 진료 예약과 입원 환자 사진·안내를 받아보실 수 있습니다. (14:00~16:00, 1회)

📌 다만, 진료·증상 상담은 채널에서 진행하지 않으며, 내원 시 의료진과 직접 상담 부탁드립니다.

더 나은 진료 서비스를 위해 최선을 다하겠습니다. 감사합니다.
8695	리코	2026-03-20 15:01:39	김현기	안녕하세요 내일 리코 재진 시간 몇시일까요?
8695	리코	2026-03-20 15:01:39	SD동물의료센터 서울점	채팅 운영시간 안내
8695	리코	2026-03-20 15:01:39	SD동물의료센터 서울점	✅ 본 채널에서는 진료 예약과 입원 환자 사진·안내를 받아보실 수 있습니다. (14:00~16:00, 1회)

📌 다만, 진료·증상 상담은 채널에서 진행하지 않으며, 내원 시 의료진과 직접 상담 부탁드립니다.

더 나은 진료 서비스를 위해 최선을 다하겠습니다. 감사합니다.
8695	리코	2026-03-20 15:04:19	SD동물의료센터 서울점	안녕하세요 보호자님 리코 재진일은 3/21 (토) 11시 입니다
8695	리코	2026-03-20 15:11:43	김현기	네 확인감사합니다
8695	리코	2026-03-20 15:11:43	SD동물의료센터 서울점	채팅 운영시간 안내
8695	리코	2026-03-20 15:11:43	SD동물의료센터 서울점	✅ 본 채널에서는 진료 예약과 입원 환자 사진·안내를 받아보실 수 있습니다. (14:00~16:00, 1회)

📌 다만, 진료·증상 상담은 채널에서 진행하지 않으며, 내원 시 의료진과 직접 상담 부탁드립니다.

더 나은 진료 서비스를 위해 최선을 다하겠습니다. 감사합니다.
8695	리코	2026-04-12 00:24:14	김현기	저 도저히 시간이 너무 안맞아서 갑니다
8695	리코	2026-04-12 00:24:14	SD동물의료센터 서울점	채팅 운영시간 안내
8695	리코	2026-04-12 00:24:14	SD동물의료센터 서울점	✅ 본 채널에서는 진료 예약과 입원 환자 사진·안내를 받아보실 수 있습니다. (14:00~16:00, 1회)

📌 다만, 진료·증상 상담은 채널에서 진행하지 않으며, 내원 시 의료진과 직접 상담 부탁드립니다.

더 나은 진료 서비스를 위해 최선을 다하겠습니다. 감사합니다.
8695	리코	2026-04-12 00:24:39	김현기	내일 약 찾으러 갈테니 똑바로 지어놓으시길 부탁드립니다
8695	리코	2026-04-12 00:24:39	SD동물의료센터 서울점	채팅 운영시간 안내
8695	리코	2026-04-12 00:24:39	SD동물의료센터 서울점	✅ 본 채널에서는 진료 예약과 입원 환자 사진·안내를 받아보실 수 있습니다. (14:00~16:00, 1회)

📌 다만, 진료·증상 상담은 채널에서 진행하지 않으며, 내원 시 의료진과 직접 상담 부탁드립니다.

더 나은 진료 서비스를 위해 최선을 다하겠습니다. 감사합니다.
8695	리코	2026-04-12 00:25:24	SD동물의료센터 서울점	✅ 본 채널에서는 진료 예약과 입원 환자 사진·안내를 받아보실 수 있습니다. (14:00~16:00, 1회)

📌 다만, 진료·증상 상담은 채널에서 진행하지 않으며, 내원 시 의료진과 직접 상담 부탁드립니다.

더 나은 진료 서비스를 위해 최선을 다하겠습니다. 감사합니다.
8695	리코	2026-04-12 00:25:24	김현기	다음부터는 이렇게 누락되는일 없으면 좋겠습니다
8695	리코	2026-04-12 00:25:24	SD동물의료센터 서울점	채팅 운영시간 안내
8695	리코	2026-04-12 00:32:39	김현기	리코 보통 약 타는 타는게 토요일인데 주치의선생님 연차로 약 누락되는게 이해가 안되고 늦읔시간에 급하게 제조하는게 신뢰가 가지 않습니다
8695	리코	2026-04-12 00:32:39	SD동물의료센터 서울점	채팅 운영시간 안내
8695	리코	2026-04-12 00:32:39	SD동물의료센터 서울점	✅ 본 채널에서는 진료 예약과 입원 환자 사진·안내를 받아보실 수 있습니다. (14:00~16:00, 1회)

📌 다만, 진료·증상 상담은 채널에서 진행하지 않으며, 내원 시 의료진과 직접 상담 부탁드립니다.

더 나은 진료 서비스를 위해 최선을 다하겠습니다. 감사합니다.
8695	리코	2026-04-12 00:33:34	김현기	내일 찾으러 갈테니 새로 제조 부탁드립니다
8695	리코	2026-04-12 00:33:34	SD동물의료센터 서울점	채팅 운영시간 안내
8695	리코	2026-04-12 00:33:34	SD동물의료센터 서울점	✅ 본 채널에서는 진료 예약과 입원 환자 사진·안내를 받아보실 수 있습니다. (14:00~16:00, 1회)

📌 다만, 진료·증상 상담은 채널에서 진행하지 않으며, 내원 시 의료진과 직접 상담 부탁드립니다.

더 나은 진료 서비스를 위해 최선을 다하겠습니다. 감사합니다.
8695	리코	2026-04-12 01:53:43	김현기	오시는길 안내
8695	리코	2026-04-12 01:53:43	SD동물의료센터 서울점(메뉴)	SD동물의료센터 서울점 
오시는 길 안내드립니다.

◼︎ 주소 
서울특별시 중구 왕십리로 407,
신당파인힐하나유보라 상가 2층

🚗 자동차 이용시, 신당파인힐하나유보라’ 상가 주차장을 이용해주세요. (무료주차 가능합니다.)

🚊 지하철 이용시, 2호선 상왕십리역 6번 출구와 신당역 3번 출구 사이에 위치하고 있습니다.

문의사항은 본원 대표전화(02-2039-0303)로 연락부탁드립니다.
8695	리코	2026-04-12 09:01:26	SD동물의료센터 서울점	보호자님 안녕하세요. 주치의 선생님 확인 하에 새로 조제 하여 준비해 두겠습니다. 불편을 끼쳐드려 죄송합니다. 앞으로 더욱 신경 쓰고 확인하겠습니다.
8695	리코	2026-04-12 09:23:21	SD동물의료센터 서울점	보호자님이 괜찮으시면 저희가 퀵으로 보내드리는 것도 가능합니다. 플친 확인하시고 전화나 플친 답변 주시면 안내 도와드리겠습니다. 번거롭게 해드려 죄송합니다.
8695	리코	2026-04-12 13:05:02	김현기	퀵으로 보내주시면 결제링크를 따로 주시나요? 
8695	리코	2026-04-12 13:05:02	SD동물의료센터 서울점	채팅 운영시간 안내
8695	리코	2026-04-12 13:05:02	SD동물의료센터 서울점	✅ 본 채널에서는 진료 예약과 입원 환자 사진·안내를 받아보실 수 있습니다. (14:00~16:00, 1회)

📌 다만, 진료·증상 상담은 채널에서 진행하지 않으며, 내원 시 의료진과 직접 상담 부탁드립니다.

더 나은 진료 서비스를 위해 최선을 다하겠습니다. 감사합니다.
8695	리코	2026-04-12 13:28:17	SD동물의료센터 서울점	보호자님. 양해해 주셔서 감사합니다. 연락주시면 퀵 보내드리도록 하겠습니다. 감사합니다.
8695	리코	2026-04-12 19:50:19	김현기	리코 약 퀵 부탁드립니다
8695	리코	2026-04-12 19:50:19	SD동물의료센터 서울점	채팅 운영시간 안내
8695	리코	2026-04-12 19:50:19	SD동물의료센터 서울점	✅ 본 채널에서는 진료 예약과 입원 환자 사진·안내를 받아보실 수 있습니다. (14:00~16:00, 1회)

📌 다만, 진료·증상 상담은 채널에서 진행하지 않으며, 내원 시 의료진과 직접 상담 부탁드립니다.

더 나은 진료 서비스를 위해 최선을 다하겠습니다. 감사합니다.
8695	리코	2026-04-12 20:00:08	SD동물의료센터 서울점	안녕하세요 보호자님, 퀵 방금 접수했습니다. 퀵기사님 약 픽업해가시는데로 연락 드리겠습니다. 감사합니다.
8695	리코	2026-04-12 20:00:59	SD동물의료센터 서울점	채팅 운영시간 안내
8695	리코	2026-04-12 20:00:59	SD동물의료센터 서울점	✅ 본 채널에서는 진료 예약과 입원 환자 사진·안내를 받아보실 수 있습니다. (14:00~16:00, 1회)

📌 다만, 진료·증상 상담은 채널에서 진행하지 않으며, 내원 시 의료진과 직접 상담 부탁드립니다.

더 나은 진료 서비스를 위해 최선을 다하겠습니다. 감사합니다.
8695	리코	2026-04-12 20:00:59	김현기	네 감사합니다
8695	리코	2026-04-12 20:04:17	SD동물의료센터 서울점	주소 다시한번 확인드립니다. 
중랑구 봉우재로 49길 18 (어반카운티)
703호 맞으실까요? :)
8695	리코	2026-04-12 20:06:05	김현기	네 맞습니다
8695	리코	2026-04-12 20:06:05	SD동물의료센터 서울점	채팅 운영시간 안내
8695	리코	2026-04-12 20:06:05	SD동물의료센터 서울점	✅ 본 채널에서는 진료 예약과 입원 환자 사진·안내를 받아보실 수 있습니다. (14:00~16:00, 1회)

📌 다만, 진료·증상 상담은 채널에서 진행하지 않으며, 내원 시 의료진과 직접 상담 부탁드립니다.

더 나은 진료 서비스를 위해 최선을 다하겠습니다. 감사합니다.
8695	리코	2026-04-12 20:06:37	SD동물의료센터 서울점	네 확인 감사합니다 :)
8695	리코	2026-04-12 20:16:58	SD동물의료센터 서울점	보호자님, 방금 퀵 기사님 약 픽업해가셨습니다. 감사합니다 !
8695	리코	2026-04-12 20:17:19	김현기	네 감사합니다
8695	리코	2026-04-12 20:17:19	SD동물의료센터 서울점	채팅 운영시간 안내
8695	리코	2026-04-12 20:17:19	SD동물의료센터 서울점	✅ 본 채널에서는 진료 예약과 입원 환자 사진·안내를 받아보실 수 있습니다. (14:00~16:00, 1회)

📌 다만, 진료·증상 상담은 채널에서 진행하지 않으며, 내원 시 의료진과 직접 상담 부탁드립니다.

더 나은 진료 서비스를 위해 최선을 다하겠습니다. 감사합니다.
8695	리코	2026-05-09 21:24:20	김현기	리코 약 픽업 한시간 이내로 가겠습니다!
8695	리코	2026-05-09 21:24:20	SD동물의료센터 서울점	채팅 운영시간 안내
8695	리코	2026-05-09 21:24:20	SD동물의료센터 서울점	✅ 본 채널에서는 진료 예약과 입원 환자 사진·안내를 받아보실 수 있습니다. (14:00~16:00, 1회)

📌 다만, 진료·증상 상담은 채널에서 진행하지 않으며, 내원 시 의료진과 직접 상담 부탁드립니다.

더 나은 진료 서비스를 위해 최선을 다하겠습니다. 감사합니다.
8695	리코	2026-05-09 21:43:09	SD동물의료센터 서울점	네 보호자님 내원하셨을 때는 야간응대 시간일 수 있어 빠른 응대가 어려운 점 양해부탁드립니다
8695	리코	2026-05-15 10:10:17	김현기	안녕하세요, 최근에 리코 턱 아래쪽으로 3mm정도 크기로 동그랗게 뭐가 만져지는데.. 검사가 필요할지 문의드립니다. 피부 밖으로 보이지는 않습니다.
8695	리코	2026-05-15 10:10:17	SD동물의료센터 서울점	채팅 운영시간 안내
8695	리코	2026-05-15 10:10:17	SD동물의료센터 서울점	✅ 본 채널에서는 진료 예약과 입원 환자 사진·안내를 받아보실 수 있습니다. (14:00~16:00, 1회)

📌 다만, 진료·증상 상담은 채널에서 진행하지 않으며, 내원 시 의료진과 직접 상담 부탁드립니다.

더 나은 진료 서비스를 위해 최선을 다하겠습니다. 감사합니다.
8695	리코	2026-05-15 10:16:20	SD동물의료센터 서울점	안녕하세요 보호자님 주치의선생님께 진료 받아보시는 것이 좋을 것 같습니다 금일 14:30 내원 가능하실까요?
8695	리코	2026-05-15 10:17:22	SD동물의료센터 서울점	채팅 운영시간 안내
8695	리코	2026-05-15 10:17:22	SD동물의료센터 서울점	✅ 본 채널에서는 진료 예약과 입원 환자 사진·안내를 받아보실 수 있습니다. (14:00~16:00, 1회)

📌 다만, 진료·증상 상담은 채널에서 진행하지 않으며, 내원 시 의료진과 직접 상담 부탁드립니다.

더 나은 진료 서비스를 위해 최선을 다하겠습니다. 감사합니다.
8695	리코	2026-05-15 10:17:22	김현기	금일은 어렵습니다 ㅠ 차주 중에 일정잡을 수 있을까요. 토요일이 제일 좋긴 합니다
8695	리코	2026-05-15 10:22:59	SD동물의료센터 서울점	네, 5/23 토 내원가능하신 것 맞으실까요?
8695	리코	2026-05-15 10:24:18	김현기	네네
8695	리코	2026-05-15 10:24:18	SD동물의료센터 서울점	채팅 운영시간 안내
8695	리코	2026-05-15 10:24:18	SD동물의료센터 서울점	✅ 본 채널에서는 진료 예약과 입원 환자 사진·안내를 받아보실 수 있습니다. (14:00~16:00, 1회)

📌 다만, 진료·증상 상담은 채널에서 진행하지 않으며, 내원 시 의료진과 직접 상담 부탁드립니다.

더 나은 진료 서비스를 위해 최선을 다하겠습니다. 감사합니다.
8695	리코	2026-05-15 10:26:09	SD동물의료센터 서울점	5/23 토 10시, 14:30, 17:30 진료 가능합니다 :)
8695	리코	2026-05-15 10:26:35	김현기	10시로 부탁드립니다
8695	리코	2026-05-15 10:26:35	SD동물의료센터 서울점	채팅 운영시간 안내
8695	리코	2026-05-15 10:26:35	SD동물의료센터 서울점	✅ 본 채널에서는 진료 예약과 입원 환자 사진·안내를 받아보실 수 있습니다. (14:00~16:00, 1회)

📌 다만, 진료·증상 상담은 채널에서 진행하지 않으며, 내원 시 의료진과 직접 상담 부탁드립니다.

더 나은 진료 서비스를 위해 최선을 다하겠습니다. 감사합니다.
8695	리코	2026-05-15 10:33:05	SD동물의료센터 서울점	네 보호자님 5/23 토 10시에 뵙겠습니다 :)
8695	리코	2026-05-15 11:31:38	김현기	네 그리고 혹시 리코 약 결제할때 롯데카드 앱으로나 네이버페이로도 결제 가능할까요? 빠르면 오늘 저녁 늦게 갈거 같은데 동물병원 카드를 두고와서요
8695	리코	2026-05-15 11:31:38	SD동물의료센터 서울점	채팅 운영시간 안내
8695	리코	2026-05-15 11:31:38	SD동물의료센터 서울점	✅ 본 채널에서는 진료 예약과 입원 환자 사진·안내를 받아보실 수 있습니다. (14:00~16:00, 1회)

📌 다만, 진료·증상 상담은 채널에서 진행하지 않으며, 내원 시 의료진과 직접 상담 부탁드립니다.

더 나은 진료 서비스를 위해 최선을 다하겠습니다. 감사합니다.
8695	리코	2026-05-15 11:37:38	SD동물의료센터 서울점	네 보호자님 앱카드 결제나 네이버페이 어플 결제 가능합니다. 항암제 금일 저녁 픽업 가능하신 걸까요?
8695	리코	2026-05-15 11:38:23	김현기	네 오늘 저녁 늦게도 방문가능할거 같아서 약 조제 부탁드립니다.
8695	리코	2026-05-15 11:38:23	SD동물의료센터 서울점	채팅 운영시간 안내
8695	리코	2026-05-15 11:38:23	SD동물의료센터 서울점	✅ 본 채널에서는 진료 예약과 입원 환자 사진·안내를 받아보실 수 있습니다. (14:00~16:00, 1회)

📌 다만, 진료·증상 상담은 채널에서 진행하지 않으며, 내원 시 의료진과 직접 상담 부탁드립니다.

더 나은 진료 서비스를 위해 최선을 다하겠습니다. 감사합니다.
8695	리코	2026-05-15 11:38:36	SD동물의료센터 서울점	✅ 본 채널에서는 진료 예약과 입원 환자 사진·안내를 받아보실 수 있습니다. (14:00~16:00, 1회)

📌 다만, 진료·증상 상담은 채널에서 진행하지 않으며, 내원 시 의료진과 직접 상담 부탁드립니다.

더 나은 진료 서비스를 위해 최선을 다하겠습니다. 감사합니다.
8695	리코	2026-05-15 11:38:36	김현기	아 그리고 리코 지난 검진일이 몇일이었나요??
8695	리코	2026-05-15 11:38:36	SD동물의료센터 서울점	채팅 운영시간 안내
8695	리코	2026-05-15 11:40:36	SD동물의료센터 서울점	네 주치의선생님께 내복약 조제 전달드리겠습니다
마지막 진료는 2026.03.21 토 진료 입니다
8695	리코	2026-05-15 11:41:18	김현기	네 확인감사합니다
8695	리코	2026-05-15 11:41:18	SD동물의료센터 서울점	채팅 운영시간 안내
8695	리코	2026-05-15 11:41:18	SD동물의료센터 서울점	✅ 본 채널에서는 진료 예약과 입원 환자 사진·안내를 받아보실 수 있습니다. (14:00~16:00, 1회)

📌 다만, 진료·증상 상담은 채널에서 진행하지 않으며, 내원 시 의료진과 직접 상담 부탁드립니다.

더 나은 진료 서비스를 위해 최선을 다하겠습니다. 감사합니다.
8695	리코	2026-05-15 20:42:38	김현기	오늘 시간이 안될거 같아서 리코 약 일요일에 픽업하겠습니다
8695	리코	2026-05-15 20:42:38	SD동물의료센터 서울점	채팅 운영시간 안내
8695	리코	2026-05-15 20:42:38	SD동물의료센터 서울점	✅ 본 채널에서는 진료 예약과 입원 환자 사진·안내를 받아보실 수 있습니다. (14:00~16:00, 1회)

📌 다만, 진료·증상 상담은 채널에서 진행하지 않으며, 내원 시 의료진과 직접 상담 부탁드립니다.

더 나은 진료 서비스를 위해 최선을 다하겠습니다. 감사합니다.
8695	리코	2026-05-15 20:47:17	SD동물의료센터 서울점	네 보호자님 확인 감사합니다^^
8695	리코	2026-05-29 17:21:24	김현기	안녕하세요, 리코 간보호제 처방주신거 아직까지 토하지 않고 잘 먹고 있긴 합니다. 차주에는 주 3회로 먹을지 아니면 주치의선생님께서 말씀하신대로 매일 먹을지 확인해서 약 제조 부탁드립니다
8695	리코	2026-05-29 17:21:24	SD동물의료센터 서울점	채팅 운영시간 안내
8695	리코	2026-05-29 17:21:24	SD동물의료센터 서울점	✅ 본 채널에서는 진료 예약과 입원 환자 사진·안내를 받아보실 수 있습니다. (14:00~16:00, 1회)

📌 다만, 진료·증상 상담은 채널에서 진행하지 않으며, 내원 시 의료진과 직접 상담 부탁드립니다.

더 나은 진료 서비스를 위해 최선을 다하겠습니다. 감사합니다.
8695	리코	2026-05-29 17:21:49	김현기	빠르면 오늘 퇴근길에 약 픽업할수 있을것 같습니다
8695	리코	2026-05-29 17:21:49	SD동물의료센터 서울점	채팅 운영시간 안내
8695	리코	2026-05-29 17:21:50	SD동물의료센터 서울점	✅ 본 채널에서는 진료 예약과 입원 환자 사진·안내를 받아보실 수 있습니다. (14:00~16:00, 1회)

📌 다만, 진료·증상 상담은 채널에서 진행하지 않으며, 내원 시 의료진과 직접 상담 부탁드립니다.

더 나은 진료 서비스를 위해 최선을 다하겠습니다. 감사합니다.
8695	리코	2026-05-29 17:35:48	SD동물의료센터 서울점	안녕하세요 리코보호자님
주치의선생님께 내용 전달드렸습니다
감사합니다!
8695	리코	2026-05-29 17:37:20	김현기	6시전까지 답변 받고 약을 6시 25분에 픽업이 가능할까요?
8695	리코	2026-05-29 17:37:20	SD동물의료센터 서울점	채팅 운영시간 안내
8695	리코	2026-05-29 17:37:20	SD동물의료센터 서울점	✅ 본 채널에서는 진료 예약과 입원 환자 사진·안내를 받아보실 수 있습니다. (14:00~16:00, 1회)

📌 다만, 진료·증상 상담은 채널에서 진행하지 않으며, 내원 시 의료진과 직접 상담 부탁드립니다.

더 나은 진료 서비스를 위해 최선을 다하겠습니다. 감사합니다.
8695	리코	2026-05-29 17:37:57	SD동물의료센터 서울점	채팅 운영시간 안내
8695	리코	2026-05-29 17:37:57	SD동물의료센터 서울점	✅ 본 채널에서는 진료 예약과 입원 환자 사진·안내를 받아보실 수 있습니다. (14:00~16:00, 1회)

📌 다만, 진료·증상 상담은 채널에서 진행하지 않으며, 내원 시 의료진과 직접 상담 부탁드립니다.

더 나은 진료 서비스를 위해 최선을 다하겠습니다. 감사합니다.
8695	리코	2026-05-29 17:37:57	김현기	시간이 빠듯할거 같으면 알려주세요!
8695	리코	2026-05-29 17:46:19	김현기	리코 약은 내일 픽업으로 하겠습니다!
8695	리코	2026-05-29 17:46:19	SD동물의료센터 서울점	채팅 운영시간 안내
8695	리코	2026-05-29 17:46:19	SD동물의료센터 서울점	✅ 본 채널에서는 진료 예약과 입원 환자 사진·안내를 받아보실 수 있습니다. (14:00~16:00, 1회)

📌 다만, 진료·증상 상담은 채널에서 진행하지 않으며, 내원 시 의료진과 직접 상담 부탁드립니다.

더 나은 진료 서비스를 위해 최선을 다하겠습니다. 감사합니다.
8695	리코	2026-05-29 17:48:20	SD동물의료센터 서울점	네 내일 수령하시는 것으로 알고 있겠습니다
감사합니다!
8695	리코	2026-06-03 14:04:00	김현기	안녕하세요, 주치의 선생님께 리코 심장사상충 목에 바르는 역으로 넥스가드 콤보나 셀렉션 괜찮을지 물어봐주실 수 있을까요? 애기때 애드보킷은 목에 털빠짐 부작용 있었던거는 말씀드렸었습니다
8695	리코	2026-06-03 14:04:00	SD동물의료센터 서울점	채팅 운영시간 안내
8695	리코	2026-06-03 14:04:00	SD동물의료센터 서울점	✅ 본 채널에서는 진료 예약과 입원 환자 사진·안내를 받아보실 수 있습니다. (14:00~16:00, 1회)

📌 다만, 진료·증상 상담은 채널에서 진행하지 않으며, 내원 시 의료진과 직접 상담 부탁드립니다.

더 나은 진료 서비스를 위해 최선을 다하겠습니다. 감사합니다.
8695	리코	2026-06-03 14:06:35	SD동물의료센터 서울점	안녕하세요 보호자님, 확인 후 연락 드리겠습니다 :)
8695	리코	2026-06-03 19:25:08	SD동물의료센터 서울점	보호자님, 선생님께 확인해 드렸고 둘다 진행하는 것 관련해서는 현재 복용중인 항암 약물과 무관해서 둘중 하나로 진행가능하다고 하셨고, 다만 기존 애드보킷에 과민반응으로 털빠짐이 있던 환자는 다른 바르는 제재에도 털빠짐이나 발적, 과민반응등이 나타날 수도 있어 적용 후 부작용 모니터링은 필요하다고 하셨습니다.
8695	리코	2026-06-03 19:29:36	김현기	네 확인감사합니다!
8695	리코	2026-06-03 19:29:36	SD동물의료센터 서울점	채팅 운영시간 안내
8695	리코	2026-06-03 19:29:36	SD동물의료센터 서울점	✅ 본 채널에서는 진료 예약과 입원 환자 사진·안내를 받아보실 수 있습니다. (14:00~16:00, 1회)

📌 다만, 진료·증상 상담은 채널에서 진행하지 않으며, 내원 시 의료진과 직접 상담 부탁드립니다.

더 나은 진료 서비스를 위해 최선을 다하겠습니다. 감사합니다.
8695	리코	2026-06-05 13:37:09	김현기	안녕하세요
8695	리코	2026-06-05 13:37:09	SD동물의료센터 서울점	채팅 운영시간 안내
8695	리코	2026-06-05 13:37:09	SD동물의료센터 서울점	✅ 본 채널에서는 진료 예약과 입원 환자 사진·안내를 받아보실 수 있습니다. (14:00~16:00, 1회)

📌 다만, 진료·증상 상담은 채널에서 진행하지 않으며, 내원 시 의료진과 직접 상담 부탁드립니다.

더 나은 진료 서비스를 위해 최선을 다하겠습니다. 감사합니다.
8695	리코	2026-06-05 13:37:23	김현기	리코 약 오늘 픽업할 수 있을까요
8695	리코	2026-06-05 13:37:23	SD동물의료센터 서울점	채팅 운영시간 안내
8695	리코	2026-06-05 13:37:23	SD동물의료센터 서울점	✅ 본 채널에서는 진료 예약과 입원 환자 사진·안내를 받아보실 수 있습니다. (14:00~16:00, 1회)

📌 다만, 진료·증상 상담은 채널에서 진행하지 않으며, 내원 시 의료진과 직접 상담 부탁드립니다.

더 나은 진료 서비스를 위해 최선을 다하겠습니다. 감사합니다.
8695	리코	2026-06-05 13:43:56	SD동물의료센터 서울점	안녕하세요 보호자님.
동일약 조제 도와드리면 될까요?
8695	리코	2026-06-05 13:44:06	김현기	네네 맞습니다
8695	리코	2026-06-05 13:44:06	SD동물의료센터 서울점	채팅 운영시간 안내
8695	리코	2026-06-05 13:44:06	SD동물의료센터 서울점	✅ 본 채널에서는 진료 예약과 입원 환자 사진·안내를 받아보실 수 있습니다. (14:00~16:00, 1회)

📌 다만, 진료·증상 상담은 채널에서 진행하지 않으며, 내원 시 의료진과 직접 상담 부탁드립니다.

더 나은 진료 서비스를 위해 최선을 다하겠습니다. 감사합니다.
8695	리코	2026-06-05 13:44:53	SD동물의료센터 서울점	픽업은 몇시쯤 가능하실까요? 오늘 주치의선생님 기존 예약일정으로 오후 늦게 픽업 가능할 것 같습니다. :)
8695	리코	2026-06-05 13:45:04	SD동물의료센터 서울점	아니면 조제되는대로 연락 드릴까요?
8695	리코	2026-06-05 13:45:25	김현기	다섯시 이후 픽업가려고 하는데 괜찮을까요?
8695	리코	2026-06-05 13:45:25	SD동물의료센터 서울점	채팅 운영시간 안내
8695	리코	2026-06-05 13:45:25	SD동물의료센터 서울점	✅ 본 채널에서는 진료 예약과 입원 환자 사진·안내를 받아보실 수 있습니다. (14:00~16:00, 1회)

📌 다만, 진료·증상 상담은 채널에서 진행하지 않으며, 내원 시 의료진과 직접 상담 부탁드립니다.

더 나은 진료 서비스를 위해 최선을 다하겠습니다. 감사합니다.
8695	리코	2026-06-05 13:46:44	SD동물의료센터 서울점	다섯시 이후 픽업예정으로 전달 드리겠습니다. :)
8695	리코	2026-06-05 13:47:00	SD동물의료센터 서울점	아이 체중변화나 특이사항은 없을까요?
8695	리코	2026-06-05 13:53:22	김현기	네네 음, 한가지 문의사항이 있는데요. 제가 다음주 한 주동안 해외에 있어서 지인이 리코를 돌봐주게 되는데 혹 약을 못먹이게 될 경우가 생겨도 괜찮을까요..? 지인이 연습은 해봤는데 제가 옆에 있었어서 괜찮았을수도 있었던거라 혹 리코가 거부를 할 경우 약 복용에 공백이 생겨도 괜찮나요??
8695	리코	2026-06-05 13:53:22	SD동물의료센터 서울점	채팅 운영시간 안내
8695	리코	2026-06-05 13:53:22	SD동물의료센터 서울점	✅ 본 채널에서는 진료 예약과 입원 환자 사진·안내를 받아보실 수 있습니다. (14:00~16:00, 1회)

📌 다만, 진료·증상 상담은 채널에서 진행하지 않으며, 내원 시 의료진과 직접 상담 부탁드립니다.

더 나은 진료 서비스를 위해 최선을 다하겠습니다. 감사합니다.
8695	리코	2026-06-05 13:54:47	SD동물의료센터 서울점	해당 문의사항은 주치의선생님 확인 후 답변 드리도록 하겠습니다. :)
8695	리코	2026-06-05 13:55:14	김현기	네 감사합니다
8695	리코	2026-06-05 13:55:14	SD동물의료센터 서울점	채팅 운영시간 안내
8695	리코	2026-06-05 13:55:14	SD동물의료센터 서울점	✅ 본 채널에서는 진료 예약과 입원 환자 사진·안내를 받아보실 수 있습니다. (14:00~16:00, 1회)

📌 다만, 진료·증상 상담은 채널에서 진행하지 않으며, 내원 시 의료진과 직접 상담 부탁드립니다.

더 나은 진료 서비스를 위해 최선을 다하겠습니다. 감사합니다.
8695	리코	2026-06-05 14:01:15	SD동물의료센터 서울점	가능하시다면 공백이 없는게 좋다고 말씀해주셨고,
특히 여러개의 약 투약이 어려울 경우 
무조건 투여해야 하는 순서는 
1. 항암제
2. 스테로이드
3. 간 보호제 이며,

여러개 먹이시기 실패하시면 항암제만이라도 꼭! 급여 해달라고 하셨습니다.
8695	리코	2026-06-05 14:28:57	SD동물의료센터 서울점	채팅 운영시간 안내
8695	리코	2026-06-05 14:28:57	SD동물의료센터 서울점	✅ 본 채널에서는 진료 예약과 입원 환자 사진·안내를 받아보실 수 있습니다. (14:00~16:00, 1회)

📌 다만, 진료·증상 상담은 채널에서 진행하지 않으며, 내원 시 의료진과 직접 상담 부탁드립니다.

더 나은 진료 서비스를 위해 최선을 다하겠습니다. 감사합니다.
8695	리코	2026-06-05 14:28:57	김현기	음 네 알겠습니다!
8695	리코	2026-06-08 11:11:19	김현기	리코 간보호제 잘 먹다가 이틀 연속으로 토를 했네요. 헤어볼때문인지 조금 헷갈리는데 아예 중단을 해볼까요? 그래도 이틀간격 유지를 해볼까요
8695	리코	2026-06-08 11:11:19	SD동물의료센터 서울점	채팅 운영시간 안내
8695	리코	2026-06-08 11:11:19	SD동물의료센터 서울점	✅ 본 채널에서는 진료 예약과 입원 환자 사진·안내를 받아보실 수 있습니다. (14:00~16:00, 1회)

📌 다만, 진료·증상 상담은 채널에서 진행하지 않으며, 내원 시 의료진과 직접 상담 부탁드립니다.

더 나은 진료 서비스를 위해 최선을 다하겠습니다. 감사합니다.
8695	리코	2026-06-08 11:11:35	김현기	토에 계속 헤어볼이 섞여나오고 있습니다
8695	리코	2026-06-08 11:11:35	SD동물의료센터 서울점	채팅 운영시간 안내
8695	리코	2026-06-08 11:11:35	SD동물의료센터 서울점	✅ 본 채널에서는 진료 예약과 입원 환자 사진·안내를 받아보실 수 있습니다. (14:00~16:00, 1회)

📌 다만, 진료·증상 상담은 채널에서 진행하지 않으며, 내원 시 의료진과 직접 상담 부탁드립니다.

더 나은 진료 서비스를 위해 최선을 다하겠습니다. 감사합니다.
8695	리코	2026-06-08 12:29:11	SD동물의료센터 서울점	네 보호자님 2일 간격 으로 먹여보시고 구토 증상 다시 있을 경우 우선 중단 하는 것이 좋겠다고 말씀해주셨습니다.
8695	리코	2026-06-08 12:36:46	김현기	네 알겠습니다
8695	리코	2026-06-08 12:36:46	SD동물의료센터 서울점	채팅 운영시간 안내
8695	리코	2026-06-08 12:36:46	SD동물의료센터 서울점	✅ 본 채널에서는 진료 예약과 입원 환자 사진·안내를 받아보실 수 있습니다. (14:00~16:00, 1회)

📌 다만, 진료·증상 상담은 채널에서 진행하지 않으며, 내원 시 의료진과 직접 상담 부탁드립니다.

더 나은 진료 서비스를 위해 최선을 다하겠습니다. 감사합니다.
8695	리코	2026-06-20 12:33:03	김현기	안녕하세요 리코 약 준비되었을까요?
8695	리코	2026-06-20 12:33:03	SD동물의료센터 서울점	채팅 운영시간 안내
8695	리코	2026-06-20 12:33:03	SD동물의료센터 서울점	✅ 본 채널에서는 진료 예약과 입원 환자 사진·안내를 받아보실 수 있습니다. (14:00~16:00, 1회)

📌 다만, 진료·증상 상담은 채널에서 진행하지 않으며, 내원 시 의료진과 직접 상담 부탁드립니다.

더 나은 진료 서비스를 위해 최선을 다하겠습니다. 감사합니다.
8695	리코	2026-06-20 13:01:20	SD동물의료센터 서울점	안녕하세요 보호자님 금일 예약된 진료일정으로 인해 아직 조제 전입니다! 조제 완료 시 이쪽으로 안내드리겠습니다 감사합니다 :)
8695	리코	2026-06-20 14:04:10	김현기	혹시 세시 전까지는 가능할까요? 재촉은 아니고 제가 외부로 나온김에 들려서 픽업하려고 합니다. 어려울거같으면 내일 픽업가려구요!
8695	리코	2026-06-20 14:04:10	SD동물의료센터 서울점	채팅 운영시간 안내
8695	리코	2026-06-20 14:04:10	SD동물의료센터 서울점	✅ 본 채널에서는 진료 예약과 입원 환자 사진·안내를 받아보실 수 있습니다. (14:00~16:00, 1회)

📌 다만, 진료·증상 상담은 채널에서 진행하지 않으며, 내원 시 의료진과 직접 상담 부탁드립니다.

더 나은 진료 서비스를 위해 최선을 다하겠습니다. 감사합니다.
8695	리코	2026-06-20 14:07:02	SD동물의료센터 서울점	앗 네 3시까지 조제는 어려울 것 같습니다ㅠ
8695	리코	2026-06-20 14:07:47	김현기	네 알겠습니다! 그럼 내일 오후 두세시경에 픽업가겠습니다!
8695	리코	2026-06-20 14:07:47	SD동물의료센터 서울점	채팅 운영시간 안내
8695	리코	2026-06-20 14:07:48	SD동물의료센터 서울점	✅ 본 채널에서는 진료 예약과 입원 환자 사진·안내를 받아보실 수 있습니다. (14:00~16:00, 1회)

📌 다만, 진료·증상 상담은 채널에서 진행하지 않으며, 내원 시 의료진과 직접 상담 부탁드립니다.

더 나은 진료 서비스를 위해 최선을 다하겠습니다. 감사합니다.
8695	리코	2026-06-21 12:54:40	김현기	안녕하세요 리코 약 준비 됐을까요
8695	리코	2026-06-21 12:54:40	SD동물의료센터 서울점	채팅 운영시간 안내
8695	리코	2026-06-21 12:54:40	SD동물의료센터 서울점	✅ 본 채널에서는 진료 예약과 입원 환자 사진·안내를 받아보실 수 있습니다. (14:00~16:00, 1회)

📌 다만, 진료·증상 상담은 채널에서 진행하지 않으며, 내원 시 의료진과 직접 상담 부탁드립니다.

더 나은 진료 서비스를 위해 최선을 다하겠습니다. 감사합니다.
8695	리코	2026-06-21 13:04:03	SD동물의료센터 서울점	안녕하세요 보호자님, 약 준비되어 있습니다 :) 편하게 찾으러 오세요 !
8695	리코	2026-06-28 10:12:27	김현기	안녕하세요, 리코 약 준비되어있을까요?
8695	리코	2026-06-28 10:12:28	SD동물의료센터 서울점	채팅 운영시간 안내
8695	리코	2026-06-28 10:12:28	SD동물의료센터 서울점	✅ 본 채널에서는 진료 예약과 입원 환자 사진·안내를 받아보실 수 있습니다. (14:00~16:00, 1회)

📌 다만, 진료·증상 상담은 채널에서 진행하지 않으며, 내원 시 의료진과 직접 상담 부탁드립니다.

더 나은 진료 서비스를 위해 최선을 다하겠습니다. 감사합니다.
8695	리코	2026-06-28 10:58:03	SD동물의료센터 서울점	안녕하세요 리코보호자님
내복약 조제되어있습니다.
감사합니다.
8695	리코	2026-07-04 12:09:37	김현기	안녕하세요 리코 약 준비 되어있을까요?
8695	리코	2026-07-04 12:09:37	SD동물의료센터 서울점	채팅 운영시간 안내
8695	리코	2026-07-04 12:09:37	SD동물의료센터 서울점	✅ 본 채널에서는 진료 예약과 입원 환자 사진·안내를 받아보실 수 있습니다. (14:00~16:00, 1회)

📌 다만, 진료·증상 상담은 채널에서 진행하지 않으며, 내원 시 의료진과 직접 상담 부탁드립니다.

더 나은 진료 서비스를 위해 최선을 다하겠습니다. 감사합니다.
8695	리코	2026-07-04 12:30:50	SD동물의료센터 서울점	안녕하세요 보호자님 아직 약 조제 전 입니다! 조제 완료 시 이쪽으로 안내드리겠습니다 :)
8695	리코	2026-07-04 15:01:26	SD동물의료센터 서울점	보호자님, 리코 약 나와서 연락 드렸습니다 :)  편하실때 픽업 오시면 좋을듯 합니다!
8695	리코	2026-07-04 15:50:56	김현기	네 감사합니다!
8695	리코	2026-07-04 15:50:56	SD동물의료센터 서울점	채팅 운영시간 안내
8695	리코	2026-07-04 15:50:56	SD동물의료센터 서울점	✅ 본 채널에서는 진료 예약과 입원 환자 사진·안내를 받아보실 수 있습니다. (14:00~16:00, 1회)

📌 다만, 진료·증상 상담은 채널에서 진행하지 않으며, 내원 시 의료진과 직접 상담 부탁드립니다.

더 나은 진료 서비스를 위해 최선을 다하겠습니다. 감사합니다.
8695	리코	2026-07-04 15:51:20	SD동물의료센터 서울점	채팅 운영시간 안내
8695	리코	2026-07-04 15:51:20	SD동물의료센터 서울점	✅ 본 채널에서는 진료 예약과 입원 환자 사진·안내를 받아보실 수 있습니다. (14:00~16:00, 1회)

📌 다만, 진료·증상 상담은 채널에서 진행하지 않으며, 내원 시 의료진과 직접 상담 부탁드립니다.

더 나은 진료 서비스를 위해 최선을 다하겠습니다. 감사합니다.
8695	리코	2026-07-04 15:51:20	김현기	찾으러 가겠습니다!
8695	리코	2026-07-18 11:36:46	김현기	안녕하세요 오늘 리코 약 픽업 가능할까요? 몇시쯤 가능할지도 알려주시면 감사하겠습니다
8695	리코	2026-07-18 11:36:46	SD동물의료센터 서울점	채팅 운영시간 안내
8695	리코	2026-07-18 11:36:46	SD동물의료센터 서울점	✅ 본 채널에서는 진료 예약과 입원 환자 사진·안내를 받아보실 수 있습니다. (14:00~16:00, 1회)

📌 다만, 진료·증상 상담은 채널에서 진행하지 않으며, 내원 시 의료진과 직접 상담 부탁드립니다.

더 나은 진료 서비스를 위해 최선을 다하겠습니다. 감사합니다.
8695	리코	2026-07-18 11:45:02	김현기	혹시 네시전까지 가능할까요
8695	리코	2026-07-18 11:45:02	SD동물의료센터 서울점	채팅 운영시간 안내
8695	리코	2026-07-18 11:45:02	SD동물의료센터 서울점	✅ 본 채널에서는 진료 예약과 입원 환자 사진·안내를 받아보실 수 있습니다. (14:00~16:00, 1회)

📌 다만, 진료·증상 상담은 채널에서 진행하지 않으며, 내원 시 의료진과 직접 상담 부탁드립니다.

더 나은 진료 서비스를 위해 최선을 다하겠습니다. 감사합니다.
8695	리코	2026-07-18 11:57:50	SD동물의료센터 서울점	안녕하세요 보호자님 금일 주치의 선생님께 예약된 진료가 많아 16시 전까지 조제가 완료되지 않을 수 있습니다ㅠㅠ 최대한 빨리 조제될 수 있도록 전달드리겠습니다. 조제 완료 시 카톡 남겨드리겠습니다. 감사합니다 :)
8695	리코	2026-07-18 11:58:37	김현기	네 네 확인했습니다 최대한 부탁드립니다
8695	리코	2026-07-18 11:58:37	SD동물의료센터 서울점	채팅 운영시간 안내
8695	리코	2026-07-18 11:58:37	SD동물의료센터 서울점	✅ 본 채널에서는 진료 예약과 입원 환자 사진·안내를 받아보실 수 있습니다. (14:00~16:00, 1회)

📌 다만, 진료·증상 상담은 채널에서 진행하지 않으며, 내원 시 의료진과 직접 상담 부탁드립니다.

더 나은 진료 서비스를 위해 최선을 다하겠습니다. 감사합니다.
8695	리코	2026-07-18 12:47:02	SD동물의료센터 서울점	리코 항암제 조제 완료되었습니다 감사합니다 :)
8695	리코	2026-07-18 13:21:35	김현기	네 감사합니다 픽업 가겠습니다!
8695	리코	2026-07-18 13:21:35	SD동물의료센터 서울점	채팅 운영시간 안내
8695	리코	2026-07-18 13:21:35	SD동물의료센터 서울점	✅ 본 채널에서는 진료 예약과 입원 환자 사진·안내를 받아보실 수 있습니다. (14:00~16:00, 1회)

📌 다만, 진료·증상 상담은 채널에서 진행하지 않으며, 내원 시 의료진과 직접 상담 부탁드립니다.

더 나은 진료 서비스를 위해 최선을 다하겠습니다. 감사합니다.
8695	리코	2026-07-23 10:06:37	김현기	사진
8695	리코	2026-07-23 10:06:37	SD동물의료센터 서울점	채팅 운영시간 안내
8695	리코	2026-07-23 10:06:37	SD동물의료센터 서울점	✅ 본 채널에서는 진료 예약과 입원 환자 사진·안내를 받아보실 수 있습니다. (14:00~16:00, 1회)

📌 다만, 진료·증상 상담은 채널에서 진행하지 않으며, 내원 시 의료진과 직접 상담 부탁드립니다.

더 나은 진료 서비스를 위해 최선을 다하겠습니다. 감사합니다.
8695	리코	2026-07-23 10:06:39	SD동물의료센터 서울점	채팅 운영시간 안내
8695	리코	2026-07-23 10:06:39	SD동물의료센터 서울점	✅ 본 채널에서는 진료 예약과 입원 환자 사진·안내를 받아보실 수 있습니다. (14:00~16:00, 1회)

📌 다만, 진료·증상 상담은 채널에서 진행하지 않으며, 내원 시 의료진과 직접 상담 부탁드립니다.

더 나은 진료 서비스를 위해 최선을 다하겠습니다. 감사합니다.
8695	리코	2026-07-23 10:06:39	김현기	안녕하세요, 문의사항이 있습니다.
이번에 리코 제조해주신 약 중 스테로이드 크기가 기존보다 작아졌는데 용량이 바뀐걸까요? 크기는 진정제 처방해주셨던 크기 정도로 줄어든거 같네요??
8695	리코	2026-07-23 10:18:45	SD동물의료센터 서울점	안녕하세요 보호자님 금일 주치의선생님 휴진일로 익일 출근하시면 확인 후 답변드려도 될까요?
8695	리코	2026-07-23 10:20:33	김현기	네네 내일 연락부탁드립니다
8695	리코	2026-07-23 10:20:33	SD동물의료센터 서울점	채팅 운영시간 안내
8695	리코	2026-07-23 10:20:33	SD동물의료센터 서울점	✅ 본 채널에서는 진료 예약과 입원 환자 사진·안내를 받아보실 수 있습니다. (14:00~16:00, 1회)

📌 다만, 진료·증상 상담은 채널에서 진행하지 않으며, 내원 시 의료진과 직접 상담 부탁드립니다.

더 나은 진료 서비스를 위해 최선을 다하겠습니다. 감사합니다.
8695	리코	2026-07-23 10:26:44	SD동물의료센터 서울점	네 보호자님 감사합니다. 익일 출근하시면 확인 후 연락드립겠습니다:)
8695	리코	2026-07-24 17:17:59	김현기	네 감사합니다. 리코 약 오늘 조제해놔주실 수 있을까요?? 내일 픽업가려고 합니다
8695	리코	2026-07-24 17:17:59	SD동물의료센터 서울점	채팅 운영시간 안내
8695	리코	2026-07-24 17:17:59	SD동물의료센터 서울점	✅ 본 채널에서는 진료 예약과 입원 환자 사진·안내를 받아보실 수 있습니다. (14:00~16:00, 1회)

📌 다만, 진료·증상 상담은 채널에서 진행하지 않으며, 내원 시 의료진과 직접 상담 부탁드립니다.

더 나은 진료 서비스를 위해 최선을 다하겠습니다. 감사합니다.
8695	리코	2026-07-24 17:21:24	SD동물의료센터 서울점	안녕하세요 리코보호자님
항암제 1주일분 준비해드리면 될까요?
8695	리코	2026-07-24 17:21:39	SD동물의료센터 서울점	아이 특이사항이나 몸무게 변화도 있으신지 말씀해주시면 같이 전달드리겠습니다.
8695	리코	2026-07-24 17:22:09	김현기	네네. 음 특이사항은 크게 없고 몸무게도 재보진 않았지만 크게 없을것 같습니다. 동일하게 부탁드려요
8695	리코	2026-07-24 17:22:09	SD동물의료센터 서울점	채팅 운영시간 안내
8695	리코	2026-07-24 17:22:09	SD동물의료센터 서울점	✅ 본 채널에서는 진료 예약과 입원 환자 사진·안내를 받아보실 수 있습니다. (14:00~16:00, 1회)

📌 다만, 진료·증상 상담은 채널에서 진행하지 않으며, 내원 시 의료진과 직접 상담 부탁드립니다.

더 나은 진료 서비스를 위해 최선을 다하겠습니다. 감사합니다.
8695	리코	2026-07-24 17:22:28	SD동물의료센터 서울점	네 그럼 내일 수령, 조제요청 전달드리겠습니다.
감사합니다.
8695	리코	2026-07-24 17:27:45	김현기	네 감사합니다
8695	리코	2026-07-24 17:27:45	SD동물의료센터 서울점	채팅 운영시간 안내
8695	리코	2026-07-24 17:27:45	SD동물의료센터 서울점	✅ 본 채널에서는 진료 예약과 입원 환자 사진·안내를 받아보실 수 있습니다. (14:00~16:00, 1회)

📌 다만, 진료·증상 상담은 채널에서 진행하지 않으며, 내원 시 의료진과 직접 상담 부탁드립니다.

더 나은 진료 서비스를 위해 최선을 다하겠습니다. 감사합니다.
8695	리코	2026-07-26 17:48:48	SD동물의료센터 서울점	채팅 운영시간 안내
8695	리코	2026-07-26 17:48:48	SD동물의료센터 서울점	✅ 본 채널에서는 진료 예약과 입원 환자 사진·안내를 받아보실 수 있습니다. (14:00~16:00, 1회)

📌 다만, 진료·증상 상담은 채널에서 진행하지 않으며, 내원 시 의료진과 직접 상담 부탁드립니다.

더 나은 진료 서비스를 위해 최선을 다하겠습니다. 감사합니다.
8695	리코	2026-07-26 17:48:48	김현기	안녕하세요, 급한일정 때문에 리코 약 픽업은 월요일에 가겠습니다..!
8695	리코	2026-07-26 17:54:30	SD동물의료센터 서울점	안녕하세요 리코보호자님
월요일 수령으로 전달드리겠습니다.
연락주셔서 감사합니다.
8695	리코	2026-07-28 14:00:26	SD동물의료센터 서울점	(광고)7월의 SD링크가 도착했어요.
8695	리코	2026-07-31 09:26:03	김현기	안녕하세요 리코 약 오늘 픽업할수 있게 준비해주실수 있을까요?
8695	리코	2026-07-31 09:26:03	SD동물의료센터 서울점	채팅 운영시간 안내
8695	리코	2026-07-31 09:26:03	SD동물의료센터 서울점	✅ 본 채널에서는 진료 예약과 입원 환자 사진·안내를 받아보실 수 있습니다. (14:00~16:00, 1회)

📌 다만, 진료·증상 상담은 채널에서 진행하지 않으며, 내원 시 의료진과 직접 상담 부탁드립니다.

더 나은 진료 서비스를 위해 최선을 다하겠습니다. 감사합니다.
8695	리코	2026-07-31 10:09:56	SD동물의료센터 서울점	네 보호자님 조제 완료 시 안내드리겠습니다 감사합니다 :)
8695	리코	2026-07-31 10:18:11	김현기	네 감사합니다
8695	리코	2026-07-31 10:18:11	SD동물의료센터 서울점	채팅 운영시간 안내
8695	리코	2026-07-31 10:18:11	SD동물의료센터 서울점	✅ 본 채널에서는 진료 예약과 입원 환자 사진·안내를 받아보실 수 있습니다. (14:00~16:00, 1회)

📌 다만, 진료·증상 상담은 채널에서 진행하지 않으며, 내원 시 의료진과 직접 상담 부탁드립니다.

더 나은 진료 서비스를 위해 최선을 다하겠습니다. 감사합니다.
8695	리코	2026-07-31 11:27:32	SD동물의료센터 서울점	리코 약 조제되었습니다:)
8695	리코	2026-07-31 11:32:12	김현기	네 감사합니다 저녁 일곱시 반 정도에 픽업하겠습니다
8695	리코	2026-07-31 11:32:12	SD동물의료센터 서울점	채팅 운영시간 안내
8695	리코	2026-07-31 11:32:12	SD동물의료센터 서울점	✅ 본 채널에서는 진료 예약과 입원 환자 사진·안내를 받아보실 수 있습니다. (14:00~16:00, 1회)

📌 다만, 진료·증상 상담은 채널에서 진행하지 않으며, 내원 시 의료진과 직접 상담 부탁드립니다.

더 나은 진료 서비스를 위해 최선을 다하겠습니다. 감사합니다.
8695	리코	2026-08-08 13:35:29	김현기	안녕하세요 리코 약 오늘 픽업가능할까요
8695	리코	2026-08-08 13:35:29	SD동물의료센터 서울점	채팅 운영시간 안내
8695	리코	2026-08-08 13:35:29	SD동물의료센터 서울점	✅ 본 채널에서는 진료 예약과 입원 환자 사진·안내를 받아보실 수 있습니다. (14:00~16:00, 1회)

📌 다만, 진료·증상 상담은 채널에서 진행하지 않으며, 내원 시 의료진과 직접 상담 부탁드립니다.

더 나은 진료 서비스를 위해 최선을 다하겠습니다. 감사합니다.
8695	리코	2026-08-08 13:38:26	SD동물의료센터 서울점	네 보호자님 리코 약 조제 예정이며, 내복약 조제 완료 시 카톡 남겨드리겠습니다. ㄱ마사합니다:)
8695	리코	2026-08-08 13:39:09	SD동물의료센터 서울점	채팅 운영시간 안내
8695	리코	2026-08-08 13:39:09	SD동물의료센터 서울점	✅ 본 채널에서는 진료 예약과 입원 환자 사진·안내를 받아보실 수 있습니다. (14:00~16:00, 1회)

📌 다만, 진료·증상 상담은 채널에서 진행하지 않으며, 내원 시 의료진과 직접 상담 부탁드립니다.

더 나은 진료 서비스를 위해 최선을 다하겠습니다. 감사합니다.
8695	리코	2026-08-08 13:39:09	김현기	네 감사합니다
8695	리코	2026-08-08 16:11:10	SD동물의료센터 서울점	리코 약 조제완료되었습니다. 편하신 시간에 내원 부탁드립니다 감사합니다 :)
8695	리코	2026-08-08 16:11:49	김현기	네 감사합니다!
8695	리코	2026-08-08 16:11:49	SD동물의료센터 서울점	채팅 운영시간 안내
8695	리코	2026-08-08 16:11:49	SD동물의료센터 서울점	✅ 본 채널에서는 진료 예약과 입원 환자 사진·안내를 받아보실 수 있습니다. (14:00~16:00, 1회)

📌 다만, 진료·증상 상담은 채널에서 진행하지 않으며, 내원 시 의료진과 직접 상담 부탁드립니다.

더 나은 진료 서비스를 위해 최선을 다하겠습니다. 감사합니다.
8695	리코	2026-08-16 21:56:32	김현기	안녕하세요 리코 철분제 관련 문의사항이 있는데요 월,수,금 주 3회 투약일까요? 아니면 매일일까요?
8695	리코	2026-08-16 21:56:32	SD동물의료센터 서울점	채팅 운영시간 안내
8695	리코	2026-08-16 21:56:32	SD동물의료센터 서울점	✅ 본 채널에서는 진료 예약과 입원 환자 사진·안내를 받아보실 수 있습니다. (14:00~16:00, 1회)

📌 다만, 진료·증상 상담은 채널에서 진행하지 않으며, 내원 시 의료진과 직접 상담 부탁드립니다.

더 나은 진료 서비스를 위해 최선을 다하겠습니다. 감사합니다.
8695	리코	2026-08-16 22:04:10	SD동물의료센터 서울점	안녕하세요 보호자님, 철분제는 하루 한번으로 확인됩니다 :) 
항암제 약과 2시간 이상 간격 두고 복용해주시면 됩니다.
8695	리코	2026-08-16 22:09:01	김현기	엇 그렇군요. 제가 1ml로 주려고 했는데 주신 양이 3회 정도 양인거 같아서요. 약 다 떨어지면 중간에 다시 픽업해야할까요?
8695	리코	2026-08-16 22:09:01	SD동물의료센터 서울점	채팅 운영시간 안내
8695	리코	2026-08-16 22:09:01	SD동물의료센터 서울점	✅ 본 채널에서는 진료 예약과 입원 환자 사진·안내를 받아보실 수 있습니다. (14:00~16:00, 1회)

📌 다만, 진료·증상 상담은 채널에서 진행하지 않으며, 내원 시 의료진과 직접 상담 부탁드립니다.

더 나은 진료 서비스를 위해 최선을 다하겠습니다. 감사합니다.
8695	리코	2026-08-16 22:09:26	김현기	1ml 분량이 주사기로 끝까지인거 맞는걸까요?
8695	리코	2026-08-16 22:09:26	SD동물의료센터 서울점	채팅 운영시간 안내
8695	리코	2026-08-16 22:09:26	SD동물의료센터 서울점	✅ 본 채널에서는 진료 예약과 입원 환자 사진·안내를 받아보실 수 있습니다. (14:00~16:00, 1회)

📌 다만, 진료·증상 상담은 채널에서 진행하지 않으며, 내원 시 의료진과 직접 상담 부탁드립니다.

더 나은 진료 서비스를 위해 최선을 다하겠습니다. 감사합니다.
8695	리코	2026-08-16 22:44:00	SD동물의료센터 서울점	1ml주사기 숫자끝까지 투여해주시면 될것같습니다.
8695	리코	2026-08-16 23:02:36	김현기	음 넵 알겠습니다! 내일 저녁부터 투약하겠습니다. 내일 주치의 선생님 출근하시면 1일 1회 1ml분량으로 투약 후 약 떨어지면 중간에 약 픽업하면 될지 확인 부탁드립니다 !( 매일 1회 분량이면 왜 7일치로 안 주신거인지가 조금 헷갈려서 그렇습니다) 감사합니다!
8695	리코	2026-08-16 23:02:36	SD동물의료센터 서울점	채팅 운영시간 안내
8695	리코	2026-08-16 23:02:36	SD동물의료센터 서울점	✅ 본 채널에서는 진료 예약과 입원 환자 사진·안내를 받아보실 수 있습니다. (14:00~16:00, 1회)

📌 다만, 진료·증상 상담은 채널에서 진행하지 않으며, 내원 시 의료진과 직접 상담 부탁드립니다.

더 나은 진료 서비스를 위해 최선을 다하겠습니다. 감사합니다.
8707	장군	2025-07-24 17:28:35	최현민	안녕하세요. 강아지가 13살 몸무게는 12kg 견종은 코카스파니엘입니다.
Ct촬영 금액이 궁금해서 문의 드렸어요🙂
8707	장군	2025-07-24 17:43:26	SD동물의료센터 서울점	안녕하세요 보호자님 저희병원 처음 내원하시는 것이면 초진비용 1만원, 마취 전 검사 3~40만원, CT 비용 70만원으로 예상됩니다
8707	장군	2025-07-30 12:44:48	최현민	장군이
8707	장군	2025-07-30 12:45:05	SD동물의료센터 서울점	안녕하세요 보호자님

입원 및 면회 관련 안내사항 보내드립니다.
이용에 불편함 없으시도록 참고 부탁드립니다. :)

▶ https://blog.naver.com/sdamc00/223842908205


◎ 우리 병원은 아픈 반려동물의 빠른 회복을 최우선으로 최선의 진료를 시행합니다. ◎

""예상치 못한 응급 상황이나 피치 못할 중환자 관리로 인해 대기 시간이 길어질 수 있는 점""
미리 양해 말씀드리며 너그럽게 양해 부탁드립니다.

보호자분의 따뜻한 배려 늘 감사합니다. :)
8707	장군	2025-07-30 17:32:09	최현민	안녕하세요. 혹시 장군이 회복되면 사진좀 보내주시면 감사하겠습니다🥲
8707	장군	2025-07-30 17:47:45	SD동물의료센터 서울점	안녕하세요 보호자님, 아이 마취 어느정도 회복후 사진 바로 보내드리겠습니다. ^^
8707	장군	2025-07-30 17:51:23	최현민	네네 감사합니디
8707	장군	2025-07-30 18:11:23	SD동물의료센터 서울점	사진
8707	장군	2025-07-30 18:11:24	SD동물의료센터 서울점	안녕하세요 장군이 보호자님 장군이 수술 끝났고, 마취도 잘 회복했습니다 장군이 사진 보내드리겠습니다 감사합니다
8707	장군	2025-07-30 18:14:29	최현민	네네 감사합니다
8707	장군	2025-07-30 18:14:36	최현민	7시전까지 가몬 
8707	장군	2025-07-30 18:14:40	최현민	면회 가능할까요??
8707	장군	2025-07-30 18:14:54	최현민	7시 안까지 가면 면회 가능 할까요?
8707	장군	2025-07-30 18:15:30	SD동물의료센터 서울점	네 맞습니다. 7시 종료라서 그 전에 오시면 됩니다. :)
8707	장군	2025-07-30 18:15:50	최현민	네넵 지금 출발하겠습니다
8707	장군	2025-07-30 18:15:53	SD동물의료센터 서울점	그런데 수술 당일은 가급적 면회 삼가 말씀드리고 있어서요
8707	장군	2025-07-30 18:16:03	최현민	어머니가
8707	장군	2025-07-30 18:16:12	최현민	가고싶어하셔서..
8707	장군	2025-07-30 18:17:00	SD동물의료센터 서울점	네 알겠습니다.
조금 멀리서 아이 모르게 보셔야 될 수 있어서 미리 안내드립니다. :)
8707	장군	2025-07-30 18:18:08	최현민	아 만지지는 못하나요?
8707	장군	2025-07-30 18:18:46	SD동물의료센터 서울점	아이 흥분도 고려하여 진행하는 부분으로 멀리서 보셔야 될수도 있어요
8707	장군	2025-07-30 18:19:35	최현민	음 그러면 면회는 취소하고 내일 어머니께서 데리러 가겠습니다ㅜㅜ
8707	장군	2025-07-30 18:26:31	최현민	내일 12시30분으로 퇴원 잡았는데 혹시 오후 6시로 변경 가능할까요? 
8707	장군	2025-07-30 19:07:59	SD동물의료센터 서울점	네 보호자님 오후 6시로 변경 가능합니다만 바로 앞 수술 일정이 늦어질 경우 대기 시간이 길어지거나 부득이하게 다른 선생님께 인계 가능성도 있어서 가능하시다면 오전 중 오시길 권해드립니다. :)
8707	장군	2025-07-30 19:31:26	최현민	어머니가 12시30분까지 간다고 하시네요 12시30분까지 가겠습니다! 
8707	장군	2025-07-30 21:10:16	SD동물의료센터 서울점	네 감사합니다. 내일 뵙겠습니다. :)
8707	장군	2025-07-31 09:09:33	최현민	네네 감사합니다. 혹시 오늘도 장군이 사진 한장 받아볼수 있을까요..? 
8707	장군	2025-07-31 10:57:18	SD동물의료센터 서울점	안녕하세요 보호자님 사진 전송은 2~4시 사이에 전송드립니다. 아이 퇴원이 12시 반으로 예약되어 있어 사진 전송이 안 될 수 있는 점 양해부탁드립니다ㅠ
8707	장군	2025-08-04 15:01:02	최현민	안녕하세요. 장군이 보호자입니다.
혹시 장군이 실밥제거 하러 언제 방문드리면 괜찮을까요? 
8707	장군	2025-08-04 15:02:59	SD동물의료센터 서울점	안녕하세요 보호자님, 8/10 오후12시반으로 예약되어있으십니다. 감사합니다 :)
8707	장군	2025-08-04 15:08:48	최현민	네 확인 감사합니다.
8707	장군	2025-08-10 12:20:43	최현민	안녕하세요. 오늘 예약이 잡혀있는데 몸이 좀 안좋아서 방문 일정을 내일 오후 다섯시 이후로 가능한 날짜가 있을까요?
8707	장군	2025-08-10 12:25:09	SD동물의료센터 서울점	내일 오후 7시 가능합니다
8707	장군	2025-08-10 12:25:39	최현민	그러면 7시로 변경 해주시면 감사하겠습니나. 
8707	장군	2025-08-10 12:26:52	SD동물의료센터 서울점	네 보호자님 내일 뵙겠습니다 감사합니다:)
8707	장군	2025-08-22 15:56:36	SD동물의료센터 서울점(메뉴)	SD동물의료센터 서울점 진료 예약을 위해 아래 내용을 채팅에 남겨주세요.

◼︎ 보호자님 성함 / 연락처
◼︎ 반려동물 이름 / 간단한 증상

* 예약에 필요한 간단한 상담이 진행될 수 있습니다.
* 증상과 관련된 자세한 상담은 진료의 부분으로 예약 후 내원시 수의사 선생님과 상담 가능합니다. 
* 채널 상담은 병원 업무와 동시에 진행되어 원내 상황에 따라 빠른 응대가 어려울 수 있습니다. 

문의사항은 본원 대표전화(02-2039-0303)로 연락부탁드립니다.
8707	장군	2025-08-22 15:56:36	최현민	진료예약
8707	장군	2025-08-22 15:59:16	최현민	안녕하세요. 장군이 보호자 최현민입니다.
장군이가 요새 피부도 더 안좋아지고 
묽은 변을 1주일 동안 하고있어서요.
혹시 내일 방문할 수 있을까요 ?? 
8707	장군	2025-08-22 16:02:14	SD동물의료센터 서울점	네, 봐주시던 내과선생님께 예약잡아드리면될까요? :)
8707	장군	2025-08-22 16:05:50	최현민	네넵 맞습니다 
8707	장군	2025-08-22 16:08:20	SD동물의료센터 서울점	네, 시간은 언제쯤 도와드릴까요? :) 다른분들 예약이 많이 잡혀있어서요. 혼잡할 수 있어서 오후도 괜찮으시면,  오후 5시 30분이후가 좋을거같긴합니다!
8707	장군	2025-08-22 16:22:48	최현민	제가 5시쯤 방문드려도 괜찮을까요 가서 좀 기다려도 괜찮습니다ㅎㅎ
8707	장군	2025-08-22 16:24:26	SD동물의료센터 서울점	네,보호자님. 선생님께 말씀 드리겠습니다. 대기 발생할 수 있는 점 양해 부탁드립니다.
8707	장군	2025-08-22 16:27:08	최현민	네 알겠습니다. 감사합니다.
8707	장군	2025-12-24 20:26:21	최현민	진료예약
8707	장군	2025-12-24 20:26:21	SD동물의료센터 서울점(메뉴)	SD동물의료센터 서울점 진료 예약을 위해 아래 내용을 채팅에 남겨주세요.

◼︎ 보호자님 성함 / 연락처
◼︎ 반려동물 이름 / 간단한 증상

* 예약에 필요한 간단한 상담이 진행될 수 있습니다.
* 증상과 관련된 자세한 상담은 진료의 부분으로 예약 후 내원시 수의사 선생님과 상담 가능합니다. 
* 채널 상담은 병원 업무와 동시에 진행되어 원내 상황에 따라 빠른 응대가 어려울 수 있습니다. 

문의사항은 본원 대표전화(02-2039-0303)로 연락부탁드립니다.
8707	장군	2025-12-24 20:28:41	최현민	최현민 / 01098956465 
장군이 / 입술 주변 혹 (7월 말에) 수술 한 곳 
8707	장군	2025-12-24 20:28:41	SD동물의료센터 서울점	채팅 운영시간 안내
8707	장군	2025-12-24 20:28:41	SD동물의료센터 서울점	✅ 본 채널에서는 진료 예약과 입원 환자 사진·안내를 받아보실 수 있습니다. (14:00~16:00, 1회)

📌 다만, 진료·증상 상담은 채널에서 진행하지 않으며, 내원 시 의료진과 직접 상담 부탁드립니다.

더 나은 진료 서비스를 위해 최선을 다하겠습니다. 감사합니다.
8707	장군	2025-12-24 20:32:29	최현민	진료시간/영업시간
8707	장군	2025-12-24 20:32:29	SD동물의료센터 서울점(메뉴)	SD동물의료센터 서울점은
365일 24시간 연중무휴
아이들을 돌보고 있습니다.

◼︎ 주간진료 : 오전 10시~오후 10시
◼︎ 야간진료 : 오후 10시~오전 10시
◼︎ 회진시간 : 오후 1시~오후 2시

* 우리 병원은 진료예약 우선제로 예약환자를 우선으로 진료합니다. 
* 예약 없이 내원시, 대기시간이 발생할 수 있는 점 양해부탁드립니다.
* 회진시간에는 입원환자 인계업무로 인해 진료가 불가합니다. 

🚨 응급상황 발생 시, 본원 대표전화(02-2039-0303)로 연락주세요!
8707	장군	2025-12-24 20:32:46	최현민	진료예약
8707	장군	2025-12-24 20:32:46	SD동물의료센터 서울점(메뉴)	SD동물의료센터 서울점 진료 예약을 위해 아래 내용을 채팅에 남겨주세요.

◼︎ 보호자님 성함 / 연락처
◼︎ 반려동물 이름 / 간단한 증상

* 예약에 필요한 간단한 상담이 진행될 수 있습니다.
* 증상과 관련된 자세한 상담은 진료의 부분으로 예약 후 내원시 수의사 선생님과 상담 가능합니다. 
* 채널 상담은 병원 업무와 동시에 진행되어 원내 상황에 따라 빠른 응대가 어려울 수 있습니다. 

문의사항은 본원 대표전화(02-2039-0303)로 연락부탁드립니다.
8707	장군	2025-12-24 20:33:01	최현민	최현민 / 01098956465 
장군이 / 입술 주변 혹 (7월 말에) 수술 한 곳 입니다.
8707	장군	2025-12-24 20:33:01	SD동물의료센터 서울점	채팅 운영시간 안내
8707	장군	2025-12-24 20:33:01	SD동물의료센터 서울점	✅ 본 채널에서는 진료 예약과 입원 환자 사진·안내를 받아보실 수 있습니다. (14:00~16:00, 1회)

📌 다만, 진료·증상 상담은 채널에서 진행하지 않으며, 내원 시 의료진과 직접 상담 부탁드립니다.

더 나은 진료 서비스를 위해 최선을 다하겠습니다. 감사합니다.
8707	장군	2025-12-24 20:52:35	SD동물의료센터 서울점	보호자님. 입술 주위 부분 진료 원하시는 걸까요? 원하시는 날짜와 시간 있으신지 확인 부탁드립니다. 원장님은, 화,토 휴진일입니다
8707	장군	2026-01-19 10:02:14	최현민	안녕하세요.  병원에 다니는 장군이 보호자 입니다. 
현재 복용 중인 심장약이 다 소진되어 2주치 추가 처방을 요청드리고 싶습니다 ! 
8707	장군	2026-01-19 10:02:14	SD동물의료센터 서울점	채팅 운영시간 안내
8707	장군	2026-01-19 10:02:14	SD동물의료센터 서울점	✅ 본 채널에서는 진료 예약과 입원 환자 사진·안내를 받아보실 수 있습니다. (14:00~16:00, 1회)

📌 다만, 진료·증상 상담은 채널에서 진행하지 않으며, 내원 시 의료진과 직접 상담 부탁드립니다.

더 나은 진료 서비스를 위해 최선을 다하겠습니다. 감사합니다.
8707	장군	2026-01-19 10:03:55	SD동물의료센터 서울점	안녕하세요 보호자님 심장약 아예 소진이실까요?
주치의선생님께서 수요일 출근이셔서 출근하시면 전달드려도 되는지요?
8707	장군	2026-01-19 10:08:08	최현민	넵 소진 입니다 ! 넵넵 내용 전달해 주시면 감사하겠습니다 ! 
8707	장군	2026-01-19 10:08:08	SD동물의료센터 서울점	채팅 운영시간 안내
8707	장군	2026-01-19 10:08:08	SD동물의료센터 서울점	✅ 본 채널에서는 진료 예약과 입원 환자 사진·안내를 받아보실 수 있습니다. (14:00~16:00, 1회)

📌 다만, 진료·증상 상담은 채널에서 진행하지 않으며, 내원 시 의료진과 직접 상담 부탁드립니다.

더 나은 진료 서비스를 위해 최선을 다하겠습니다. 감사합니다.
8707	장군	2026-01-19 10:09:36	SD동물의료센터 서울점	네 보호자님 7일치 조제요청 전달드리면 될까요?
8707	장군	2026-01-19 10:10:14	최현민	넵넵 우선 7일치만 요청 드리겠습니다 ! 
8707	장군	2026-01-19 10:10:14	SD동물의료센터 서울점	채팅 운영시간 안내
8707	장군	2026-01-19 10:10:14	SD동물의료센터 서울점	✅ 본 채널에서는 진료 예약과 입원 환자 사진·안내를 받아보실 수 있습니다. (14:00~16:00, 1회)

📌 다만, 진료·증상 상담은 채널에서 진행하지 않으며, 내원 시 의료진과 직접 상담 부탁드립니다.

더 나은 진료 서비스를 위해 최선을 다하겠습니다. 감사합니다.
8707	장군	2026-01-19 10:27:08	SD동물의료센터 서울점	심장약은 끊기지 않고 먹어야해서 주치의선생님께 먼저 연락드려 조제 진행중입니다. 픽업은 언제 가능하실까요?
8707	장군	2026-01-19 10:28:21	최현민	금일 오후 6시쯤 가능할 것 같습니다 !
8707	장군	2026-01-19 10:28:21	SD동물의료센터 서울점	채팅 운영시간 안내
8707	장군	2026-01-19 10:28:21	SD동물의료센터 서울점	✅ 본 채널에서는 진료 예약과 입원 환자 사진·안내를 받아보실 수 있습니다. (14:00~16:00, 1회)

📌 다만, 진료·증상 상담은 채널에서 진행하지 않으며, 내원 시 의료진과 직접 상담 부탁드립니다.

더 나은 진료 서비스를 위해 최선을 다하겠습니다. 감사합니다.
8707	장군	2026-01-19 10:30:53	SD동물의료센터 서울점	네 보호자님 혹시 수술은 결정되셨을까요
8707	장군	2026-01-19 10:35:27	최현민	네넵 수술은 일주일치 약 먹이고 
 주치의 선생님하고 날짜를 잡아봐야 될 것 같습니다...!
8707	장군	2026-01-19 10:35:27	SD동물의료센터 서울점	채팅 운영시간 안내
8707	장군	2026-01-19 10:35:27	SD동물의료센터 서울점	✅ 본 채널에서는 진료 예약과 입원 환자 사진·안내를 받아보실 수 있습니다. (14:00~16:00, 1회)

📌 다만, 진료·증상 상담은 채널에서 진행하지 않으며, 내원 시 의료진과 직접 상담 부탁드립니다.

더 나은 진료 서비스를 위해 최선을 다하겠습니다. 감사합니다.
8707	장군	2026-01-19 10:46:15	SD동물의료센터 서울점	아 네 알겠습니다 이따 뵙겠습니다 감사합니다 :)
8707	장군	2026-01-19 10:47:15	최현민	네넵 혹시 약 1주일치가 비용이 얼마정도 되나요 ?
8707	장군	2026-01-19 10:47:15	SD동물의료센터 서울점	채팅 운영시간 안내
8707	장군	2026-01-19 10:47:15	SD동물의료센터 서울점	✅ 본 채널에서는 진료 예약과 입원 환자 사진·안내를 받아보실 수 있습니다. (14:00~16:00, 1회)

📌 다만, 진료·증상 상담은 채널에서 진행하지 않으며, 내원 시 의료진과 직접 상담 부탁드립니다.

더 나은 진료 서비스를 위해 최선을 다하겠습니다. 감사합니다.
8707	장군	2026-01-19 10:48:03	SD동물의료센터 서울점	사진
8707	장군	2026-01-19 10:48:05	SD동물의료센터 서울점	내복약 7일치 비용 105,000원 입니다.
8707	장군	2026-01-19 11:07:44	최현민	네 감사합니다 . 그럼 오후에 방문 드리겠습니다 !
8707	장군	2026-01-19 11:07:44	SD동물의료센터 서울점	채팅 운영시간 안내
8707	장군	2026-01-19 11:07:44	SD동물의료센터 서울점	✅ 본 채널에서는 진료 예약과 입원 환자 사진·안내를 받아보실 수 있습니다. (14:00~16:00, 1회)

📌 다만, 진료·증상 상담은 채널에서 진행하지 않으며, 내원 시 의료진과 직접 상담 부탁드립니다.

더 나은 진료 서비스를 위해 최선을 다하겠습니다. 감사합니다.
8707	장군	2026-01-19 12:16:17	최현민	안녕하세요 장군이 보호자 입니다. 혹시 청구서 상단에 조제값이 알약으로 나와서 금액이 추가 되는 건가요??
8707	장군	2026-01-19 12:16:17	SD동물의료센터 서울점	채팅 운영시간 안내
8707	장군	2026-01-19 12:16:17	SD동물의료센터 서울점	✅ 본 채널에서는 진료 예약과 입원 환자 사진·안내를 받아보실 수 있습니다. (14:00~16:00, 1회)

📌 다만, 진료·증상 상담은 채널에서 진행하지 않으며, 내원 시 의료진과 직접 상담 부탁드립니다.

더 나은 진료 서비스를 위해 최선을 다하겠습니다. 감사합니다.
8707	장군	2026-01-19 12:20:21	SD동물의료센터 서울점	내복약 조제 1일 2회 말씀하시는 것일까요?
8707	장군	2026-01-19 12:26:47	최현민	네 맞습니다
8707	장군	2026-01-19 12:26:47	SD동물의료센터 서울점	채팅 운영시간 안내
8707	장군	2026-01-19 12:26:47	SD동물의료센터 서울점	✅ 본 채널에서는 진료 예약과 입원 환자 사진·안내를 받아보실 수 있습니다. (14:00~16:00, 1회)

📌 다만, 진료·증상 상담은 채널에서 진행하지 않으며, 내원 시 의료진과 직접 상담 부탁드립니다.

더 나은 진료 서비스를 위해 최선을 다하겠습니다. 감사합니다.
8707	장군	2026-01-19 12:29:51	SD동물의료센터 서울점	위 내용은 약을 조제할 때 모두 청구되는 비용이며, 아래의 강심제, 혈관확장제는 고가약물로 인해 약물에 대한 비용이 따로 청구되는 것입니다.
8707	장군	2026-01-19 12:45:00	최현민	네넵 알겠습니다 ! 
8707	장군	2026-01-19 12:45:00	SD동물의료센터 서울점	채팅 운영시간 안내
8707	장군	2026-01-19 12:45:00	SD동물의료센터 서울점	✅ 본 채널에서는 진료 예약과 입원 환자 사진·안내를 받아보실 수 있습니다. (14:00~16:00, 1회)

📌 다만, 진료·증상 상담은 채널에서 진행하지 않으며, 내원 시 의료진과 직접 상담 부탁드립니다.

더 나은 진료 서비스를 위해 최선을 다하겠습니다. 감사합니다.
8707	장군	2026-01-30 19:21:01	최현민	안녕하세요.  병원에 다니는 장군이 보호자 입니다. 
현재 복용 중인 심장약이 다 소진되어 1주치 추가 처방을 요청드리고 싶습니다 ! 
8707	장군	2026-01-30 19:21:02	SD동물의료센터 서울점	채팅 운영시간 안내
8707	장군	2026-01-30 19:21:02	SD동물의료센터 서울점	✅ 본 채널에서는 진료 예약과 입원 환자 사진·안내를 받아보실 수 있습니다. (14:00~16:00, 1회)

📌 다만, 진료·증상 상담은 채널에서 진행하지 않으며, 내원 시 의료진과 직접 상담 부탁드립니다.

더 나은 진료 서비스를 위해 최선을 다하겠습니다. 감사합니다.
8707	장군	2026-01-30 19:35:16	SD동물의료센터 서울점	안녕하세요 보호자님 심장약 조제요청 주치의선생님께 전달드리겠습니다. 아이 특이사항은 없으셨을까요? 픽업은 언제 가능하신지 확인 부탁드립니다 :)
8707	장군	2026-01-30 19:58:07	최현민	약을 추가하고 부터 살짝 묽은 변을 보는거 빼고는 특이사항은 없습니다 
8707	장군	2026-01-30 19:58:07	SD동물의료센터 서울점	채팅 운영시간 안내
8707	장군	2026-01-30 19:58:07	SD동물의료센터 서울점	✅ 본 채널에서는 진료 예약과 입원 환자 사진·안내를 받아보실 수 있습니다. (14:00~16:00, 1회)

📌 다만, 진료·증상 상담은 채널에서 진행하지 않으며, 내원 시 의료진과 직접 상담 부탁드립니다.

더 나은 진료 서비스를 위해 최선을 다하겠습니다. 감사합니다.
8707	장군	2026-01-30 19:58:17	최현민	약은 내일 오후쯤에 픽업가능 할까요?
8707	장군	2026-01-30 19:58:17	SD동물의료센터 서울점	채팅 운영시간 안내
8707	장군	2026-01-30 19:58:17	SD동물의료센터 서울점	✅ 본 채널에서는 진료 예약과 입원 환자 사진·안내를 받아보실 수 있습니다. (14:00~16:00, 1회)

📌 다만, 진료·증상 상담은 채널에서 진행하지 않으며, 내원 시 의료진과 직접 상담 부탁드립니다.

더 나은 진료 서비스를 위해 최선을 다하겠습니다. 감사합니다.
8707	장군	2026-01-30 19:58:57	SD동물의료센터 서울점	네 보호자님 내일 찾으러 오시면 됩니다 내일 뵙겠습니다 :)
8707	장군	2026-01-30 21:49:22	최현민	감사합니다. 내일 뵙겠습니다 !
8707	장군	2026-01-30 21:49:22	SD동물의료센터 서울점	채팅 운영시간 안내
8707	장군	2026-01-30 21:49:22	SD동물의료센터 서울점	✅ 본 채널에서는 진료 예약과 입원 환자 사진·안내를 받아보실 수 있습니다. (14:00~16:00, 1회)

📌 다만, 진료·증상 상담은 채널에서 진행하지 않으며, 내원 시 의료진과 직접 상담 부탁드립니다.

더 나은 진료 서비스를 위해 최선을 다하겠습니다. 감사합니다.
8707	장군	2026-02-13 18:29:54	최현민	진료시간/영업시간
8707	장군	2026-02-13 18:29:54	SD동물의료센터 서울점(메뉴)	SD동물의료센터 서울점은
365일 24시간 연중무휴
아이들을 돌보고 있습니다.

◼︎ 주간진료 : 오전 10시~오후 10시
◼︎ 야간진료 : 오후 10시~오전 10시
◼︎ 회진시간 : 오후 1시~오후 2시

* 우리 병원은 진료예약 우선제로 예약환자를 우선으로 진료합니다. 
* 예약 없이 내원시, 대기시간이 발생할 수 있는 점 양해부탁드립니다.
* 회진시간에는 입원환자 인계업무로 인해 진료가 불가합니다. 

🚨 응급상황 발생 시, 본원 대표전화(02-2039-0303)로 연락주세요!
8707	장군	2026-02-16 14:47:18	SD동물의료센터 서울점	사진
8707	장군	2026-02-16 14:47:20	SD동물의료센터 서울점	동영상
8707	장군	2026-02-16 14:47:25	SD동물의료센터 서울점	안녕하세요 장군이 보호자님! 장군이는 내원 후 입원장에서 수액처치를 받으며 휴식 중에 있습니다. 쉬고있는 장군이 사진과 영상 함께 보내드립니다, 감사합니다 :)
8707	장군	2026-02-16 15:27:11	SD동물의료센터 서울점	안녕하세요 보호자님.
장군이 마취 후 수술 들어간다고 연락드렸으나 부재중이셔서 채널 남겨드립니다. 수술 잘 마친 후 다시 한번 연락드리겠습니다. :)
8707	장군	2026-02-16 15:42:37	최현민	네네 감사합니다...! 잘 부탁 드리겠습니다 !!
8707	장군	2026-02-16 15:42:37	SD동물의료센터 서울점	채팅 운영시간 안내
8707	장군	2026-02-16 15:42:37	SD동물의료센터 서울점	✅ 본 채널에서는 진료 예약과 입원 환자 사진·안내를 받아보실 수 있습니다. (14:00~16:00, 1회)

📌 다만, 진료·증상 상담은 채널에서 진행하지 않으며, 내원 시 의료진과 직접 상담 부탁드립니다.

더 나은 진료 서비스를 위해 최선을 다하겠습니다. 감사합니다.
8707	장군	2026-02-25 13:00:12	최현민	안녕하세요. 장군이 보호자 입니다. 
현재 복용 중인 심장약이 소진되어 1주치 추가 처방을 요청드리고 싶습니다 !  
방문 시간은 금일 3시쯤 괜찮을까요?
8707	장군	2026-02-25 13:00:12	SD동물의료센터 서울점	채팅 운영시간 안내
8707	장군	2026-02-25 13:00:12	SD동물의료센터 서울점	✅ 본 채널에서는 진료 예약과 입원 환자 사진·안내를 받아보실 수 있습니다. (14:00~16:00, 1회)

📌 다만, 진료·증상 상담은 채널에서 진행하지 않으며, 내원 시 의료진과 직접 상담 부탁드립니다.

더 나은 진료 서비스를 위해 최선을 다하겠습니다. 감사합니다.
8707	장군	2026-02-25 13:03:31	SD동물의료센터 서울점	보호자님. 주치의 선생님께 전달드리겠습니다. 감사합니다
8707	장군	2026-02-25 14:39:07	최현민	네넵 약은 어머니가 받으러 5시까지 간다고 하십니다 !!
8707	장군	2026-02-25 14:39:07	SD동물의료센터 서울점	채팅 운영시간 안내
8707	장군	2026-02-25 14:39:07	SD동물의료센터 서울점	✅ 본 채널에서는 진료 예약과 입원 환자 사진·안내를 받아보실 수 있습니다. (14:00~16:00, 1회)

📌 다만, 진료·증상 상담은 채널에서 진행하지 않으며, 내원 시 의료진과 직접 상담 부탁드립니다.

더 나은 진료 서비스를 위해 최선을 다하겠습니다. 감사합니다.
8707	장군	2026-03-06 15:47:41	최현민	 안녕하세요. 장군이 보호자 입니다. 
현재 복용 중인 심장약이 소진되어 한달치 
추가 처방을 요청드리고 싶습니다 !  
방문 시간은 금일 저녁 8시쯤 괜찮을까요? 
8707	장군	2026-03-06 15:47:41	SD동물의료센터 서울점	채팅 운영시간 안내
8707	장군	2026-03-06 15:47:41	SD동물의료센터 서울점	✅ 본 채널에서는 진료 예약과 입원 환자 사진·안내를 받아보실 수 있습니다. (14:00~16:00, 1회)

📌 다만, 진료·증상 상담은 채널에서 진행하지 않으며, 내원 시 의료진과 직접 상담 부탁드립니다.

더 나은 진료 서비스를 위해 최선을 다하겠습니다. 감사합니다.
8707	장군	2026-03-06 15:49:09	SD동물의료센터 서울점	안녕하세요 보호자님 아이 특이사항은 없을까요? 마지막 몸무게측정 시 11.4kg으로 확인되는데 체중변화 없는지도 확인 부탁드립니다!
8707	장군	2026-03-06 15:54:47	최현민	네 변화는 없습니다!! 
8707	장군	2026-03-06 15:54:47	SD동물의료센터 서울점	채팅 운영시간 안내
8707	장군	2026-03-06 15:54:47	SD동물의료센터 서울점	✅ 본 채널에서는 진료 예약과 입원 환자 사진·안내를 받아보실 수 있습니다. (14:00~16:00, 1회)

📌 다만, 진료·증상 상담은 채널에서 진행하지 않으며, 내원 시 의료진과 직접 상담 부탁드립니다.

더 나은 진료 서비스를 위해 최선을 다하겠습니다. 감사합니다.
8707	장군	2026-03-06 16:21:47	SD동물의료센터 서울점	네 보호자님 주치의 선생님께 전달드리겠습니다
8707	장군	2026-03-06 16:23:01	SD동물의료센터 서울점	심장약 30일치 조제 가능 여부 확인 후 답변드리겠습니다. 또한, 3월부터 병원비 인상으로 인한 내복약 비용도 변동이 있을 예정으로 참고 부탁드립니다.
8707	장군	2026-03-06 16:30:17	SD동물의료센터 서울점	보호자님, 내복약 4주치 (28일치) 준비해드리겠습니다:)
8707	장군	2026-03-06 16:48:34	최현민	네 감사합니다!
8707	장군	2026-03-06 16:48:34	SD동물의료센터 서울점	채팅 운영시간 안내
8707	장군	2026-03-06 16:48:34	SD동물의료센터 서울점	✅ 본 채널에서는 진료 예약과 입원 환자 사진·안내를 받아보실 수 있습니다. (14:00~16:00, 1회)

📌 다만, 진료·증상 상담은 채널에서 진행하지 않으며, 내원 시 의료진과 직접 상담 부탁드립니다.

더 나은 진료 서비스를 위해 최선을 다하겠습니다. 감사합니다.
8707	장군	2026-04-09 19:19:38	최현민	 안녕하세요. 장군이 보호자 입니다. 
심장약이 소진되어 한달치 
추가 처방을 요청 드리고 싶습니다 !  
방문 시간은 내일 오후 7시10분 괜찮을까요? 
8707	장군	2026-04-09 19:19:38	SD동물의료센터 서울점	채팅 운영시간 안내
8707	장군	2026-04-09 19:19:38	SD동물의료센터 서울점	✅ 본 채널에서는 진료 예약과 입원 환자 사진·안내를 받아보실 수 있습니다. (14:00~16:00, 1회)

📌 다만, 진료·증상 상담은 채널에서 진행하지 않으며, 내원 시 의료진과 직접 상담 부탁드립니다.

더 나은 진료 서비스를 위해 최선을 다하겠습니다. 감사합니다.
8707	장군	2026-04-09 20:17:53	SD동물의료센터 서울점	안녕하세요 보호자님.
심장약 한달분 주치의선생님께 확인 후 조제 도와드리겠습니다.
장군이 특이사항이나 체중변화는 없었을까요~?
8707	장군	2026-04-09 21:20:38	최현민	넵 변화나 특이사항 없습니다!
8707	장군	2026-04-09 21:20:38	SD동물의료센터 서울점	채팅 운영시간 안내
8707	장군	2026-04-09 21:20:38	SD동물의료센터 서울점	✅ 본 채널에서는 진료 예약과 입원 환자 사진·안내를 받아보실 수 있습니다. (14:00~16:00, 1회)

📌 다만, 진료·증상 상담은 채널에서 진행하지 않으며, 내원 시 의료진과 직접 상담 부탁드립니다.

더 나은 진료 서비스를 위해 최선을 다하겠습니다. 감사합니다.
8707	장군	2026-04-09 21:31:01	SD동물의료센터 서울점	네 주치의선생님이 내일 오전출근이셔서  오전중으로 확인 후 조제해 두겠습니다. :\)
8707	장군	2026-04-13 11:08:13	최현민	안녕하세요. 장군이 보호자 입니다!   장군이가 2달 전,  입술부분 수술한 곳에 혹이 빠르게 또 재발해서 주치의 선생님 진료를 보고 싶은데 혹시 이번 주 평일 오후 6시30분 이후로 빠른 예약 가능한 날짜가 있을까요..?
8707	장군	2026-04-13 11:08:13	SD동물의료센터 서울점	채팅 운영시간 안내
8707	장군	2026-04-13 11:08:13	SD동물의료센터 서울점	✅ 본 채널에서는 진료 예약과 입원 환자 사진·안내를 받아보실 수 있습니다. (14:00~16:00, 1회)

📌 다만, 진료·증상 상담은 채널에서 진행하지 않으며, 내원 시 의료진과 직접 상담 부탁드립니다.

더 나은 진료 서비스를 위해 최선을 다하겠습니다. 감사합니다.
8707	장군	2026-04-13 11:16:34	SD동물의료센터 서울점	당일 오후 19시30분, 익일 오후 19시30분, 수요일 오후 19시가 가장 빠릅니다.
8707	장군	2026-04-13 11:18:36	최현민	내일 오후 19시30분에 예약 해주시면 감사하겠습니다 !
8707	장군	2026-04-13 11:18:36	SD동물의료센터 서울점	채팅 운영시간 안내
8707	장군	2026-04-13 11:18:36	SD동물의료센터 서울점	✅ 본 채널에서는 진료 예약과 입원 환자 사진·안내를 받아보실 수 있습니다. (14:00~16:00, 1회)

📌 다만, 진료·증상 상담은 채널에서 진행하지 않으며, 내원 시 의료진과 직접 상담 부탁드립니다.

더 나은 진료 서비스를 위해 최선을 다하겠습니다. 감사합니다.
8707	장군	2026-04-13 11:20:13	SD동물의료센터 서울점	네 그럼 내일뵙겠습니다. :)
8707	장군	2026-04-13 11:20:53	SD동물의료센터 서울점	채팅 운영시간 안내
8707	장군	2026-04-13 11:20:53	SD동물의료센터 서울점	✅ 본 채널에서는 진료 예약과 입원 환자 사진·안내를 받아보실 수 있습니다. (14:00~16:00, 1회)

📌 다만, 진료·증상 상담은 채널에서 진행하지 않으며, 내원 시 의료진과 직접 상담 부탁드립니다.

더 나은 진료 서비스를 위해 최선을 다하겠습니다. 감사합니다.
8707	장군	2026-04-13 11:20:53	최현민	네 감사합니다 수고하십쇼!
8707	장군	2026-04-20 17:24:44	최현민	안녕하세요. 장군이 보호자 입니다.
장군이 입술에 혹 재수술 관련하여 날짜를 잡고 싶은데 ,4월 22일(수) 15시 이후로 가능한 빠른 날짜가 언제인지 알 수 있을까요??

8707	장군	2026-04-20 17:24:44	SD동물의료센터 서울점	채팅 운영시간 안내
8707	장군	2026-04-20 17:24:44	SD동물의료센터 서울점	✅ 본 채널에서는 진료 예약과 입원 환자 사진·안내를 받아보실 수 있습니다. (14:00~16:00, 1회)

📌 다만, 진료·증상 상담은 채널에서 진행하지 않으며, 내원 시 의료진과 직접 상담 부탁드립니다.

더 나은 진료 서비스를 위해 최선을 다하겠습니다. 감사합니다.
8707	장군	2026-04-20 17:31:30	SD동물의료센터 서울점	안녕하세요 보호자님 4/27 월 10:30, 12시, 14:30 내원 가능하실까요?
8707	장군	2026-04-20 17:32:44	최현민	4/27(월) 오전 10:30분 내원 가능 할 것 같습니다 ! 
8707	장군	2026-04-20 17:32:44	SD동물의료센터 서울점	채팅 운영시간 안내
8707	장군	2026-04-20 17:32:44	SD동물의료센터 서울점	✅ 본 채널에서는 진료 예약과 입원 환자 사진·안내를 받아보실 수 있습니다. (14:00~16:00, 1회)

📌 다만, 진료·증상 상담은 채널에서 진행하지 않으며, 내원 시 의료진과 직접 상담 부탁드립니다.

더 나은 진료 서비스를 위해 최선을 다하겠습니다. 감사합니다.
8707	장군	2026-04-20 17:35:57	SD동물의료센터 서울점	네 보호자님 4/27 월 10:30으로 예약해드렸습니다 감사합니다 :)
8707	장군	2026-04-20 17:36:49	최현민	네 감사합니다 .
8707	장군	2026-04-20 17:36:49	SD동물의료센터 서울점	채팅 운영시간 안내
8707	장군	2026-04-20 17:36:49	SD동물의료센터 서울점	✅ 본 채널에서는 진료 예약과 입원 환자 사진·안내를 받아보실 수 있습니다. (14:00~16:00, 1회)

📌 다만, 진료·증상 상담은 채널에서 진행하지 않으며, 내원 시 의료진과 직접 상담 부탁드립니다.

더 나은 진료 서비스를 위해 최선을 다하겠습니다. 감사합니다.
8707	장군	2026-04-27 14:16:51	SD동물의료센터 서울점	사진
8707	장군	2026-04-27 14:16:54	SD동물의료센터 서울점	동영상
8707	장군	2026-04-27 14:16:57	SD동물의료센터 서울점	안녕하세요 장군이 보호자님~ 장군이는 내원해서 수액을 맞으며 잘 쉬고 있습니다. 수술전후 한번더 연락드리겠습니다. 사진 및 영상 보내드려요 :)
8707	장군	2026-04-27 14:19:53	최현민	네 감사합니다..! 잘 부탁드리겠습니다!
8707	장군	2026-04-27 14:19:53	SD동물의료센터 서울점	채팅 운영시간 안내
8707	장군	2026-04-27 14:19:53	SD동물의료센터 서울점	✅ 본 채널에서는 진료 예약과 입원 환자 사진·안내를 받아보실 수 있습니다. (14:00~16:00, 1회)

📌 다만, 진료·증상 상담은 채널에서 진행하지 않으며, 내원 시 의료진과 직접 상담 부탁드립니다.

더 나은 진료 서비스를 위해 최선을 다하겠습니다. 감사합니다.
8707	장군	2026-05-04 13:27:24	SD동물의료센터 서울점	채팅 운영시간 안내
8707	장군	2026-05-04 13:27:24	SD동물의료센터 서울점	✅ 본 채널에서는 진료 예약과 입원 환자 사진·안내를 받아보실 수 있습니다. (14:00~16:00, 1회)

📌 다만, 진료·증상 상담은 채널에서 진행하지 않으며, 내원 시 의료진과 직접 상담 부탁드립니다.

더 나은 진료 서비스를 위해 최선을 다하겠습니다. 감사합니다.
8707	장군	2026-05-04 13:27:24	최현민	안녕하세요. 장군이보호자 입니다. 혹시 항암테스트 한거 결과는 아직 안나왔을까요?
8707	장군	2026-05-04 13:56:47	SD동물의료센터 서울점	안녕하세요 보호자님, 검사결과 나오는데 시간이 다소 소요되어 아직 결과 전입니다. 결과 나오면 연락 드리도록 하겠습니다 :)
8707	장군	2026-05-05 13:59:40	최현민	네 감사합니다. 결과 나올때 수술부위 실밥 풀러 가도 괜찮을까요?
8707	장군	2026-05-05 13:59:40	SD동물의료센터 서울점	채팅 운영시간 안내
8707	장군	2026-05-05 13:59:40	SD동물의료센터 서울점	✅ 본 채널에서는 진료 예약과 입원 환자 사진·안내를 받아보실 수 있습니다. (14:00~16:00, 1회)

📌 다만, 진료·증상 상담은 채널에서 진행하지 않으며, 내원 시 의료진과 직접 상담 부탁드립니다.

더 나은 진료 서비스를 위해 최선을 다하겠습니다. 감사합니다.
8707	장군	2026-05-05 14:08:46	SD동물의료센터 서울점	실밥제거는 수술 이후 10-14일 정도 후에 진행해주시면 되셔서 혹시라도 검사결과가 좀더 늦게 나오는 경우 실밥제거 먼저 하러 오시는게 좋을듯 합니다 :)
8707	장군	2026-05-05 14:29:31	최현민	네 알겠습니다. 감사합니다
8707	장군	2026-05-05 14:29:31	SD동물의료센터 서울점	채팅 운영시간 안내
8707	장군	2026-05-05 14:29:31	SD동물의료센터 서울점	✅ 본 채널에서는 진료 예약과 입원 환자 사진·안내를 받아보실 수 있습니다. (14:00~16:00, 1회)

📌 다만, 진료·증상 상담은 채널에서 진행하지 않으며, 내원 시 의료진과 직접 상담 부탁드립니다.

더 나은 진료 서비스를 위해 최선을 다하겠습니다. 감사합니다.
8707	장군	2026-05-08 10:39:03	최현민	안녕하세요. 장군이 보호자 입니다. 
복용중인 심장약이 소진되어 한달치 
추가 처방을 요청 드려요! 
추가로 수술부위 실밥제거까지 하려고 하는데 
방문은 내일 오전 괜찮을까요? 
8707	장군	2026-05-08 10:39:03	SD동물의료센터 서울점	채팅 운영시간 안내
8707	장군	2026-05-08 10:39:03	SD동물의료센터 서울점	✅ 본 채널에서는 진료 예약과 입원 환자 사진·안내를 받아보실 수 있습니다. (14:00~16:00, 1회)

📌 다만, 진료·증상 상담은 채널에서 진행하지 않으며, 내원 시 의료진과 직접 상담 부탁드립니다.

더 나은 진료 서비스를 위해 최선을 다하겠습니다. 감사합니다.
8707	장군	2026-05-08 10:55:25	SD동물의료센터 서울점	안녕하세요 장군이보호자님
혹시 통화 가능하실까요?
8707	장군	2026-05-08 10:55:43	최현민	네넵 가능합니다.
8707	장군	2026-05-08 10:55:43	SD동물의료센터 서울점	채팅 운영시간 안내
8707	장군	2026-05-08 10:55:43	SD동물의료센터 서울점	✅ 본 채널에서는 진료 예약과 입원 환자 사진·안내를 받아보실 수 있습니다. (14:00~16:00, 1회)

📌 다만, 진료·증상 상담은 채널에서 진행하지 않으며, 내원 시 의료진과 직접 상담 부탁드립니다.

더 나은 진료 서비스를 위해 최선을 다하겠습니다. 감사합니다.
8707	장군	2026-05-08 11:02:55	SD동물의료센터 서울점	유선안내 완료입니다
감사합니다!
8707	장군	2026-05-08 11:03:25	SD동물의료센터 서울점	✅ 본 채널에서는 진료 예약과 입원 환자 사진·안내를 받아보실 수 있습니다. (14:00~16:00, 1회)

📌 다만, 진료·증상 상담은 채널에서 진행하지 않으며, 내원 시 의료진과 직접 상담 부탁드립니다.

더 나은 진료 서비스를 위해 최선을 다하겠습니다. 감사합니다.
8707	장군	2026-05-08 11:03:25	최현민	네 수고하십쇼 !
8707	장군	2026-05-08 11:03:25	SD동물의료센터 서울점	채팅 운영시간 안내
8707	장군	2026-05-11 20:51:50	최현민	안녕하세요.  장군이 보호자 입니다. 약을 처방 받았는데 이게 어떤 약은지 다시 알 수 있을까요?
8707	장군	2026-05-11 20:51:50	SD동물의료센터 서울점	채팅 운영시간 안내
8707	장군	2026-05-11 20:51:50	SD동물의료센터 서울점	✅ 본 채널에서는 진료 예약과 입원 환자 사진·안내를 받아보실 수 있습니다. (14:00~16:00, 1회)

📌 다만, 진료·증상 상담은 채널에서 진행하지 않으며, 내원 시 의료진과 직접 상담 부탁드립니다.

더 나은 진료 서비스를 위해 최선을 다하겠습니다. 감사합니다.
8707	장군	2026-05-11 21:05:48	SD동물의료센터 서울점	안녕하세요 보호자님. 
오늘 처방된 약은 진통소염제로 항암보조제정도로 생각해주시면 될 것 같습니다. :)
8707	장군	2026-06-17 17:40:57	최현민	안녕하세요 장군이 보호자입니다. 급한 일 이 생겨 18일 2시 방문이 좀 어려 울 것 같아서요ㅜㅜ 혹시  평일 제외한 주말에 가능한 예약 시간이 있을까요?
8707	장군	2026-06-17 17:40:57	SD동물의료센터 서울점	채팅 운영시간 안내
8707	장군	2026-06-17 17:40:57	SD동물의료센터 서울점	✅ 본 채널에서는 진료 예약과 입원 환자 사진·안내를 받아보실 수 있습니다. (14:00~16:00, 1회)

📌 다만, 진료·증상 상담은 채널에서 진행하지 않으며, 내원 시 의료진과 직접 상담 부탁드립니다.

더 나은 진료 서비스를 위해 최선을 다하겠습니다. 감사합니다.
8707	장군	2026-06-17 17:58:07	SD동물의료센터 서울점	안녕하세요 보호자님, 그러시면 21일 일요일 오후 12시 괜찮으실까요?
8707	장군	2026-06-17 17:58:22	SD동물의료센터 서울점	토요일은 주치의 선생님 휴진이셔서 일요일 가능할 듯 합니다 :)
8707	장군	2026-06-17 17:58:35	최현민	네넵 21일 가능합니다!
8707	장군	2026-06-17 17:58:35	SD동물의료센터 서울점	채팅 운영시간 안내
8707	장군	2026-06-17 17:58:35	SD동물의료센터 서울점	✅ 본 채널에서는 진료 예약과 입원 환자 사진·안내를 받아보실 수 있습니다. (14:00~16:00, 1회)

📌 다만, 진료·증상 상담은 채널에서 진행하지 않으며, 내원 시 의료진과 직접 상담 부탁드립니다.

더 나은 진료 서비스를 위해 최선을 다하겠습니다. 감사합니다.
8707	장군	2026-06-17 18:08:43	SD동물의료센터 서울점	네 보호자님, 21일 일요일 오후 12시로 변경 도와드리겠습니다. 감사합니다 :)
8707	장군	2026-06-17 18:47:55	최현민	넵 감사합니다!
8707	장군	2026-06-17 18:47:55	SD동물의료센터 서울점	채팅 운영시간 안내
8707	장군	2026-06-17 18:47:55	SD동물의료센터 서울점	✅ 본 채널에서는 진료 예약과 입원 환자 사진·안내를 받아보실 수 있습니다. (14:00~16:00, 1회)

📌 다만, 진료·증상 상담은 채널에서 진행하지 않으며, 내원 시 의료진과 직접 상담 부탁드립니다.

더 나은 진료 서비스를 위해 최선을 다하겠습니다. 감사합니다.
8707	장군	2026-07-06 10:58:30	최현민	안녕하세요. 장군이 보호자 입니다. 
복용중인 심장약이 소진되어 2주치  
추가 처방 요청 드립니다!
8707	장군	2026-07-06 10:58:30	SD동물의료센터 서울점	채팅 운영시간 안내
8707	장군	2026-07-06 10:58:30	SD동물의료센터 서울점	✅ 본 채널에서는 진료 예약과 입원 환자 사진·안내를 받아보실 수 있습니다. (14:00~16:00, 1회)

📌 다만, 진료·증상 상담은 채널에서 진행하지 않으며, 내원 시 의료진과 직접 상담 부탁드립니다.

더 나은 진료 서비스를 위해 최선을 다하겠습니다. 감사합니다.
8707	장군	2026-07-06 11:32:42	SD동물의료센터 서울점	안녕하세요 보호자님!
장군이 체중변화나 특이사항은 없었을까요~?
8707	장군	2026-07-06 11:33:43	최현민	넵 없습니다 !
8707	장군	2026-07-06 11:33:43	SD동물의료센터 서울점	채팅 운영시간 안내
8707	장군	2026-07-06 11:33:43	SD동물의료센터 서울점	✅ 본 채널에서는 진료 예약과 입원 환자 사진·안내를 받아보실 수 있습니다. (14:00~16:00, 1회)

📌 다만, 진료·증상 상담은 채널에서 진행하지 않으며, 내원 시 의료진과 직접 상담 부탁드립니다.

더 나은 진료 서비스를 위해 최선을 다하겠습니다. 감사합니다.
8707	장군	2026-07-06 11:34:21	SD동물의료센터 서울점	네 몇시쯤 픽업 오실까요~?
8707	장군	2026-07-06 11:34:56	최현민	5시30분까지 픽업하러 가겠습니다 !!
8707	장군	2026-07-06 11:34:56	SD동물의료센터 서울점	채팅 운영시간 안내
8707	장군	2026-07-06 11:34:56	SD동물의료센터 서울점	✅ 본 채널에서는 진료 예약과 입원 환자 사진·안내를 받아보실 수 있습니다. (14:00~16:00, 1회)

📌 다만, 진료·증상 상담은 채널에서 진행하지 않으며, 내원 시 의료진과 직접 상담 부탁드립니다.

더 나은 진료 서비스를 위해 최선을 다하겠습니다. 감사합니다.
8707	장군	2026-07-06 11:37:02	SD동물의료센터 서울점	네 이따 뵙겠습니다. :)
8707	장군	2026-07-06 15:08:06	SD동물의료센터 서울점	보호자님!
혹시 항암제는 아직 여분 남아 있으실까요?
8707	장군	2026-07-06 15:10:20	최현민	항암제는 효과가 없는거 같아서...
8707	장군	2026-07-06 15:10:20	SD동물의료센터 서울점	채팅 운영시간 안내
8707	장군	2026-07-06 15:10:20	SD동물의료센터 서울점	✅ 본 채널에서는 진료 예약과 입원 환자 사진·안내를 받아보실 수 있습니다. (14:00~16:00, 1회)

📌 다만, 진료·증상 상담은 채널에서 진행하지 않으며, 내원 시 의료진과 직접 상담 부탁드립니다.

더 나은 진료 서비스를 위해 최선을 다하겠습니다. 감사합니다.
8707	장군	2026-07-06 15:10:54	최현민	가족들이 먹이지 말자고 하자고 했습니다.
8707	장군	2026-07-06 15:10:54	SD동물의료센터 서울점	채팅 운영시간 안내
8707	장군	2026-07-06 15:10:54	SD동물의료센터 서울점	✅ 본 채널에서는 진료 예약과 입원 환자 사진·안내를 받아보실 수 있습니다. (14:00~16:00, 1회)

📌 다만, 진료·증상 상담은 채널에서 진행하지 않으며, 내원 시 의료진과 직접 상담 부탁드립니다.

더 나은 진료 서비스를 위해 최선을 다하겠습니다. 감사합니다.
8707	장군	2026-07-06 15:18:00	최현민	혹시 항암제 1주일치 추가 처방 받으면 금액이 얼마정도 할까요? 
8707	장군	2026-07-06 15:18:00	SD동물의료센터 서울점	채팅 운영시간 안내
8707	장군	2026-07-06 15:18:00	SD동물의료센터 서울점	✅ 본 채널에서는 진료 예약과 입원 환자 사진·안내를 받아보실 수 있습니다. (14:00~16:00, 1회)

📌 다만, 진료·증상 상담은 채널에서 진행하지 않으며, 내원 시 의료진과 직접 상담 부탁드립니다.

더 나은 진료 서비스를 위해 최선을 다하겠습니다. 감사합니다.
8707	장군	2026-07-06 15:24:09	SD동물의료센터 서울점	현재 심장약 237,200원 이며, 항암제 7일분 추가 처방 시 10만원정도 추가청구됩니다.
8707	장군	2026-07-06 15:29:26	최현민	오늘은 심장약만 받으러 가겠습니다 ! 가족들이랑 좀더 상의 해보고 항암제는 다시 말씀 드리겠습니다 !
8707	장군	2026-07-06 15:29:26	SD동물의료센터 서울점	채팅 운영시간 안내
8707	장군	2026-07-06 15:29:26	SD동물의료센터 서울점	✅ 본 채널에서는 진료 예약과 입원 환자 사진·안내를 받아보실 수 있습니다. (14:00~16:00, 1회)

📌 다만, 진료·증상 상담은 채널에서 진행하지 않으며, 내원 시 의료진과 직접 상담 부탁드립니다.

더 나은 진료 서비스를 위해 최선을 다하겠습니다. 감사합니다.
8707	장군	2026-07-06 15:38:39	SD동물의료센터 서울점	네 보호자님, 심장약만 준비 도와드리겠습니다. 감사합니다 :)
8707	장군	2026-07-06 16:24:42	최현민	네 감사합니다. 
8707	장군	2026-07-06 16:24:42	SD동물의료센터 서울점	채팅 운영시간 안내
8707	장군	2026-07-06 16:24:42	SD동물의료센터 서울점	✅ 본 채널에서는 진료 예약과 입원 환자 사진·안내를 받아보실 수 있습니다. (14:00~16:00, 1회)

📌 다만, 진료·증상 상담은 채널에서 진행하지 않으며, 내원 시 의료진과 직접 상담 부탁드립니다.

더 나은 진료 서비스를 위해 최선을 다하겠습니다. 감사합니다.
8707	장군	2026-07-09 11:19:48	최현민	안녕하세요. 장군이 보호자 입니다. 
복용중인 항암제를 좀 더 먹여보려해서 
1주일치 추가 처방 요청 드립니다!
8707	장군	2026-07-09 11:19:48	SD동물의료센터 서울점	채팅 운영시간 안내
8707	장군	2026-07-09 11:19:48	SD동물의료센터 서울점	✅ 본 채널에서는 진료 예약과 입원 환자 사진·안내를 받아보실 수 있습니다. (14:00~16:00, 1회)

📌 다만, 진료·증상 상담은 채널에서 진행하지 않으며, 내원 시 의료진과 직접 상담 부탁드립니다.

더 나은 진료 서비스를 위해 최선을 다하겠습니다. 감사합니다.
8707	장군	2026-07-09 11:21:26	SD동물의료센터 서울점	안녕하세요 보호자님 주치의선생님께 확인 후 연락드려도 될까요?
8707	장군	2026-07-09 11:24:32	최현민	네넵 알겠습니다.
8707	장군	2026-07-09 11:24:32	SD동물의료센터 서울점	채팅 운영시간 안내
8707	장군	2026-07-09 11:24:32	SD동물의료센터 서울점	✅ 본 채널에서는 진료 예약과 입원 환자 사진·안내를 받아보실 수 있습니다. (14:00~16:00, 1회)

📌 다만, 진료·증상 상담은 채널에서 진행하지 않으며, 내원 시 의료진과 직접 상담 부탁드립니다.

더 나은 진료 서비스를 위해 최선을 다하겠습니다. 감사합니다.
8707	장군	2026-07-09 11:46:16	SD동물의료센터 서울점	보호자님 선생님 답변 확인 후 연락드립니다. 
조제 가능하다고 하셨고 픽업은 언제 하시는걸까요?
8707	장군	2026-07-09 11:48:57	최현민	금일 5시30분까지 가겠습니다 !
8707	장군	2026-07-09 11:48:57	SD동물의료센터 서울점	채팅 운영시간 안내
8707	장군	2026-07-09 11:48:57	SD동물의료센터 서울점	✅ 본 채널에서는 진료 예약과 입원 환자 사진·안내를 받아보실 수 있습니다. (14:00~16:00, 1회)

📌 다만, 진료·증상 상담은 채널에서 진행하지 않으며, 내원 시 의료진과 직접 상담 부탁드립니다.

더 나은 진료 서비스를 위해 최선을 다하겠습니다. 감사합니다.
8707	장군	2026-07-09 11:49:24	SD동물의료센터 서울점	네 선생님께 전달 드리겠습니다 감사합니다!
8707	장군	2026-07-21 19:37:10	SD동물의료센터 서울점	채팅 운영시간 안내
8707	장군	2026-07-21 19:37:10	SD동물의료센터 서울점	✅ 본 채널에서는 진료 예약과 입원 환자 사진·안내를 받아보실 수 있습니다. (14:00~16:00, 1회)

📌 다만, 진료·증상 상담은 채널에서 진행하지 않으며, 내원 시 의료진과 직접 상담 부탁드립니다.

더 나은 진료 서비스를 위해 최선을 다하겠습니다. 감사합니다.
8707	장군	2026-07-21 19:37:10	최현민	안녕하세요. 장군이 보호자입니다. 
장군이 재수술 했던 피지샘암종이 많이 커져서 수술비용을 주치의 선생님하고 상담을 받아봐야 될 거 같아 연락 드렸습니다..!
8707	장군	2026-07-21 19:38:18	SD동물의료센터 서울점	네 보호자님 수술 진행해주셨던 김규창원장님 앞으로 수술 상담 예약 잡아드리겠습니다. 언제 내원 가능하실까요?
8707	장군	2026-07-21 20:08:52	최현민	내일 5시30분 아니면 목요일 5시30분에 가능한 시간 있을까요?
8707	장군	2026-07-21 20:08:52	SD동물의료센터 서울점	채팅 운영시간 안내
8707	장군	2026-07-21 20:08:52	SD동물의료센터 서울점	✅ 본 채널에서는 진료 예약과 입원 환자 사진·안내를 받아보실 수 있습니다. (14:00~16:00, 1회)

📌 다만, 진료·증상 상담은 채널에서 진행하지 않으며, 내원 시 의료진과 직접 상담 부탁드립니다.

더 나은 진료 서비스를 위해 최선을 다하겠습니다. 감사합니다.
8707	장군	2026-07-21 20:13:23	SD동물의료센터 서울점	네 보호자님, 내일 오후 5시 30분 예약 가능합니다. 
이때로 예약 도와드릴까요? :)
8707	장군	2026-07-21 20:28:39	최현민	네넵 감사합니다!
8707	장군	2026-07-21 20:28:39	SD동물의료센터 서울점	채팅 운영시간 안내
8707	장군	2026-07-21 20:28:39	SD동물의료센터 서울점	✅ 본 채널에서는 진료 예약과 입원 환자 사진·안내를 받아보실 수 있습니다. (14:00~16:00, 1회)

📌 다만, 진료·증상 상담은 채널에서 진행하지 않으며, 내원 시 의료진과 직접 상담 부탁드립니다.

더 나은 진료 서비스를 위해 최선을 다하겠습니다. 감사합니다.
8707	장군	2026-07-21 20:28:57	SD동물의료센터 서울점	네 보호자님, 예약 도와드렸습니다. 감사합니다 :)
8707	장군	2026-07-21 22:08:13	최현민	감사합니다.
8707	장군	2026-07-21 22:08:13	SD동물의료센터 서울점	채팅 운영시간 안내
8707	장군	2026-07-21 22:08:13	SD동물의료센터 서울점	✅ 본 채널에서는 진료 예약과 입원 환자 사진·안내를 받아보실 수 있습니다. (14:00~16:00, 1회)

📌 다만, 진료·증상 상담은 채널에서 진행하지 않으며, 내원 시 의료진과 직접 상담 부탁드립니다.

더 나은 진료 서비스를 위해 최선을 다하겠습니다. 감사합니다.
8707	장군	2026-07-24 11:50:05	최현민	안녕하세요. 장군이 보호자 입니다. 
복용중인 심장약과 항암제가 소진되어 ,
각각 1주일치만 우선 요청드립니다 ! 
금일  5시30분까지 찾으러 가겠습니다ㅎㅎ

8707	장군	2026-07-24 11:50:06	SD동물의료센터 서울점	채팅 운영시간 안내
8707	장군	2026-07-24 11:50:06	SD동물의료센터 서울점	✅ 본 채널에서는 진료 예약과 입원 환자 사진·안내를 받아보실 수 있습니다. (14:00~16:00, 1회)

📌 다만, 진료·증상 상담은 채널에서 진행하지 않으며, 내원 시 의료진과 직접 상담 부탁드립니다.

더 나은 진료 서비스를 위해 최선을 다하겠습니다. 감사합니다.
8707	장군	2026-07-24 11:51:06	SD동물의료센터 서울점	안녕하세요 장군이보호자님
아이 특이사항 및 몸무게 변화는 없었을까요?
8707	장군	2026-07-24 11:52:46	최현민	넵 없습니다.
8707	장군	2026-07-24 11:52:47	SD동물의료센터 서울점	✅ 본 채널에서는 진료 예약과 입원 환자 사진·안내를 받아보실 수 있습니다. (14:00~16:00, 1회)

📌 다만, 진료·증상 상담은 채널에서 진행하지 않으며, 내원 시 의료진과 직접 상담 부탁드립니다.

더 나은 진료 서비스를 위해 최선을 다하겠습니다. 감사합니다.
8707	장군	2026-07-24 11:52:47	SD동물의료센터 서울점	채팅 운영시간 안내
8707	장군	2026-07-24 11:59:15	SD동물의료센터 서울점	네 주치의선생님께 심장약, 항암제 각 1주일치 요청하셨다고 전달드리겠습니다.
감사합니다.
8707	장군	2026-07-24 12:02:07	최현민	감사합니다 ! 
8707	장군	2026-07-24 12:02:07	SD동물의료센터 서울점	채팅 운영시간 안내
8707	장군	2026-07-24 12:02:07	SD동물의료센터 서울점	✅ 본 채널에서는 진료 예약과 입원 환자 사진·안내를 받아보실 수 있습니다. (14:00~16:00, 1회)

📌 다만, 진료·증상 상담은 채널에서 진행하지 않으며, 내원 시 의료진과 직접 상담 부탁드립니다.

더 나은 진료 서비스를 위해 최선을 다하겠습니다. 감사합니다.
8707	장군	2026-07-28 14:00:26	SD동물의료센터 서울점	(광고)7월의 SD링크가 도착했어요.
8707	장군	2026-08-05 13:29:21	최현민	안녕하세요. 장군이 보호자 입니다. 
복용중인 심장약이 소진되어 2주치  
추가 처방 요청 드립니다!
8707	장군	2026-08-05 13:29:21	SD동물의료센터 서울점	채팅 운영시간 안내
8707	장군	2026-08-05 13:29:21	SD동물의료센터 서울점	✅ 본 채널에서는 진료 예약과 입원 환자 사진·안내를 받아보실 수 있습니다. (14:00~16:00, 1회)

📌 다만, 진료·증상 상담은 채널에서 진행하지 않으며, 내원 시 의료진과 직접 상담 부탁드립니다.

더 나은 진료 서비스를 위해 최선을 다하겠습니다. 감사합니다.
8707	장군	2026-08-05 13:43:30	SD동물의료센터 서울점	안녕하세요 보호자님.
장군이 심장약만 조제 도와드리면 될까요?
특이사항이나 체중변화 있는지 말씀 부탁드리겠습니다. :)
8707	장군	2026-08-05 13:44:11	최현민	네넵 심장약만 조제 부탁드리겠습니다. 체중변화는 없습니다 !
8707	장군	2026-08-05 13:44:11	SD동물의료센터 서울점	채팅 운영시간 안내
8707	장군	2026-08-05 13:44:12	SD동물의료센터 서울점	✅ 본 채널에서는 진료 예약과 입원 환자 사진·안내를 받아보실 수 있습니다. (14:00~16:00, 1회)

📌 다만, 진료·증상 상담은 채널에서 진행하지 않으며, 내원 시 의료진과 직접 상담 부탁드립니다.

더 나은 진료 서비스를 위해 최선을 다하겠습니다. 감사합니다.
8707	장군	2026-08-05 13:44:46	SD동물의료센터 서울점	네 확인 감사합니다. :)
픽업은 몇시쯤 오실까요~?
8707	장군	2026-08-05 13:49:34	최현민	금일 5시30분 괜찮을까요?
8707	장군	2026-08-05 13:49:34	SD동물의료센터 서울점	채팅 운영시간 안내
8707	장군	2026-08-05 13:49:34	SD동물의료센터 서울점	✅ 본 채널에서는 진료 예약과 입원 환자 사진·안내를 받아보실 수 있습니다. (14:00~16:00, 1회)

📌 다만, 진료·증상 상담은 채널에서 진행하지 않으며, 내원 시 의료진과 직접 상담 부탁드립니다.

더 나은 진료 서비스를 위해 최선을 다하겠습니다. 감사합니다.
8707	장군	2026-08-05 13:51:01	SD동물의료센터 서울점	네 전달 드리겠습니다 :)
8707	장군	2026-08-05 13:51:46	최현민	감사합니다!
8707	장군	2026-08-05 13:51:46	SD동물의료센터 서울점	채팅 운영시간 안내
8753	라떼	2025-09-05 16:59:41	정여진/강남01여	안녕하세요~ 라떼 보호자입니다. 문재성부원장님, 13일 토요일 오전에 진료 가능한 시간이 있을까요?
8753	라떼	2025-09-05 17:00:07	SD동물의료센터 서울점	안녕하세요 보호자님 오전11시 예약가능하십니다 :)
8753	라떼	2025-09-05 17:00:29	정여진/강남01여	네~ 그럼 11시로 변경 부탁드립니당. 감사합니다 
8753	라떼	2025-09-05 17:01:18	SD동물의료센터 서울점	네 보호자님, 변경 도와드리겠습니다. 감사합니다 :)
8753	라떼	2025-09-13 10:04:40	정여진/강남01여	안녕하세요 오늘 예약 되어 있는 라떼 보호자입니다 제가 몸살이 나서 예약을 변경해야 할 것 같습니다. 문부원장님 월요일 진료 하시나요?
8753	라떼	2025-09-13 10:06:02	정여진/강남01여	월요일 진료 하시면 진료 가능한 시간이 있으실까요?
8753	라떼	2025-09-13 10:10:18	SD동물의료센터 서울점	보호자님. 9/15(월) 가장 빠른 시간은 10:30 이고 오후 2:30 이후도 가능합니다. 원하시는 시간 있으실까요?
8753	라떼	2025-09-13 10:11:31	정여진/강남01여	월요일 2시30분 예약부탁드려요^^
8753	라떼	2025-09-13 10:11:34	정여진/강남01여	감사합니다 
8753	라떼	2025-10-20 09:56:29	정여진/강남01여	안녕하세요 오늘 10시 예약한 라떼 보호자입니다 
8753	라떼	2025-10-20 09:56:29	SD동물의료센터 서울점	채팅 운영시간 안내
8753	라떼	2025-10-20 09:56:29	SD동물의료센터 서울점	✅ 본 채널에서는 진료 예약과 입원 환자 사진·안내를 받아보실 수 있습니다. (14:00~16:00, 1회)

📌 다만, 진료·증상 상담은 채널에서 진행하지 않으며, 내원 시 의료진과 직접 상담 부탁드립니다.

더 나은 진료 서비스를 위해 최선을 다하겠습니다. 감사합니다.
8753	라떼	2025-10-20 09:57:14	정여진/강남01여	예약을 11월3일 월요일 10시로 변경 가능할까요?
8753	라떼	2025-10-20 09:57:14	SD동물의료센터 서울점	채팅 운영시간 안내
8753	라떼	2025-10-20 09:57:14	SD동물의료센터 서울점	✅ 본 채널에서는 진료 예약과 입원 환자 사진·안내를 받아보실 수 있습니다. (14:00~16:00, 1회)

📌 다만, 진료·증상 상담은 채널에서 진행하지 않으며, 내원 시 의료진과 직접 상담 부탁드립니다.

더 나은 진료 서비스를 위해 최선을 다하겠습니다. 감사합니다.
8753	라떼	2025-10-20 10:11:39	SD동물의료센터 서울점	네 보호자님 예약 변경해드렸습니다 감사합니다:)
8753	라떼	2025-10-20 10:22:23	정여진/강남01여	감사합니다 
8753	라떼	2025-10-20 10:22:23	SD동물의료센터 서울점	채팅 운영시간 안내
8753	라떼	2025-10-20 10:22:23	SD동물의료센터 서울점	✅ 본 채널에서는 진료 예약과 입원 환자 사진·안내를 받아보실 수 있습니다. (14:00~16:00, 1회)

📌 다만, 진료·증상 상담은 채널에서 진행하지 않으며, 내원 시 의료진과 직접 상담 부탁드립니다.

더 나은 진료 서비스를 위해 최선을 다하겠습니다. 감사합니다.
8753	라떼	2026-02-05 16:43:22	정여진/강남01여	진료예약
8753	라떼	2026-02-05 16:43:22	SD동물의료센터 서울점(메뉴)	SD동물의료센터 서울점 진료 예약을 위해 아래 내용을 채팅에 남겨주세요.

◼︎ 보호자님 성함 / 연락처
◼︎ 반려동물 이름 / 간단한 증상

* 예약에 필요한 간단한 상담이 진행될 수 있습니다.
* 증상과 관련된 자세한 상담은 진료의 부분으로 예약 후 내원시 수의사 선생님과 상담 가능합니다. 
* 채널 상담은 병원 업무와 동시에 진행되어 원내 상황에 따라 빠른 응대가 어려울 수 있습니다. 

문의사항은 본원 대표전화(02-2039-0303)로 연락부탁드립니다.
8753	라떼	2026-05-25 08:01:41	정여진/강남01여	안녕하세요. 오늘 10시에 예약 되어 있는 라떼 보호자입니다. 혹시 5월 30일 오전 10시로 예약 변경 가능할까요? 
8753	라떼	2026-05-25 08:01:41	SD동물의료센터 서울점	채팅 운영시간 안내
8753	라떼	2026-05-25 08:01:41	SD동물의료센터 서울점	✅ 본 채널에서는 진료 예약과 입원 환자 사진·안내를 받아보실 수 있습니다. (14:00~16:00, 1회)

📌 다만, 진료·증상 상담은 채널에서 진행하지 않으며, 내원 시 의료진과 직접 상담 부탁드립니다.

더 나은 진료 서비스를 위해 최선을 다하겠습니다. 감사합니다.
8753	라떼	2026-05-25 10:04:48	SD동물의료센터 서울점	안녕하세요 보호자님.
30일 10시는 기존예약건으로 변경 어려우시고 10시30분 내원 가능하실까요?
8753	라떼	2026-07-25 13:41:28	SD동물의료센터 서울점	채팅 운영시간 안내
8753	라떼	2026-07-25 13:41:28	SD동물의료센터 서울점	✅ 본 채널에서는 진료 예약과 입원 환자 사진·안내를 받아보실 수 있습니다. (14:00~16:00, 1회)

📌 다만, 진료·증상 상담은 채널에서 진행하지 않으며, 내원 시 의료진과 직접 상담 부탁드립니다.

더 나은 진료 서비스를 위해 최선을 다하겠습니다. 감사합니다.
8753	라떼	2026-07-25 13:41:28	정여진/강남01여	라떼
8753	라떼	2026-07-25 13:42:36	SD동물의료센터 서울점	20260706_건강검진결과서_라떼(정여진님).pdf
8753	라떼	2026-07-25 13:42:51	SD동물의료센터 서울점	7/6 진행한 건강검진 결과서 송부드립니다. 감사합니다 :)
8753	라떼	2026-07-28 14:00:27	SD동물의료센터 서울점	(광고)7월의 SD링크가 도착했어요.
8753	라떼	2026-08-09 17:15:34	정여진/강남01여	안녕하세요 라떼 보호자입니다..내일 예약을 13일로 변경하고 싶은데 가능한 시간이 있을까요?
8753	라떼	2026-08-09 17:15:34	SD동물의료센터 서울점	채팅 운영시간 안내
8753	라떼	2026-08-09 17:15:34	SD동물의료센터 서울점	✅ 본 채널에서는 진료 예약과 입원 환자 사진·안내를 받아보실 수 있습니다. (14:00~16:00, 1회)

📌 다만, 진료·증상 상담은 채널에서 진행하지 않으며, 내원 시 의료진과 직접 상담 부탁드립니다.

더 나은 진료 서비스를 위해 최선을 다하겠습니다. 감사합니다.
8753	라떼	2026-08-09 17:33:35	SD동물의료센터 서울점	안녕하세요 보호자님 8/13 목 18시 내원 가능하실까요?
8753	라떼	2026-08-09 19:14:42	정여진/강남01여	너무 늦네요~ ㅎ 14일은요?^^
8753	라떼	2026-08-09 19:14:43	SD동물의료센터 서울점	채팅 운영시간 안내
8753	라떼	2026-08-09 19:14:43	SD동물의료센터 서울점	✅ 본 채널에서는 진료 예약과 입원 환자 사진·안내를 받아보실 수 있습니다. (14:00~16:00, 1회)

📌 다만, 진료·증상 상담은 채널에서 진행하지 않으며, 내원 시 의료진과 직접 상담 부탁드립니다.

더 나은 진료 서비스를 위해 최선을 다하겠습니다. 감사합니다.
8753	라떼	2026-08-09 19:15:44	SD동물의료센터 서울점	14일 금요일도 기존 예약일정으로 18시 예약 가능하십니다. :(
8753	라떼	2026-08-09 22:16:37	정여진/강남01여	18일은요?^^;;
8753	라떼	2026-08-09 22:16:37	SD동물의료센터 서울점	채팅 운영시간 안내
8753	라떼	2026-08-09 22:16:37	SD동물의료센터 서울점	✅ 본 채널에서는 진료 예약과 입원 환자 사진·안내를 받아보실 수 있습니다. (14:00~16:00, 1회)

📌 다만, 진료·증상 상담은 채널에서 진행하지 않으며, 내원 시 의료진과 직접 상담 부탁드립니다.

더 나은 진료 서비스를 위해 최선을 다하겠습니다. 감사합니다.
8753	라떼	2026-08-10 09:02:25	SD동물의료센터 서울점	8/18(화) 오전10시 예약 가능하십니다.
이때로 변경 도와드릴까요?
8753	라떼	2026-08-10 09:19:28	정여진/강남01여	네 감사합니다 ^^
8753	라떼	2026-08-10 09:19:28	SD동물의료센터 서울점	채팅 운영시간 안내
8753	라떼	2026-08-10 09:19:28	SD동물의료센터 서울점	✅ 본 채널에서는 진료 예약과 입원 환자 사진·안내를 받아보실 수 있습니다. (14:00~16:00, 1회)

📌 다만, 진료·증상 상담은 채널에서 진행하지 않으며, 내원 시 의료진과 직접 상담 부탁드립니다.

더 나은 진료 서비스를 위해 최선을 다하겠습니다. 감사합니다.
8823	로랑	2025-08-12 15:29:58	유진	로랑
8823	로랑	2025-08-12 15:42:28	SD동물의료센터 서울점	동영상
8823	로랑	2025-08-12 15:42:30	SD동물의료센터 서울점	안녕하세요 로랑이 보호자님 로랑이 입워장에서 수액맞으며 휴식하고 있습니다 로랑이 동영상 보내드리겟습니다 감사합니다
8823	로랑	2025-08-12 20:09:00	SD동물의료센터 서울점	로랑이 보호자님. 로랑이 오전보다 폐수종 개선 양상으로 심장초음파 진행하였고, 퇴행성 이첨판폐쇄부전증으로 진단됩니다. 다행히 약물 반응성이 있으며 혈압도 110 정도를 유지하고 있습니다. 내일 내원해주시면 자세히 상담 드리겠습니다. 감사합니다.
8823	로랑	2025-08-13 14:29:58	SD동물의료센터 서울점	사진
8823	로랑	2025-08-13 14:30:00	SD동물의료센터 서울점	동영상
8823	로랑	2025-08-13 14:30:02	SD동물의료센터 서울점	로랑이 보호자님~ 안녕하세요! 로랑이는 어제 저녁에는 저지방 소화기 캔 소량 먹고 오전에는 안먹은 상태라 저녁에는 다양한 저지방 식이로 급여해볼 예정입니다. 배뇨는 있었는데 배변은 아직 없었고 지금은 수액 맞으면서 엎드려 쉬고 있는 중입니다. 귀여운 로랑이 사진이랑 영상 보내드립니다:)
8823	로랑	2025-08-14 13:57:23	SD동물의료센터 서울점	동영상
8823	로랑	2025-08-14 13:57:37	SD동물의료센터 서울점	사진
8823	로랑	2025-08-14 13:57:40	SD동물의료센터 서울점	안녕하세요 로랑이보호자님:) 로랑이 오늘 밥 잘 먹어주었으며 소변도 잘 봐주었습니다. 입원장에서 쉬고있는 사진과영상 보내드립니다. 감사합니다.
8823	로랑	2025-08-14 14:05:07	SD동물의료센터 서울점	동영상
8823	로랑	2025-08-15 14:25:10	SD동물의료센터 서울점	사진
8823	로랑	2025-08-15 14:25:13	SD동물의료센터 서울점	동영상
8823	로랑	2025-08-15 14:25:31	SD동물의료센터 서울점	안녕하세요 로랑보호자님! 로랑 오늘 아침밥 잘먹었고 소변도 잘봤구요 장안에서 휴식중인 모습 보내드립니다~
8823	로랑	2025-08-26 10:03:12	유진	로랑입니다 잦은출장으로 인해
당분간 돌보지 못해서 전남편쪽에 보내려고 합니다
자료들좀 건대병원으로 부탁드립니다
8823	로랑	2025-08-26 10:03:19	유진	사진
8823	로랑	2025-08-26 10:04:26	유진	내과 메일로 로랑이의 모든자료 보내주시면 감사하겟습니다  꾸 ㅡ벅
8823	로랑	2025-08-26 10:13:56	SD동물의료센터 서울점	안녕하세요 보호자님 요청하신 로랑이의 자료 메일로 보내드렸습니다 감사합니다:)
8823	로랑	2025-08-26 10:20:55	유진	감사합니다
의사샘께는 출장다녀와서 찾아뵙겟습니다
8823	로랑	2025-08-26 10:50:02	유진	로랑이 투약내용이  빠졋다고 연락이 왓는데
진료비계산서에 잇는게 투약내용인가요?
죄송한데 투약내용좀 메일로 부탁드립니다  죄송합니다
8823	로랑	2025-08-26 10:51:12	SD동물의료센터 서울점	건대병원으로 처방내역 요청하신 것 맞으실까요?
8823	로랑	2025-08-26 10:52:35	유진	네네  조금전보내준곳에서
투약내용이 빠졋다고 하네요
8823	로랑	2025-08-26 10:59:02	SD동물의료센터 서울점	네 보호자님 처방내역은 주치의선생님께서 오후 출근이셔서 확인 후 전달드려도 될까요?
8823	로랑	2025-08-26 12:39:26	유진	네 
8823	로랑	2026-07-20 12:59:25	SD동물의료센터 서울점	✅ 본 채널에서는 진료 예약과 입원 환자 사진·안내를 받아보실 수 있습니다. (14:00~16:00, 1회)

📌 다만, 진료·증상 상담은 채널에서 진행하지 않으며, 내원 시 의료진과 직접 상담 부탁드립니다.

더 나은 진료 서비스를 위해 최선을 다하겠습니다. 감사합니다.
8823	로랑	2026-07-20 12:59:25	유진	로랑
8823	로랑	2026-07-20 12:59:25	SD동물의료센터 서울점	채팅 운영시간 안내
8823	로랑	2026-07-20 12:59:30	SD동물의료센터 서울점	'SD동물의료센터 서울점' 채널을 추가해 주셔서 감사합니다.
앞으로 다양한 소식과 혜택/정보를 메시지로 받으실 수 있습니다.

채널 추가 일시(한국시간 기준): 2026년 07월 20일 12:59 
수신거부: 홈>채널 차단
8823	로랑	2026-07-20 12:59:30	SD동물의료센터 서울점	'SD동물의료센터 서울점' 카카오톡채널을 추가해주셔서 감사합니다.
앞으로 우리병원의 다양한 소식과 혜택/정보를 채널 메세지로 받아보실 수 있습니다.

* 응급상황의 경우, 대표번호를 통해 전화상담 부탁드립니다.

📞 02-2039-0303
8823	로랑	2026-07-20 13:21:21	SD동물의료센터 서울점	면회 시간 안내 드립니다.

12:00 ~ 12:50 / 17:30 ~ 19:00

1일 2회 (최대 10분 제한)
- 장소 : 원내 처치실 (입원실)

전화 문의 후 내원 
- 예약 및 전화 접수 불가하며 원내 접수 순으로 진행하고 있으며 병원 상황에 따라 대기 생길 수 있는 점 미리 양해 말씀드립니다.

감사합니다. :)
8823	로랑	2026-07-20 13:21:24	SD동물의료센터 서울점	안녕하세요 보호자님

입원 및 면회 관련 안내사항 보내드립니다.
이용에 불편함 없으시도록 참고 부탁드립니다. :)

▶ https://blog.naver.com/sdamc00/223842908205


◎ 우리 병원은 아픈 반려동물의 빠른 회복을 최우선으로 최선의 진료를 시행합니다. ◎

""예상치 못한 응급 상황이나 피치 못할 중환자 관리로 인해 대기 시간이 길어질 수 있는 점""
미리 양해 말씀드리며 너그럽게 양해 부탁드립니다.

보호자분의 따뜻한 배려 늘 감사합니다. :)
8823	로랑	2026-07-21 13:44:58	SD동물의료센터 서울점	사진
8823	로랑	2026-07-21 13:45:00	SD동물의료센터 서울점	동영상
8823	로랑	2026-07-21 13:45:01	SD동물의료센터 서울점	동영상
8823	로랑	2026-07-21 13:45:07	SD동물의료센터 서울점	안녕하세요 로랑이 보호자님~ 로랑이는 오늘 오전 식이 잘먹었고 소변도 잘보았습니다. 현재는 입원장에서 수액을 맞으며 휴식을 취하고 있습니다. 사진 및 영상 보내드려요 :)
8823	로랑	2026-07-28 14:00:27	SD동물의료센터 서울점	(광고)7월의 SD링크가 도착했어요.
8823	로랑	2026-08-03 12:05:42	유진	로랑이 약성분 종  이쪽으로 보내주세요
8823	로랑	2026-08-03 12:05:42	SD동물의료센터 서울점	채팅 운영시간 안내
8823	로랑	2026-08-03 12:05:42	SD동물의료센터 서울점	✅ 본 채널에서는 진료 예약과 입원 환자 사진·안내를 받아보실 수 있습니다. (14:00~16:00, 1회)

📌 다만, 진료·증상 상담은 채널에서 진행하지 않으며, 내원 시 의료진과 직접 상담 부탁드립니다.

더 나은 진료 서비스를 위해 최선을 다하겠습니다. 감사합니다.
8823	로랑	2026-08-03 12:07:55	유진	사진
8823	로랑	2026-08-03 12:07:55	SD동물의료센터 서울점	채팅 운영시간 안내
8823	로랑	2026-08-03 12:07:55	SD동물의료센터 서울점	✅ 본 채널에서는 진료 예약과 입원 환자 사진·안내를 받아보실 수 있습니다. (14:00~16:00, 1회)

📌 다만, 진료·증상 상담은 채널에서 진행하지 않으며, 내원 시 의료진과 직접 상담 부탁드립니다.

더 나은 진료 서비스를 위해 최선을 다하겠습니다. 감사합니다.
8823	로랑	2026-08-03 12:09:21	유진	저메일로 로랑이 약성분 부탁드려요
제기 해외출장 일정땜
8823	로랑	2026-08-03 12:09:21	SD동물의료센터 서울점	채팅 운영시간 안내
8823	로랑	2026-08-03 12:09:21	SD동물의료센터 서울점	✅ 본 채널에서는 진료 예약과 입원 환자 사진·안내를 받아보실 수 있습니다. (14:00~16:00, 1회)

📌 다만, 진료·증상 상담은 채널에서 진행하지 않으며, 내원 시 의료진과 직접 상담 부탁드립니다.

더 나은 진료 서비스를 위해 최선을 다하겠습니다. 감사합니다.
8823	로랑	2026-08-03 13:33:53	SD동물의료센터 서울점	안녕하세요 로랑이보호자님
병원으로 처방내역 송부드렸습니다.
감사합니다.
8870	살구	2025-08-18 12:25:52	쏘영	진료시간/영업시간
8870	살구	2025-08-18 12:25:52	SD동물의료센터 서울점(메뉴)	SD동물의료센터 서울점은
365일 24시간 연중무휴
아이들을 돌보고 있습니다.

◼︎ 주간진료 : 오전 10시~오후 10시
◼︎ 야간진료 : 오후 10시~오전 10시
◼︎ 회진시간 : 오후 1시~오후 2시

* 우리 병원은 진료예약 우선제로 예약환자를 우선으로 진료합니다. 
* 예약 없이 내원시, 대기시간이 발생할 수 있는 점 양해부탁드립니다.
* 회진시간에는 입원환자 인계업무로 인해 진료가 불가합니다. 

🚨 응급상황 발생 시, 본원 대표전화(02-2039-0303)로 연락주세요!
8870	살구	2025-08-18 12:26:18	쏘영	진료예약
8870	살구	2025-08-18 12:26:19	SD동물의료센터 서울점(메뉴)	SD동물의료센터 서울점 진료 예약을 위해 아래 내용을 채팅에 남겨주세요.

◼︎ 보호자님 성함 / 연락처
◼︎ 반려동물 이름 / 간단한 증상

* 예약에 필요한 간단한 상담이 진행될 수 있습니다.
* 증상과 관련된 자세한 상담은 진료의 부분으로 예약 후 내원시 수의사 선생님과 상담 가능합니다. 
* 채널 상담은 병원 업무와 동시에 진행되어 원내 상황에 따라 빠른 응대가 어려울 수 있습니다. 

문의사항은 본원 대표전화(02-2039-0303)로 연락부탁드립니다.
8870	살구	2025-08-18 12:32:41	쏘영	박소영 / 010 5645 2021
살구 / 귀 염증
8870	살구	2025-08-18 12:42:20	SD동물의료센터 서울점	안녕하세요 보호자님, 저희병원 내원하신적은 따로 없으신걸까요?
8870	살구	2025-08-18 12:42:53	쏘영	네네 첫방문입니다..!
8870	살구	2025-08-18 12:49:17	SD동물의료센터 서울점	네 보호자님, 아이 나이 및 품종도 말씀부탁드립니다 :)
8870	살구	2025-08-18 12:49:29	SD동물의료센터 서울점	예약은 언제로 도와드릴까요?
8870	살구	2025-08-18 12:58:03	쏘영	넵 비숑프리제 강아지이고 2023년 5월생으로 2살입니다 
혹시 오늘 저녁 7시30분도 예약가능할까요?
8870	살구	2025-08-18 13:05:38	SD동물의료센터 서울점	네 보호자님, 가능하십니다. 7시반으로 예약도와드리겠습니다. 감사합니다 :)
8870	살구	2025-08-18 13:54:12	쏘영	감사합니다 !
8870	살구	2025-08-20 11:16:26	쏘영	방금 전화로 문의드렸던 살구보호자 박소영이라구 합니다. 월요일 진료받고 받아왔던 약이고, 당일에도 약봉지에 강아지이름이 잘못 기재되어있어서 약 바뀐거 아니냐고 물어보기도 했었습니다
이름만 잘못 프린팅된 거라 설명주셔서 받아왔는데 이미 제조된 오래된 약이라 이런 뭉침현상이 있는건지 약 성분자체가 이런건지 확인부탁드립니다

추가로 마이뷰 제품에 녹여 급여하던 상황에 발견한건데, 아무리 섞어도 저런 덩어리들은 안녹고 그대로 있습니다 얇은 비닐이나 종이로 보여지는데 확인부탁드립니다.
8870	살구	2025-08-20 11:16:34	쏘영	사진
8870	살구	2025-08-20 11:18:54	SD동물의료센터 서울점	네 보호자님 선생님께 확인 후 답변드리겠습니다
8870	살구	2025-09-02 15:46:37	쏘영	진료예약
8870	살구	2025-09-02 15:46:37	SD동물의료센터 서울점(메뉴)	SD동물의료센터 서울점 진료 예약을 위해 아래 내용을 채팅에 남겨주세요.

◼︎ 보호자님 성함 / 연락처
◼︎ 반려동물 이름 / 간단한 증상

* 예약에 필요한 간단한 상담이 진행될 수 있습니다.
* 증상과 관련된 자세한 상담은 진료의 부분으로 예약 후 내원시 수의사 선생님과 상담 가능합니다. 
* 채널 상담은 병원 업무와 동시에 진행되어 원내 상황에 따라 빠른 응대가 어려울 수 있습니다. 

문의사항은 본원 대표전화(02-2039-0303)로 연락부탁드립니다.
8870	살구	2025-09-02 15:47:03	쏘영	박소영 /010 5645 2021
살구 / 귀 재진
8870	살구	2025-09-02 15:49:09	SD동물의료센터 서울점	안녕하세요 보호자님, 진료일정은 언제로 도와드릴까요?
8870	살구	2025-09-02 15:49:20	쏘영	혹시 오늘 19:30 가능할까요?!
8870	살구	2025-09-02 15:50:46	SD동물의료센터 서울점	보호자님, 혹시 5시반 내원은 어려우실까요?
8870	살구	2025-09-02 15:51:36	쏘영	ㅠㅠ제가 회사라 해당시간은 어려울 것 같습니다
8870	살구	2025-09-02 15:56:38	SD동물의료센터 서울점	네 보호자님, 오늘 7시반에 내원시 대기는 좀 발생할 수 있을것같은데 괜찮으실까요? ㅠㅠ
8870	살구	2025-09-02 15:58:32	쏘영	네네 7시나 7시반이나 비슷할까요?
8870	살구	2025-09-02 16:00:02	SD동물의료센터 서울점	네 ㅠㅠㅠ 7시에 오셔도 대기하실것같습니다 ㅠㅠ
8870	살구	2025-09-02 16:00:24	쏘영	어쩔수 없죠.. 그럼 7시반으로 부탁드립니다
8870	살구	2025-09-02 16:00:36	SD동물의료센터 서울점	네 양해해주셔서 감사합니다 :)
8870	살구	2025-09-02 18:58:08	쏘영	진료시간/영업시간
8870	살구	2025-09-02 18:58:08	SD동물의료센터 서울점(메뉴)	SD동물의료센터 서울점은
365일 24시간 연중무휴
아이들을 돌보고 있습니다.

◼︎ 주간진료 : 오전 10시~오후 10시
◼︎ 야간진료 : 오후 10시~오전 10시
◼︎ 회진시간 : 오후 1시~오후 2시

* 우리 병원은 진료예약 우선제로 예약환자를 우선으로 진료합니다. 
* 예약 없이 내원시, 대기시간이 발생할 수 있는 점 양해부탁드립니다.
* 회진시간에는 입원환자 인계업무로 인해 진료가 불가합니다. 

🚨 응급상황 발생 시, 본원 대표전화(02-2039-0303)로 연락주세요!
8870	살구	2025-09-02 18:58:26	쏘영	선생님 오늘 7:30에 예약했는데 혹시 ㅠㅠ 8:30으로 변경가능할까요?
8870	살구	2025-09-02 19:01:12	SD동물의료센터 서울점	넵 알겠습니다!
8870	살구	2025-09-02 19:01:46	쏘영	감사합니다ㅠㅠ
8870	살구	2025-09-25 14:28:56	쏘영	안녕하세요 토요일 오전 진료예약가능할까요?
8870	살구	2025-09-25 14:35:41	SD동물의료센터 서울점	기존 증상인 피부 진료 원하시는 걸까요?
8870	살구	2025-09-25 14:36:12	쏘영	넵
8870	살구	2025-09-25 14:40:16	SD동물의료센터 서울점	예전 진료보신 팀장님은 휴진이시라 다른 선생님이 진료 보실 수 있고 11:30 이 가장 빠른 시간입니다
8870	살구	2025-09-25 14:40:55	쏘영	넵 11:30 부탁드립니다 감사합니다
8870	살구	2025-09-25 14:41:50	SD동물의료센터 서울점	네, 9/27(토) 11:30 피부 진료 예약되었습니다. 감사합니다.
8870	살구	2025-09-25 18:21:11	쏘영	안녕하세요 선생님 
강아지가 갑자기 토를 해서 ㅠㅠ 급하게 병원가려는데 예약안하고 가도될까요? 7시반쯤 도착할 것 같습니다
8870	살구	2025-09-25 18:22:36	SD동물의료센터 서울점	네 보호자님, 선생님께 전달드리겠습니다. 주치의선생님께서는 금일 휴진이셔서 금일 다른선생님께서 진료 봐주실예정입니다. 바로 내원부탁드립니다. 감사합니다 :)
8870	살구	2025-09-25 18:23:04	쏘영	네네 감사합니다
8870	살구	2025-09-25 18:23:12	쏘영	사진 여기로 미리 보내드리는게 좋을까요?
8870	살구	2025-09-25 18:23:40	SD동물의료센터 서울점	네 보호자님, 미리 보내주시면 전달드려놓겠습니다!
8870	살구	2025-09-25 18:24:57	쏘영	사진
8870	살구	2025-09-25 18:25:17	쏘영	오늘 사료만 먹었는데 다 토해뒀고 ㅠㅠ 앉아서 바닥에 비비듯이 걷더니 소리지르면서 피같은게 묻어났습니다 ㅠㅠ
8870	살구	2025-09-25 18:25:24	쏘영	변도 제대로 못싸고
8870	살구	2025-09-25 18:25:44	SD동물의료센터 서울점	네 보호자님, 선생님께 전달드리겠습니다. 바로 내원부탁드립니다. 감사합니다.
8870	살구	2025-09-25 18:25:45	쏘영	사진
8870	살구	2025-09-25 18:25:52	쏘영	이런상태였급미다 ㅜㅜ 
8870	살구	2025-09-25 18:25:56	쏘영	네네 가서뵙겠습니다
8870	살구	2025-10-02 10:58:35	SD동물의료센터 서울점	채팅 운영시간 안내
8870	살구	2025-10-02 10:58:35	SD동물의료센터 서울점	✅ 본 채널에서는 진료 예약과 입원 환자 사진·안내를 받아보실 수 있습니다.(14:00-16:00, 1회)

📌 다만, 진료·증상 상담은 채널에서 진행하지 않으며, 내원 시 의료진과 직접 상담 부탁드립니다.

더 나은 진료서비스를 위해 최선을 다하겠습니다. 감사합니다.
8870	살구	2025-10-02 10:58:35	쏘영	안녕하세여 선생님 ㅠㅠ 살구가 아침부터 지금 한 6-7번째 노란색 토를하는데 지금 병원 방문해도 될까요?
8870	살구	2025-10-02 10:58:55	쏘영	사진
8870	살구	2025-10-02 10:58:55	SD동물의료센터 서울점	채팅 운영시간 안내
8870	살구	2025-10-02 10:58:55	SD동물의료센터 서울점	✅ 본 채널에서는 진료 예약과 입원 환자 사진·안내를 받아보실 수 있습니다.(14:00-16:00, 1회)

📌 다만, 진료·증상 상담은 채널에서 진행하지 않으며, 내원 시 의료진과 직접 상담 부탁드립니다.

더 나은 진료서비스를 위해 최선을 다하겠습니다. 감사합니다.
8870	살구	2025-10-02 10:59:04	쏘영	어제저녁까지 사료잘먹었고 처방받은 약도 잘 먹었는데
8870	살구	2025-10-02 10:59:04	SD동물의료센터 서울점	채팅 운영시간 안내
8870	살구	2025-10-02 10:59:04	SD동물의료센터 서울점	✅ 본 채널에서는 진료 예약과 입원 환자 사진·안내를 받아보실 수 있습니다.(14:00-16:00, 1회)

📌 다만, 진료·증상 상담은 채널에서 진행하지 않으며, 내원 시 의료진과 직접 상담 부탁드립니다.

더 나은 진료서비스를 위해 최선을 다하겠습니다. 감사합니다.
8870	살구	2025-10-02 10:59:15	쏘영	오늘 아침부터 계속 저런 토를 하고 있어요ㅠㅠ
8870	살구	2025-10-02 10:59:15	SD동물의료센터 서울점	채팅 운영시간 안내
8870	살구	2025-10-02 10:59:15	SD동물의료센터 서울점	✅ 본 채널에서는 진료 예약과 입원 환자 사진·안내를 받아보실 수 있습니다.(14:00-16:00, 1회)

📌 다만, 진료·증상 상담은 채널에서 진행하지 않으며, 내원 시 의료진과 직접 상담 부탁드립니다.

더 나은 진료서비스를 위해 최선을 다하겠습니다. 감사합니다.
8870	살구	2025-10-02 11:02:29	쏘영	진료시간/영업시간
8870	살구	2025-10-02 11:02:29	SD동물의료센터 서울점(메뉴)	SD동물의료센터 서울점은
365일 24시간 연중무휴
아이들을 돌보고 있습니다.

◼︎ 주간진료 : 오전 10시~오후 10시
◼︎ 야간진료 : 오후 10시~오전 10시
◼︎ 회진시간 : 오후 1시~오후 2시

* 우리 병원은 진료예약 우선제로 예약환자를 우선으로 진료합니다. 
* 예약 없이 내원시, 대기시간이 발생할 수 있는 점 양해부탁드립니다.
* 회진시간에는 입원환자 인계업무로 인해 진료가 불가합니다. 

🚨 응급상황 발생 시, 본원 대표전화(02-2039-0303)로 연락주세요!
8870	살구	2025-10-16 19:24:17	쏘영	안녕하세요 오늘 8시에 살구 귀알러지 진료볼 슈 있을까요?! 제일 처음에 진료봐주셨던 선생님한테 예약하고 싶어요ㅠㅠ 
8870	살구	2025-10-16 19:24:17	SD동물의료센터 서울점	채팅 운영시간 안내
8870	살구	2025-10-16 19:24:17	SD동물의료센터 서울점	✅ 본 채널에서는 진료 예약과 입원 환자 사진·안내를 받아보실 수 있습니다. (14:00~16:00, 1회)

📌 다만, 진료·증상 상담은 채널에서 진행하지 않으며, 내원 시 의료진과 직접 상담 부탁드립니다.

더 나은 진료 서비스를 위해 최선을 다하겠습니다. 감사합니다.
8870	살구	2025-10-16 19:42:24	SD동물의료센터 서울점	보호자님. 처음 진료 보셨던 팀장님은 금일 진료시간이 끝났습니다. 현재 가장 빠른 시간은 일요일 12시 가능합니다. 일요일 가장 늦은 시간은 8시 가능합니다.
8870	살구	2025-10-16 19:49:57	쏘영	혹시 그럼 다른 선생님은 가능할까요?
8870	살구	2025-10-16 19:49:57	SD동물의료센터 서울점	채팅 운영시간 안내
8870	살구	2025-10-16 19:49:57	SD동물의료센터 서울점	✅ 본 채널에서는 진료 예약과 입원 환자 사진·안내를 받아보실 수 있습니다. (14:00~16:00, 1회)

📌 다만, 진료·증상 상담은 채널에서 진행하지 않으며, 내원 시 의료진과 직접 상담 부탁드립니다.

더 나은 진료 서비스를 위해 최선을 다하겠습니다. 감사합니다.
8870	살구	2025-10-16 20:08:04	SD동물의료센터 서울점	네 지금 오시면 다른 분께 진료 예약 도와드리겠습니다:)
8870	살구	2025-10-27 11:44:27	쏘영	안녕하세요! 
살구 오늘 귀진료 예약가능할까요?
이전과 동일한 증상이고 귀염증이 심해서 고름이 나요 ㅠㅠ 양쪽 다.. 발사탕도 여전합니다ㅜㅜ
오후 7:30이후 아무시간이나 가능합니다!
가능하면 ㅠㅠ 제일 처음 진료받았던 선생님께 예약부탁드립니다..! 
8870	살구	2025-10-27 11:44:27	SD동물의료센터 서울점	채팅 운영시간 안내
8870	살구	2025-10-27 11:44:27	SD동물의료센터 서울점	✅ 본 채널에서는 진료 예약과 입원 환자 사진·안내를 받아보실 수 있습니다. (14:00~16:00, 1회)

📌 다만, 진료·증상 상담은 채널에서 진행하지 않으며, 내원 시 의료진과 직접 상담 부탁드립니다.

더 나은 진료 서비스를 위해 최선을 다하겠습니다. 감사합니다.
8870	살구	2025-10-27 12:10:51	SD동물의료센터 서울점	네 보호자님 금일 20시 내원 가능하실까요?
8870	살구	2025-10-27 12:17:13	쏘영	네 가능합니다!!
8870	살구	2025-10-27 12:17:13	SD동물의료센터 서울점	채팅 운영시간 안내
8870	살구	2025-10-27 12:17:13	SD동물의료센터 서울점	✅ 본 채널에서는 진료 예약과 입원 환자 사진·안내를 받아보실 수 있습니다. (14:00~16:00, 1회)

📌 다만, 진료·증상 상담은 채널에서 진행하지 않으며, 내원 시 의료진과 직접 상담 부탁드립니다.

더 나은 진료 서비스를 위해 최선을 다하겠습니다. 감사합니다.
8870	살구	2025-10-27 12:21:43	SD동물의료센터 서울점	네 보호자님 이따 뵙겠습니다:)
8870	살구	2025-10-27 12:21:59	쏘영	넵 감사합니다!
8870	살구	2025-10-27 12:22:00	SD동물의료센터 서울점	채팅 운영시간 안내
8870	살구	2025-10-27 12:22:00	SD동물의료센터 서울점	✅ 본 채널에서는 진료 예약과 입원 환자 사진·안내를 받아보실 수 있습니다. (14:00~16:00, 1회)

📌 다만, 진료·증상 상담은 채널에서 진행하지 않으며, 내원 시 의료진과 직접 상담 부탁드립니다.

더 나은 진료 서비스를 위해 최선을 다하겠습니다. 감사합니다.
8870	살구	2025-11-20 08:41:25	쏘영	진료예약
8870	살구	2025-11-20 08:41:25	SD동물의료센터 서울점(메뉴)	SD동물의료센터 서울점 진료 예약을 위해 아래 내용을 채팅에 남겨주세요.

◼︎ 보호자님 성함 / 연락처
◼︎ 반려동물 이름 / 간단한 증상

* 예약에 필요한 간단한 상담이 진행될 수 있습니다.
* 증상과 관련된 자세한 상담은 진료의 부분으로 예약 후 내원시 수의사 선생님과 상담 가능합니다. 
* 채널 상담은 병원 업무와 동시에 진행되어 원내 상황에 따라 빠른 응대가 어려울 수 있습니다. 

문의사항은 본원 대표전화(02-2039-0303)로 연락부탁드립니다.
8870	살구	2025-11-20 08:42:22	쏘영	박소영 / 01056452021
살구 / 귀 알러지

혹시 금요일 오전 지난번 선생님께 진료 예약가능할까요?
8870	살구	2025-11-20 08:42:23	SD동물의료센터 서울점	채팅 운영시간 안내
8870	살구	2025-11-20 08:42:23	SD동물의료센터 서울점	✅ 본 채널에서는 진료 예약과 입원 환자 사진·안내를 받아보실 수 있습니다. (14:00~16:00, 1회)

📌 다만, 진료·증상 상담은 채널에서 진행하지 않으며, 내원 시 의료진과 직접 상담 부탁드립니다.

더 나은 진료 서비스를 위해 최선을 다하겠습니다. 감사합니다.
8870	살구	2025-11-20 09:44:59	SD동물의료센터 서울점	안녕하세요 보호자님 지난번 진료 봐주셨던 선생님께서 금요일은 휴진이십니다ㅠ 일요일 내원 가능하실까요?
8870	살구	2025-11-20 10:17:32	SD동물의료센터 서울점	✅ 본 채널에서는 진료 예약과 입원 환자 사진·안내를 받아보실 수 있습니다. (14:00~16:00, 1회)

📌 다만, 진료·증상 상담은 채널에서 진행하지 않으며, 내원 시 의료진과 직접 상담 부탁드립니다.

더 나은 진료 서비스를 위해 최선을 다하겠습니다. 감사합니다.
8870	살구	2025-11-20 10:17:32	쏘영	아 그럼 일요일  점심때쯤 예약부탁드립니다 !!
8870	살구	2025-11-20 10:17:32	SD동물의료센터 서울점	채팅 운영시간 안내
8870	살구	2025-11-20 10:22:09	SD동물의료센터 서울점	네 11/23 일 13:30 내원 가능하실까요?
8870	살구	2025-11-20 10:26:13	쏘영	넵 가능합니다!
8870	살구	2025-11-20 10:26:13	SD동물의료센터 서울점	채팅 운영시간 안내
8870	살구	2025-11-20 10:26:13	SD동물의료센터 서울점	✅ 본 채널에서는 진료 예약과 입원 환자 사진·안내를 받아보실 수 있습니다. (14:00~16:00, 1회)

📌 다만, 진료·증상 상담은 채널에서 진행하지 않으며, 내원 시 의료진과 직접 상담 부탁드립니다.

더 나은 진료 서비스를 위해 최선을 다하겠습니다. 감사합니다.
8870	살구	2025-11-20 10:29:31	SD동물의료센터 서울점	네 11/23 일 13:30에 뵙겠습니다 감사합니다:)
8870	살구	2025-11-20 11:20:24	쏘영	감사합니다 !
8870	살구	2025-11-20 11:20:24	SD동물의료센터 서울점	채팅 운영시간 안내
8870	살구	2025-11-20 11:20:24	SD동물의료센터 서울점	✅ 본 채널에서는 진료 예약과 입원 환자 사진·안내를 받아보실 수 있습니다. (14:00~16:00, 1회)

📌 다만, 진료·증상 상담은 채널에서 진행하지 않으며, 내원 시 의료진과 직접 상담 부탁드립니다.

더 나은 진료 서비스를 위해 최선을 다하겠습니다. 감사합니다.
8870	살구	2025-11-26 09:31:57	쏘영	안녕하세요 
오늘 살구진료 18:30 예약했는데 혹시 
14~15시쯤으로 변경가능할까요?
8870	살구	2025-11-26 09:31:57	SD동물의료센터 서울점	채팅 운영시간 안내
8870	살구	2025-11-26 09:31:57	SD동물의료센터 서울점	✅ 본 채널에서는 진료 예약과 입원 환자 사진·안내를 받아보실 수 있습니다. (14:00~16:00, 1회)

📌 다만, 진료·증상 상담은 채널에서 진행하지 않으며, 내원 시 의료진과 직접 상담 부탁드립니다.

더 나은 진료 서비스를 위해 최선을 다하겠습니다. 감사합니다.
8870	살구	2025-11-26 09:43:19	SD동물의료센터 서울점	안녕하세요 보호자님 살구 11/27 목요일로 진료 예약되어있습니다. 금일로 예약변경해드릴까요?
8870	살구	2025-11-26 09:47:00	쏘영	아아 죄송해요! 목요일 시간만 변경하려구요 !
8870	살구	2025-11-26 09:47:00	SD동물의료센터 서울점	채팅 운영시간 안내
8870	살구	2025-11-26 09:47:01	SD동물의료센터 서울점	✅ 본 채널에서는 진료 예약과 입원 환자 사진·안내를 받아보실 수 있습니다. (14:00~16:00, 1회)

📌 다만, 진료·증상 상담은 채널에서 진행하지 않으며, 내원 시 의료진과 직접 상담 부탁드립니다.

더 나은 진료 서비스를 위해 최선을 다하겠습니다. 감사합니다.
8870	살구	2025-11-26 09:49:38	SD동물의료센터 서울점	네 혹시 16:30 내원 가능하실까요?
8870	살구	2025-11-26 09:55:48	쏘영	넵 가능합니다!
8870	살구	2025-11-26 09:55:48	SD동물의료센터 서울점	채팅 운영시간 안내
8870	살구	2025-11-26 09:55:48	SD동물의료센터 서울점	✅ 본 채널에서는 진료 예약과 입원 환자 사진·안내를 받아보실 수 있습니다. (14:00~16:00, 1회)

📌 다만, 진료·증상 상담은 채널에서 진행하지 않으며, 내원 시 의료진과 직접 상담 부탁드립니다.

더 나은 진료 서비스를 위해 최선을 다하겠습니다. 감사합니다.
8870	살구	2025-11-26 09:59:12	SD동물의료센터 서울점	네 보호자님 11/27 목 16:30에 뵙겠습니다 감사합니다:)
8870	살구	2025-11-26 10:09:47	쏘영	넵 감사합니다 !
8870	살구	2025-11-26 10:09:47	SD동물의료센터 서울점	채팅 운영시간 안내
8870	살구	2025-11-26 10:09:47	SD동물의료센터 서울점	✅ 본 채널에서는 진료 예약과 입원 환자 사진·안내를 받아보실 수 있습니다. (14:00~16:00, 1회)

📌 다만, 진료·증상 상담은 채널에서 진행하지 않으며, 내원 시 의료진과 직접 상담 부탁드립니다.

더 나은 진료 서비스를 위해 최선을 다하겠습니다. 감사합니다.
8870	살구	2025-12-26 10:11:17	쏘영	안녕하세요 오늘 혹시 살구 귀진료 예약가능할까요? 
18:30 이후 시간이면 좋을 것 같습니다.
8870	살구	2025-12-26 10:11:17	SD동물의료센터 서울점	채팅 운영시간 안내
8870	살구	2025-12-26 10:11:17	SD동물의료센터 서울점	✅ 본 채널에서는 진료 예약과 입원 환자 사진·안내를 받아보실 수 있습니다. (14:00~16:00, 1회)

📌 다만, 진료·증상 상담은 채널에서 진행하지 않으며, 내원 시 의료진과 직접 상담 부탁드립니다.

더 나은 진료 서비스를 위해 최선을 다하겠습니다. 감사합니다.
8870	살구	2025-12-26 10:15:30	SD동물의료센터 서울점	안녕하세요 보호자님 금일 18:30 내원 가능하실까요?
8870	살구	2025-12-26 10:16:10	쏘영	19시는.. 어려울까요 ㅠㅠ 조금 타이트해서..
8870	살구	2025-12-26 10:16:10	SD동물의료센터 서울점	채팅 운영시간 안내
8870	살구	2025-12-26 10:16:10	SD동물의료센터 서울점	✅ 본 채널에서는 진료 예약과 입원 환자 사진·안내를 받아보실 수 있습니다. (14:00~16:00, 1회)

📌 다만, 진료·증상 상담은 채널에서 진행하지 않으며, 내원 시 의료진과 직접 상담 부탁드립니다.

더 나은 진료 서비스를 위해 최선을 다하겠습니다. 감사합니다.
8870	살구	2025-12-26 10:16:45	SD동물의료센터 서울점	19시도 가능하여 예약해드렸습니다 이따 뵙겠습니다:)
8870	살구	2025-12-26 10:17:02	쏘영	넵 감사핮니다 !!
8870	살구	2025-12-26 10:17:02	SD동물의료센터 서울점	채팅 운영시간 안내
8870	살구	2025-12-26 10:17:02	SD동물의료센터 서울점	✅ 본 채널에서는 진료 예약과 입원 환자 사진·안내를 받아보실 수 있습니다. (14:00~16:00, 1회)

📌 다만, 진료·증상 상담은 채널에서 진행하지 않으며, 내원 시 의료진과 직접 상담 부탁드립니다.

더 나은 진료 서비스를 위해 최선을 다하겠습니다. 감사합니다.
8870	살구	2025-12-26 19:06:20	쏘영	오늘 7시예약인데ㅜㅜ 아직 못가서요.. 혹시 8시에가도 진료볼수있을까요..? 죄송합니다ㅠㅠ
8870	살구	2025-12-26 19:06:20	SD동물의료센터 서울점	채팅 운영시간 안내
8870	살구	2025-12-26 19:06:20	SD동물의료센터 서울점	✅ 본 채널에서는 진료 예약과 입원 환자 사진·안내를 받아보실 수 있습니다. (14:00~16:00, 1회)

📌 다만, 진료·증상 상담은 채널에서 진행하지 않으며, 내원 시 의료진과 직접 상담 부탁드립니다.

더 나은 진료 서비스를 위해 최선을 다하겠습니다. 감사합니다.
8870	살구	2026-01-14 14:17:08	SD동물의료센터 서울점	✅ 본 채널에서는 진료 예약과 입원 환자 사진·안내를 받아보실 수 있습니다. (14:00~16:00, 1회)

📌 다만, 진료·증상 상담은 채널에서 진행하지 않으며, 내원 시 의료진과 직접 상담 부탁드립니다.

더 나은 진료 서비스를 위해 최선을 다하겠습니다. 감사합니다.
8870	살구	2026-01-14 14:17:08	쏘영	안녕하세요 
혹시 오늘 8시 살구귀진료 예약가능할까요
8870	살구	2026-01-14 14:17:08	SD동물의료센터 서울점	채팅 운영시간 안내
8870	살구	2026-01-14 14:40:33	SD동물의료센터 서울점	안녕하세요 보호자님 금일 주치의선생님께서 오전 출근이시며, 마지막 진료 17:30 가능합니다
8870	살구	2026-01-14 14:41:04	SD동물의료센터 서울점	8시 내원 가능하시면 다른선생님께 진료 가능합니다
8870	살구	2026-01-14 14:45:54	쏘영	넵 다른선생님께 부탁드립니다 !!
8870	살구	2026-01-14 14:45:54	SD동물의료센터 서울점	채팅 운영시간 안내
8870	살구	2026-01-14 14:45:54	SD동물의료센터 서울점	✅ 본 채널에서는 진료 예약과 입원 환자 사진·안내를 받아보실 수 있습니다. (14:00~16:00, 1회)

📌 다만, 진료·증상 상담은 채널에서 진행하지 않으며, 내원 시 의료진과 직접 상담 부탁드립니다.

더 나은 진료 서비스를 위해 최선을 다하겠습니다. 감사합니다.
8870	살구	2026-01-14 14:49:10	SD동물의료센터 서울점	네 금일 20시에 뵙겠습니다 감사합니다:)
8870	살구	2026-01-14 15:13:55	쏘영	넵 감사합니다 !!
8870	살구	2026-01-14 15:13:55	SD동물의료센터 서울점	채팅 운영시간 안내
8870	살구	2026-01-14 15:13:55	SD동물의료센터 서울점	✅ 본 채널에서는 진료 예약과 입원 환자 사진·안내를 받아보실 수 있습니다. (14:00~16:00, 1회)

📌 다만, 진료·증상 상담은 채널에서 진행하지 않으며, 내원 시 의료진과 직접 상담 부탁드립니다.

더 나은 진료 서비스를 위해 최선을 다하겠습니다. 감사합니다.
8870	살구	2026-01-14 19:19:09	쏘영	선생님 죄송한데 8시 조금 넘을 거 같아서ㅜㅜㅜ 
8:30으로 변경도될까요?
8870	살구	2026-01-14 19:19:09	SD동물의료센터 서울점	채팅 운영시간 안내
8870	살구	2026-01-14 19:19:09	SD동물의료센터 서울점	✅ 본 채널에서는 진료 예약과 입원 환자 사진·안내를 받아보실 수 있습니다. (14:00~16:00, 1회)

📌 다만, 진료·증상 상담은 채널에서 진행하지 않으며, 내원 시 의료진과 직접 상담 부탁드립니다.

더 나은 진료 서비스를 위해 최선을 다하겠습니다. 감사합니다.
8870	살구	2026-01-14 19:37:11	SD동물의료센터 서울점	네,, 전달드리겠습니다
8870	살구	2026-01-14 19:48:47	쏘영	죄송합니다 금방 갈게요!!
8870	살구	2026-01-14 19:48:47	SD동물의료센터 서울점	채팅 운영시간 안내
8870	살구	2026-01-14 19:48:47	SD동물의료센터 서울점	✅ 본 채널에서는 진료 예약과 입원 환자 사진·안내를 받아보실 수 있습니다. (14:00~16:00, 1회)

📌 다만, 진료·증상 상담은 채널에서 진행하지 않으며, 내원 시 의료진과 직접 상담 부탁드립니다.

더 나은 진료 서비스를 위해 최선을 다하겠습니다. 감사합니다.
8870	살구	2026-01-14 19:55:09	SD동물의료센터 서울점	조심해서 오세요^^
8870	살구	2026-01-21 11:30:20	SD동물의료센터 서울점	✅ 본 채널에서는 진료 예약과 입원 환자 사진·안내를 받아보실 수 있습니다. (14:00~16:00, 1회)

📌 다만, 진료·증상 상담은 채널에서 진행하지 않으며, 내원 시 의료진과 직접 상담 부탁드립니다.

더 나은 진료 서비스를 위해 최선을 다하겠습니다. 감사합니다.
8870	살구	2026-01-21 11:30:20	쏘영	안녕하세요 
살구 귀상태가 너무 안좋아서 ㅠㅠ 오늘 20시30분에 예약가능할까요? 바로 직전 선생님한테 진료가능하면 부탁드립니다.
8870	살구	2026-01-21 11:30:20	SD동물의료센터 서울점	채팅 운영시간 안내
8870	살구	2026-01-21 11:31:31	SD동물의료센터 서울점	지난번 봐주셨던 선생님은 출장으로 인해 이번주 일요일까지 휴무셔서 다른 선생님 앞으로 예약 가능하세요. 괜찮으시다면 오늘 20:30 예약 도와드리겠습니다.
8870	살구	2026-01-21 11:32:27	쏘영	네넵 예약부탁드립니다 ㅠㅠ !
8870	살구	2026-01-21 11:32:27	SD동물의료센터 서울점	채팅 운영시간 안내
8870	살구	2026-01-21 11:32:27	SD동물의료센터 서울점	✅ 본 채널에서는 진료 예약과 입원 환자 사진·안내를 받아보실 수 있습니다. (14:00~16:00, 1회)

📌 다만, 진료·증상 상담은 채널에서 진행하지 않으며, 내원 시 의료진과 직접 상담 부탁드립니다.

더 나은 진료 서비스를 위해 최선을 다하겠습니다. 감사합니다.
8870	살구	2026-01-21 11:35:07	SD동물의료센터 서울점	네 보호자님 금일 20:30에 뵙겠습니다 감사합니다 :)
8870	살구	2026-01-21 11:37:35	쏘영	사진
8870	살구	2026-01-21 11:37:35	SD동물의료센터 서울점	채팅 운영시간 안내
8870	살구	2026-01-21 11:37:36	SD동물의료센터 서울점	✅ 본 채널에서는 진료 예약과 입원 환자 사진·안내를 받아보실 수 있습니다. (14:00~16:00, 1회)

📌 다만, 진료·증상 상담은 채널에서 진행하지 않으며, 내원 시 의료진과 직접 상담 부탁드립니다.

더 나은 진료 서비스를 위해 최선을 다하겠습니다. 감사합니다.
8870	살구	2026-01-21 11:37:56	쏘영	귀가 이렇게 안좋아서요 ㅠㅠ 사진도 꼭 전달부탁드립니다. 
요즘 자주 토하는데,, 그것도 관련있나 같이 진료보고싶어요! 
항문도 조금 불편해보여서 같이요 ㅠㅠ
8870	살구	2026-01-21 11:37:56	SD동물의료센터 서울점	채팅 운영시간 안내
8870	살구	2026-01-21 11:37:56	SD동물의료센터 서울점	✅ 본 채널에서는 진료 예약과 입원 환자 사진·안내를 받아보실 수 있습니다. (14:00~16:00, 1회)

📌 다만, 진료·증상 상담은 채널에서 진행하지 않으며, 내원 시 의료진과 직접 상담 부탁드립니다.

더 나은 진료 서비스를 위해 최선을 다하겠습니다. 감사합니다.
8870	살구	2026-01-21 11:37:58	쏘영	감사합니다
8870	살구	2026-01-21 11:37:58	SD동물의료센터 서울점	채팅 운영시간 안내
8870	살구	2026-01-21 11:37:58	SD동물의료센터 서울점	✅ 본 채널에서는 진료 예약과 입원 환자 사진·안내를 받아보실 수 있습니다. (14:00~16:00, 1회)

📌 다만, 진료·증상 상담은 채널에서 진행하지 않으며, 내원 시 의료진과 직접 상담 부탁드립니다.

더 나은 진료 서비스를 위해 최선을 다하겠습니다. 감사합니다.
8870	살구	2026-01-21 11:45:59	SD동물의료센터 서울점	네 보호자님, 사진 및 내용 전달드리겠습니다. 감사합니다 :)
8870	살구	2026-01-28 19:21:08	쏘영	안녕하세여 금일 20시 살구 예약해뒀는데ㅜㅜ
급한일이 생갸서 오늘 진료보러 못갈것같아요
혹시 내일 오전 중으로 변경해도될끼요?
정말죄송합니다ㅜㅜㅜ 
8870	살구	2026-01-28 19:21:08	SD동물의료센터 서울점	채팅 운영시간 안내
8870	살구	2026-01-28 19:21:08	SD동물의료센터 서울점	✅ 본 채널에서는 진료 예약과 입원 환자 사진·안내를 받아보실 수 있습니다. (14:00~16:00, 1회)

📌 다만, 진료·증상 상담은 채널에서 진행하지 않으며, 내원 시 의료진과 직접 상담 부탁드립니다.

더 나은 진료 서비스를 위해 최선을 다하겠습니다. 감사합니다.
8870	살구	2026-01-28 19:36:37	SD동물의료센터 서울점	안녕하세요 보호자님.
익일 곽소연과장님 오전진료는 마감되셔서 제일 빠른시간 12시 가능한데 해당시간으로 변경 도와드릴까요?
8870	살구	2026-01-28 20:22:01	쏘영	네네 감사합니다
8870	살구	2026-01-28 20:22:01	SD동물의료센터 서울점	채팅 운영시간 안내
8870	살구	2026-01-28 20:22:01	SD동물의료센터 서울점	✅ 본 채널에서는 진료 예약과 입원 환자 사진·안내를 받아보실 수 있습니다. (14:00~16:00, 1회)

📌 다만, 진료·증상 상담은 채널에서 진행하지 않으며, 내원 시 의료진과 직접 상담 부탁드립니다.

더 나은 진료 서비스를 위해 최선을 다하겠습니다. 감사합니다.
8870	살구	2026-01-28 20:31:07	SD동물의료센터 서울점	네 내일뵙겠습니다. :)
8870	살구	2026-06-27 20:29:31	쏘영	안녕하세요 
선생님 
오랜만에 연락드립니다! 비숑 살구 내일 오전에 진료예약 가능할까요?
계속 재채기를해서 진료보려합니다 !
8870	살구	2026-06-27 20:29:31	SD동물의료센터 서울점	채팅 운영시간 안내
8870	살구	2026-06-27 20:29:31	SD동물의료센터 서울점	✅ 본 채널에서는 진료 예약과 입원 환자 사진·안내를 받아보실 수 있습니다. (14:00~16:00, 1회)

📌 다만, 진료·증상 상담은 채널에서 진행하지 않으며, 내원 시 의료진과 직접 상담 부탁드립니다.

더 나은 진료 서비스를 위해 최선을 다하겠습니다. 감사합니다.
8870	살구	2026-06-27 20:32:29	SD동물의료센터 서울점	안녕하세요 보호자님 6/28 일 주치의 선생님께 진료 예약이 꽉 차있어 진료가 어렵습니다ㅠ 이전에 진료보셨던 남자선생님께 16시, 17:30 진료 가능하신데 예약도와드릴까요?
8870	살구	2026-06-27 21:03:57	쏘영	다른 선생님한테 진료보면 오전에 예약가능할까요?
8870	살구	2026-06-27 21:03:57	SD동물의료센터 서울점	채팅 운영시간 안내
8870	살구	2026-06-27 21:03:57	SD동물의료센터 서울점	✅ 본 채널에서는 진료 예약과 입원 환자 사진·안내를 받아보실 수 있습니다. (14:00~16:00, 1회)

📌 다만, 진료·증상 상담은 채널에서 진행하지 않으며, 내원 시 의료진과 직접 상담 부탁드립니다.

더 나은 진료 서비스를 위해 최선을 다하겠습니다. 감사합니다.
8870	살구	2026-06-27 21:28:46	SD동물의료센터 서울점	오전 진료는 어려우세요ㅠㅠ
8870	살구	2026-06-27 21:44:11	쏘영	아 그럼 16시로 부탁드립니다 !!
8870	살구	2026-06-27 21:44:11	SD동물의료센터 서울점	채팅 운영시간 안내
8870	살구	2026-06-27 21:44:11	SD동물의료센터 서울점	✅ 본 채널에서는 진료 예약과 입원 환자 사진·안내를 받아보실 수 있습니다. (14:00~16:00, 1회)

📌 다만, 진료·증상 상담은 채널에서 진행하지 않으며, 내원 시 의료진과 직접 상담 부탁드립니다.

더 나은 진료 서비스를 위해 최선을 다하겠습니다. 감사합니다.
8870	살구	2026-06-27 21:48:06	SD동물의료센터 서울점	네 보호자님 6/28 일 16시에 뵙겠습니다 감사합니다 :)
8870	살구	2026-07-28 14:00:26	SD동물의료센터 서울점	(광고)7월의 SD링크가 도착했어요.
8870	살구	2026-07-30 09:50:18	쏘영	안녕하세요 혹시이번주 일요일 오전에 살구 진료가능할까요?
8870	살구	2026-07-30 09:50:18	SD동물의료센터 서울점	채팅 운영시간 안내
8870	살구	2026-07-30 09:50:18	SD동물의료센터 서울점	✅ 본 채널에서는 진료 예약과 입원 환자 사진·안내를 받아보실 수 있습니다. (14:00~16:00, 1회)

📌 다만, 진료·증상 상담은 채널에서 진행하지 않으며, 내원 시 의료진과 직접 상담 부탁드립니다.

더 나은 진료 서비스를 위해 최선을 다하겠습니다. 감사합니다.
8870	살구	2026-07-30 10:04:17	SD동물의료센터 서울점	안녕하세요 보호자님, 봐주시던 선생님들은 일요일 오전 진료 이미 꽉 찼고 다른 선생님 상관없으시면 예약도와드릴 수 있습니다. :)
8870	살구	2026-07-30 10:10:39	쏘영	그럼 토요일 오전은요?
8870	살구	2026-07-30 10:10:39	SD동물의료센터 서울점	채팅 운영시간 안내
8870	살구	2026-07-30 10:10:40	SD동물의료센터 서울점	✅ 본 채널에서는 진료 예약과 입원 환자 사진·안내를 받아보실 수 있습니다. (14:00~16:00, 1회)

📌 다만, 진료·증상 상담은 채널에서 진행하지 않으며, 내원 시 의료진과 직접 상담 부탁드립니다.

더 나은 진료 서비스를 위해 최선을 다하겠습니다. 감사합니다.
8870	살구	2026-07-30 10:11:58	SD동물의료센터 서울점	토요일 오전도 담당 선생님들 휴진으로 인해 예약이 어려울 것 같습니다. ㅠㅠ
8870	살구	2026-07-30 10:12:22	쏘영	그럼 일요일오전 아무 선생님으로 예약부탁드립니다! 알러지검사 결과도 들어야하고 + 귀 진료 보려고합니다
8870	살구	2026-07-30 10:12:22	SD동물의료센터 서울점	채팅 운영시간 안내
8870	살구	2026-07-30 10:12:22	SD동물의료센터 서울점	✅ 본 채널에서는 진료 예약과 입원 환자 사진·안내를 받아보실 수 있습니다. (14:00~16:00, 1회)

📌 다만, 진료·증상 상담은 채널에서 진행하지 않으며, 내원 시 의료진과 직접 상담 부탁드립니다.

더 나은 진료 서비스를 위해 최선을 다하겠습니다. 감사합니다.
8870	살구	2026-07-30 10:13:09	SD동물의료센터 서울점	네, 내과 진료로 예약 잡아드리겠습니다. :)
10시에 조희수 내과과장님께 도와드려도 괜찮을까요?
8870	살구	2026-07-30 10:15:28	SD동물의료센터 서울점	그리고 혹시, 알러지 검사를 저희 병원에서 진행하셨을까요?
8870	살구	2026-07-30 11:57:59	쏘영	아 선생님 잠시만요ㅜㅜ 제가 혼선이 있었어요 다시 연락드릴게요
8870	살구	2026-07-30 11:57:59	SD동물의료센터 서울점	채팅 운영시간 안내
8870	살구	2026-07-30 11:57:59	SD동물의료센터 서울점	✅ 본 채널에서는 진료 예약과 입원 환자 사진·안내를 받아보실 수 있습니다. (14:00~16:00, 1회)

📌 다만, 진료·증상 상담은 채널에서 진행하지 않으며, 내원 시 의료진과 직접 상담 부탁드립니다.

더 나은 진료 서비스를 위해 최선을 다하겠습니다. 감사합니다.
8870	살구	2026-07-30 11:59:28	SD동물의료센터 서울점	네 보호자님 확인 후 다시연락주세요^^
8870	살구	2026-08-01 17:26:23	쏘영	선생님 살구 진료예약했었는데 제가 병원을 헷갈렸던거같아요ㅠㅠ 내일 예약 취소부탁드립니다
8870	살구	2026-08-01 17:26:23	SD동물의료센터 서울점	채팅 운영시간 안내
8870	살구	2026-08-01 17:26:23	SD동물의료센터 서울점	✅ 본 채널에서는 진료 예약과 입원 환자 사진·안내를 받아보실 수 있습니다. (14:00~16:00, 1회)

📌 다만, 진료·증상 상담은 채널에서 진행하지 않으며, 내원 시 의료진과 직접 상담 부탁드립니다.

더 나은 진료 서비스를 위해 최선을 다하겠습니다. 감사합니다.
8870	살구	2026-08-01 17:28:58	SD동물의료센터 서울점	안녕하세요 살구보호자님
8/2(일) 10:00 예약 취소 도와드렸습니다.
감사합니다.
8870	살구	2026-08-01 17:34:11	쏘영	감사합니다
8870	살구	2026-08-01 17:34:11	SD동물의료센터 서울점	채팅 운영시간 안내
8992	로니	2025-08-27 15:41:40	승진	진료시간/영업시간
8992	로니	2025-08-27 15:41:40	SD동물의료센터 서울점(메뉴)	SD동물의료센터 서울점은
365일 24시간 연중무휴
아이들을 돌보고 있습니다.

◼︎ 주간진료 : 오전 10시~오후 10시
◼︎ 야간진료 : 오후 10시~오전 10시
◼︎ 회진시간 : 오후 1시~오후 2시

* 우리 병원은 진료예약 우선제로 예약환자를 우선으로 진료합니다. 
* 예약 없이 내원시, 대기시간이 발생할 수 있는 점 양해부탁드립니다.
* 회진시간에는 입원환자 인계업무로 인해 진료가 불가합니다. 

🚨 응급상황 발생 시, 본원 대표전화(02-2039-0303)로 연락주세요!
8992	로니	2025-08-27 15:41:50	승진	건강검진 안내
8992	로니	2025-08-27 15:41:50	SD동물의료센터 서울점(메뉴)	건강한 견생, 묘생을 위해 주기적인 건강검진은 필수입니다. 
SD동물의료센터에서는 아이에게 꼭 필요한 최소 항목으로 건강검진을 진행하고 있습니다. 
아이의 나이와 현 상태에 따라 검진이 가능한 베이직 프로그램부터 프리미엄까지 세세하게 항목을 분류하여 검진을 진행합니다.

자세한 내용은 아래 버튼을 통해 확인하실 수 있습니다.

8992	로니	2025-08-27 16:19:45	승진	진료예약
8992	로니	2025-08-27 16:19:45	SD동물의료센터 서울점(메뉴)	SD동물의료센터 서울점 진료 예약을 위해 아래 내용을 채팅에 남겨주세요.

◼︎ 보호자님 성함 / 연락처
◼︎ 반려동물 이름 / 간단한 증상

* 예약에 필요한 간단한 상담이 진행될 수 있습니다.
* 증상과 관련된 자세한 상담은 진료의 부분으로 예약 후 내원시 수의사 선생님과 상담 가능합니다. 
* 채널 상담은 병원 업무와 동시에 진행되어 원내 상황에 따라 빠른 응대가 어려울 수 있습니다. 

문의사항은 본원 대표전화(02-2039-0303)로 연락부탁드립니다.
8992	로니	2025-08-27 16:19:51	승진	건강검진 안내
8992	로니	2025-08-27 16:19:51	SD동물의료센터 서울점(메뉴)	건강한 견생, 묘생을 위해 주기적인 건강검진은 필수입니다. 
SD동물의료센터에서는 아이에게 꼭 필요한 최소 항목으로 건강검진을 진행하고 있습니다. 
아이의 나이와 현 상태에 따라 검진이 가능한 베이직 프로그램부터 프리미엄까지 세세하게 항목을 분류하여 검진을 진행합니다.

자세한 내용은 아래 버튼을 통해 확인하실 수 있습니다.

8992	로니	2025-08-31 12:20:28	승진	진료예약
8992	로니	2025-08-31 12:20:28	SD동물의료센터 서울점(메뉴)	SD동물의료센터 서울점 진료 예약을 위해 아래 내용을 채팅에 남겨주세요.

◼︎ 보호자님 성함 / 연락처
◼︎ 반려동물 이름 / 간단한 증상

* 예약에 필요한 간단한 상담이 진행될 수 있습니다.
* 증상과 관련된 자세한 상담은 진료의 부분으로 예약 후 내원시 수의사 선생님과 상담 가능합니다. 
* 채널 상담은 병원 업무와 동시에 진행되어 원내 상황에 따라 빠른 응대가 어려울 수 있습니다. 

문의사항은 본원 대표전화(02-2039-0303)로 연락부탁드립니다.
8992	로니	2025-08-31 12:21:08	승진	정승진
로니 / 요로결석 증상으로 인한 복부초음파 필요
8992	로니	2025-08-31 12:21:19	승진	010 7593 4294
8992	로니	2025-08-31 12:23:03	SD동물의료센터 서울점	안녕하세요. 보호자님! 요로결석 증상 복부초음파 문의주셨는데 원하시는 날짜나 시간이 있으실까요?
8992	로니	2025-08-31 12:23:37	승진	오늘도 괜찮으면 오늘 좋습니다. 아니면 다음주 토요일 오후가 좋을 것 같습니다
8992	로니	2025-08-31 12:24:11	SD동물의료센터 서울점	초음파 진료 보시고 결석 제거 수술이 필요하면 하실 의향이 있으실까요?
8992	로니	2025-08-31 12:24:16	승진	로니는 고양이고 다른 병원에서 엑스레이 찍었는데 요로결석이 보여서 정밀진단이 필요하다고 해서요
8992	로니	2025-08-31 12:25:08	승진	일단 수술 보단 식이 및 처방 식품으로 나아지는지 볼 수 있을까 합니다
8992	로니	2025-08-31 12:27:04	SD동물의료센터 서울점	네 보호자님! 9/6(토) 오후 2:30 ~ 5:30 사이 진료 가능합니다. 시간 언제로 도와드릴까요?
8992	로니	2025-08-31 12:29:33	승진	두시 반 부탁드립니다. 소변검사도 같이 진행해야할까요?
8992	로니	2025-08-31 12:33:40	SD동물의료센터 서울점	필요 시 소변검사를 진행할 수 있어 아이 데리고 오시면 소변 보지 않도록 안고 계시면 됩니다. 혹시 다른 안내사항 필요할 시 연락드리겠습니다. 로니 나이와 성별도 부탁드립니다. 그리고 타병원에서 요로결석 진단 받으셨다고 하셨는데 본원을 추천하신 걸까요? 그리고 검사자료 있으시면 자료도 부탁드립니다.
8992	로니	2025-08-31 12:33:54	SD동물의료센터 서울점	sdamc01@naver.com
8992	로니	2025-08-31 12:43:54	승진	중성화 끝낸 남자아이구요, 생년월은 2020년 5월 추정입니다.
추천 받은건 아니고 고양이 헌혈하러 갔다가 간단한 검진을 하는데 이런 소견이 나왔다고 하네요

검사자료는 이메일로 보내드리겠습니다
8992	로니	2025-08-31 12:45:03	SD동물의료센터 서울점	네, 보호자님! 9/6(토) 14:30 예약 되었습니다. 변경사항이나 문의사항 있으시면 연락 부탁드립니다. 감사합니다.
8992	로니	2025-09-05 12:38:48	SD동물의료센터 서울점	안녕하세요. SD동물의료센터입니다. 로니 내일 예약되어 있는데 타병원 검사자료 이메일 확인되지 않아 다시 한 번 요청드립니다. 감사합니다.
8992	로니	2025-09-05 15:08:38	승진	앗, 까먹었습니다 죄송합니다. 오늘 퇴근 후 바로 전송드리도록 하겠습니다 ㅠㅠ
8992	로니	2025-09-05 15:12:18	SD동물의료센터 서울점	네, 감사합니다. 내일 뵙겠습니다.
8992	로니	2025-09-05 20:08:09	승진	지금 전달하였습니다
8992	로니	2025-09-05 20:42:13	SD동물의료센터 서울점	네 확인하였습니다. 내일 뵙겠습니다 :)
8992	로니	2026-07-28 12:25:12	SD동물의료센터 서울점	안녕하세요
8992	로니	2026-07-28 12:25:39	승진	사진
8992	로니	2026-07-28 12:25:39	SD동물의료센터 서울점	채팅 운영시간 안내
8992	로니	2026-07-28 12:25:39	SD동물의료센터 서울점	✅ 본 채널에서는 진료 예약과 입원 환자 사진·안내를 받아보실 수 있습니다. (14:00~16:00, 1회)

📌 다만, 진료·증상 상담은 채널에서 진행하지 않으며, 내원 시 의료진과 직접 상담 부탁드립니다.

더 나은 진료 서비스를 위해 최선을 다하겠습니다. 감사합니다.
8992	로니	2026-07-28 12:25:44	승진	일요일 혈노
8992	로니	2026-07-28 12:25:44	SD동물의료센터 서울점	채팅 운영시간 안내
8992	로니	2026-07-28 12:25:44	SD동물의료센터 서울점	✅ 본 채널에서는 진료 예약과 입원 환자 사진·안내를 받아보실 수 있습니다. (14:00~16:00, 1회)

📌 다만, 진료·증상 상담은 채널에서 진행하지 않으며, 내원 시 의료진과 직접 상담 부탁드립니다.

더 나은 진료 서비스를 위해 최선을 다하겠습니다. 감사합니다.
8992	로니	2026-07-28 12:25:48	승진	사진
8992	로니	2026-07-28 12:25:48	SD동물의료센터 서울점	채팅 운영시간 안내
8992	로니	2026-07-28 12:25:48	SD동물의료센터 서울점	✅ 본 채널에서는 진료 예약과 입원 환자 사진·안내를 받아보실 수 있습니다. (14:00~16:00, 1회)

📌 다만, 진료·증상 상담은 채널에서 진행하지 않으며, 내원 시 의료진과 직접 상담 부탁드립니다.

더 나은 진료 서비스를 위해 최선을 다하겠습니다. 감사합니다.
8992	로니	2026-07-28 12:25:51	승진	오늘 혈뇨
8992	로니	2026-07-28 12:25:51	SD동물의료센터 서울점	채팅 운영시간 안내
8992	로니	2026-07-28 12:25:51	SD동물의료센터 서울점	✅ 본 채널에서는 진료 예약과 입원 환자 사진·안내를 받아보실 수 있습니다. (14:00~16:00, 1회)

📌 다만, 진료·증상 상담은 채널에서 진행하지 않으며, 내원 시 의료진과 직접 상담 부탁드립니다.

더 나은 진료 서비스를 위해 최선을 다하겠습니다. 감사합니다.
8992	로니	2026-07-28 14:00:27	SD동물의료센터 서울점	(광고)7월의 SD링크가 도착했어요.
8992	로니	2026-07-30 15:40:41	승진	안녕하세요, 토요일에 수술 예정이 잡혀있는 로니 보호자입니다. 다름이 아니고 금요일부터 금식을 하라고 했는데, 정확히 금요일 언제부터 금식을 해야하는지 알 수 있을까요?
8992	로니	2026-07-30 15:40:41	SD동물의료센터 서울점	채팅 운영시간 안내
8992	로니	2026-07-30 15:40:41	SD동물의료센터 서울점	✅ 본 채널에서는 진료 예약과 입원 환자 사진·안내를 받아보실 수 있습니다. (14:00~16:00, 1회)

📌 다만, 진료·증상 상담은 채널에서 진행하지 않으며, 내원 시 의료진과 직접 상담 부탁드립니다.

더 나은 진료 서비스를 위해 최선을 다하겠습니다. 감사합니다.
8992	로니	2026-07-30 16:07:40	SD동물의료센터 서울점	안녕하세요 로니보호자님
10시간 금식, 2시간 금수 후 내원해주시면 되고, 
남겨주신 연락처로 문자 발송 드렸습니다.
7/31(금) 유선으로 한번 더 안내드리겠습니다.
감사합니다.
8992	로니	2026-07-30 16:07:46	승진	감사합니다!
8992	로니	2026-07-30 16:07:46	SD동물의료센터 서울점	채팅 운영시간 안내
8992	로니	2026-07-30 16:07:46	SD동물의료센터 서울점	✅ 본 채널에서는 진료 예약과 입원 환자 사진·안내를 받아보실 수 있습니다. (14:00~16:00, 1회)

📌 다만, 진료·증상 상담은 채널에서 진행하지 않으며, 내원 시 의료진과 직접 상담 부탁드립니다.

더 나은 진료 서비스를 위해 최선을 다하겠습니다. 감사합니다.
8992	로니	2026-08-01 10:58:30	승진	로니
8992	로니	2026-08-01 10:58:30	SD동물의료센터 서울점	채팅 운영시간 안내
8992	로니	2026-08-01 10:58:30	SD동물의료센터 서울점	✅ 본 채널에서는 진료 예약과 입원 환자 사진·안내를 받아보실 수 있습니다. (14:00~16:00, 1회)

📌 다만, 진료·증상 상담은 채널에서 진행하지 않으며, 내원 시 의료진과 직접 상담 부탁드립니다.

더 나은 진료 서비스를 위해 최선을 다하겠습니다. 감사합니다.
8992	로니	2026-08-01 11:04:44	SD동물의료센터 서울점	면회 시간 안내 드립니다.

12:00 ~ 12:50 / 17:30 ~ 19:00

1일 2회 (최대 10분 제한)
- 장소 : 원내 처치실 (입원실)

전화 문의 후 내원 
- 예약 및 전화 접수 불가하며 원내 접수 순으로 진행하고 있으며 병원 상황에 따라 대기 생길 수 있는 점 미리 양해 말씀드립니다.

감사합니다. :)
8992	로니	2026-08-01 11:04:48	SD동물의료센터 서울점	안녕하세요 보호자님

입원 및 면회 관련 안내사항 보내드립니다.
이용에 불편함 없으시도록 참고 부탁드립니다. :)

▶ https://blog.naver.com/sdamc00/223842908205


◎ 우리 병원은 아픈 반려동물의 빠른 회복을 최우선으로 최선의 진료를 시행합니다. ◎

""예상치 못한 응급 상황이나 피치 못할 중환자 관리로 인해 대기 시간이 길어질 수 있는 점""
미리 양해 말씀드리며 너그럽게 양해 부탁드립니다.

보호자분의 따뜻한 배려 늘 감사합니다. :)
8992	로니	2026-08-01 14:42:09	SD동물의료센터 서울점	사진
8992	로니	2026-08-01 14:42:13	SD동물의료센터 서울점	동영상
8992	로니	2026-08-01 14:42:14	SD동물의료센터 서울점	안녕하세요 로니 보호자님! 로니는 내원 이후 입원장 안에서 수액 맞으며 휴식 중에 있습니다. 사진과 함께 영상 보내드려요! 수술 전후로 연락 드리겠습니다! 감사합니다 :)
8992	로니	2026-08-01 17:05:48	SD동물의료센터 서울점	안녕하세요. 로니 보호자님! 로니는 수술 잘 마치고 현재 입원장에서 산소처치를 받으며 마취 회복 중에 있습니다. 로니의 사진 보내드립니다.
8992	로니	2026-08-01 17:06:05	SD동물의료센터 서울점	사진
8992	로니	2026-08-01 17:06:29	승진	감사합니다 ㅠㅠ
8992	로니	2026-08-01 17:06:29	SD동물의료센터 서울점	채팅 운영시간 안내
8992	로니	2026-08-01 17:06:29	SD동물의료센터 서울점	✅ 본 채널에서는 진료 예약과 입원 환자 사진·안내를 받아보실 수 있습니다. (14:00~16:00, 1회)

📌 다만, 진료·증상 상담은 채널에서 진행하지 않으며, 내원 시 의료진과 직접 상담 부탁드립니다.

더 나은 진료 서비스를 위해 최선을 다하겠습니다. 감사합니다.
8992	로니	2026-08-02 14:06:14	SD동물의료센터 서울점	사진
8992	로니	2026-08-02 14:06:19	SD동물의료센터 서울점	동영상
8992	로니	2026-08-02 14:06:33	SD동물의료센터 서울점	안녕하세요 로니 보호자님! 로니는 오늘 아침 식이 먹어주지 않아 스스로 먹을 수 있도록 장 안에 밥그릇 유지하여 체크 중에 있으며 소변은 보았습니다. 입원장 안에서 수액 맞으면서 휴식 중인 영상과 함께 사진 보내드려요! 감사합니다 :)
8992	로니	2026-08-03 13:44:55	SD동물의료센터 서울점	사진
8992	로니	2026-08-03 13:44:59	SD동물의료센터 서울점	동영상
8992	로니	2026-08-03 13:44:59	SD동물의료센터 서울점	동영상
8992	로니	2026-08-03 13:45:05	SD동물의료센터 서울점	안녕하세요 로니 보호자님~ 로니는 오늘 오전 식이 소량 먹어주었고 소변도 잘보았습니다. 현재는 입원장에서 수액을 맞으며 휴식을 취하고 있습니다. 사진 및 영상 보내드려요 :)
8992	로니	2026-08-03 13:49:07	승진	감사합니다. 체온은 좀 괜찮아졌나요 ㅠㅠ?
8992	로니	2026-08-03 13:49:07	SD동물의료센터 서울점	채팅 운영시간 안내
8992	로니	2026-08-03 13:49:07	SD동물의료센터 서울점	✅ 본 채널에서는 진료 예약과 입원 환자 사진·안내를 받아보실 수 있습니다. (14:00~16:00, 1회)

📌 다만, 진료·증상 상담은 채널에서 진행하지 않으며, 내원 시 의료진과 직접 상담 부탁드립니다.

더 나은 진료 서비스를 위해 최선을 다하겠습니다. 감사합니다.
8992	로니	2026-08-04 14:05:37	SD동물의료센터 서울점	사진
8992	로니	2026-08-04 14:05:40	SD동물의료센터 서울점	동영상
8992	로니	2026-08-04 14:05:41	SD동물의료센터 서울점	동영상
9000	모카	2025-09-08 16:01:12	이연후	모카보호자 입니다
9000	모카	2025-09-08 16:02:13	SD동물의료센터 서울점	모카 결제.pdf
9000	모카	2025-09-08 16:13:50	이연후	진단서도 부탁드립니다
9000	모카	2025-09-08 16:15:45	SD동물의료센터 서울점	진단서는 44,000원 비용 발생되며 시간은 2-3일정도 소요됩니다. :)
9000	모카	2025-09-08 16:25:55	이연후	네 계좌 알려주시면 보내드릴게요
9000	모카	2025-09-08 16:27:19	SD동물의료센터 서울점	계좌번호 안내드립니다.
입금 후 현금영수증 발급 여부 말씀 부탁드립니다. :)

부산은행 SD동물의료센터
101-2077-5266-02
금액 : 44,000원
9000	모카	2025-09-08 16:27:57	이연후	이체 했습니다
9000	모카	2025-09-08 16:29:11	SD동물의료센터 서울점	현금영수증은 어떻게해드릴까요?
9000	모카	2025-09-08 16:30:04	이연후	010 5659 3691로 부탁드립니다
9000	모카	2025-09-08 16:32:16	SD동물의료센터 서울점	네 발행되었습니다. 진단서는 완료되면 해당 카톡방으로 전달드리겠습니다. :)
9000	모카	2025-09-08 20:29:02	이연후	모카 아직 수술중인가요?
9000	모카	2025-09-08 20:34:52	SD동물의료센터 서울점	네 수술중입니다. :)
9000	모카	2025-09-08 20:57:30	이연후	혹시 오늘 수술 끝나고 면회가 될까요
9000	모카	2025-09-08 21:00:10	이연후	건강검진 안내
9000	모카	2025-09-08 21:00:10	SD동물의료센터 서울점(메뉴)	건강한 견생, 묘생을 위해 주기적인 건강검진은 필수입니다. 
SD동물의료센터에서는 아이에게 꼭 필요한 최소 항목으로 건강검진을 진행하고 있습니다. 
아이의 나이와 현 상태에 따라 검진이 가능한 베이직 프로그램부터 프리미엄까지 세세하게 항목을 분류하여 검진을 진행합니다.

자세한 내용은 아래 버튼을 통해 확인하실 수 있습니다.

9000	모카	2025-09-08 21:10:38	SD동물의료센터 서울점	앗.. 면회는 내일 이후 부탁드려야 될 것 같습니다..!
면회 시간도 종료 되었고 수술 당일 면회는 권장드리지 않아서요 🥲
9000	모카	2025-09-08 21:11:11	이연후	네 수술 끝나면 알려주세요!
9000	모카	2025-09-08 21:12:37	SD동물의료센터 서울점	네 수술 끝나고 연락드리겠습니다!
9000	모카	2025-09-08 22:25:16	SD동물의료센터 서울점	사진
9000	모카	2025-09-08 22:25:31	SD동물의료센터 서울점	안녕하세요 모카 보호자님 sd동물의료센터 입니다 :) 모카 현재 마취 잘 깨어 입원장안에서 산소처치와 수액처치를 받는 중 입니다 . 걱정되실 거 같아 사진 같이 보내드립니다 !
9000	모카	2025-09-08 22:25:41	SD동물의료센터 서울점	야간중에도 잘 돌보고있도록 하겠습니다 보호자님 :)
9000	모카	2025-09-08 22:26:01	이연후	네 너무 감사드립니다.
9000	모카	2025-09-08 22:26:01	SD동물의료센터 서울점	채팅 운영시간 안내
9000	모카	2025-09-08 22:26:01	SD동물의료센터 서울점	지금은 답변(채팅)이 가능한 시간이 아닙니다. 🌃
야간 중 채널 확인 및 전송이 불가능하오니 내용을 남겨주시면 채팅이 가능한 시간에 순차적으로 답변드리겠습니다.
아이들의 편한 휴식과 보다 더 안정된 회복을 위하여 집중하겠습니다.
감사합니다. 😊
9000	모카	2025-09-09 08:35:20	이연후	안녕하세요 오늘 모카 12시 30분쯤 면회 가려고 하는데 가능할까요?
9000	모카	2025-09-09 08:35:20	SD동물의료센터 서울점	채팅 운영시간 안내
9000	모카	2025-09-09 08:35:20	SD동물의료센터 서울점	지금은 답변(채팅)이 가능한 시간이 아닙니다. 🌃
야간 중 채널 확인 및 전송이 불가능하오니 내용을 남겨주시면 채팅이 가능한 시간에 순차적으로 답변드리겠습니다.
아이들의 편한 휴식과 보다 더 안정된 회복을 위하여 집중하겠습니다.
감사합니다. 😊
9000	모카	2025-09-09 09:33:28	SD동물의료센터 서울점	안녕하세요 보호자님 아이 상태에 따라 멀리서 면회가 가능할 수도 있습니다 이따 뵙도록 하겠습니다 감사합니다:)
9000	모카	2025-09-09 09:33:57	이연후	네 감사합니다
9000	모카	2025-09-09 13:23:42	SD동물의료센터 서울점	사진
9000	모카	2025-09-09 13:23:45	SD동물의료센터 서울점	동영상
9000	모카	2025-09-09 13:25:00	SD동물의료센터 서울점	안녕하세요 모카보호자님:) 오늘 모카 아침식이 잘먹었고 소변줄 통해서 소변 잘나오고 있습니다 수액 맞으며 장안에서 휴식중인 영상과 사진 보내드립니다~ 감사합니다!
9000	모카	2025-09-09 13:25:09	이연후	네 감사합니다!
9000	모카	2025-09-10 10:34:27	이연후	안녕하세요
9000	모카	2025-09-10 10:34:33	이연후	혹시 모카 진단서 나왔을까요?
9000	모카	2025-09-10 10:38:58	SD동물의료센터 서울점	보호자님. 아직 진단서가 발급되지 않아 확인되는 대로 연락드리겠습니다. 감사합니다.
9000	모카	2025-09-10 13:41:18	이연후	모카 잘 있나요? 
9000	모카	2025-09-10 13:56:15	SD동물의료센터 서울점	사진
9000	모카	2025-09-10 13:56:20	SD동물의료센터 서울점	동영상
9000	모카	2025-09-10 13:57:11	SD동물의료센터 서울점	모카 보호자님~ 안녕하세요! 모카는 잠도 잘 자고 수액도 잘 맞고 소변은 뇨카테터를 통해서 잘 나오고 있고 배변은 아직 없는 상태입니다. 지금은 잘 자고 있습니다^^ 귀여운 모카 사진이랑 영상 보내드립니다:)
9000	모카	2025-09-10 15:07:36	이연후	네 감사합니다. 혹시 감각이 조금이라도 돌아오거나 어떤 변화가 있을까요? 
9000	모카	2025-09-10 15:17:26	SD동물의료센터 서울점	보호자님, 담당 선생님 확인 후 답변드리도록 하겠습니다.
9000	모카	2025-09-10 16:04:50	SD동물의료센터 서울점	금일 오전 검사시는 아직 수술 전과 유사한 정도라고 답변주셨습니다
9000	모카	2025-09-10 16:08:44	이연후	네 감사합니다
9000	모카	2025-09-10 17:15:28	이연후	모카 오후 면회 가도 될까요?
9000	모카	2025-09-10 17:34:09	SD동물의료센터 서울점	네 보호자님 가능합니다 몇시에 오실 예정이실까요?
9000	모카	2025-09-10 17:34:35	이연후	6시 40분쯤 도착 할 거 같습니다
9000	모카	2025-09-10 17:35:19	SD동물의료센터 서울점	네 보호자님 이따 뵙겠습니다:)
9000	모카	2025-09-11 09:19:07	이연후	안녕하세요 어제 모카 면회가니 흥분을 해서 앞으로 면회는 안가려고 하는데, 혹시 담당 선생님하고 전화면담이 가능할까요? 여쭤보고 싶은 것들이 있어서요.
9000	모카	2025-09-11 09:37:41	SD동물의료센터 서울점	네 보호자님 어떤 내용으로 전화상담 요청하는 것인지 말씀해주시면 금일 주치의선생님께서 오후 출근이셔서 출근하시면 선생님께 전달드리겠습니다!
9000	모카	2025-09-11 09:39:05	이연후	퇴원 후 보호대 착용해야 하는지, 착용해야 된다면 병원에 있는 펫츠오엔피 병원에서 맞출 수 있는지.

9000	모카	2025-09-11 09:39:34	SD동물의료센터 서울점	해당 내용 선생님께 전달드리겠습니다!
9000	모카	2025-09-11 09:41:14	이연후	1.퇴원 후 보호대 착용해야 하는지, 착용해야 된다면 병원에 있는 펫츠오엔피 병원에서 맞출 수 있는지.

2. 퇴원 언제쯤 예상하면 되는지, 혹시 회복을 더 하고 퇴원 할 수 있는지.

3. 어느정도로 회복이 되었는지.

4. 퇴원 후 울타리 생활을 해야 하는지.

5. 레이저나 침치료도 병행하고 있는지. 

이런 것들이 궁금합니다.
9000	모카	2025-09-11 12:29:20	SD동물의료센터 서울점	사진
9000	모카	2025-09-11 12:29:44	SD동물의료센터 서울점	요청하신 진단서 발급되어 전달드립니다 감사합니다:)
9000	모카	2025-09-11 13:29:28	SD동물의료센터 서울점	사진
9000	모카	2025-09-11 13:29:31	SD동물의료센터 서울점	동영상
9000	모카	2025-09-11 13:29:34	SD동물의료센터 서울점	안녕하세요 모카보호자님:) 모카 오늘 밥을 잘먹지않아주어 오후 식이테스트 중에있으며 현재 뇨팩통해 소변 잘 나와주고있습니다.  입원장안에서 수액처치하며 휴식중인 사진과 영상 보내드립니다.
9000	모카	2025-09-11 13:32:22	이연후	네 잘 먹어야 될텐데.. 오늘도 감사합니다!
9000	모카	2025-09-11 19:03:28	이연후	 모카 저녁밥 잘 먹었나요? 컨디션은 어떤가요?
9000	모카	2025-09-11 19:46:48	SD동물의료센터 서울점	저녁엔 닭가슴살 캔이랑 섞어서 절반가량 먹었고, 컨디션도 양호합니다 !
9000	모카	2025-09-11 19:47:37	이연후	네 감사합니다
9000	모카	2025-09-12 11:12:00	이연후	안녕하세요 1시에 모카 면회 가겠습니다.
9000	모카	2025-09-12 11:14:41	SD동물의료센터 서울점	안녕하세요 보호자님, 낯시간동안 면회시간은 오후12시-1시까지라 12시반까지는 내원해주셔야 충분한 면회가 가능하실것으로 보입니다 ㅠ
9000	모카	2025-09-12 11:17:21	이연후	아아 제가 면회시간을 착각했네요 네네 12시 30분에 가겠습니다!
9000	모카	2025-09-12 11:17:34	SD동물의료센터 서울점	네 보호자님, 양해해주셔서 감사합니다 :)
9000	모카	2025-09-12 11:17:46	이연후	모카 잘 자고 아침밥 잘 먹었나요?
9000	모카	2025-09-12 11:21:30	SD동물의료센터 서울점	보호자님. 면회 오실 때 확인 후 말씀드리겠습니다. 감사합니다.
9000	모카	2025-09-12 13:37:09	SD동물의료센터 서울점	사진
9000	모카	2025-09-12 13:37:11	SD동물의료센터 서울점	동영상
9000	모카	2025-09-12 13:37:12	SD동물의료센터 서울점	동영상
9000	모카	2025-09-12 13:37:13	SD동물의료센터 서울점	안녕하세요 모카보호자님:) 모카 오늘 밥 잘 먹어주었으며 뇨팩통해 소변 잘 나와주고있습니다. 모카 오늘 호흡안정적이며 입원장에서 수액처치하며 잘 쉬고있습니다. 걱정하실 것 같아 사진과 영상 보내드립니다
9000	모카	2025-09-12 13:41:22	이연후	네 오늘도 감사드립니다! 
9000	모카	2025-09-12 14:01:42	이연후	선생님
9000	모카	2025-09-12 14:03:02	이연후	도넛이랑 아메리카노로 30잔 보냈습니다. 몇 분인지 세지 마세요! 
9000	모카	2025-09-12 14:08:37	이연후	도넛가게에서 커피 30잔 주문이 안되서 따로 배달 갈거예요~ 오늘도 오후에도 모카 잘 부탁드려요! 감사합니다:)
9000	모카	2025-09-12 14:08:44	SD동물의료센터 서울점	앗! 보호자님, 정말감사합니다. 선생님들과 함께 감사히 먹겠습니다 ^^
9000	모카	2025-09-12 14:48:51	이연후	선생님 커피 문 앞에 도착했대요
9000	모카	2025-09-12 15:01:01	SD동물의료센터 서울점	커피,도넛 잘 받았습니다. 맛있게 잘 먹겠습니다. 감사합니다.
9000	모카	2025-09-13 10:54:19	이연후	안녕하세요. 조금 전 담당 선생님이랑 통화했는데 모카가 밥을 잘 안먹는다고 해서요. 평소에 먹던 테린 갖다드려도 될까요?
9000	모카	2025-09-13 10:55:53	SD동물의료센터 서울점	네 가져오시면 그걸로 급여해 보도록 하겠습니다!
9000	모카	2025-09-13 11:14:27	이연후	12시 30분 면회하면서 갖다드릴게요
9000	모카	2025-09-13 11:15:36	SD동물의료센터 서울점	네, 감사합니다.
9000	모카	2025-09-13 13:34:43	SD동물의료센터 서울점	모카는 가져오신 사료로 먹기 시작했고, 오늘 오후부터 레이저치료 함께 진행 예정입니다! 오후에 소식 전해드리겠습니다~
9000	모카	2025-09-13 13:37:13	이연후	네 감사합니다!
9000	모카	2025-09-13 13:51:09	SD동물의료센터 서울점	사진
9000	모카	2025-09-13 13:51:11	SD동물의료센터 서울점	동영상
9000	모카	2025-09-13 13:51:13	SD동물의료센터 서울점	동영상
9000	모카	2025-09-13 13:51:28	SD동물의료센터 서울점	안녕하세요 모카 보호자님:) 모카오늘 뇨팩통해 소변 잘 나와주고있으며  가져다 주신 사식 급여해보았더니 잘 먹어주었습니다. 현재 입원장안에서 수액처치하며 휴식중인 사진과영상 보내드립니다. 걱정 하실 것같아 밥 먹는영상 같이 보내드립니다.
9000	모카	2025-09-13 13:52:25	이연후	네 너무 감사합니다.
9000	모카	2025-09-14 11:58:17	이연후	안녕하세요 12시 30분 모카 면회 가겠습니다
9000	모카	2025-09-14 11:58:46	SD동물의료센터 서울점	네, 12:30에 뵙겠습니다. 감사합니다.
9000	모카	2025-09-14 13:51:00	SD동물의료센터 서울점	사진
9000	모카	2025-09-14 13:51:05	SD동물의료센터 서울점	동영상
9000	모카	2025-09-14 13:51:11	SD동물의료센터 서울점	안녕하세요 모카 보호자님! 모카 오늘 아침 식이도 잘 먹어 주었고, 소변도 뇨카테터를 통해 잘 보는 중입니다. 현재는 입원장에서 휴식을 취하고 있으며, 귀여운 모카 사진과 영상 함께 보내드려요 :D 감사합니다 ^^
9000	모카	2025-09-14 13:51:42	이연후	네 감사합니다!
9000	모카	2025-09-14 14:01:14	이연후	사진
9000	모카	2025-09-14 14:02:04	이연후	제가 멀리서만 면회가 되서 애기 얼굴을 제대로 못봤는데 사진 속 콧구멍 살이 차올라서 막힌건가요? 콧물인가요?
9000	모카	2025-09-14 14:34:47	SD동물의료센터 서울점	비공협착 수술해주며 잘라주신 부분이라고 하셨으며 나중에 각화되고 안정화될 때까지는 소량씩 삼출물이 나올 수 있다고 하셨습니다!
9000	모카	2025-09-14 14:37:01	이연후	네 답변 감사드립니다!
9000	모카	2025-09-14 21:26:30	SD동물의료센터 서울점	사진
9000	모카	2025-09-14 21:26:37	SD동물의료센터 서울점	동영상
9000	모카	2025-09-14 21:26:38	SD동물의료센터 서울점	안녕하세요 모카 보호자님! 금일 모카 입원 중 진행한 재활 사진 및 영상 보내드립니다, 감사합니다 😊
9000	모카	2025-09-14 21:28:59	이연후	네 감사합니다!
9000	모카	2025-09-15 13:24:54	SD동물의료센터 서울점	사진
9000	모카	2025-09-15 13:24:57	SD동물의료센터 서울점	동영상
9000	모카	2025-09-15 13:25:28	SD동물의료센터 서울점	안녕하세요 모카보호자님:) 모카 오늘 아침식이는 잘먹었고 대,소변 잘봤습니다 현재 휴식중인 사진과 영상 보내드립니다 감사합니다
9000	모카	2025-09-15 13:27:19	이연후	네 감사합니다
9000	모카	2025-10-11 16:24:16	이연후	안녕하세요. 모카 오늘 재활 사진과 영상 좀 받아 볼 수 있을까요?
9000	모카	2025-10-11 16:24:16	SD동물의료센터 서울점	채팅 운영시간 안내
9000	모카	2025-10-11 16:24:16	SD동물의료센터 서울점	✅ 본 채널에서는 진료 예약과 입원 환자 사진·안내를 받아보실 수 있습니다. (14:00~16:00, 1회)

📌 다만, 진료·증상 상담은 채널에서 진행하지 않으며, 내원 시 의료진과 직접 상담 부탁드립니다.

더 나은 진료 서비스를 위해 최선을 다하겠습니다. 감사합니다.
9000	모카	2025-10-11 20:12:24	SD동물의료센터 서울점	안녕하세요 모카 보호자님 금일 모카 재활 영상 보내드리겠습니다. :)
9000	모카	2025-10-11 20:12:47	SD동물의료센터 서울점	사진
9000	모카	2025-10-11 20:12:50	SD동물의료센터 서울점	동영상
9000	모카	2025-10-11 20:12:51	SD동물의료센터 서울점	동영상
9000	모카	2025-10-11 20:12:51	SD동물의료센터 서울점	동영상
9000	모카	2025-10-11 20:12:53	SD동물의료센터 서울점	동영상
9000	모카	2025-10-11 20:12:54	SD동물의료센터 서울점	동영상
9000	모카	2025-10-11 20:12:57	SD동물의료센터 서울점	동영상
9000	모카	2025-10-11 20:12:57	SD동물의료센터 서울점	동영상
9000	모카	2025-10-11 20:12:58	SD동물의료센터 서울점	동영상
9000	모카	2025-10-11 20:13:01	SD동물의료센터 서울점	동영상
9000	모카	2025-10-14 15:21:37	이연후	안녕하세요
9000	모카	2025-10-14 15:21:37	SD동물의료센터 서울점	채팅 운영시간 안내
9000	모카	2025-10-14 15:21:37	SD동물의료센터 서울점	✅ 본 채널에서는 진료 예약과 입원 환자 사진·안내를 받아보실 수 있습니다. (14:00~16:00, 1회)

📌 다만, 진료·증상 상담은 채널에서 진행하지 않으며, 내원 시 의료진과 직접 상담 부탁드립니다.

더 나은 진료 서비스를 위해 최선을 다하겠습니다. 감사합니다.
9000	모카	2025-10-14 15:21:59	이연후	모카 돌아오는 주말 재활 예약 시간을 잊어서요. 몇시 예약인지 알 수 있을까요?
9000	모카	2025-10-14 15:21:59	SD동물의료센터 서울점	채팅 운영시간 안내
9000	모카	2025-10-14 15:21:59	SD동물의료센터 서울점	✅ 본 채널에서는 진료 예약과 입원 환자 사진·안내를 받아보실 수 있습니다. (14:00~16:00, 1회)

📌 다만, 진료·증상 상담은 채널에서 진행하지 않으며, 내원 시 의료진과 직접 상담 부탁드립니다.

더 나은 진료 서비스를 위해 최선을 다하겠습니다. 감사합니다.
9000	모카	2025-10-14 15:28:17	SD동물의료센터 서울점	보호자님 모카 수중재활 10/18(토) 6:30 예약입니다. 감사합니다
9000	모카	2025-10-14 15:33:31	이연후	네 감사합니다
9000	모카	2025-10-14 15:33:31	SD동물의료센터 서울점	채팅 운영시간 안내
9000	모카	2025-10-14 15:33:31	SD동물의료센터 서울점	✅ 본 채널에서는 진료 예약과 입원 환자 사진·안내를 받아보실 수 있습니다. (14:00~16:00, 1회)

📌 다만, 진료·증상 상담은 채널에서 진행하지 않으며, 내원 시 의료진과 직접 상담 부탁드립니다.

더 나은 진료 서비스를 위해 최선을 다하겠습니다. 감사합니다.
9000	모카	2025-10-14 16:06:07	이연후	선생님 모카가 일요일 재활인데 그 전에 담당선생님께 여쭤보고 싶은게 있는데 혹시 전화로도 상담이 가능할까요?
9000	모카	2025-10-14 16:06:07	SD동물의료센터 서울점	채팅 운영시간 안내
9000	모카	2025-10-14 16:06:07	SD동물의료센터 서울점	✅ 본 채널에서는 진료 예약과 입원 환자 사진·안내를 받아보실 수 있습니다. (14:00~16:00, 1회)

📌 다만, 진료·증상 상담은 채널에서 진행하지 않으며, 내원 시 의료진과 직접 상담 부탁드립니다.

더 나은 진료 서비스를 위해 최선을 다하겠습니다. 감사합니다.
9000	모카	2025-10-14 16:06:56	SD동물의료센터 서울점	모카 토요일 재활 예약인데 내일 재활 원장님 출근일이라 내일 전화드릴 수 있을 것 같습니다.
9000	모카	2025-10-14 16:24:43	이연후	네 그럼 내일 전화 부탁드립니다. 감사합니다!
9000	모카	2025-10-14 16:24:43	SD동물의료센터 서울점	채팅 운영시간 안내
9000	모카	2025-10-14 16:24:43	SD동물의료센터 서울점	✅ 본 채널에서는 진료 예약과 입원 환자 사진·안내를 받아보실 수 있습니다. (14:00~16:00, 1회)

📌 다만, 진료·증상 상담은 채널에서 진행하지 않으며, 내원 시 의료진과 직접 상담 부탁드립니다.

더 나은 진료 서비스를 위해 최선을 다하겠습니다. 감사합니다.
9000	모카	2025-10-14 16:27:29	SD동물의료센터 서울점	네, 원장님 전달드렸습니다.감사합니다.
9000	모카	2025-10-18 21:59:04	SD동물의료센터 서울점	사진
9000	모카	2025-10-18 21:59:07	SD동물의료센터 서울점	동영상
9000	모카	2025-10-18 21:59:08	SD동물의료센터 서울점	동영상
9000	모카	2025-10-18 21:59:08	SD동물의료센터 서울점	동영상
9000	모카	2025-10-18 21:59:11	SD동물의료센터 서울점	동영상
9000	모카	2025-10-18 21:59:11	SD동물의료센터 서울점	동영상
9000	모카	2025-10-18 21:59:14	SD동물의료센터 서울점	동영상
9000	모카	2025-10-18 21:59:14	SD동물의료센터 서울점	동영상
9000	모카	2025-10-18 21:59:15	SD동물의료센터 서울점	동영상
9000	모카	2025-10-18 21:59:17	SD동물의료센터 서울점	동영상
9000	모카	2025-10-18 21:59:19	SD동물의료센터 서울점	안녕하세요 모카 보호자님! 금일 모카 재활 영상 보내드립니다, 감사합니다 😊
9000	모카	2025-10-18 21:59:45	이연후	네 감사합니다😀
9000	모카	2025-10-18 21:59:45	SD동물의료센터 서울점	채팅 운영시간 안내
9000	모카	2025-10-18 21:59:45	SD동물의료센터 서울점	✅ 본 채널에서는 진료 예약과 입원 환자 사진·안내를 받아보실 수 있습니다. (14:00~16:00, 1회)

📌 다만, 진료·증상 상담은 채널에서 진행하지 않으며, 내원 시 의료진과 직접 상담 부탁드립니다.

더 나은 진료 서비스를 위해 최선을 다하겠습니다. 감사합니다.
9000	모카	2025-10-28 13:53:09	SD동물의료센터 서울점	채팅 운영시간 안내
9000	모카	2025-10-28 13:53:09	SD동물의료센터 서울점	✅ 본 채널에서는 진료 예약과 입원 환자 사진·안내를 받아보실 수 있습니다. (14:00~16:00, 1회)

📌 다만, 진료·증상 상담은 채널에서 진행하지 않으며, 내원 시 의료진과 직접 상담 부탁드립니다.

더 나은 진료 서비스를 위해 최선을 다하겠습니다. 감사합니다.
9000	모카	2025-10-28 13:53:09	이연후	안녕하세요 모카 11월 1일 예약 시간이 몇시로 되어있는지 좀 알려주세요
9000	모카	2025-10-28 14:20:20	SD동물의료센터 서울점	보호자님. 모카 10/29(수) 13:30 예약이고 11/1 예약은 안 되어 있습니다
9000	모카	2025-10-28 14:20:34	이연후	네 알겠습니다! 감사합니다
9000	모카	2025-10-28 14:20:34	SD동물의료센터 서울점	채팅 운영시간 안내
9000	모카	2025-10-28 14:20:34	SD동물의료센터 서울점	✅ 본 채널에서는 진료 예약과 입원 환자 사진·안내를 받아보실 수 있습니다. (14:00~16:00, 1회)

📌 다만, 진료·증상 상담은 채널에서 진행하지 않으며, 내원 시 의료진과 직접 상담 부탁드립니다.

더 나은 진료 서비스를 위해 최선을 다하겠습니다. 감사합니다.
9000	모카	2025-10-29 15:53:26	SD동물의료센터 서울점	결제내역서 (20250920_20251029).pdf
9000	모카	2025-10-29 20:58:00	SD동물의료센터 서울점	사진
9000	모카	2025-10-29 20:58:03	SD동물의료센터 서울점	동영상
9000	모카	2025-10-29 20:58:04	SD동물의료센터 서울점	동영상
9000	모카	2025-10-29 20:58:04	SD동물의료센터 서울점	동영상
9000	모카	2025-10-29 20:58:07	SD동물의료센터 서울점	동영상
9000	모카	2025-10-29 20:58:07	SD동물의료센터 서울점	동영상
9000	모카	2025-10-29 20:58:08	SD동물의료센터 서울점	동영상
9000	모카	2025-10-29 20:58:10	SD동물의료센터 서울점	동영상
9000	모카	2025-10-29 20:58:10	SD동물의료센터 서울점	동영상
9000	모카	2025-10-29 20:58:11	SD동물의료센터 서울점	동영상
9000	모카	2025-10-29 20:58:15	SD동물의료센터 서울점	모카 보호자님~ 안녕하세요! 모카 오늘 재활 영상 사진 보내드립니다:)
9000	모카	2025-11-01 21:25:45	SD동물의료센터 서울점	모카 결제내역서.pdf
9000	모카	2025-11-01 21:49:51	SD동물의료센터 서울점	채팅 운영시간 안내
9000	모카	2025-11-01 21:49:51	SD동물의료센터 서울점	✅ 본 채널에서는 진료 예약과 입원 환자 사진·안내를 받아보실 수 있습니다. (14:00~16:00, 1회)

📌 다만, 진료·증상 상담은 채널에서 진행하지 않으며, 내원 시 의료진과 직접 상담 부탁드립니다.

더 나은 진료 서비스를 위해 최선을 다하겠습니다. 감사합니다.
9000	모카	2025-11-01 21:49:51	이연후	모카 약은 마지막 14일치 주신게 끝인거 맞죠?
9000	모카	2025-11-02 10:06:49	SD동물의료센터 서울점	안녕하세요 보호자님 10/18에 14일치 내복약 받아가신 것이 마지막으로 확인 됩니다:)
9000	모카	2025-11-05 15:11:42	SD동물의료센터 서울점	사진
9000	모카	2025-11-05 15:11:45	SD동물의료센터 서울점	동영상
9000	모카	2025-11-05 15:11:45	SD동물의료센터 서울점	동영상
9000	모카	2025-11-05 15:11:47	SD동물의료센터 서울점	동영상
9000	모카	2025-11-05 15:11:47	SD동물의료센터 서울점	동영상
9000	모카	2025-11-05 15:11:47	SD동물의료센터 서울점	동영상
9000	모카	2025-11-05 15:11:50	SD동물의료센터 서울점	동영상
9000	모카	2025-11-05 15:11:50	SD동물의료센터 서울점	동영상
9000	모카	2025-11-05 15:11:53	SD동물의료센터 서울점	동영상
9000	모카	2025-11-05 15:11:53	SD동물의료센터 서울점	동영상
9000	모카	2025-11-05 15:11:53	SD동물의료센터 서울점	동영상
9000	모카	2025-11-05 15:11:55	SD동물의료센터 서울점	안녕하세요 모카 보호자님! 11월 1일에 진행된 모카 재활 영상 보내드립니다, 감사합니다 😊
9000	모카	2025-11-08 18:34:08	SD동물의료센터 서울점	동영상
9000	모카	2025-11-08 18:34:08	SD동물의료센터 서울점	동영상
9000	모카	2025-11-08 18:34:08	SD동물의료센터 서울점	사진
9000	모카	2025-11-08 18:34:11	SD동물의료센터 서울점	동영상
9000	모카	2025-11-08 18:34:11	SD동물의료센터 서울점	동영상
9000	모카	2025-11-08 18:34:11	SD동물의료센터 서울점	동영상
9000	모카	2025-11-08 18:34:14	SD동물의료센터 서울점	동영상
9000	모카	2025-11-08 18:34:15	SD동물의료센터 서울점	동영상
9000	모카	2025-11-08 18:34:16	SD동물의료센터 서울점	동영상
9000	모카	2025-11-08 18:34:17	SD동물의료센터 서울점	동영상
9000	모카	2025-11-08 18:34:18	SD동물의료센터 서울점	동영상
9000	모카	2025-11-08 18:34:29	SD동물의료센터 서울점	안녕하세요 모카 보호자님! 금일 모카 재활 영상 보내드립니다, 감사합니다 😊
9000	모카	2025-11-08 18:35:26	이연후	네 오늘 결제내역서도 부탁드려요
9000	모카	2025-11-08 18:35:26	SD동물의료센터 서울점	채팅 운영시간 안내
9000	모카	2025-11-08 18:35:26	SD동물의료센터 서울점	✅ 본 채널에서는 진료 예약과 입원 환자 사진·안내를 받아보실 수 있습니다. (14:00~16:00, 1회)

📌 다만, 진료·증상 상담은 채널에서 진행하지 않으며, 내원 시 의료진과 직접 상담 부탁드립니다.

더 나은 진료 서비스를 위해 최선을 다하겠습니다. 감사합니다.
9000	모카	2025-11-08 19:10:23	SD동물의료센터 서울점	모카 결제내역서.pdf
9000	모카	2025-11-08 19:10:31	SD동물의료센터 서울점	오늘 결제내역서 보내드립니다!
9000	모카	2025-11-17 18:35:29	SD동물의료센터 서울점	사진
9000	모카	2025-11-17 18:35:32	SD동물의료센터 서울점	동영상
9000	모카	2025-11-17 18:35:32	SD동물의료센터 서울점	동영상
9000	모카	2025-11-17 18:35:33	SD동물의료센터 서울점	동영상
9000	모카	2025-11-17 18:35:36	SD동물의료센터 서울점	동영상
9000	모카	2025-11-17 18:35:36	SD동물의료센터 서울점	동영상
9000	모카	2025-11-17 18:35:36	SD동물의료센터 서울점	동영상
9000	모카	2025-11-17 18:35:39	SD동물의료센터 서울점	동영상
9000	모카	2025-11-17 18:35:40	SD동물의료센터 서울점	안녕하세요 모카 보호자님! 15일 토요일에 진행된 모카 재활 영상과 사진 보내드립니다, 감사합니다 😊
9000	모카	2025-11-22 13:57:32	이연후	안녕하세요. 문의 좀 드리려고요. 제 지인 아이가 림프암인데 재재발이 된 케이스이고 타노비아라는 항암을 해야해서 그 약이 있는 병원으로 전원을 해야되는 상황이거든요 혹시 sd에 타노비아라는 약이 있을까요?
9000	모카	2025-11-22 13:57:32	SD동물의료센터 서울점	채팅 운영시간 안내
9000	모카	2025-11-22 13:57:32	SD동물의료센터 서울점	✅ 본 채널에서는 진료 예약과 입원 환자 사진·안내를 받아보실 수 있습니다. (14:00~16:00, 1회)

📌 다만, 진료·증상 상담은 채널에서 진행하지 않으며, 내원 시 의료진과 직접 상담 부탁드립니다.

더 나은 진료 서비스를 위해 최선을 다하겠습니다. 감사합니다.
9000	모카	2025-11-22 15:07:52	SD동물의료센터 서울점	보호자님, 해당 약품은 미국에서 제조과정 적합성 문제가 있어 한국에 입고가 안되고 있다고 합니다. 미국 내에서도 구하기가 어렵다고 하네요
9000	모카	2025-11-22 15:14:59	이연후	네 알겠습니다. 감사합니다
9000	모카	2025-11-22 15:14:59	SD동물의료센터 서울점	채팅 운영시간 안내
9000	모카	2025-11-22 15:14:59	SD동물의료센터 서울점	✅ 본 채널에서는 진료 예약과 입원 환자 사진·안내를 받아보실 수 있습니다. (14:00~16:00, 1회)

📌 다만, 진료·증상 상담은 채널에서 진행하지 않으며, 내원 시 의료진과 직접 상담 부탁드립니다.

더 나은 진료 서비스를 위해 최선을 다하겠습니다. 감사합니다.
9000	모카	2025-11-22 18:40:58	SD동물의료센터 서울점	사진
9000	모카	2025-11-22 18:41:01	SD동물의료센터 서울점	동영상
9000	모카	2025-11-22 18:41:02	SD동물의료센터 서울점	동영상
9000	모카	2025-11-22 18:41:04	SD동물의료센터 서울점	동영상
9000	모카	2025-11-22 18:41:05	SD동물의료센터 서울점	동영상
9000	모카	2025-11-22 18:41:06	SD동물의료센터 서울점	동영상
9000	모카	2025-11-22 18:41:07	SD동물의료센터 서울점	동영상
9000	모카	2025-11-22 18:41:08	SD동물의료센터 서울점	동영상
9000	모카	2025-11-22 18:41:09	SD동물의료센터 서울점	동영상
9000	모카	2025-11-22 18:41:11	SD동물의료센터 서울점	안녕하세요 모카보호자님~ 금일 진행된 모카 재활 영상 보내드립니다, 감사합니다 😊
9000	모카	2025-12-16 15:06:36	SD동물의료센터 서울점	✅ 본 채널에서는 진료 예약과 입원 환자 사진·안내를 받아보실 수 있습니다. (14:00~16:00, 1회)

📌 다만, 진료·증상 상담은 채널에서 진행하지 않으며, 내원 시 의료진과 직접 상담 부탁드립니다.

더 나은 진료 서비스를 위해 최선을 다하겠습니다. 감사합니다.
9000	모카	2025-12-16 15:06:36	이연후	안녕하세요 모카 다음 예약일과 시간 좀 알려주세요
9000	모카	2025-12-16 15:06:36	SD동물의료센터 서울점	채팅 운영시간 안내
9000	모카	2025-12-16 15:24:29	SD동물의료센터 서울점	안녕하세요 보호자님
27일 토요일 오후 3시 30분입니다. :)
9000	모카	2025-12-16 15:25:03	이연후	네 감사합니다!
9000	모카	2025-12-16 15:25:03	SD동물의료센터 서울점	채팅 운영시간 안내
9000	모카	2025-12-16 15:25:03	SD동물의료센터 서울점	✅ 본 채널에서는 진료 예약과 입원 환자 사진·안내를 받아보실 수 있습니다. (14:00~16:00, 1회)

📌 다만, 진료·증상 상담은 채널에서 진행하지 않으며, 내원 시 의료진과 직접 상담 부탁드립니다.

더 나은 진료 서비스를 위해 최선을 다하겠습니다. 감사합니다.
9000	모카	2025-12-22 14:11:21	이연후	안녕하세요
9000	모카	2025-12-22 14:11:21	SD동물의료센터 서울점	채팅 운영시간 안내
9000	모카	2025-12-22 14:11:21	SD동물의료센터 서울점	✅ 본 채널에서는 진료 예약과 입원 환자 사진·안내를 받아보실 수 있습니다. (14:00~16:00, 1회)

📌 다만, 진료·증상 상담은 채널에서 진행하지 않으며, 내원 시 의료진과 직접 상담 부탁드립니다.

더 나은 진료 서비스를 위해 최선을 다하겠습니다. 감사합니다.
9000	모카	2025-12-22 14:12:27	이연후	모카 처음 병원 간 날부터 마지막 진료일까지 영수증 세부 내역서 좀 부탁드립니다.
9000	모카	2025-12-22 14:12:27	SD동물의료센터 서울점	채팅 운영시간 안내
9000	모카	2025-12-22 14:12:27	SD동물의료센터 서울점	✅ 본 채널에서는 진료 예약과 입원 환자 사진·안내를 받아보실 수 있습니다. (14:00~16:00, 1회)

📌 다만, 진료·증상 상담은 채널에서 진행하지 않으며, 내원 시 의료진과 직접 상담 부탁드립니다.

더 나은 진료 서비스를 위해 최선을 다하겠습니다. 감사합니다.
9000	모카	2025-12-22 14:21:11	SD동물의료센터 서울점	모카 결제내역서.pdf
9000	모카	2025-12-22 14:21:21	SD동물의료센터 서울점	안녕하세요 보호자님 보내드렸습니다.
9000	모카	2025-12-22 14:23:17	이연후	네 감사합니다
9000	모카	2025-12-22 14:23:17	SD동물의료센터 서울점	채팅 운영시간 안내
9000	모카	2025-12-22 14:23:17	SD동물의료센터 서울점	✅ 본 채널에서는 진료 예약과 입원 환자 사진·안내를 받아보실 수 있습니다. (14:00~16:00, 1회)

📌 다만, 진료·증상 상담은 채널에서 진행하지 않으며, 내원 시 의료진과 직접 상담 부탁드립니다.

더 나은 진료 서비스를 위해 최선을 다하겠습니다. 감사합니다.
9000	모카	2025-12-27 16:59:33	SD동물의료센터 서울점	모카(이연후).pdf
9000	모카	2025-12-27 16:59:46	SD동물의료센터 서울점	세부내역서 보내드립니다. 감사합니다 :)
9000	모카	2026-01-01 15:32:35	SD동물의료센터 서울점	모카(260101).pdf
9000	모카	2026-01-01 15:32:46	SD동물의료센터 서울점	보호자님. 금일 내역서 보내드립니다. 감사합니다.
9000	모카	2026-01-02 10:58:51	SD동물의료센터 서울점	사진
9000	모카	2026-01-02 10:58:52	SD동물의료센터 서울점	모카 보호자님~ 안녕하세요! 모카 어제 재활사진 보내드립니다:)
9000	모카	2026-01-02 11:04:19	이연후	네 감사합니다. 오늘도 좋은 하루 보내세요^^
9000	모카	2026-01-02 11:04:19	SD동물의료센터 서울점	채팅 운영시간 안내
9000	모카	2026-01-02 11:04:19	SD동물의료센터 서울점	✅ 본 채널에서는 진료 예약과 입원 환자 사진·안내를 받아보실 수 있습니다. (14:00~16:00, 1회)

📌 다만, 진료·증상 상담은 채널에서 진행하지 않으며, 내원 시 의료진과 직접 상담 부탁드립니다.

더 나은 진료 서비스를 위해 최선을 다하겠습니다. 감사합니다.
9000	모카	2026-01-02 11:09:05	SD동물의료센터 서울점	감사합니다. 새해 복 많이 받으세요^^
9000	모카	2026-01-03 17:32:54	SD동물의료센터 서울점	사진
9000	모카	2026-01-03 17:33:12	SD동물의료센터 서울점	안녕하세요 보호자님 모카 오늘 청구내역 보내드립니다 감사합니다.
9000	모카	2026-01-03 18:15:44	SD동물의료센터 서울점	사진
9000	모카	2026-01-03 18:16:02	SD동물의료센터 서울점	보호자님. 수정하여 보내드립니다. 감사합니다.
9000	모카	2026-01-03 18:16:43	이연후	매번 번거롭게 해서 죄송합니다. 감사합니다!
9000	모카	2026-01-03 18:16:43	SD동물의료센터 서울점	채팅 운영시간 안내
9000	모카	2026-01-03 18:16:43	SD동물의료센터 서울점	✅ 본 채널에서는 진료 예약과 입원 환자 사진·안내를 받아보실 수 있습니다. (14:00~16:00, 1회)

📌 다만, 진료·증상 상담은 채널에서 진행하지 않으며, 내원 시 의료진과 직접 상담 부탁드립니다.

더 나은 진료 서비스를 위해 최선을 다하겠습니다. 감사합니다.
9000	모카	2026-01-03 18:27:30	SD동물의료센터 서울점	아닙니다. 언제든 필요할 때 말씀해주세요. 감사합니다.
9000	모카	2026-01-03 21:27:02	SD동물의료센터 서울점	동영상
9000	모카	2026-01-03 21:27:02	SD동물의료센터 서울점	동영상
9000	모카	2026-01-03 21:27:05	SD동물의료센터 서울점	동영상
9000	모카	2026-01-03 21:27:06	SD동물의료센터 서울점	동영상
9000	모카	2026-01-03 21:27:06	SD동물의료센터 서울점	동영상
9000	모카	2026-01-03 21:27:09	SD동물의료센터 서울점	동영상
9000	모카	2026-01-03 21:27:09	SD동물의료센터 서울점	동영상
9000	모카	2026-01-03 21:27:14	SD동물의료센터 서울점	안녕하세요 모카 보호자님! 모카 금일 진행한 재활 사진이랑 영상 보내드릴게요 감사합니다!
9000	모카	2026-01-05 11:56:47	이연후	안녕하세요 모카 1월 7일 예약시간을 낮시간으로 변경할 수 있을까요?3
9000	모카	2026-01-05 11:56:47	SD동물의료센터 서울점	채팅 운영시간 안내
9000	모카	2026-01-05 11:56:47	SD동물의료센터 서울점	✅ 본 채널에서는 진료 예약과 입원 환자 사진·안내를 받아보실 수 있습니다. (14:00~16:00, 1회)

📌 다만, 진료·증상 상담은 채널에서 진행하지 않으며, 내원 시 의료진과 직접 상담 부탁드립니다.

더 나은 진료 서비스를 위해 최선을 다하겠습니다. 감사합니다.
9000	모카	2026-01-05 12:19:23	SD동물의료센터 서울점	안녕하세요 보호자님 1/7(수) 제일 빠른시간은 15:30 가능하십니다
9000	모카	2026-01-05 12:20:47	이연후	네 그 시간으로 변경 부탁드립니다
9000	모카	2026-01-05 12:20:47	SD동물의료센터 서울점	채팅 운영시간 안내
9000	모카	2026-01-05 12:20:47	SD동물의료센터 서울점	✅ 본 채널에서는 진료 예약과 입원 환자 사진·안내를 받아보실 수 있습니다. (14:00~16:00, 1회)

📌 다만, 진료·증상 상담은 채널에서 진행하지 않으며, 내원 시 의료진과 직접 상담 부탁드립니다.

더 나은 진료 서비스를 위해 최선을 다하겠습니다. 감사합니다.
9000	모카	2026-01-05 12:21:21	SD동물의료센터 서울점	네 보호자님 예약변경 해드리겠습니다 감사합니다.
9000	모카	2026-01-07 16:30:13	SD동물의료센터 서울점	모카260107.pdf
9000	모카	2026-01-07 16:30:22	SD동물의료센터 서울점	보호자님. 오늘 진료청구서 보내드립니다. 감사합니다.
9000	모카	2026-01-07 18:07:35	SD동물의료센터 서울점	사진
9000	모카	2026-01-07 18:07:47	이연후	네 감사합니다.
9000	모카	2026-01-07 18:07:47	SD동물의료센터 서울점	채팅 운영시간 안내
9000	모카	2026-01-07 18:07:47	SD동물의료센터 서울점	✅ 본 채널에서는 진료 예약과 입원 환자 사진·안내를 받아보실 수 있습니다. (14:00~16:00, 1회)

📌 다만, 진료·증상 상담은 채널에서 진행하지 않으며, 내원 시 의료진과 직접 상담 부탁드립니다.

더 나은 진료 서비스를 위해 최선을 다하겠습니다. 감사합니다.
9000	모카	2026-01-07 18:07:59	SD동물의료센터 서울점	안녕하세요 모카 보호자님!
금일 모카 재활 사진 보내드립니다 감사합니다 :)
9000	모카	2026-01-10 20:55:22	이연후	오늘 모카 청구서 부탁드립니다^^
9000	모카	2026-01-10 20:55:22	SD동물의료센터 서울점	채팅 운영시간 안내
9000	모카	2026-01-10 20:55:22	SD동물의료센터 서울점	✅ 본 채널에서는 진료 예약과 입원 환자 사진·안내를 받아보실 수 있습니다. (14:00~16:00, 1회)

📌 다만, 진료·증상 상담은 채널에서 진행하지 않으며, 내원 시 의료진과 직접 상담 부탁드립니다.

더 나은 진료 서비스를 위해 최선을 다하겠습니다. 감사합니다.
9000	모카	2026-01-10 22:54:54	SD동물의료센터 서울점	사진
9000	모카	2026-01-10 22:55:02	SD동물의료센터 서울점	아이고 너무 늦어서 죄송합니다!
9000	모카	2026-01-10 22:56:17	이연후	아닙니다. 감사합니다🙂
9000	모카	2026-01-10 22:56:17	SD동물의료센터 서울점	채팅 운영시간 안내
9000	모카	2026-01-10 22:56:17	SD동물의료센터 서울점	✅ 본 채널에서는 진료 예약과 입원 환자 사진·안내를 받아보실 수 있습니다. (14:00~16:00, 1회)

📌 다만, 진료·증상 상담은 채널에서 진행하지 않으며, 내원 시 의료진과 직접 상담 부탁드립니다.

더 나은 진료 서비스를 위해 최선을 다하겠습니다. 감사합니다.
9000	모카	2026-01-13 15:56:07	SD동물의료센터 서울점	사진
9000	모카	2026-01-13 15:56:10	SD동물의료센터 서울점	동영상
9000	모카	2026-01-13 15:56:10	SD동물의료센터 서울점	동영상
9000	모카	2026-01-13 15:56:10	SD동물의료센터 서울점	동영상
9000	모카	2026-01-13 15:56:15	SD동물의료센터 서울점	동영상
9000	모카	2026-01-13 15:56:16	SD동물의료센터 서울점	안녕하세요 모카 보호자님! 1월 10일에 진행된 모카 재활 영상 보내드립니다, 늦은 영상 죄송합니다 😓
9000	모카	2026-01-13 15:56:57	이연후	아닙니다. 감사합니다^^
9000	모카	2026-01-13 15:56:57	SD동물의료센터 서울점	채팅 운영시간 안내
9000	모카	2026-01-13 15:56:57	SD동물의료센터 서울점	✅ 본 채널에서는 진료 예약과 입원 환자 사진·안내를 받아보실 수 있습니다. (14:00~16:00, 1회)

📌 다만, 진료·증상 상담은 채널에서 진행하지 않으며, 내원 시 의료진과 직접 상담 부탁드립니다.

더 나은 진료 서비스를 위해 최선을 다하겠습니다. 감사합니다.
9000	모카	2026-01-14 21:00:49	SD동물의료센터 서울점	사진
9000	모카	2026-01-14 21:01:00	SD동물의료센터 서울점	보호자님 모카 오늘 결제내역 보내드립니다. 감사합니다.
9000	모카	2026-01-14 21:07:09	이연후	감사합니다!
9000	모카	2026-01-14 21:07:09	SD동물의료센터 서울점	채팅 운영시간 안내
9000	모카	2026-01-14 21:07:09	SD동물의료센터 서울점	✅ 본 채널에서는 진료 예약과 입원 환자 사진·안내를 받아보실 수 있습니다. (14:00~16:00, 1회)

📌 다만, 진료·증상 상담은 채널에서 진행하지 않으며, 내원 시 의료진과 직접 상담 부탁드립니다.

더 나은 진료 서비스를 위해 최선을 다하겠습니다. 감사합니다.
9000	모카	2026-01-17 16:25:35	SD동물의료센터 서울점	모카.pdf
9000	모카	2026-01-17 19:14:53	SD동물의료센터 서울점	동영상
9000	모카	2026-01-17 19:14:58	SD동물의료센터 서울점	동영상
9000	모카	2026-01-17 19:15:03	SD동물의료센터 서울점	동영상
9000	모카	2026-01-17 19:15:11	SD동물의료센터 서울점	동영상
9000	모카	2026-01-17 19:15:14	SD동물의료센터 서울점	동영상
9000	모카	2026-01-17 19:15:17	SD동물의료센터 서울점	동영상
9000	모카	2026-01-17 19:15:21	SD동물의료센터 서울점	안녕하세요 모카 보호자님! 
금일 모카 재활 사진과 영상 보내드립니다:)
9000	모카	2026-02-02 15:47:12	SD동물의료센터 서울점	동영상
9000	모카	2026-02-02 15:47:13	SD동물의료센터 서울점	동영상
9000	모카	2026-02-02 15:47:13	SD동물의료센터 서울점	동영상
9000	모카	2026-02-02 15:47:15	SD동물의료센터 서울점	동영상
9000	모카	2026-02-02 15:47:15	SD동물의료센터 서울점	동영상
9000	모카	2026-02-02 15:47:18	SD동물의료센터 서울점	동영상
9000	모카	2026-02-02 15:47:19	SD동물의료센터 서울점	동영상
9000	모카	2026-02-02 15:47:20	SD동물의료센터 서울점	동영상
9000	모카	2026-02-02 15:47:32	SD동물의료센터 서울점	안녕하세요, 모카보호자님!
1월 31일에 진행한 모카 운동재활 영상 보내드립니다. 감사합니다 :)
9000	모카	2026-02-07 16:14:40	SD동물의료센터 서울점	모카(260207).pdf
9000	모카	2026-02-07 16:14:48	SD동물의료센터 서울점	보호자님. 오늘 청구내역 보내드립니다. 감사합니다.
9000	모카	2026-02-07 17:55:32	SD동물의료센터 서울점	동영상
9000	모카	2026-02-07 17:55:32	SD동물의료센터 서울점	동영상
9000	모카	2026-02-07 17:55:33	SD동물의료센터 서울점	동영상
9000	모카	2026-02-07 17:55:49	SD동물의료센터 서울점	안녕하세요, 모카 보호자님! 금일 모카 재활 영상 보내드립니다 :)
9000	모카	2026-02-09 11:09:24	이연후	안녕하세요 모카 이번주 토요일 예약 시간 확인 좀 부탁드립니다.
9000	모카	2026-02-09 11:09:24	SD동물의료센터 서울점	채팅 운영시간 안내
9000	모카	2026-02-09 11:09:24	SD동물의료센터 서울점	✅ 본 채널에서는 진료 예약과 입원 환자 사진·안내를 받아보실 수 있습니다. (14:00~16:00, 1회)

📌 다만, 진료·증상 상담은 채널에서 진행하지 않으며, 내원 시 의료진과 직접 상담 부탁드립니다.

더 나은 진료 서비스를 위해 최선을 다하겠습니다. 감사합니다.
9000	모카	2026-02-09 11:44:08	SD동물의료센터 서울점	안녕하세요 보호자님.
모카는 토요일 12시30분으로 예약되어 있습니다. :)
9000	모카	2026-02-09 11:56:46	이연후	네 확인 감사드립니다:)
9000	모카	2026-02-09 11:56:46	SD동물의료센터 서울점	채팅 운영시간 안내
9000	모카	2026-02-09 11:56:46	SD동물의료센터 서울점	✅ 본 채널에서는 진료 예약과 입원 환자 사진·안내를 받아보실 수 있습니다. (14:00~16:00, 1회)

📌 다만, 진료·증상 상담은 채널에서 진행하지 않으며, 내원 시 의료진과 직접 상담 부탁드립니다.

더 나은 진료 서비스를 위해 최선을 다하겠습니다. 감사합니다.
9000	모카	2026-02-09 11:57:12	SD동물의료센터 서울점	네 그럼 토요일날 뵙겠습니다. :)
9000	모카	2026-02-12 16:45:53	이연후	안녕하세요 
9000	모카	2026-02-12 16:45:53	SD동물의료센터 서울점	채팅 운영시간 안내
9000	모카	2026-02-12 16:45:53	SD동물의료센터 서울점	✅ 본 채널에서는 진료 예약과 입원 환자 사진·안내를 받아보실 수 있습니다. (14:00~16:00, 1회)

📌 다만, 진료·증상 상담은 채널에서 진행하지 않으며, 내원 시 의료진과 직접 상담 부탁드립니다.

더 나은 진료 서비스를 위해 최선을 다하겠습니다. 감사합니다.
9000	모카	2026-02-12 16:46:14	이연후	모카가 이번주 토요일 재활인데 혹시 내일로 변경 가능 할까요?
9000	모카	2026-02-12 16:46:14	SD동물의료센터 서울점	채팅 운영시간 안내
9000	모카	2026-02-12 16:46:14	SD동물의료센터 서울점	✅ 본 채널에서는 진료 예약과 입원 환자 사진·안내를 받아보실 수 있습니다. (14:00~16:00, 1회)

📌 다만, 진료·증상 상담은 채널에서 진행하지 않으며, 내원 시 의료진과 직접 상담 부탁드립니다.

더 나은 진료 서비스를 위해 최선을 다하겠습니다. 감사합니다.
9000	모카	2026-02-12 17:04:47	SD동물의료센터 서울점	네 보호자님 내일 예약가능합니다
9000	모카	2026-02-12 17:05:05	SD동물의료센터 서울점	내원 시간은 언제 가능하실까요?
9000	모카	2026-02-12 17:05:17	SD동물의료센터 서울점	✅ 본 채널에서는 진료 예약과 입원 환자 사진·안내를 받아보실 수 있습니다. (14:00~16:00, 1회)

📌 다만, 진료·증상 상담은 채널에서 진행하지 않으며, 내원 시 의료진과 직접 상담 부탁드립니다.

더 나은 진료 서비스를 위해 최선을 다하겠습니다. 감사합니다.
9000	모카	2026-02-12 17:05:17	이연후	네 2시 이후 아무때나 괜찮습니다!
9000	모카	2026-02-12 17:05:17	SD동물의료센터 서울점	채팅 운영시간 안내
9000	모카	2026-02-12 17:09:08	SD동물의료센터 서울점	14:30 괜찮으실까요?
9000	모카	2026-02-12 17:14:39	이연후	네네
9000	모카	2026-02-12 17:14:39	SD동물의료센터 서울점	채팅 운영시간 안내
9000	모카	2026-02-12 17:14:39	SD동물의료센터 서울점	✅ 본 채널에서는 진료 예약과 입원 환자 사진·안내를 받아보실 수 있습니다. (14:00~16:00, 1회)

📌 다만, 진료·증상 상담은 채널에서 진행하지 않으며, 내원 시 의료진과 직접 상담 부탁드립니다.

더 나은 진료 서비스를 위해 최선을 다하겠습니다. 감사합니다.
9000	모카	2026-02-12 17:14:51	이연후	2시30분으로 변경 부탁드려요
9000	모카	2026-02-12 17:14:51	SD동물의료센터 서울점	채팅 운영시간 안내
9000	모카	2026-02-12 17:14:51	SD동물의료센터 서울점	✅ 본 채널에서는 진료 예약과 입원 환자 사진·안내를 받아보실 수 있습니다. (14:00~16:00, 1회)

📌 다만, 진료·증상 상담은 채널에서 진행하지 않으며, 내원 시 의료진과 직접 상담 부탁드립니다.

더 나은 진료 서비스를 위해 최선을 다하겠습니다. 감사합니다.
9000	모카	2026-02-12 17:17:02	SD동물의료센터 서울점	네 보호자님 내일 14:30으로 예약변경해드렸습니다 감사합니다 :)
9000	모카	2026-02-12 17:17:47	이연후	네 감사합니다!
9000	모카	2026-02-12 17:17:47	SD동물의료센터 서울점	채팅 운영시간 안내
9000	모카	2026-02-12 17:17:47	SD동물의료센터 서울점	✅ 본 채널에서는 진료 예약과 입원 환자 사진·안내를 받아보실 수 있습니다. (14:00~16:00, 1회)

📌 다만, 진료·증상 상담은 채널에서 진행하지 않으며, 내원 시 의료진과 직접 상담 부탁드립니다.

더 나은 진료 서비스를 위해 최선을 다하겠습니다. 감사합니다.
9000	모카	2026-02-20 20:44:23	이연후	안녕하세요 내일 모카 11시 예약인데 이번 주는 못 갈 거 같아서요. 이번 주 예약은 취소 부탁드립니다.
9000	모카	2026-02-20 20:44:23	SD동물의료센터 서울점	채팅 운영시간 안내
9000	모카	2026-02-20 20:44:23	SD동물의료센터 서울점	✅ 본 채널에서는 진료 예약과 입원 환자 사진·안내를 받아보실 수 있습니다. (14:00~16:00, 1회)

📌 다만, 진료·증상 상담은 채널에서 진행하지 않으며, 내원 시 의료진과 직접 상담 부탁드립니다.

더 나은 진료 서비스를 위해 최선을 다하겠습니다. 감사합니다.
9000	모카	2026-02-20 20:48:28	SD동물의료센터 서울점	일정변경은 따로 안해드려도 괜찮으실까요?
9000	모카	2026-02-20 20:49:43	이연후	다음주 토요일 예약되어 있죠?
9000	모카	2026-02-20 20:49:43	SD동물의료센터 서울점	채팅 운영시간 안내
9000	모카	2026-02-20 20:49:43	SD동물의료센터 서울점	✅ 본 채널에서는 진료 예약과 입원 환자 사진·안내를 받아보실 수 있습니다. (14:00~16:00, 1회)

📌 다만, 진료·증상 상담은 채널에서 진행하지 않으며, 내원 시 의료진과 직접 상담 부탁드립니다.

더 나은 진료 서비스를 위해 최선을 다하겠습니다. 감사합니다.
9000	모카	2026-02-20 20:50:01	SD동물의료센터 서울점	네 28일 예약되어 있습니다.
9000	모카	2026-02-20 20:50:11	이연후	네 다음주에 가겠습니다^^
9000	모카	2026-02-20 20:50:11	SD동물의료센터 서울점	채팅 운영시간 안내
9000	모카	2026-02-20 20:50:11	SD동물의료센터 서울점	✅ 본 채널에서는 진료 예약과 입원 환자 사진·안내를 받아보실 수 있습니다. (14:00~16:00, 1회)

📌 다만, 진료·증상 상담은 채널에서 진행하지 않으며, 내원 시 의료진과 직접 상담 부탁드립니다.

더 나은 진료 서비스를 위해 최선을 다하겠습니다. 감사합니다.
9000	모카	2026-02-20 20:50:55	SD동물의료센터 서울점	네 알겠습니다.
9000	모카	2026-03-09 12:27:53	이연후	안녕하세요 오늘 모카 진료 좀 보려고 하는데요, 몇시까지 가야지 담당선생님께 진료 볼 수 있나요?
9000	모카	2026-03-09 12:27:53	SD동물의료센터 서울점	채팅 운영시간 안내
9000	모카	2026-03-09 12:27:53	SD동물의료센터 서울점	✅ 본 채널에서는 진료 예약과 입원 환자 사진·안내를 받아보실 수 있습니다. (14:00~16:00, 1회)

📌 다만, 진료·증상 상담은 채널에서 진행하지 않으며, 내원 시 의료진과 직접 상담 부탁드립니다.

더 나은 진료 서비스를 위해 최선을 다하겠습니다. 감사합니다.
9000	모카	2026-03-09 12:28:33	SD동물의료센터 서울점	안녕하세요 보호자님 모카 금일 재활 진료보러 오시는 것일까요?
9000	모카	2026-03-09 12:30:57	이연후	아니요 모카가 토요일날 포지션 스탠딩 + 밸런스 트레이닝 운동을 외부에서 했는데 근육통이 있을거라고는 하셨는데 어제 오느 오른쪽 후지를 사용하지 않아서 근육통이 아닐 수 있을 거 같아서요.
9000	모카	2026-03-09 12:30:57	SD동물의료센터 서울점	채팅 운영시간 안내
9000	모카	2026-03-09 12:30:57	SD동물의료센터 서울점	✅ 본 채널에서는 진료 예약과 입원 환자 사진·안내를 받아보실 수 있습니다. (14:00~16:00, 1회)

📌 다만, 진료·증상 상담은 채널에서 진행하지 않으며, 내원 시 의료진과 직접 상담 부탁드립니다.

더 나은 진료 서비스를 위해 최선을 다하겠습니다. 감사합니다.
9000	모카	2026-03-09 12:33:36	SD동물의료센터 서울점	네 그럼 외과 진료 예약 도와드리겠습니다 금일 18시 내원 가능하실까요?
9000	모카	2026-03-09 12:33:55	이연후	6시 이후 시간도 있을까요?
9000	모카	2026-03-09 12:33:55	SD동물의료센터 서울점	채팅 운영시간 안내
9000	모카	2026-03-09 12:33:55	SD동물의료센터 서울점	✅ 본 채널에서는 진료 예약과 입원 환자 사진·안내를 받아보실 수 있습니다. (14:00~16:00, 1회)

📌 다만, 진료·증상 상담은 채널에서 진행하지 않으며, 내원 시 의료진과 직접 상담 부탁드립니다.

더 나은 진료 서비스를 위해 최선을 다하겠습니다. 감사합니다.
9000	모카	2026-03-09 12:34:11	SD동물의료센터 서울점	금일 주치의선생님께 18시가 마지막 진료 입니다ㅠ
9000	모카	2026-03-09 12:34:20	이연후	오시는길 안내
9000	모카	2026-03-09 12:34:20	SD동물의료센터 서울점(메뉴)	SD동물의료센터 서울점 
오시는 길 안내드립니다.

◼︎ 주소 
서울특별시 중구 왕십리로 407,
신당파인힐하나유보라 상가 2층

🚗 자동차 이용시, 신당파인힐하나유보라’ 상가 주차장을 이용해주세요. (무료주차 가능합니다.)

🚊 지하철 이용시, 2호선 상왕십리역 6번 출구와 신당역 3번 출구 사이에 위치하고 있습니다.

문의사항은 본원 대표전화(02-2039-0303)로 연락부탁드립니다.
9000	모카	2026-03-09 12:35:38	SD동물의료센터 서울점	✅ 본 채널에서는 진료 예약과 입원 환자 사진·안내를 받아보실 수 있습니다. (14:00~16:00, 1회)

📌 다만, 진료·증상 상담은 채널에서 진행하지 않으며, 내원 시 의료진과 직접 상담 부탁드립니다.

더 나은 진료 서비스를 위해 최선을 다하겠습니다. 감사합니다.
9000	모카	2026-03-09 12:35:38	이연후	앗 넵 혹시 시간이 안되면 오후에 다시 말씀드리겠습니다.
9000	모카	2026-03-09 12:35:38	SD동물의료센터 서울점	채팅 운영시간 안내
9000	모카	2026-03-09 12:36:45	SD동물의료센터 서울점	네 보호자님 일정 확인 후 연락부탁드립니다 :)
9000	모카	2026-03-09 12:36:46	이연후	혹시 6시 이후 다른 외과선생님 계신가요?
9000	모카	2026-03-09 12:36:46	SD동물의료센터 서울점	채팅 운영시간 안내
9000	모카	2026-03-09 12:36:46	SD동물의료센터 서울점	✅ 본 채널에서는 진료 예약과 입원 환자 사진·안내를 받아보실 수 있습니다. (14:00~16:00, 1회)

📌 다만, 진료·증상 상담은 채널에서 진행하지 않으며, 내원 시 의료진과 직접 상담 부탁드립니다.

더 나은 진료 서비스를 위해 최선을 다하겠습니다. 감사합니다.
9000	모카	2026-03-09 13:28:13	SD동물의료센터 서울점	금일 다른 외과 선생님께 진료는 어렵습니다ㅠ
9000	모카	2026-03-09 13:28:25	SD동물의료센터 서울점	내일 내원은 어려우실까요?
9000	모카	2026-03-09 13:33:21	이연후	오늘 내원 하겠습니다.
9000	모카	2026-03-09 13:33:21	SD동물의료센터 서울점	채팅 운영시간 안내
9000	모카	2026-03-09 13:33:21	SD동물의료센터 서울점	✅ 본 채널에서는 진료 예약과 입원 환자 사진·안내를 받아보실 수 있습니다. (14:00~16:00, 1회)

📌 다만, 진료·증상 상담은 채널에서 진행하지 않으며, 내원 시 의료진과 직접 상담 부탁드립니다.

더 나은 진료 서비스를 위해 최선을 다하겠습니다. 감사합니다.
9000	모카	2026-03-09 14:35:23	SD동물의료센터 서울점	네 18시 내원하시는 것일까요?
9000	모카	2026-03-09 14:36:56	이연후	네네!
9000	모카	2026-03-09 14:36:56	SD동물의료센터 서울점	채팅 운영시간 안내
9000	모카	2026-03-09 14:36:56	SD동물의료센터 서울점	✅ 본 채널에서는 진료 예약과 입원 환자 사진·안내를 받아보실 수 있습니다. (14:00~16:00, 1회)

📌 다만, 진료·증상 상담은 채널에서 진행하지 않으며, 내원 시 의료진과 직접 상담 부탁드립니다.

더 나은 진료 서비스를 위해 최선을 다하겠습니다. 감사합니다.
9000	모카	2026-03-09 14:37:53	SD동물의료센터 서울점	네 보호자님 6시에 뵙겠습니다 감사합니다 :)
9000	모카	2026-03-14 18:41:28	이연후	안녕하세요. 마지막 진료 때 원장님이 집에서 할 수 있는 운동영상 보내주신다고 하셨었는데 제가 모르고 삭제를 한 건지 안 보내 주신건지 메일 없어서요. 다시 재발송 좀 부탁드려도 될까요?
9000	모카	2026-03-14 18:41:28	SD동물의료센터 서울점	채팅 운영시간 안내
9000	모카	2026-03-14 18:41:28	SD동물의료센터 서울점	✅ 본 채널에서는 진료 예약과 입원 환자 사진·안내를 받아보실 수 있습니다. (14:00~16:00, 1회)

📌 다만, 진료·증상 상담은 채널에서 진행하지 않으며, 내원 시 의료진과 직접 상담 부탁드립니다.

더 나은 진료 서비스를 위해 최선을 다하겠습니다. 감사합니다.
9000	모카	2026-03-14 20:55:12	SD동물의료센터 서울점	네 보호자님, 확인 후 전송 도와드리겠습니다 :)
9000	모카	2026-03-15 21:08:31	SD동물의료센터 서울점	안녕하세요 보호자님, 어제 날짜로 영상 보내드려서 메일 한번만 확인 부탁드립니다 :)
9000	모카	2026-03-15 21:33:04	이연후	네 감사합니다^^
9000	모카	2026-03-15 21:33:04	SD동물의료센터 서울점	채팅 운영시간 안내
9000	모카	2026-03-15 21:33:04	SD동물의료센터 서울점	✅ 본 채널에서는 진료 예약과 입원 환자 사진·안내를 받아보실 수 있습니다. (14:00~16:00, 1회)

📌 다만, 진료·증상 상담은 채널에서 진행하지 않으며, 내원 시 의료진과 직접 상담 부탁드립니다.

더 나은 진료 서비스를 위해 최선을 다하겠습니다. 감사합니다.
9000	모카	2026-03-18 13:04:38	이연후	안녕하세요 오늘 모카 진료인데 혹시 토요일로 변경이 가능할까요?
9000	모카	2026-03-18 13:04:38	SD동물의료센터 서울점	채팅 운영시간 안내
9000	모카	2026-03-18 13:04:38	SD동물의료센터 서울점	✅ 본 채널에서는 진료 예약과 입원 환자 사진·안내를 받아보실 수 있습니다. (14:00~16:00, 1회)

📌 다만, 진료·증상 상담은 채널에서 진행하지 않으며, 내원 시 의료진과 직접 상담 부탁드립니다.

더 나은 진료 서비스를 위해 최선을 다하겠습니다. 감사합니다.
9000	모카	2026-03-18 13:15:27	SD동물의료센터 서울점	보호자님 안녕하세요.  모카 3/21 (토) 7:30 변경 도와드리겠습니다
9000	모카	2026-03-18 13:15:48	이연후	넵 감사합니다
9000	모카	2026-03-18 13:15:48	SD동물의료센터 서울점	채팅 운영시간 안내
9000	모카	2026-03-18 13:15:48	SD동물의료센터 서울점	✅ 본 채널에서는 진료 예약과 입원 환자 사진·안내를 받아보실 수 있습니다. (14:00~16:00, 1회)

📌 다만, 진료·증상 상담은 채널에서 진행하지 않으며, 내원 시 의료진과 직접 상담 부탁드립니다.

더 나은 진료 서비스를 위해 최선을 다하겠습니다. 감사합니다.
9000	모카	2026-03-21 20:57:40	SD동물의료센터 서울점	모카(이연후) 세부내역서.pdf
9000	모카	2026-04-16 12:08:44	이연후	안녕하세요, 한가지 여쭤보고 싶은게 있어서요. 혹시 병원에 마취과 선생님 계신가요?
9000	모카	2026-04-16 12:08:44	SD동물의료센터 서울점	채팅 운영시간 안내
9000	모카	2026-04-16 12:08:44	SD동물의료센터 서울점	✅ 본 채널에서는 진료 예약과 입원 환자 사진·안내를 받아보실 수 있습니다. (14:00~16:00, 1회)

📌 다만, 진료·증상 상담은 채널에서 진행하지 않으며, 내원 시 의료진과 직접 상담 부탁드립니다.

더 나은 진료 서비스를 위해 최선을 다하겠습니다. 감사합니다.
9000	모카	2026-04-16 12:11:11	SD동물의료센터 서울점	안녕하세요 보호자님 본원에 마취과 전문 선생님은 따로 안계시며, 영상의학센터장님께서 마취를 담당하고 계십니다
9000	모카	2026-04-16 12:23:44	이연후	네 감사합니다^^
9000	모카	2026-04-16 12:23:44	SD동물의료센터 서울점	채팅 운영시간 안내
9000	모카	2026-04-16 12:23:44	SD동물의료센터 서울점	✅ 본 채널에서는 진료 예약과 입원 환자 사진·안내를 받아보실 수 있습니다. (14:00~16:00, 1회)

📌 다만, 진료·증상 상담은 채널에서 진행하지 않으며, 내원 시 의료진과 직접 상담 부탁드립니다.

더 나은 진료 서비스를 위해 최선을 다하겠습니다. 감사합니다.
9000	모카	2026-04-24 11:42:37	SD동물의료센터 서울점	✅ 본 채널에서는 진료 예약과 입원 환자 사진·안내를 받아보실 수 있습니다. (14:00~16:00, 1회)

📌 다만, 진료·증상 상담은 채널에서 진행하지 않으며, 내원 시 의료진과 직접 상담 부탁드립니다.

더 나은 진료 서비스를 위해 최선을 다하겠습니다. 감사합니다.
9000	모카	2026-04-24 11:42:37	이연후	안녕하세요 모카 내일 예약이 있는데 혹시 내일 제일 늦은 시간으로 변경이 가능하다면 몇시가 가능할까요?
9000	모카	2026-04-24 11:42:37	SD동물의료센터 서울점	채팅 운영시간 안내
9000	모카	2026-04-24 11:45:47	이연후	유튜브 바로가기
9000	모카	2026-04-24 11:45:47	SD동물의료센터 서울점(메뉴)	SD동물의료센터 유튜브 채널  🎥

유튜브에서는 우리 병원의 소식과 진료정보, 반려동물 질환에 대한 다양한 정보들을 다뤄 볼 예정입니다. 

❤️ 구독과 좋아요 부탁드려요 ❤️
9000	모카	2026-04-24 11:51:41	SD동물의료센터 서울점	안녕하세요 보호자님 내일 원장님 재활예약이 꽉차있어 다른 시간으로 변경이 어렵습니다ㅠ
9000	모카	2026-04-24 11:53:07	이연후	내일 모카가 몇시죠?
9000	모카	2026-04-24 11:53:07	SD동물의료센터 서울점	채팅 운영시간 안내
9000	모카	2026-04-24 11:53:07	SD동물의료센터 서울점	✅ 본 채널에서는 진료 예약과 입원 환자 사진·안내를 받아보실 수 있습니다. (14:00~16:00, 1회)

📌 다만, 진료·증상 상담은 채널에서 진행하지 않으며, 내원 시 의료진과 직접 상담 부탁드립니다.

더 나은 진료 서비스를 위해 최선을 다하겠습니다. 감사합니다.
9000	모카	2026-04-24 12:01:57	SD동물의료센터 서울점	모카 내일 16시 예약입니다
9000	모카	2026-04-24 12:35:23	이연후	그럼 다음주로 예약을 변경할게요 다음주 토요일이요
9000	모카	2026-04-24 12:35:23	SD동물의료센터 서울점	채팅 운영시간 안내
9000	모카	2026-04-24 12:35:23	SD동물의료센터 서울점	✅ 본 채널에서는 진료 예약과 입원 환자 사진·안내를 받아보실 수 있습니다. (14:00~16:00, 1회)

📌 다만, 진료·증상 상담은 채널에서 진행하지 않으며, 내원 시 의료진과 직접 상담 부탁드립니다.

더 나은 진료 서비스를 위해 최선을 다하겠습니다. 감사합니다.
9000	모카	2026-04-24 12:37:54	SD동물의료센터 서울점	네 보호자님 5/2 토 14:30 내원 가능하실까요?
9000	모카	2026-04-24 12:38:47	이연후	넵^^
9000	모카	2026-04-24 12:38:47	SD동물의료센터 서울점	채팅 운영시간 안내
9000	모카	2026-04-24 12:38:47	SD동물의료센터 서울점	✅ 본 채널에서는 진료 예약과 입원 환자 사진·안내를 받아보실 수 있습니다. (14:00~16:00, 1회)

📌 다만, 진료·증상 상담은 채널에서 진행하지 않으며, 내원 시 의료진과 직접 상담 부탁드립니다.

더 나은 진료 서비스를 위해 최선을 다하겠습니다. 감사합니다.
9000	모카	2026-04-24 12:50:40	SD동물의료센터 서울점	네 보호자님 예약 변경해드렸습니다 감사합니다 :)
9000	모카	2026-05-29 13:35:57	이연후	안녕하세요 모카 내일 예약인데 혹시 오늘 늦은 시간으로 변경할 수 있을까요?
9000	모카	2026-05-29 13:35:57	SD동물의료센터 서울점	채팅 운영시간 안내
9000	모카	2026-05-29 13:35:57	SD동물의료센터 서울점	✅ 본 채널에서는 진료 예약과 입원 환자 사진·안내를 받아보실 수 있습니다. (14:00~16:00, 1회)

📌 다만, 진료·증상 상담은 채널에서 진행하지 않으며, 내원 시 의료진과 직접 상담 부탁드립니다.

더 나은 진료 서비스를 위해 최선을 다하겠습니다. 감사합니다.
9000	모카	2026-05-29 13:37:28	SD동물의료센터 서울점	안녕하세요 보호자님.
내일 변경 가능한 오후시간은 19시고 해당 시간으로 변경 도와드릴까요?
9000	모카	2026-05-29 13:37:39	이연후	아 오늘로 변경은 어려울까요?
9000	모카	2026-05-29 13:37:39	SD동물의료센터 서울점	채팅 운영시간 안내
9000	모카	2026-05-29 13:37:39	SD동물의료센터 서울점	✅ 본 채널에서는 진료 예약과 입원 환자 사진·안내를 받아보실 수 있습니다. (14:00~16:00, 1회)

📌 다만, 진료·증상 상담은 채널에서 진행하지 않으며, 내원 시 의료진과 직접 상담 부탁드립니다.

더 나은 진료 서비스를 위해 최선을 다하겠습니다. 감사합니다.
9000	모카	2026-05-29 13:38:04	SD동물의료센터 서울점	오늘도 19시 가능합니다.
9000	모카	2026-05-29 13:39:04	이연후	내일가겠습니다. 내일 저녁 19시로 변경 부탁드립니다.
9000	모카	2026-05-29 13:39:04	SD동물의료센터 서울점	채팅 운영시간 안내
9000	모카	2026-05-29 13:39:04	SD동물의료센터 서울점	✅ 본 채널에서는 진료 예약과 입원 환자 사진·안내를 받아보실 수 있습니다. (14:00~16:00, 1회)

📌 다만, 진료·증상 상담은 채널에서 진행하지 않으며, 내원 시 의료진과 직접 상담 부탁드립니다.

더 나은 진료 서비스를 위해 최선을 다하겠습니다. 감사합니다.
9000	모카	2026-05-29 13:39:29	SD동물의료센터 서울점	네 그럼 내일 오후 19시에 뵙겠습니다.
9000	모카	2026-06-05 20:50:37	SD동물의료센터 서울점	사진
9000	모카	2026-06-05 20:50:40	SD동물의료센터 서울점	동영상
9000	모카	2026-06-05 20:50:40	SD동물의료센터 서울점	동영상
9000	모카	2026-06-05 20:50:41	SD동물의료센터 서울점	동영상
9000	모카	2026-06-05 20:50:44	SD동물의료센터 서울점	동영상
9000	모카	2026-06-05 20:50:45	SD동물의료센터 서울점	동영상
9000	모카	2026-06-05 20:50:45	SD동물의료센터 서울점	동영상
9000	모카	2026-06-05 20:50:53	SD동물의료센터 서울점	안녕하세요, 모카 보호자님! 어제 진행했던 모카 재활 사진과 영상 보내드립니다 :)
9000	모카	2026-06-13 21:45:57	SD동물의료센터 서울점	사진
9000	모카	2026-06-13 21:45:59	SD동물의료센터 서울점	동영상
9000	모카	2026-06-13 21:46:00	SD동물의료센터 서울점	동영상
9000	모카	2026-06-13 21:46:02	SD동물의료센터 서울점	동영상
9000	모카	2026-06-13 21:46:04	SD동물의료센터 서울점	동영상
9000	모카	2026-06-13 21:46:04	SD동물의료센터 서울점	동영상
9000	모카	2026-06-13 21:46:14	SD동물의료센터 서울점	안녕하세요, 모카 보호자님! 금일 진행한 모카 재활 사진과 영상 보내드립니다 :)
9000	모카	2026-06-13 21:46:21	이연후	감사합니다🙂
9000	모카	2026-06-13 21:46:21	SD동물의료센터 서울점	채팅 운영시간 안내
9000	모카	2026-06-13 21:46:21	SD동물의료센터 서울점	✅ 본 채널에서는 진료 예약과 입원 환자 사진·안내를 받아보실 수 있습니다. (14:00~16:00, 1회)

📌 다만, 진료·증상 상담은 채널에서 진행하지 않으며, 내원 시 의료진과 직접 상담 부탁드립니다.

더 나은 진료 서비스를 위해 최선을 다하겠습니다. 감사합니다.
9000	모카	2026-06-18 15:49:32	이연후	안녕하세요
9000	모카	2026-06-18 15:49:32	SD동물의료센터 서울점	채팅 운영시간 안내
9000	모카	2026-06-18 15:49:32	SD동물의료센터 서울점	✅ 본 채널에서는 진료 예약과 입원 환자 사진·안내를 받아보실 수 있습니다. (14:00~16:00, 1회)

📌 다만, 진료·증상 상담은 채널에서 진행하지 않으며, 내원 시 의료진과 직접 상담 부탁드립니다.

더 나은 진료 서비스를 위해 최선을 다하겠습니다. 감사합니다.
9000	모카	2026-06-18 15:49:50	이연후	모카가 오늘 재활 예약이 되어있는데 어제 예방 접종 후 오늘 컨디션이 떨어져서요. 재활을 쉬는게 나을까요?
9000	모카	2026-06-18 15:49:50	SD동물의료센터 서울점	채팅 운영시간 안내
9000	모카	2026-06-18 15:49:50	SD동물의료센터 서울점	✅ 본 채널에서는 진료 예약과 입원 환자 사진·안내를 받아보실 수 있습니다. (14:00~16:00, 1회)

📌 다만, 진료·증상 상담은 채널에서 진행하지 않으며, 내원 시 의료진과 직접 상담 부탁드립니다.

더 나은 진료 서비스를 위해 최선을 다하겠습니다. 감사합니다.
9000	모카	2026-06-18 16:13:15	SD동물의료센터 서울점	유선안내 완료입니다.
감사합니다!
9000	모카	2026-06-24 11:08:00	이연후	안녕하세요 이번주 토요일 모카 재활 예약 가능 할까요?
9000	모카	2026-06-24 11:08:00	SD동물의료센터 서울점	채팅 운영시간 안내
9000	모카	2026-06-24 11:08:00	SD동물의료센터 서울점	✅ 본 채널에서는 진료 예약과 입원 환자 사진·안내를 받아보실 수 있습니다. (14:00~16:00, 1회)

📌 다만, 진료·증상 상담은 채널에서 진행하지 않으며, 내원 시 의료진과 직접 상담 부탁드립니다.

더 나은 진료 서비스를 위해 최선을 다하겠습니다. 감사합니다.
9000	모카	2026-06-24 11:18:14	SD동물의료센터 서울점	안녕하세요 보호자님 :)
토요일 오후 19시 내원 가능하실까요~?
9000	모카	2026-06-24 11:18:34	이연후	네네^^
9000	모카	2026-06-24 11:18:34	SD동물의료센터 서울점	채팅 운영시간 안내
9000	모카	2026-06-24 11:18:34	SD동물의료센터 서울점	✅ 본 채널에서는 진료 예약과 입원 환자 사진·안내를 받아보실 수 있습니다. (14:00~16:00, 1회)

📌 다만, 진료·증상 상담은 채널에서 진행하지 않으며, 내원 시 의료진과 직접 상담 부탁드립니다.

더 나은 진료 서비스를 위해 최선을 다하겠습니다. 감사합니다.
9000	모카	2026-06-24 11:19:07	SD동물의료센터 서울점	네 그럼 6/27 토 오후 19시로 예약 도와드렸습니다.
감사합니다. :)
9000	모카	2026-06-24 11:19:17	이연후	네 감사합니다!
9000	모카	2026-06-24 11:19:17	SD동물의료센터 서울점	채팅 운영시간 안내
9000	모카	2026-06-24 11:19:17	SD동물의료센터 서울점	✅ 본 채널에서는 진료 예약과 입원 환자 사진·안내를 받아보실 수 있습니다. (14:00~16:00, 1회)

📌 다만, 진료·증상 상담은 채널에서 진행하지 않으며, 내원 시 의료진과 직접 상담 부탁드립니다.

더 나은 진료 서비스를 위해 최선을 다하겠습니다. 감사합니다.
9000	모카	2026-06-28 15:52:23	SD동물의료센터 서울점	사진
9000	모카	2026-06-28 15:52:24	SD동물의료센터 서울점	동영상
9000	모카	2026-06-28 15:52:25	SD동물의료센터 서울점	동영상
9000	모카	2026-06-28 15:52:25	SD동물의료센터 서울점	동영상
9000	모카	2026-06-28 15:52:28	SD동물의료센터 서울점	동영상
9000	모카	2026-06-28 15:52:30	SD동물의료센터 서울점	동영상
9000	모카	2026-06-28 15:52:30	SD동물의료센터 서울점	동영상
9000	모카	2026-06-28 15:52:45	SD동물의료센터 서울점	안녕하세요, 모카 보호자님! 어제 진행했던 모카 재활 사진과 영상 보내드립니다 :)
9000	모카	2026-07-04 21:31:56	SD동물의료센터 서울점	사진
9000	모카	2026-07-04 21:31:57	SD동물의료센터 서울점	동영상
9000	모카	2026-07-04 21:31:57	SD동물의료센터 서울점	동영상
9000	모카	2026-07-04 21:31:58	SD동물의료센터 서울점	동영상
9000	모카	2026-07-04 21:31:59	SD동물의료센터 서울점	동영상
9000	모카	2026-07-04 21:32:01	SD동물의료센터 서울점	동영상
9000	모카	2026-07-04 21:32:11	SD동물의료센터 서울점	안녕하세요, 모카 보호자님! 금일 진행한 모카 재활 사진과 영상 보내드립니다 :)
9000	모카	2026-07-04 21:33:05	SD동물의료센터 서울점	채팅 운영시간 안내
9000	모카	2026-07-04 21:33:05	SD동물의료센터 서울점	✅ 본 채널에서는 진료 예약과 입원 환자 사진·안내를 받아보실 수 있습니다. (14:00~16:00, 1회)

📌 다만, 진료·증상 상담은 채널에서 진행하지 않으며, 내원 시 의료진과 직접 상담 부탁드립니다.

더 나은 진료 서비스를 위해 최선을 다하겠습니다. 감사합니다.
9000	모카	2026-07-04 21:33:05	이연후	감사합니다🙂
9000	모카	2026-07-11 10:43:27	이연후	안녕하세요 모카 오늘 2시30분 예약인데 급한 일이 생겨서 못 갈 거 같아서요. 예약 변경 가능할까요?
9000	모카	2026-07-11 10:43:27	SD동물의료센터 서울점	채팅 운영시간 안내
9000	모카	2026-07-11 10:43:27	SD동물의료센터 서울점	✅ 본 채널에서는 진료 예약과 입원 환자 사진·안내를 받아보실 수 있습니다. (14:00~16:00, 1회)

📌 다만, 진료·증상 상담은 채널에서 진행하지 않으며, 내원 시 의료진과 직접 상담 부탁드립니다.

더 나은 진료 서비스를 위해 최선을 다하겠습니다. 감사합니다.
9000	모카	2026-07-11 10:53:26	SD동물의료센터 서울점	안녕하세요 모카보호자님
금일 예약은 취소 도와드렸고, 언제로 변경도와드릴까요?
9000	모카	2026-07-11 11:00:39	이연후	17일 금요일 선생님 계시나요?
9000	모카	2026-07-11 11:00:40	SD동물의료센터 서울점	채팅 운영시간 안내
9000	모카	2026-07-11 11:00:40	SD동물의료센터 서울점	✅ 본 채널에서는 진료 예약과 입원 환자 사진·안내를 받아보실 수 있습니다. (14:00~16:00, 1회)

📌 다만, 진료·증상 상담은 채널에서 진행하지 않으며, 내원 시 의료진과 직접 상담 부탁드립니다.

더 나은 진료 서비스를 위해 최선을 다하겠습니다. 감사합니다.
9000	모카	2026-07-11 11:10:10	SD동물의료센터 서울점	네 보호자님 유선으로 안내 도와드리려고 하는데 통화 가능하실까요?
9000	모카	2026-07-11 11:28:52	SD동물의료센터 서울점	유선안내 완료입니다.
감사합니다.
9000	모카	2026-07-17 20:24:36	SD동물의료센터 서울점	사진
9000	모카	2026-07-17 20:24:39	SD동물의료센터 서울점	동영상
9000	모카	2026-07-17 20:24:39	SD동물의료센터 서울점	동영상
9000	모카	2026-07-17 20:24:39	SD동물의료센터 서울점	동영상
9000	모카	2026-07-17 20:24:42	SD동물의료센터 서울점	동영상
9000	모카	2026-07-17 20:24:44	SD동물의료센터 서울점	동영상
9000	모카	2026-07-17 20:24:53	SD동물의료센터 서울점	안녕하세요, 모카 보호자님! 금일 진행한 모카 재활 사진과 영상 보내드립니다 :)
9000	모카	2026-07-17 21:04:12	SD동물의료센터 서울점	✅ 본 채널에서는 진료 예약과 입원 환자 사진·안내를 받아보실 수 있습니다. (14:00~16:00, 1회)

📌 다만, 진료·증상 상담은 채널에서 진행하지 않으며, 내원 시 의료진과 직접 상담 부탁드립니다.

더 나은 진료 서비스를 위해 최선을 다하겠습니다. 감사합니다.
9000	모카	2026-07-17 21:04:12	이연후	감사합니다. 제가 예약을 안잡고 그냥 왔어요. 2주 후 토요일 예약 가능할까요?
9000	모카	2026-07-17 21:04:12	SD동물의료센터 서울점	채팅 운영시간 안내
9000	모카	2026-07-17 21:09:35	SD동물의료센터 서울점	안녕하세요 보호자님 8/1 토 몇시내원 가능하실까요? 제일 빠른시간은 15시 입니다!
9000	모카	2026-07-17 21:09:58	이연후	네 3시로 해주세요^^
9000	모카	2026-07-17 21:09:58	SD동물의료센터 서울점	채팅 운영시간 안내
9000	모카	2026-07-17 21:09:58	SD동물의료센터 서울점	✅ 본 채널에서는 진료 예약과 입원 환자 사진·안내를 받아보실 수 있습니다. (14:00~16:00, 1회)

📌 다만, 진료·증상 상담은 채널에서 진행하지 않으며, 내원 시 의료진과 직접 상담 부탁드립니다.

더 나은 진료 서비스를 위해 최선을 다하겠습니다. 감사합니다.
9000	모카	2026-07-17 21:15:36	SD동물의료센터 서울점	네 8/1 토 15시 재활예약 도와드리겠습니다 감사합니다:)
9000	모카	2026-07-28 14:00:27	SD동물의료센터 서울점	(광고)7월의 SD링크가 도착했어요.
9000	모카	2026-07-29 13:39:58	이연후	안녕하세요
9000	모카	2026-07-29 13:39:58	SD동물의료센터 서울점	채팅 운영시간 안내
9000	모카	2026-07-29 13:39:58	SD동물의료센터 서울점	✅ 본 채널에서는 진료 예약과 입원 환자 사진·안내를 받아보실 수 있습니다. (14:00~16:00, 1회)

📌 다만, 진료·증상 상담은 채널에서 진행하지 않으며, 내원 시 의료진과 직접 상담 부탁드립니다.

더 나은 진료 서비스를 위해 최선을 다하겠습니다. 감사합니다.
9000	모카	2026-07-29 13:40:05	이연후	플래시 진료 예약 좀 하려구요
9000	모카	2026-07-29 13:40:05	SD동물의료센터 서울점	채팅 운영시간 안내
9000	모카	2026-07-29 13:40:05	SD동물의료센터 서울점	✅ 본 채널에서는 진료 예약과 입원 환자 사진·안내를 받아보실 수 있습니다. (14:00~16:00, 1회)

📌 다만, 진료·증상 상담은 채널에서 진행하지 않으며, 내원 시 의료진과 직접 상담 부탁드립니다.

더 나은 진료 서비스를 위해 최선을 다하겠습니다. 감사합니다.
9000	모카	2026-07-29 14:18:29	SD동물의료센터 서울점	안녕하세요 보호자님.
플래시는 저희 병원 내원한 적이 없는데 어떤 진료로 내원 희망하시는 걸까요~?
9000	모카	2026-07-29 14:19:22	이연후	아 죄송하지만 다시 톡 드리겠습니다.
9000	모카	2026-07-29 14:19:23	SD동물의료센터 서울점	채팅 운영시간 안내
9000	모카	2026-07-29 14:19:23	SD동물의료센터 서울점	✅ 본 채널에서는 진료 예약과 입원 환자 사진·안내를 받아보실 수 있습니다. (14:00~16:00, 1회)

📌 다만, 진료·증상 상담은 채널에서 진행하지 않으며, 내원 시 의료진과 직접 상담 부탁드립니다.

더 나은 진료 서비스를 위해 최선을 다하겠습니다. 감사합니다.
9000	모카	2026-07-29 14:19:37	SD동물의료센터 서울점	네 알겠습니다. :)
9000	모카	2026-08-01 18:10:33	SD동물의료센터 서울점	사진
9000	모카	2026-08-01 18:10:36	SD동물의료센터 서울점	동영상
9000	모카	2026-08-01 18:10:39	SD동물의료센터 서울점	동영상
9000	모카	2026-08-01 18:10:39	SD동물의료센터 서울점	동영상
9000	모카	2026-08-01 18:10:40	SD동물의료센터 서울점	동영상
9000	모카	2026-08-01 18:10:43	SD동물의료센터 서울점	동영상
9000	모카	2026-08-01 18:10:44	SD동물의료센터 서울점	동영상
9000	모카	2026-08-01 18:10:44	SD동물의료센터 서울점	동영상
9000	모카	2026-08-01 18:10:46	SD동물의료센터 서울점	동영상
9000	모카	2026-08-01 18:10:49	SD동물의료센터 서울점	동영상
9000	모카	2026-08-01 18:11:03	SD동물의료센터 서울점	안녕하세요 모카 보호자님! 금일 진행한 모카 재활 사진과 함께 영상 보내드립니다! 감사합니다 :)
9000	모카	2026-08-01 18:13:39	이연후	감사합니다😃
9000	모카	2026-08-01 18:13:39	SD동물의료센터 서울점	채팅 운영시간 안내
9000	모카	2026-08-01 18:13:39	SD동물의료센터 서울점	✅ 본 채널에서는 진료 예약과 입원 환자 사진·안내를 받아보실 수 있습니다. (14:00~16:00, 1회)

📌 다만, 진료·증상 상담은 채널에서 진행하지 않으며, 내원 시 의료진과 직접 상담 부탁드립니다.

더 나은 진료 서비스를 위해 최선을 다하겠습니다. 감사합니다.
9000	모카	2026-08-15 16:10:48	이연후	안녕하세요. 모카 플래시 영수증 따로 부탁드립니다.
9000	모카	2026-08-15 16:10:48	SD동물의료센터 서울점	채팅 운영시간 안내
9000	모카	2026-08-15 16:10:48	SD동물의료센터 서울점	✅ 본 채널에서는 진료 예약과 입원 환자 사진·안내를 받아보실 수 있습니다. (14:00~16:00, 1회)

📌 다만, 진료·증상 상담은 채널에서 진행하지 않으며, 내원 시 의료진과 직접 상담 부탁드립니다.

더 나은 진료 서비스를 위해 최선을 다하겠습니다. 감사합니다.
9000	모카	2026-08-15 16:14:37	SD동물의료센터 서울점	모카(이연후) 세부내역서.pdf
9000	모카	2026-08-15 16:14:37	SD동물의료센터 서울점	플래시(이연후) 세부내역서.pdf
9000	모카	2026-08-15 16:15:13	SD동물의료센터 서울점	요청하신 세부내역서 송부드립니다. 감사합니다 :)
9000	모카	2026-08-15 16:19:27	이연후	감사합니다!
9000	모카	2026-08-15 16:19:27	SD동물의료센터 서울점	채팅 운영시간 안내
9502	봄이	2026-05-29 18:23:12	우현	봄이 보호자입니다
9502	봄이	2026-05-29 18:23:12	SD동물의료센터 서울점	채팅 운영시간 안내
9502	봄이	2026-05-29 18:23:12	SD동물의료센터 서울점	✅ 본 채널에서는 진료 예약과 입원 환자 사진·안내를 받아보실 수 있습니다. (14:00~16:00, 1회)

📌 다만, 진료·증상 상담은 채널에서 진행하지 않으며, 내원 시 의료진과 직접 상담 부탁드립니다.

더 나은 진료 서비스를 위해 최선을 다하겠습니다. 감사합니다.
9502	봄이	2026-05-29 18:24:48	SD동물의료센터 서울점	사진
9502	봄이	2026-05-29 18:25:01	SD동물의료센터 서울점	계좌번호 안내드립니다.
입금 후 현금영수증 발급 여부 말씀 부탁드립니다. :)

부산은행 SD동물의료센터
101-2077-5266-02
금액 : 95,700 원 입니다.
9502	봄이	2026-05-29 18:27:38	우현	01029736377 번호로 영수증 해주세요
9502	봄이	2026-05-29 18:27:38	SD동물의료센터 서울점	채팅 운영시간 안내
9502	봄이	2026-05-29 18:27:38	SD동물의료센터 서울점	✅ 본 채널에서는 진료 예약과 입원 환자 사진·안내를 받아보실 수 있습니다. (14:00~16:00, 1회)

📌 다만, 진료·증상 상담은 채널에서 진행하지 않으며, 내원 시 의료진과 직접 상담 부탁드립니다.

더 나은 진료 서비스를 위해 최선을 다하겠습니다. 감사합니다.
9502	봄이	2026-05-29 18:31:56	SD동물의료센터 서울점	네 입금 확인 되셨고 해당 번호로 현금영수증 발행 도와드렸습니다.
퀵 신청하셔서 수령하시면 됩니다! :)
9502	봄이	2026-05-29 18:41:52	우현	감사합니다 퀵 서비스 오면 약 전달 부탁드려요
9502	봄이	2026-05-29 18:41:52	SD동물의료센터 서울점	채팅 운영시간 안내
9502	봄이	2026-05-29 18:41:52	SD동물의료센터 서울점	✅ 본 채널에서는 진료 예약과 입원 환자 사진·안내를 받아보실 수 있습니다. (14:00~16:00, 1회)

📌 다만, 진료·증상 상담은 채널에서 진행하지 않으며, 내원 시 의료진과 직접 상담 부탁드립니다.

더 나은 진료 서비스를 위해 최선을 다하겠습니다. 감사합니다.
9502	봄이	2026-05-29 18:47:05	SD동물의료센터 서울점	네 알겠습니다 :)
9502	봄이	2026-07-10 15:17:14	우현	안녕하세요 타병원으로 진료기록좀 요청하고 싶어요
9502	봄이	2026-07-10 15:17:14	SD동물의료센터 서울점	채팅 운영시간 안내
9502	봄이	2026-07-10 15:17:14	SD동물의료센터 서울점	✅ 본 채널에서는 진료 예약과 입원 환자 사진·안내를 받아보실 수 있습니다. (14:00~16:00, 1회)

📌 다만, 진료·증상 상담은 채널에서 진행하지 않으며, 내원 시 의료진과 직접 상담 부탁드립니다.

더 나은 진료 서비스를 위해 최선을 다하겠습니다. 감사합니다.
9502	봄이	2026-07-10 15:24:15	SD동물의료센터 서울점	채팅 운영시간 안내
9502	봄이	2026-07-10 15:24:15	SD동물의료센터 서울점	✅ 본 채널에서는 진료 예약과 입원 환자 사진·안내를 받아보실 수 있습니다. (14:00~16:00, 1회)

📌 다만, 진료·증상 상담은 채널에서 진행하지 않으며, 내원 시 의료진과 직접 상담 부탁드립니다.

더 나은 진료 서비스를 위해 최선을 다하겠습니다. 감사합니다.
9502	봄이	2026-07-10 15:24:15	우현	 ujuamc@gmail.com 이메일입니다. 감사합니다
9502	봄이	2026-07-10 15:58:32	SD동물의료센터 서울점	안녕하세요 보호자님.
요청하신 검사자료 해당 메일주소로 송부드렸습니다.
감사합니다. :)
9502	봄이	2026-07-10 15:58:48	우현	감사합니다~
9502	봄이	2026-07-10 15:58:48	SD동물의료센터 서울점	채팅 운영시간 안내
9502	봄이	2026-07-10 15:58:48	SD동물의료센터 서울점	✅ 본 채널에서는 진료 예약과 입원 환자 사진·안내를 받아보실 수 있습니다. (14:00~16:00, 1회)

📌 다만, 진료·증상 상담은 채널에서 진행하지 않으며, 내원 시 의료진과 직접 상담 부탁드립니다.

더 나은 진료 서비스를 위해 최선을 다하겠습니다. 감사합니다.
9502	봄이	2026-07-13 22:31:16	우현	사진
9502	봄이	2026-07-13 22:31:16	SD동물의료센터 서울점	채팅 운영시간 안내
9502	봄이	2026-07-13 22:31:16	SD동물의료센터 서울점	✅ 본 채널에서는 진료 예약과 입원 환자 사진·안내를 받아보실 수 있습니다. (14:00~16:00, 1회)

📌 다만, 진료·증상 상담은 채널에서 진행하지 않으며, 내원 시 의료진과 직접 상담 부탁드립니다.

더 나은 진료 서비스를 위해 최선을 다하겠습니다. 감사합니다.
9502	봄이	2026-07-13 22:31:27	우현	배가 이런데 괜찮을까요....? 봄이입니다..
9502	봄이	2026-07-13 22:31:27	SD동물의료센터 서울점	채팅 운영시간 안내
9502	봄이	2026-07-13 22:31:27	SD동물의료센터 서울점	✅ 본 채널에서는 진료 예약과 입원 환자 사진·안내를 받아보실 수 있습니다. (14:00~16:00, 1회)

📌 다만, 진료·증상 상담은 채널에서 진행하지 않으며, 내원 시 의료진과 직접 상담 부탁드립니다.

더 나은 진료 서비스를 위해 최선을 다하겠습니다. 감사합니다.
9502	봄이	2026-07-14 12:26:51	SD동물의료센터 서울점	안녕하세요 보호자님

입원 및 면회 관련 안내사항 보내드립니다.
이용에 불편함 없으시도록 참고 부탁드립니다. :)

▶ https://blog.naver.com/sdamc00/223842908205


◎ 우리 병원은 아픈 반려동물의 빠른 회복을 최우선으로 최선의 진료를 시행합니다. ◎

""예상치 못한 응급 상황이나 피치 못할 중환자 관리로 인해 대기 시간이 길어질 수 있는 점""
미리 양해 말씀드리며 너그럽게 양해 부탁드립니다.

보호자분의 따뜻한 배려 늘 감사합니다. :)
9502	봄이	2026-07-14 12:26:55	SD동물의료센터 서울점	면회 시간 안내 드립니다.

12:00 ~ 12:50 / 17:30 ~ 19:00

1일 2회 (최대 10분 제한)
- 장소 : 원내 처치실 (입원실)

전화 문의 후 내원 
- 예약 및 전화 접수 불가하며 원내 접수 순으로 진행하고 있으며 병원 상황에 따라 대기 생길 수 있는 점 미리 양해 말씀드립니다.

감사합니다. :)
9502	봄이	2026-07-14 13:50:58	SD동물의료센터 서울점	사진
9502	봄이	2026-07-14 13:51:01	SD동물의료센터 서울점	동영상
9502	봄이	2026-07-14 13:51:05	SD동물의료센터 서울점	안녕하세요 봄이 보호자님~ 봄이는 내원이후 현재 입원장에서 수액을 맞으며 휴식을 취하고 있습니다. 수술전후로 한번더 연락드리겠습니다. 사진 및 영상 보내드려요 :)
9502	봄이	2026-07-14 13:51:51	우현	감사합니다 선생님 잘부탁드립니다 감사합니다
9502	봄이	2026-07-14 13:51:51	SD동물의료센터 서울점	채팅 운영시간 안내
9502	봄이	2026-07-14 13:51:51	SD동물의료센터 서울점	✅ 본 채널에서는 진료 예약과 입원 환자 사진·안내를 받아보실 수 있습니다. (14:00~16:00, 1회)

📌 다만, 진료·증상 상담은 채널에서 진행하지 않으며, 내원 시 의료진과 직접 상담 부탁드립니다.

더 나은 진료 서비스를 위해 최선을 다하겠습니다. 감사합니다.
9502	봄이	2026-07-14 14:48:47	SD동물의료센터 서울점	안녕하세요 보호자님, 봄이는 오전 검사시에 아침에 먹은 음식이 아직 소화가 덜되어보여 방금전 다시 방사선 촬영 진행했고, 소화과정중에 있으나 아직 음식물이 보여 좀 더 소화 진행 후에 수술 예정입니다. 수술 들어갈때 연락드리겠습니다!
9502	봄이	2026-07-14 15:05:49	우현	예 감사합니다 안전하게 잘 부탁드립니다
9502	봄이	2026-07-14 15:05:49	SD동물의료센터 서울점	채팅 운영시간 안내
9502	봄이	2026-07-14 15:05:49	SD동물의료센터 서울점	✅ 본 채널에서는 진료 예약과 입원 환자 사진·안내를 받아보실 수 있습니다. (14:00~16:00, 1회)

📌 다만, 진료·증상 상담은 채널에서 진행하지 않으며, 내원 시 의료진과 직접 상담 부탁드립니다.

더 나은 진료 서비스를 위해 최선을 다하겠습니다. 감사합니다.
9502	봄이	2026-07-14 17:36:13	SD동물의료센터 서울점	사진
9502	봄이	2026-07-14 17:36:17	SD동물의료센터 서울점	안녕하세요 봄이 보호자님! 봄이 수술 마치고 현재 입원장에서 진통 수액 및 산소 처치 받으며 회복 중에 있습니다. 걱정 되실 것 같아 봄이 사진 함께 보내드려요 :) 감사합니다.
9502	봄이	2026-07-15 13:37:25	SD동물의료센터 서울점	사진
9502	봄이	2026-07-15 13:37:29	SD동물의료센터 서울점	동영상
9502	봄이	2026-07-15 13:37:29	SD동물의료센터 서울점	동영상
9502	봄이	2026-07-15 13:37:41	SD동물의료센터 서울점	안녕하세요 봄이 보호자님~ 봄이는 오늘 오전 식이 절반정도 먹었고 소변도 잘보았습니다. 현재는 입원장에서 수액을 맞으며 휴식을 취하고 있습니다. 사진 및 영상 보내드려요 :)
9502	봄이	2026-07-15 13:38:32	우현	안심되네요 감사합니다
9502	봄이	2026-07-15 13:38:32	SD동물의료센터 서울점	채팅 운영시간 안내
9502	봄이	2026-07-15 13:38:32	SD동물의료센터 서울점	✅ 본 채널에서는 진료 예약과 입원 환자 사진·안내를 받아보실 수 있습니다. (14:00~16:00, 1회)

📌 다만, 진료·증상 상담은 채널에서 진행하지 않으며, 내원 시 의료진과 직접 상담 부탁드립니다.

더 나은 진료 서비스를 위해 최선을 다하겠습니다. 감사합니다.
9502	봄이	2026-07-15 17:59:31	SD동물의료센터 서울점	사진
9502	봄이	2026-07-15 17:59:33	SD동물의료센터 서울점	동영상
9502	봄이	2026-07-15 17:59:36	SD동물의료센터 서울점	동영상
9502	봄이	2026-07-15 17:59:36	SD동물의료센터 서울점	동영상
9502	봄이	2026-07-15 17:59:39	SD동물의료센터 서울점	동영상
9502	봄이	2026-07-15 17:59:39	SD동물의료센터 서울점	동영상
9502	봄이	2026-07-15 17:59:42	SD동물의료센터 서울점	안녕하세요 봄이 보호자님! 금일 입원 중에 진행한 봄이 재활 영상 보내드립니다, 감사합니다 😊
9502	봄이	2026-07-15 18:01:57	우현	감사합니다 선생님 걸을수있게 해주세요 ㅠㅠ 감사합니다
9502	봄이	2026-07-15 18:01:57	SD동물의료센터 서울점	채팅 운영시간 안내
9502	봄이	2026-07-15 18:01:57	SD동물의료센터 서울점	✅ 본 채널에서는 진료 예약과 입원 환자 사진·안내를 받아보실 수 있습니다. (14:00~16:00, 1회)

📌 다만, 진료·증상 상담은 채널에서 진행하지 않으며, 내원 시 의료진과 직접 상담 부탁드립니다.

더 나은 진료 서비스를 위해 최선을 다하겠습니다. 감사합니다.
9502	봄이	2026-07-16 13:44:49	SD동물의료센터 서울점	사진
9502	봄이	2026-07-16 13:44:52	SD동물의료센터 서울점	동영상
9502	봄이	2026-07-16 13:44:54	SD동물의료센터 서울점	안녕하세요 봄이 보호자님~ 봄이 오늘 오전 식이 잘먹었고 대변과 소변 모두 잘보았습니다. 현재는 입원장에서 수액을 맞으며 휴식을 취하고 있습니다. 사진 및 영상 보내드려요 :)
9502	봄이	2026-07-16 17:32:32	우현	선생님 질문좀 드릴게요. 대면면회 이제 가능한가요? 재활은 잘 되고있을까요? 퇴원은 언제 가능할까요?
9502	봄이	2026-07-16 17:32:32	SD동물의료센터 서울점	채팅 운영시간 안내
9502	봄이	2026-07-16 17:32:32	SD동물의료센터 서울점	✅ 본 채널에서는 진료 예약과 입원 환자 사진·안내를 받아보실 수 있습니다. (14:00~16:00, 1회)

📌 다만, 진료·증상 상담은 채널에서 진행하지 않으며, 내원 시 의료진과 직접 상담 부탁드립니다.

더 나은 진료 서비스를 위해 최선을 다하겠습니다. 감사합니다.
9502	봄이	2026-07-16 17:40:44	SD동물의료센터 서울점	동영상
9502	봄이	2026-07-16 17:40:44	SD동물의료센터 서울점	동영상
9502	봄이	2026-07-16 17:40:48	SD동물의료센터 서울점	동영상
9502	봄이	2026-07-16 17:40:48	SD동물의료센터 서울점	동영상
9502	봄이	2026-07-16 17:40:51	SD동물의료센터 서울점	동영상
9502	봄이	2026-07-16 17:40:51	SD동물의료센터 서울점	동영상
9502	봄이	2026-07-16 17:40:53	SD동물의료센터 서울점	안녕하세요 봄이 보호자님! 금일 입원 중 진행한 봄이 운동재활 영상과 사진 보내드립니다, 감사합니다 😊
9502	봄이	2026-07-16 17:44:25	우현	너무 감사합니다
9502	봄이	2026-07-16 17:44:25	SD동물의료센터 서울점	채팅 운영시간 안내
9502	봄이	2026-07-16 17:44:25	SD동물의료센터 서울점	✅ 본 채널에서는 진료 예약과 입원 환자 사진·안내를 받아보실 수 있습니다. (14:00~16:00, 1회)

📌 다만, 진료·증상 상담은 채널에서 진행하지 않으며, 내원 시 의료진과 직접 상담 부탁드립니다.

더 나은 진료 서비스를 위해 최선을 다하겠습니다. 감사합니다.
9502	봄이	2026-07-17 15:14:11	SD동물의료센터 서울점	사진
9502	봄이	2026-07-17 15:14:16	SD동물의료센터 서울점	동영상
9502	봄이	2026-07-17 15:14:33	SD동물의료센터 서울점	안녕하세요, 봄이 보호자님^^ 봄이는 오늘 아침식이 잘 먹었고 소변도 보았습니다.
현재 입원장에서 수액맞으면서 휴식중이며, 봄이 사진과 동영상 같이 보내드릴게요. 감사합니다 :)
9502	봄이	2026-07-17 15:30:54	우현	감사합니다 금일 퇴원이라 4시 방문할게요
9502	봄이	2026-07-17 15:30:54	SD동물의료센터 서울점	채팅 운영시간 안내
9502	봄이	2026-07-17 15:30:54	SD동물의료센터 서울점	✅ 본 채널에서는 진료 예약과 입원 환자 사진·안내를 받아보실 수 있습니다. (14:00~16:00, 1회)

📌 다만, 진료·증상 상담은 채널에서 진행하지 않으며, 내원 시 의료진과 직접 상담 부탁드립니다.

더 나은 진료 서비스를 위해 최선을 다하겠습니다. 감사합니다.
9502	봄이	2026-07-17 19:04:12	우현	안녕하세요 병원 입원시에 아침저녁 몇시에 급여했는지 알수있을까요 맞춰서 줘보려구요
9502	봄이	2026-07-17 19:04:12	SD동물의료센터 서울점	채팅 운영시간 안내
9502	봄이	2026-07-17 19:04:12	SD동물의료센터 서울점	✅ 본 채널에서는 진료 예약과 입원 환자 사진·안내를 받아보실 수 있습니다. (14:00~16:00, 1회)

📌 다만, 진료·증상 상담은 채널에서 진행하지 않으며, 내원 시 의료진과 직접 상담 부탁드립니다.

더 나은 진료 서비스를 위해 최선을 다하겠습니다. 감사합니다.
9502	봄이	2026-07-17 19:27:43	SD동물의료센터 서울점	네 보호자님 확인 후 답변드립니다.
9502	봄이	2026-07-17 19:28:07	SD동물의료센터 서울점	밥/약 모두 9시 , 21시 복용했다고 합니다^^
9502	봄이	2026-07-17 19:28:16	우현	감사합니다
9502	봄이	2026-07-17 19:28:16	SD동물의료센터 서울점	채팅 운영시간 안내
9502	봄이	2026-07-17 19:28:16	SD동물의료센터 서울점	✅ 본 채널에서는 진료 예약과 입원 환자 사진·안내를 받아보실 수 있습니다. (14:00~16:00, 1회)

📌 다만, 진료·증상 상담은 채널에서 진행하지 않으며, 내원 시 의료진과 직접 상담 부탁드립니다.

더 나은 진료 서비스를 위해 최선을 다하겠습니다. 감사합니다.
9502	봄이	2026-07-18 12:09:31	우현	사진
9502	봄이	2026-07-18 12:09:31	SD동물의료센터 서울점	채팅 운영시간 안내
9502	봄이	2026-07-18 12:09:31	SD동물의료센터 서울점	✅ 본 채널에서는 진료 예약과 입원 환자 사진·안내를 받아보실 수 있습니다. (14:00~16:00, 1회)

📌 다만, 진료·증상 상담은 채널에서 진행하지 않으며, 내원 시 의료진과 직접 상담 부탁드립니다.

더 나은 진료 서비스를 위해 최선을 다하겠습니다. 감사합니다.
9502	봄이	2026-07-18 12:23:09	SD동물의료센터 서울점	유선완료입니다.
감사합니다.
9502	봄이	2026-07-23 18:53:17	우현	안녕하세요 봄이 내일 몇시 예약 일까요? 
9502	봄이	2026-07-23 18:53:17	SD동물의료센터 서울점	채팅 운영시간 안내
9502	봄이	2026-07-23 18:53:17	SD동물의료센터 서울점	✅ 본 채널에서는 진료 예약과 입원 환자 사진·안내를 받아보실 수 있습니다. (14:00~16:00, 1회)

📌 다만, 진료·증상 상담은 채널에서 진행하지 않으며, 내원 시 의료진과 직접 상담 부탁드립니다.

더 나은 진료 서비스를 위해 최선을 다하겠습니다. 감사합니다.
9502	봄이	2026-07-23 19:05:58	SD동물의료센터 서울점	확인 후 연락드리겠습니다
감사합니다.
9502	봄이	2026-07-23 19:10:00	SD동물의료센터 서울점	26/07/25(토) 12:00로 예약 도와드렸습니다.
감사합니다.
9502	봄이	2026-07-25 17:17:22	SD동물의료센터 서울점	사진
9502	봄이	2026-07-25 17:17:26	SD동물의료센터 서울점	동영상
9502	봄이	2026-07-25 17:17:26	SD동물의료센터 서울점	동영상
9502	봄이	2026-07-25 17:17:26	SD동물의료센터 서울점	동영상
9502	봄이	2026-07-25 17:17:29	SD동물의료센터 서울점	동영상
9502	봄이	2026-07-25 17:17:29	SD동물의료센터 서울점	동영상
9502	봄이	2026-07-25 17:17:31	SD동물의료센터 서울점	동영상
9502	봄이	2026-07-25 17:17:51	SD동물의료센터 서울점	안녕하세요 봄이 보호자님! 금일 진행한 봄이 재활 사진과 함께 영상 보내드려요! 감사합니다 :)
9502	봄이	2026-07-25 17:18:58	우현	항상 감사합니다
9502	봄이	2026-07-25 17:18:58	SD동물의료센터 서울점	채팅 운영시간 안내
9502	봄이	2026-07-25 17:18:58	SD동물의료센터 서울점	✅ 본 채널에서는 진료 예약과 입원 환자 사진·안내를 받아보실 수 있습니다. (14:00~16:00, 1회)

📌 다만, 진료·증상 상담은 채널에서 진행하지 않으며, 내원 시 의료진과 직접 상담 부탁드립니다.

더 나은 진료 서비스를 위해 최선을 다하겠습니다. 감사합니다.
9502	봄이	2026-07-28 14:00:27	SD동물의료센터 서울점	(광고)7월의 SD링크가 도착했어요.
9502	봄이	2026-07-28 16:03:30	우현	봄이 진료 예약이 수요일인가요? 햇갈려서..
9502	봄이	2026-07-28 16:03:30	SD동물의료센터 서울점	채팅 운영시간 안내
9502	봄이	2026-07-28 16:03:30	SD동물의료센터 서울점	✅ 본 채널에서는 진료 예약과 입원 환자 사진·안내를 받아보실 수 있습니다. (14:00~16:00, 1회)

📌 다만, 진료·증상 상담은 채널에서 진행하지 않으며, 내원 시 의료진과 직접 상담 부탁드립니다.

더 나은 진료 서비스를 위해 최선을 다하겠습니다. 감사합니다.
9502	봄이	2026-07-28 16:07:06	SD동물의료센터 서울점	안녕하세요 보호자님 봄이 예약 7/29 수 14:30 진료예약입니다!
9502	봄이	2026-07-28 16:07:16	SD동물의료센터 서울점	✅ 본 채널에서는 진료 예약과 입원 환자 사진·안내를 받아보실 수 있습니다. (14:00~16:00, 1회)

📌 다만, 진료·증상 상담은 채널에서 진행하지 않으며, 내원 시 의료진과 직접 상담 부탁드립니다.

더 나은 진료 서비스를 위해 최선을 다하겠습니다. 감사합니다.
9502	봄이	2026-07-28 16:07:16	우현	예 감사합니다
9502	봄이	2026-07-28 16:07:16	SD동물의료센터 서울점	채팅 운영시간 안내
9502	봄이	2026-07-29 17:32:39	SD동물의료센터 서울점	동영상
9502	봄이	2026-07-29 17:32:39	SD동물의료센터 서울점	동영상
9502	봄이	2026-07-29 17:32:42	SD동물의료센터 서울점	동영상
9502	봄이	2026-07-29 17:32:48	SD동물의료센터 서울점	동영상
9502	봄이	2026-07-29 17:32:50	SD동물의료센터 서울점	안녕하세요 봄이 보호자님~ 금일 진행한 봄이 재활 영상 보내드립니다, 감사합니다 😊
9502	봄이	2026-07-29 17:34:48	우현	감사합니다 선생님들 좋은하루 되세요
9502	봄이	2026-07-29 17:34:48	SD동물의료센터 서울점	채팅 운영시간 안내
9502	봄이	2026-07-29 17:34:48	SD동물의료센터 서울점	✅ 본 채널에서는 진료 예약과 입원 환자 사진·안내를 받아보실 수 있습니다. (14:00~16:00, 1회)

📌 다만, 진료·증상 상담은 채널에서 진행하지 않으며, 내원 시 의료진과 직접 상담 부탁드립니다.

더 나은 진료 서비스를 위해 최선을 다하겠습니다. 감사합니다.
9502	봄이	2026-07-30 12:13:11	우현	봄이 암만봐도 요도염인거같아서.... 어제 선생님이 말씀하신데로 소변 받았는데, 소변만 가져가면 될까요 아니면 강아지 같이가야할까요
9502	봄이	2026-07-30 12:13:11	SD동물의료센터 서울점	채팅 운영시간 안내
9502	봄이	2026-07-30 12:13:11	SD동물의료센터 서울점	✅ 본 채널에서는 진료 예약과 입원 환자 사진·안내를 받아보실 수 있습니다. (14:00~16:00, 1회)

📌 다만, 진료·증상 상담은 채널에서 진행하지 않으며, 내원 시 의료진과 직접 상담 부탁드립니다.

더 나은 진료 서비스를 위해 최선을 다하겠습니다. 감사합니다.
9502	봄이	2026-07-30 12:28:48	SD동물의료센터 서울점	안녕하세요 봄이보호자님
소변만 가져다주시면 선생님께 전달드리겠습니다.
감사합니다.
9502	봄이	2026-07-30 12:29:40	우현	네 언제 가면 될까요?
9502	봄이	2026-07-30 12:29:40	SD동물의료센터 서울점	채팅 운영시간 안내
9502	봄이	2026-07-30 12:29:40	SD동물의료센터 서울점	✅ 본 채널에서는 진료 예약과 입원 환자 사진·안내를 받아보실 수 있습니다. (14:00~16:00, 1회)

📌 다만, 진료·증상 상담은 채널에서 진행하지 않으며, 내원 시 의료진과 직접 상담 부탁드립니다.

더 나은 진료 서비스를 위해 최선을 다하겠습니다. 감사합니다.
9502	봄이	2026-07-30 12:31:03	SD동물의료센터 서울점	유선안내완료입니다.
감사합니다.
9502	봄이	2026-08-11 04:27:17	우현	오늘 15시 예약인데, 사정상 못갈것 같아서 시간이 새벽이라 톡으로 남겨두겠습니다. 재예약은 낮에 다시 전화드리겠습니다 예약취소 부탁드려요
9502	봄이	2026-08-11 04:27:17	SD동물의료센터 서울점	채팅 운영시간 안내
9502	봄이	2026-08-11 04:27:17	SD동물의료센터 서울점	✅ 본 채널에서는 진료 예약과 입원 환자 사진·안내를 받아보실 수 있습니다. (14:00~16:00, 1회)

📌 다만, 진료·증상 상담은 채널에서 진행하지 않으며, 내원 시 의료진과 직접 상담 부탁드립니다.

더 나은 진료 서비스를 위해 최선을 다하겠습니다. 감사합니다.
9609	라떼	2025-12-23 17:28:58	변준석	라떼
9609	라떼	2025-12-23 17:28:58	SD동물의료센터 서울점	채팅 운영시간 안내
9609	라떼	2025-12-23 17:28:58	SD동물의료센터 서울점	✅ 본 채널에서는 진료 예약과 입원 환자 사진·안내를 받아보실 수 있습니다. (14:00~16:00, 1회)

📌 다만, 진료·증상 상담은 채널에서 진행하지 않으며, 내원 시 의료진과 직접 상담 부탁드립니다.

더 나은 진료 서비스를 위해 최선을 다하겠습니다. 감사합니다.
9609	라떼	2025-12-23 17:31:56	SD동물의료센터 서울점	사진
9609	라떼	2025-12-23 17:32:11	SD동물의료센터 서울점	사진
9609	라떼	2025-12-23 17:32:29	SD동물의료센터 서울점	오늘 라떼 치료한사진 보내드립니다. 감사합니다.
9609	라떼	2026-05-04 17:30:40	변준석	진료시간/영업시간
9609	라떼	2026-05-04 17:30:40	SD동물의료센터 서울점(메뉴)	SD동물의료센터 서울점은
365일 24시간 연중무휴
아이들을 돌보고 있습니다.

◼︎ 주간진료 : 오전 10시~오후 10시
◼︎ 야간진료 : 오후 10시~오전 10시
◼︎ 회진시간 : 오후 1시~오후 2시

* 우리 병원은 진료예약 우선제로 예약환자를 우선으로 진료합니다. 
* 예약 없이 내원시, 대기시간이 발생할 수 있는 점 양해부탁드립니다.
* 회진시간에는 입원환자 인계업무로 인해 진료가 불가합니다. 

🚨 응급상황 발생 시, 본원 대표전화(02-2039-0303)로 연락주세요!
9609	라떼	2026-05-04 17:30:50	변준석	진료예약
9609	라떼	2026-05-04 17:30:50	SD동물의료센터 서울점(메뉴)	SD동물의료센터 서울점 진료 예약을 위해 아래 내용을 채팅에 남겨주세요.

◼︎ 보호자님 성함 / 연락처
◼︎ 반려동물 이름 / 간단한 증상

* 예약에 필요한 간단한 상담이 진행될 수 있습니다.
* 증상과 관련된 자세한 상담은 진료의 부분으로 예약 후 내원시 수의사 선생님과 상담 가능합니다. 
* 채널 상담은 병원 업무와 동시에 진행되어 원내 상황에 따라 빠른 응대가 어려울 수 있습니다. 

문의사항은 본원 대표전화(02-2039-0303)로 연락부탁드립니다.
9609	라떼	2026-05-04 17:31:52	변준석	변준석 01055405811
라떼, 누워있다가 앉을때 불편한곳이 있는지 짧게 짖어요. (평소에 짖지 않아요)
9609	라떼	2026-05-04 17:31:52	SD동물의료센터 서울점	채팅 운영시간 안내
9609	라떼	2026-05-04 17:31:52	SD동물의료센터 서울점	✅ 본 채널에서는 진료 예약과 입원 환자 사진·안내를 받아보실 수 있습니다. (14:00~16:00, 1회)

📌 다만, 진료·증상 상담은 채널에서 진행하지 않으며, 내원 시 의료진과 직접 상담 부탁드립니다.

더 나은 진료 서비스를 위해 최선을 다하겠습니다. 감사합니다.
9609	라떼	2026-05-04 17:45:58	SD동물의료센터 서울점	안녕하세요 보호자님 금일 오후 6시30분 예약 도와드렸습니다. 감사합니다.
9609	라떼	2026-07-26 15:18:37	변준석	진료예약
9609	라떼	2026-07-26 15:18:38	SD동물의료센터 서울점(메뉴)	SD동물의료센터 서울점 진료 예약을 위해 아래 내용을 채팅에 남겨주세요.

◼︎ 보호자님 성함 / 연락처
◼︎ 반려동물 이름 / 간단한 증상

* 예약에 필요한 간단한 상담이 진행될 수 있습니다.
* 증상과 관련된 자세한 상담은 진료의 부분으로 예약 후 내원시 수의사 선생님과 상담 가능합니다. 
* 채널 상담은 병원 업무와 동시에 진행되어 원내 상황에 따라 빠른 응대가 어려울 수 있습니다. 

문의사항은 본원 대표전화(02-2039-0303)로 연락부탁드립니다.
9609	라떼	2026-07-26 15:20:27	변준석	변준석 01055405811
라떼 오른쪽 앞발 요척골앞쪽부분에 피부염(종기)처럼 보이는게 분홍색에서 빨갛게 짙어지는것같아 진료받아보고 싶습니다
9609	라떼	2026-07-26 15:20:27	SD동물의료센터 서울점	채팅 운영시간 안내
9609	라떼	2026-07-26 15:20:27	SD동물의료센터 서울점	✅ 본 채널에서는 진료 예약과 입원 환자 사진·안내를 받아보실 수 있습니다. (14:00~16:00, 1회)

📌 다만, 진료·증상 상담은 채널에서 진행하지 않으며, 내원 시 의료진과 직접 상담 부탁드립니다.

더 나은 진료 서비스를 위해 최선을 다하겠습니다. 감사합니다.
9609	라떼	2026-07-26 15:26:58	SD동물의료센터 서울점	안녕하세요 보호자님, 진료 언제로 원하시는 걸까요?
9609	라떼	2026-07-26 15:28:18	변준석	오늘도 가능할까요? 4시까지 갈수있습니다
9609	라떼	2026-07-26 15:28:18	SD동물의료센터 서울점	채팅 운영시간 안내
9609	라떼	2026-07-26 15:28:18	SD동물의료센터 서울점	✅ 본 채널에서는 진료 예약과 입원 환자 사진·안내를 받아보실 수 있습니다. (14:00~16:00, 1회)

📌 다만, 진료·증상 상담은 채널에서 진행하지 않으며, 내원 시 의료진과 직접 상담 부탁드립니다.

더 나은 진료 서비스를 위해 최선을 다하겠습니다. 감사합니다.
9609	라떼	2026-07-26 15:39:39	SD동물의료센터 서울점	네 보호자님, 금일 오후 4시로 예약 도와드리겠습니다 :)
9609	라떼	2026-07-26 15:47:09	변준석	네
9609	라떼	2026-07-26 15:47:09	SD동물의료센터 서울점	채팅 운영시간 안내
9609	라떼	2026-07-26 15:47:09	SD동물의료센터 서울점	✅ 본 채널에서는 진료 예약과 입원 환자 사진·안내를 받아보실 수 있습니다. (14:00~16:00, 1회)

📌 다만, 진료·증상 상담은 채널에서 진행하지 않으며, 내원 시 의료진과 직접 상담 부탁드립니다.

더 나은 진료 서비스를 위해 최선을 다하겠습니다. 감사합니다.
9609	라떼	2026-07-26 17:49:22	변준석	오늘라떼 진료받으면서 찍은 사진들 받아볼수있을까요? 의사선생님이 피부검사하면서 찍으신사진도 부탁드려요!
9609	라떼	2026-07-26 17:49:22	SD동물의료센터 서울점	채팅 운영시간 안내
9609	라떼	2026-07-26 17:49:22	SD동물의료센터 서울점	✅ 본 채널에서는 진료 예약과 입원 환자 사진·안내를 받아보실 수 있습니다. (14:00~16:00, 1회)

📌 다만, 진료·증상 상담은 채널에서 진행하지 않으며, 내원 시 의료진과 직접 상담 부탁드립니다.

더 나은 진료 서비스를 위해 최선을 다하겠습니다. 감사합니다.
9609	라떼	2026-07-26 18:04:24	SD동물의료센터 서울점	안녕하세요 라떼보호자님
메일로 송부드렸습니다.
감사합니다.
9609	라떼	2026-07-28 14:00:27	SD동물의료센터 서울점	(광고)7월의 SD링크가 도착했어요.
9609	라떼	2026-08-14 21:17:06	변준석	진료시간/영업시간
9609	라떼	2026-08-14 21:17:06	SD동물의료센터 서울점(메뉴)	SD동물의료센터 서울점은
365일 24시간 연중무휴
아이들을 돌보고 있습니다.

◼︎ 주간진료 : 오전 10시~오후 10시
◼︎ 야간진료 : 오후 10시~오전 10시
◼︎ 회진시간 : 오후 1시~오후 2시

* 우리 병원은 진료예약 우선제로 예약환자를 우선으로 진료합니다. 
* 예약 없이 내원시, 대기시간이 발생할 수 있는 점 양해부탁드립니다.
* 회진시간에는 입원환자 인계업무로 인해 진료가 불가합니다. 

🚨 응급상황 발생 시, 본원 대표전화(02-2039-0303)로 연락주세요!
9609	라떼	2026-08-14 21:18:18	SD동물의료센터 서울점	채팅 운영시간 안내
9609	라떼	2026-08-14 21:18:18	SD동물의료센터 서울점	✅ 본 채널에서는 진료 예약과 입원 환자 사진·안내를 받아보실 수 있습니다. (14:00~16:00, 1회)

📌 다만, 진료·증상 상담은 채널에서 진행하지 않으며, 내원 시 의료진과 직접 상담 부탁드립니다.

더 나은 진료 서비스를 위해 최선을 다하겠습니다. 감사합니다.
9609	라떼	2026-08-14 21:18:18	변준석	사진
9609	라떼	2026-08-14 21:18:19	변준석	내일 오전에 라떼 방문 가능할까요?
염증 치료받은 부위가 다시 차올라서요.
9609	라떼	2026-08-14 21:18:19	SD동물의료센터 서울점	채팅 운영시간 안내
9609	라떼	2026-08-14 21:18:20	SD동물의료센터 서울점	✅ 본 채널에서는 진료 예약과 입원 환자 사진·안내를 받아보실 수 있습니다. (14:00~16:00, 1회)

📌 다만, 진료·증상 상담은 채널에서 진행하지 않으며, 내원 시 의료진과 직접 상담 부탁드립니다.

더 나은 진료 서비스를 위해 최선을 다하겠습니다. 감사합니다.
9609	라떼	2026-08-14 21:41:36	SD동물의료센터 서울점	안녕하세요 보호자님.
내일은 라떼 봐주셨던 주치의선생님 휴진일로 다른선생님께 진료 보셔야되는데 괜찮으실까요?
9609	라떼	2026-08-14 21:43:36	변준석	봐주셨던 선생님은 언제 가능하신가요?
9609	라떼	2026-08-14 21:43:36	SD동물의료센터 서울점	채팅 운영시간 안내
9609	라떼	2026-08-14 21:43:36	SD동물의료센터 서울점	✅ 본 채널에서는 진료 예약과 입원 환자 사진·안내를 받아보실 수 있습니다. (14:00~16:00, 1회)

📌 다만, 진료·증상 상담은 채널에서 진행하지 않으며, 내원 시 의료진과 직접 상담 부탁드립니다.

더 나은 진료 서비스를 위해 최선을 다하겠습니다. 감사합니다.
9609	라떼	2026-08-14 21:49:11	SD동물의료센터 서울점	빠르게는 16일 일요일 예약 가능하십니다.
9609	라떼	2026-08-14 21:58:47	변준석	그럼 일요일 오전에 예약부탁드립니다!
9609	라떼	2026-08-14 21:58:47	SD동물의료센터 서울점	채팅 운영시간 안내
9609	라떼	2026-08-14 21:58:47	SD동물의료센터 서울점	✅ 본 채널에서는 진료 예약과 입원 환자 사진·안내를 받아보실 수 있습니다. (14:00~16:00, 1회)

📌 다만, 진료·증상 상담은 채널에서 진행하지 않으며, 내원 시 의료진과 직접 상담 부탁드립니다.

더 나은 진료 서비스를 위해 최선을 다하겠습니다. 감사합니다.
9609	라떼	2026-08-14 21:59:41	SD동물의료센터 서울점	오전 10시부터 예약 가능하신데 해당시간으로 예약 도와드릴까요?
9609	라떼	2026-08-14 21:59:52	변준석	네
9609	라떼	2026-08-14 21:59:52	SD동물의료센터 서울점	채팅 운영시간 안내
9609	라떼	2026-08-14 21:59:52	SD동물의료센터 서울점	✅ 본 채널에서는 진료 예약과 입원 환자 사진·안내를 받아보실 수 있습니다. (14:00~16:00, 1회)

📌 다만, 진료·증상 상담은 채널에서 진행하지 않으며, 내원 시 의료진과 직접 상담 부탁드립니다.

더 나은 진료 서비스를 위해 최선을 다하겠습니다. 감사합니다.
9609	라떼	2026-08-14 22:00:34	SD동물의료센터 서울점	네 그럼 8/16 일 오전10시로 재진예약 도와드렸습니다.
감사합니다.
9609	라떼	2026-08-14 22:00:50	변준석	감사합니다
9609	라떼	2026-08-14 22:00:50	SD동물의료센터 서울점	채팅 운영시간 안내